Actual,Prediction,Probability
0,0,0.48845455
0,0,0.49506435
0,0,0.49622416
0,0,0.5003568
0,0,0.4971251
0,0,0.5081491
0,0,0.51398623
0,0,0.5112434
0,0,0.51594734
0,0,0.51175916
0,0,0.51195586
0,0,0.51234937
0,0,0.5131678
0,0,0.50560904
0,0,0.5267124
0,0,0.50734425
0,0,0.52191323
0,0,0.52233416
0,0,0.5182422
0,0,0.5088944
0,0,0.49533936
0,0,0.4983442
0,0,0.48593017
0,0,0.49734685
0,0,0.48626286
0,0,0.4962917
0,0,0.4949985
0,0,0.49206224
0,0,0.4790573
0,0,0.468679
0,0,0.467424
0,0,0.4774604
0,0,0.4831927
0,0,0.48380837
0,0,0.47713196
0,0,0.47543928
0,0,0.47290477
0,0,0.4687822
0,0,0.47643065
0,0,0.4680796
0,0,0.48335442
0,0,0.46973518
0,0,0.4698618
0,0,0.4752046
0,0,0.46595737
0,0,0.45946792
0,0,0.4728859
0,0,0.48188102
0,0,0.49286398
0,0,0.49622276
0,0,0.5070232
0,0,0.5222466
0,0,0.5345251
0,0,0.5243691
0,0,0.5147005
0,0,0.51852274
0,0,0.51806825
0,0,0.49687174
0,0,0.48538208
0,0,0.48163402
0,0,0.4933586
0,0,0.4912472
0,0,0.49711755
0,0,0.49500334
0,0,0.5024326
0,0,0.50301087
0,0,0.49586067
0,0,0.49365953
0,0,0.5049368
0,0,0.5145475
0,0,0.5169881
0,0,0.5366234
0,0,0.53281695
0,0,0.5323696
0,0,0.53307354
0,0,0.53952473
0,0,0.543291
0,0,0.52879727
0,0,0.520599
0,0,0.5186433
0,0,0.52308476
0,0,0.51788557
0,0,0.50911367
0,0,0.5054727
0,0,0.497014
0,0,0.5006786
0,0,0.51084304
0,0,0.51816344
0,0,0.5172983
0,0,0.498815
0,0,0.5039079
0,0,0.5226318
0,0,0.5116932
0,0,0.49986562
0,0,0.5091408
0,0,0.5063193
0,0,0.52133894
0,0,0.5154164
0,0,0.5188731
0,0,0.5115253
0,0,0.50274307
0,0,0.5027646
0,0,0.49978182
0,0,0.49143898
0,0,0.49626914
0,0,0.5082042
0,0,0.51737756
0,0,0.49857274
0,0,0.49320847
0,0,0.4775194
0,0,0.48392802
0,0,0.47188315
0,0,0.48349258
0,0,0.47642702
0,0,0.47386968
0,0,0.48096704
0,0,0.4818565
0,0,0.4739516
0,0,0.48207808
0,0,0.47265527
0,0,0.47555104
0,0,0.48975134
0,0,0.5018293
0,0,0.502921
0,0,0.5019523
0,0,0.51982075
0,0,0.5011281
0,0,0.50652224
0,0,0.5201011
0,0,0.51366746
0,0,0.51578605
0,0,0.5194224
0,0,0.53105664
0,0,0.51802486
0,0,0.52284026
0,0,0.5170622
0,0,0.5110279
0,0,0.5181724
0,0,0.5070146
0,0,0.5284144
0,0,0.5232819
0,0,0.4979462
0,0,0.5151646
0,0,0.50350106
0,0,0.51540345
0,0,0.5022225
0,0,0.5107841
0,0,0.5142743
0,0,0.5052008
0,0,0.50322056
0,0,0.5060323
0,0,0.5148306
0,0,0.5158506
0,0,0.5057545
0,0,0.5235691
0,0,0.5247962
0,0,0.50889057
0,0,0.52546674
0,0,0.50771934
0,0,0.50097644
0,0,0.4960803
0,0,0.5077648
0,0,0.5108342
0,0,0.50516295
0,0,0.5024788
0,0,0.5062874
0,0,0.49224725
0,0,0.49487165
0,0,0.4976204
0,0,0.5116616
0,0,0.5091686
0,0,0.5325288
0,0,0.5225115
0,0,0.52637595
0,0,0.52910703
0,0,0.5326027
0,0,0.5125901
0,0,0.51699203
0,0,0.51252246
0,0,0.52303267
0,0,0.5140598
0,0,0.51842856
0,0,0.50816756
0,0,0.5100083
0,0,0.50802344
0,0,0.52609295
0,0,0.5200383
0,0,0.52737075
0,0,0.5201659
0,0,0.5155505
0,0,0.52324104
0,0,0.52443385
0,0,0.5278488
0,0,0.5218611
0,0,0.5237312
0,0,0.52349234
0,0,0.51793075
0,0,0.5081662
0,0,0.5140561
0,0,0.5062508
0,0,0.50119966
0,0,0.5017835
0,0,0.5113198
0,0,0.50976723
0,0,0.48849612
0,0,0.49874216
0,0,0.4905017
0,0,0.4903757
0,0,0.49296546
0,0,0.510208
0,0,0.5212648
0,0,0.52078557
0,0,0.52391845
0,0,0.52611786
0,0,0.51625663
0,0,0.5289665
0,0,0.53245455
0,0,0.52884275
0,0,0.5235107
0,0,0.5382023
0,0,0.53206354
0,0,0.5339322
0,0,0.5154597
0,0,0.51481944
0,0,0.5135663
0,0,0.5217818
0,0,0.4897125
0,0,0.49422842
0,0,0.49634725
0,0,0.4935236
0,0,0.4823524
0,0,0.481563
0,0,0.4987156
0,0,0.51303434
0,0,0.5146185
0,0,0.52027255
0,0,0.5190679
0,0,0.51214415
0,0,0.51196647
0,0,0.49592024
0,0,0.49678016
0,0,0.5100556
0,0,0.5045721
0,0,0.49918512
0,0,0.5061063
0,0,0.502794
0,0,0.5066567
0,0,0.49752656
0,0,0.4991883
0,0,0.5029366
0,0,0.48544297
0,0,0.5094626
0,0,0.5105329
0,0,0.52006763
0,0,0.51325727
0,0,0.52153385
0,0,0.5233996
0,0,0.5286295
0,0,0.5382983
0,0,0.5413449
0,0,0.53347623
0,0,0.5275159
0,0,0.5235773
0,0,0.5302488
0,0,0.53828645
0,0,0.52990764
0,0,0.53079003
0,0,0.5290095
0,0,0.5423497
0,0,0.52264947
0,0,0.5235001
0,0,0.5230728
0,0,0.5127511
0,0,0.4937532
0,0,0.49922064
0,0,0.51326513
0,0,0.5048588
0,0,0.5104374
0,0,0.49955124
0,0,0.5009087
0,0,0.4958881
0,0,0.4836535
0,0,0.4889549
0,0,0.4825282
0,0,0.49300492
0,0,0.49715585
0,0,0.50026447
0,0,0.4975125
0,0,0.5067144
0,0,0.4993005
0,0,0.5090241
0,0,0.51130056
0,0,0.51581144
0,0,0.515137
0,0,0.51192474
0,0,0.5018301
0,0,0.5019435
0,0,0.5129753
0,0,0.5105127
0,0,0.5103581
0,0,0.50975925
0,0,0.50787365
0,0,0.506853
0,0,0.5286873
0,0,0.52170706
0,0,0.5150205
0,0,0.52734655
0,0,0.51514167
0,0,0.51206076
0,0,0.50361866
0,0,0.51322067
0,0,0.5171565
0,0,0.513278
0,0,0.49951267
0,0,0.5126654
0,0,0.5064774
0,0,0.49973097
0,0,0.5059666
0,0,0.5135671
0,0,0.521815
0,0,0.5174332
0,0,0.5116202
0,0,0.5046437
0,0,0.5023534
0,0,0.49730334
0,0,0.5058872
0,0,0.52092284
0,0,0.5156823
0,0,0.5077776
0,0,0.51179636
0,0,0.4995743
0,0,0.5058475
0,0,0.5184976
0,0,0.51881635
0,0,0.51289284
0,0,0.5010886
0,0,0.4946147
0,0,0.4922966
0,0,0.50058824
0,0,0.4900616
0,0,0.4956812
0,0,0.50326097
0,0,0.521414
0,0,0.5186334
0,0,0.529176
0,0,0.5336949
0,0,0.536554
0,0,0.52823347
0,0,0.513042
0,0,0.5045514
0,0,0.50666183
0,0,0.49565476
0,0,0.49860805
0,0,0.49654305
0,0,0.489183
0,0,0.48112977
0,0,0.477598
0,0,0.49196354
0,0,0.48750407
0,0,0.50004107
0,0,0.4951015
0,0,0.49879673
0,0,0.49672216
0,0,0.48538646
0,0,0.48924023
0,0,0.486133
0,0,0.49971482
0,0,0.50482714
0,0,0.50604326
0,0,0.49771577
0,0,0.49373007
0,0,0.48765492
0,0,0.4975053
0,0,0.47538453
0,0,0.48858616
0,0,0.49705958
0,0,0.4865294
0,0,0.47465515
0,0,0.4817742
0,0,0.50808126
0,0,0.53203845
0,0,0.5297755
0,0,0.5372727
0,0,0.5250615
0,0,0.52046555
0,0,0.5180646
0,0,0.5206159
0,0,0.5159886
0,0,0.51830757
0,0,0.5075038
0,0,0.51206326
0,0,0.51631385
0,0,0.5088524
0,0,0.50788885
0,0,0.5111311
0,0,0.5204926
0,0,0.5141743
0,0,0.50074494
0,0,0.49805844
0,0,0.49265012
0,0,0.4729832
0,0,0.465754
0,0,0.48356426
0,0,0.48723137
0,0,0.48640868
0,0,0.48678115
0,0,0.48349148
0,0,0.48620847
0,0,0.48606512
0,0,0.48861656
0,0,0.4926731
0,0,0.5096223
0,0,0.51224524
0,0,0.5057326
0,0,0.51541567
0,0,0.51226413
0,0,0.51292735
0,0,0.50469637
0,0,0.49616534
0,0,0.49327418
0,0,0.49206886
0,0,0.47809097
0,0,0.4688289
0,0,0.468469
0,0,0.49429685
0,0,0.49674058
0,0,0.5225477
0,0,0.52362365
0,0,0.5190761
0,0,0.5073545
0,0,0.50690603
0,0,0.502064
0,0,0.50607735
0,0,0.5172401
0,0,0.528631
0,0,0.5164199
0,0,0.51696104
0,0,0.5097074
0,0,0.5062998
0,0,0.50242996
0,0,0.50031596
0,0,0.5070298
0,0,0.51341486
0,0,0.49590078
0,0,0.4840643
0,0,0.4882723
0,0,0.5040912
0,0,0.49812284
0,0,0.49740294
0,0,0.49907598
0,0,0.49600926
0,0,0.50495696
0,0,0.51600105
0,0,0.5098334
0,0,0.5069462
0,0,0.50816035
0,0,0.49859467
0,0,0.5167553
0,0,0.5220329
0,0,0.5258469
0,0,0.51970816
0,0,0.5265452
0,0,0.5098208
0,0,0.5085929
0,0,0.5087539
0,0,0.51861864
0,0,0.525151
0,0,0.5168057
0,0,0.51773465
0,0,0.52376837
0,0,0.5247629
0,0,0.5171841
0,0,0.50978076
0,0,0.4951386
0,0,0.51075834
0,0,0.5067367
0,0,0.4960436
0,0,0.49254924
0,0,0.48581254
0,0,0.49654362
0,0,0.50359553
0,0,0.5167562
0,0,0.5104391
0,0,0.51818997
0,0,0.504405
0,0,0.5117214
0,0,0.5080802
0,0,0.508861
0,0,0.50000954
0,0,0.50226957
0,0,0.48456594
0,0,0.51043385
0,0,0.5038401
0,0,0.51280767
0,0,0.51736075
0,0,0.51533926
0,0,0.51003015
0,0,0.49946126
0,0,0.4939514
0,0,0.5117833
0,0,0.5234053
0,0,0.5197644
0,0,0.51267505
0,0,0.51796234
0,0,0.51449096
0,0,0.5096593
0,0,0.5024611
0,0,0.4901552
0,0,0.4919842
0,0,0.4892411
0,0,0.492097
0,0,0.5103313
0,0,0.51838374
0,0,0.5340207
0,0,0.52015936
0,0,0.52820337
0,0,0.5288794
0,0,0.5258845
0,0,0.5079817
0,0,0.50785625
0,0,0.49765593
0,0,0.4839163
0,0,0.4983101
0,0,0.50928366
0,0,0.49791765
0,0,0.5095464
0,0,0.52145517
0,0,0.5127164
0,0,0.52736074
0,0,0.51690644
0,0,0.52377546
0,0,0.5177664
0,0,0.5198174
0,0,0.5163517
0,0,0.53097934
0,0,0.53452486
0,0,0.5370331
0,0,0.53073907
0,0,0.5220436
0,0,0.5280965
0,0,0.5152652
0,0,0.4956002
0,0,0.49989548
0,0,0.50026935
0,0,0.5021949
0,0,0.523473
0,0,0.51741475
0,0,0.510207
0,0,0.51346767
0,0,0.509876
0,0,0.49746636
0,0,0.4776576
0,0,0.47184885
0,0,0.4622598
0,0,0.46000022
0,0,0.46207094
0,0,0.4859191
0,0,0.4970717
0,0,0.5005921
0,0,0.5147015
0,0,0.53462595
0,0,0.5132537
0,0,0.51727766
0,0,0.51614493
0,0,0.511839
0,0,0.50821364
0,0,0.50521225
0,0,0.5070115
0,0,0.49808156
0,0,0.50982785
0,0,0.5060322
0,0,0.51257926
0,0,0.5016989
0,0,0.51610094
0,0,0.50679994
0,0,0.5058896
0,0,0.52491283
0,0,0.51857644
0,0,0.5241689
0,0,0.51516265
0,0,0.50999427
0,0,0.5047734
0,0,0.48128882
0,0,0.4820676
0,0,0.50630873
0,0,0.5097868
0,0,0.5170183
0,0,0.5315717
0,0,0.52726877
0,0,0.51199895
0,0,0.512898
0,0,0.5003548
0,0,0.49385515
0,0,0.4850149
0,0,0.5073779
0,0,0.51183814
0,0,0.5066519
0,0,0.49286357
0,0,0.4952707
0,0,0.50868374
0,0,0.49406847
0,0,0.49741492
0,0,0.48962283
0,0,0.46975997
0,0,0.46941355
0,0,0.47173274
0,0,0.46415138
0,0,0.45832807
0,0,0.4694293
0,0,0.48365042
0,0,0.4965922
0,0,0.5169795
0,0,0.51585555
0,0,0.5012219
0,0,0.50321716
0,0,0.50161815
0,0,0.50111675
0,0,0.49484566
0,0,0.4951859
0,0,0.5036806
0,0,0.52058595
0,0,0.5165501
0,0,0.51010096
0,0,0.5172967
0,0,0.5135534
0,0,0.49953315
0,0,0.49418607
0,0,0.4832745
0,0,0.513633
0,0,0.5108697
0,0,0.525311
0,0,0.5241468
0,0,0.5281591
0,0,0.53355944
0,0,0.52133805
0,0,0.5040625
0,0,0.5069157
0,0,0.49310306
0,0,0.49327713
0,0,0.49464855
0,0,0.48133963
0,0,0.46981
0,0,0.4713576
0,0,0.4649527
0,0,0.46563432
0,0,0.47654703
0,0,0.49112502
0,0,0.48949677
0,0,0.51006776
0,0,0.51601857
0,0,0.5219011
0,0,0.51220286
0,0,0.5119049
0,0,0.511827
0,0,0.5032126
0,0,0.5021959
0,0,0.4924642
0,0,0.4915893
0,0,0.49890924
0,0,0.5020276
0,0,0.52348727
0,0,0.52071756
0,0,0.5120413
0,0,0.5083591
0,0,0.5069525
0,0,0.50776476
0,0,0.5048755
0,0,0.49778634
0,0,0.50820094
0,0,0.49378708
0,0,0.50236547
0,0,0.5052543
0,0,0.5081698
0,0,0.4954337
0,0,0.5161432
0,0,0.5063294
0,0,0.51092035
0,0,0.4999808
0,0,0.49903247
0,0,0.48886907
0,0,0.47962135
0,0,0.48035496
0,0,0.47414696
0,0,0.47713703
0,0,0.4720841
0,0,0.47025594
0,0,0.4771728
0,0,0.47652945
0,0,0.47029746
0,0,0.4738199
0,0,0.4729694
0,0,0.46578667
0,0,0.45985636
0,0,0.45913613
0,0,0.47453648
0,0,0.48947027
0,0,0.50919557
0,0,0.50909287
0,0,0.51543677
0,0,0.5142886
0,0,0.5015236
0,0,0.4945052
0,0,0.48389533
0,0,0.49060503
0,0,0.49298337
0,0,0.500052
0,0,0.49452683
0,0,0.5056372
0,0,0.5013244
0,0,0.50182384
0,0,0.49260876
0,0,0.5030692
0,0,0.5090585
0,0,0.5041375
0,0,0.4960376
0,0,0.5240877
0,0,0.5091489
0,0,0.5102072
0,0,0.49512807
0,0,0.4796695
0,0,0.47348174
0,0,0.45949706
0,0,0.45314083
0,0,0.45782042
0,0,0.46445122
0,0,0.4758604
0,0,0.5052079
0,0,0.5004849
0,0,0.5056907
0,0,0.49294335
0,0,0.4858574
0,0,0.48993167
0,0,0.48916137
0,0,0.5017301
0,0,0.5094949
0,0,0.5040688
0,0,0.5013299
0,0,0.4960626
0,0,0.50398135
0,0,0.5073801
0,0,0.52242625
0,0,0.5163668
0,0,0.5215884
0,0,0.5212257
0,0,0.52225876
0,0,0.50147825
0,0,0.4910632
0,0,0.50540936
0,0,0.5057504
0,0,0.50372577
0,0,0.5148579
0,0,0.5054785
0,0,0.5056467
0,0,0.5247775
0,0,0.5061972
0,0,0.49854523
0,0,0.5255764
0,0,0.52303094
0,0,0.5094503
0,0,0.5171245
0,0,0.5176159
0,0,0.5251387
0,0,0.5101199
0,0,0.5111242
0,0,0.49940544
0,0,0.5031878
0,0,0.49608707
0,0,0.4947461
0,0,0.4850776
0,0,0.48452216
0,0,0.4826597
0,0,0.47960666
0,0,0.48138946
0,0,0.48202524
0,0,0.49396345
0,0,0.5034889
0,0,0.5163548
0,0,0.5148599
0,0,0.5296453
0,0,0.5223824
0,0,0.51342463
0,0,0.49183777
0,0,0.4777162
0,0,0.47218972
0,0,0.47421354
0,0,0.48587653
0,0,0.48846552
0,0,0.48954493
0,0,0.5004649
0,0,0.49353254
0,0,0.48794195
0,0,0.49090004
0,0,0.49377704
0,0,0.507005
0,0,0.5134629
0,0,0.5223481
0,0,0.52764726
0,0,0.51019496
0,0,0.509714
0,0,0.5217352
0,0,0.51820624
0,0,0.50348043
0,0,0.5227977
0,0,0.51279086
0,0,0.5189627
0,0,0.5020589
0,0,0.5096334
0,0,0.52509063
0,0,0.5218137
0,0,0.5213831
0,0,0.51073366
0,0,0.50865626
0,0,0.4975649
0,0,0.48512495
0,0,0.48002523
0,0,0.49241006
0,0,0.4961899
0,0,0.50258815
0,0,0.50993186
0,0,0.5026322
0,0,0.49262214
0,0,0.4995657
0,0,0.48554504
0,0,0.49169835
0,0,0.50917053
0,0,0.5086293
0,0,0.519713
0,0,0.5214891
0,0,0.5195357
0,0,0.518423
0,0,0.51301515
0,0,0.50861806
0,0,0.51066697
0,0,0.5078286
0,0,0.5084391
0,0,0.501187
0,0,0.5046277
0,0,0.51410246
0,0,0.5074063
0,0,0.5047021
0,0,0.4938372
0,0,0.49820137
0,0,0.49852344
0,0,0.49131522
0,0,0.4818364
0,0,0.48645574
0,0,0.4806131
0,0,0.48751017
0,0,0.49219054
0,0,0.4839245
0,0,0.49988225
0,0,0.5121752
0,0,0.5386132
0,0,0.5240897
0,0,0.52134675
0,0,0.52247715
0,0,0.5159759
0,0,0.5181799
0,0,0.5214674
0,0,0.5250236
0,0,0.5192649
0,0,0.52416086
0,0,0.5340439
0,0,0.5238551
0,0,0.517254
0,0,0.51106304
0,0,0.4992652
0,0,0.4888122
0,0,0.49645054
0,0,0.48586237
0,0,0.4903616
0,0,0.50288194
0,0,0.5108991
0,0,0.5082498
0,0,0.5194019
0,0,0.51746196
0,0,0.5175525
0,0,0.50062144
0,0,0.4850047
0,0,0.4818023
0,0,0.46909094
0,0,0.48026687
0,0,0.49372542
0,0,0.49871442
0,0,0.4995968
0,0,0.50620055
0,0,0.50619674
0,0,0.5185517
0,0,0.5146688
0,0,0.5108813
0,0,0.523546
0,0,0.52232146
0,0,0.51921296
0,0,0.50789046
0,0,0.5156469
0,0,0.5087377
0,0,0.51165694
0,0,0.49767596
0,0,0.52139753
0,0,0.52591455
0,0,0.5048656
0,0,0.5131257
0,0,0.52582663
0,0,0.5159156
0,0,0.50148326
0,0,0.5066184
0,0,0.51382816
0,0,0.5135634
0,0,0.51246315
0,0,0.509196
0,0,0.50504935
0,0,0.49930373
0,0,0.50810605
0,0,0.5331653
0,0,0.514716
0,0,0.51120895
0,0,0.51363426
0,0,0.50347877
0,0,0.49269736
0,0,0.494463
0,0,0.48642555
0,0,0.49124417
0,0,0.50228924
0,0,0.48979357
0,0,0.4900401
0,0,0.48482165
0,0,0.49134487
0,0,0.49556962
0,0,0.4958659
0,0,0.49463606
0,0,0.50198925
0,0,0.50189847
0,0,0.49792197
0,0,0.5230484
0,0,0.52318233
0,0,0.5237093
0,0,0.5262037
0,0,0.5130473
0,0,0.51145476
0,0,0.5141589
0,0,0.52268153
0,0,0.51832825
0,0,0.51620305
0,0,0.49916306
0,0,0.4870855
0,0,0.499867
0,0,0.5097364
0,0,0.5138969
0,0,0.5074635
0,0,0.51389885
0,0,0.5005624
0,0,0.4924577
0,0,0.48837453
0,0,0.5062853
0,0,0.5243454
0,0,0.51585495
0,0,0.5274036
0,0,0.53028196
0,0,0.52988476
0,0,0.53219956
0,0,0.532815
0,0,0.53189665
0,0,0.51806945
0,0,0.52891487
0,0,0.5282154
0,0,0.52270406
0,0,0.5247002
0,0,0.52763224
0,0,0.5197932
0,0,0.5136249
0,0,0.52003974
0,0,0.53292704
0,0,0.5244654
0,0,0.52662545
0,0,0.5296292
0,0,0.5381721
0,0,0.5384403
0,0,0.526576
0,0,0.5104774
0,0,0.50849015
0,0,0.50637186
0,0,0.5036837
0,0,0.4985072
0,0,0.4872565
0,0,0.50449556
0,0,0.4882581
0,0,0.5053116
0,0,0.50148124
0,0,0.5054806
0,0,0.5121081
0,0,0.5092037
0,0,0.5057773
0,0,0.50543934
0,0,0.5024206
0,0,0.513852
0,0,0.5193878
0,0,0.5168268
0,0,0.5232543
0,0,0.51644015
0,0,0.52210367
0,0,0.525823
0,0,0.51290727
0,0,0.495091
0,0,0.49751627
0,0,0.5028291
0,0,0.500709
0,0,0.5128237
0,0,0.51716495
0,0,0.51078653
0,0,0.5134447
0,0,0.5134777
0,0,0.5157946
0,0,0.5120916
0,0,0.5230698
0,0,0.5310702
0,0,0.5257395
0,0,0.50887203
0,0,0.51017994
0,0,0.52028394
0,0,0.52947617
0,0,0.52103454
0,0,0.51726705
0,0,0.5162918
0,0,0.50883764
0,0,0.49905586
0,0,0.49185577
0,0,0.49005994
0,0,0.4899644
0,0,0.4801269
0,0,0.4850812
0,0,0.49138442
0,0,0.49680665
0,0,0.49986914
0,0,0.52568996
0,0,0.5272109
0,0,0.5360759
0,0,0.5133515
0,0,0.49573478
0,0,0.4777571
0,0,0.4829846
0,0,0.48013547
0,0,0.48735014
0,0,0.49604276
0,0,0.5030169
0,0,0.50120896
0,0,0.49408287
0,0,0.4973013
0,0,0.49297693
0,0,0.4917086
0,0,0.4956269
0,0,0.497716
0,0,0.50175107
0,0,0.49192056
0,0,0.4830014
0,0,0.49084547
0,0,0.5019671
0,0,0.5081648
0,0,0.52129287
0,0,0.5353766
0,0,0.5336964
0,0,0.54835075
0,0,0.55047804
0,0,0.5408149
0,0,0.542001
0,0,0.5339541
0,0,0.52561617
0,0,0.5096299
0,0,0.51766855
0,0,0.50045425
0,0,0.49256
0,0,0.4915738
0,0,0.48307505
0,0,0.47768936
0,0,0.47311643
0,0,0.46935445
0,0,0.47132504
0,0,0.48037875
0,0,0.4736024
0,0,0.49884948
0,0,0.50993395
0,0,0.5087565
0,0,0.52486354
0,0,0.52534
0,0,0.5276066
0,0,0.52389306
0,0,0.5110661
0,0,0.5066446
0,0,0.5061785
0,0,0.5148103
0,0,0.49611774
0,0,0.51381046
0,0,0.50177675
0,0,0.50791574
0,0,0.48279747
0,0,0.49530897
0,0,0.48353344
0,0,0.4849355
0,0,0.484862
0,0,0.49168193
0,0,0.5012813
0,0,0.5155324
0,0,0.5038264
0,0,0.52469206
0,0,0.5223018
0,0,0.52881473
0,0,0.518347
0,0,0.5116387
0,0,0.5081273
0,0,0.5081511
0,0,0.49177712
0,0,0.48663673
0,0,0.47939625
0,0,0.48180884
0,0,0.46722677
0,0,0.47074342
0,0,0.47682768
0,0,0.4681598
0,0,0.46185848
0,0,0.46345177
0,0,0.4737538
0,0,0.5038363
0,0,0.51993436
0,0,0.5136088
0,0,0.5190717
0,0,0.51695514
0,0,0.50170463
0,0,0.48603284
0,0,0.49311116
0,0,0.49282095
0,0,0.48916516
0,0,0.493649
0,0,0.5022257
0,0,0.4881681
0,0,0.4982622
0,0,0.4946722
0,0,0.503199
0,0,0.48839006
0,0,0.49708173
0,0,0.4991895
0,0,0.5173083
0,0,0.5147023
0,0,0.51583666
0,0,0.51193595
0,0,0.51011497
0,0,0.50248885
0,0,0.5223158
0,0,0.53515565
0,0,0.5296956
0,0,0.525762
0,0,0.5248548
0,0,0.52337384
0,0,0.5270993
0,0,0.5117829
0,0,0.5132121
0,0,0.52378994
0,0,0.52265805
0,0,0.5183028
0,0,0.52984726
0,0,0.5181287
0,0,0.51068646
0,0,0.5059858
0,0,0.50416666
0,0,0.4858223
0,0,0.47996524
0,0,0.48223573
0,0,0.49318492
0,0,0.4877417
0,0,0.5041874
0,0,0.4972629
0,0,0.49847284
0,0,0.4951681
0,0,0.49254212
0,0,0.48416957
0,0,0.47543833
0,0,0.487876
0,0,0.49829093
0,0,0.49373448
0,0,0.5002874
0,0,0.50700635
0,0,0.4959049
0,0,0.50782704
0,0,0.5112582
0,0,0.5210741
0,0,0.5167717
0,0,0.5196859
0,0,0.52148545
0,0,0.53812724
0,0,0.52499884
0,0,0.52692115
0,0,0.5276852
0,0,0.528072
0,0,0.51783013
0,0,0.50840616
0,0,0.5047065
0,0,0.5173253
0,0,0.51549625
0,0,0.49708268
0,0,0.49501002
0,0,0.48860538
0,0,0.4884583
0,0,0.47543067
0,0,0.4729133
0,0,0.47857893
0,0,0.4859624
0,0,0.49104673
0,0,0.50315696
0,0,0.5104677
0,0,0.5221817
0,0,0.509199
0,0,0.49700433
0,0,0.5018116
0,0,0.49724838
0,0,0.48760453
0,0,0.4847623
0,0,0.499168
0,0,0.48683923
0,0,0.49886522
0,0,0.5014802
0,0,0.49550417
0,0,0.49867883
0,0,0.50621325
0,0,0.5041025
0,0,0.5018974
0,0,0.49372151
0,0,0.49825245
0,0,0.49477908
0,0,0.5162661
0,0,0.5121754
0,0,0.52028304
0,0,0.52548236
0,0,0.5285085
0,0,0.5161498
0,0,0.5138009
0,0,0.50267404
0,0,0.50918746
0,0,0.51221794
0,0,0.52063
0,0,0.52026826
0,0,0.52299696
0,0,0.5093725
0,0,0.5073018
0,0,0.51259136
0,0,0.49987492
0,0,0.49492696
0,0,0.51749855
0,0,0.5103439
0,0,0.50974905
0,0,0.51055413
0,0,0.5150488
0,0,0.5014551
0,0,0.49122512
0,0,0.48135486
0,0,0.4865406
0,0,0.48266914
0,0,0.48060966
0,0,0.48925343
0,0,0.4930654
0,0,0.49385157
0,0,0.50743145
0,0,0.51390374
0,0,0.5159484
0,0,0.51895213
0,0,0.5221431
0,0,0.5113291
0,0,0.4946871
0,0,0.48937517
0,0,0.48126274
0,0,0.4813637
0,0,0.49286965
0,0,0.49501058
0,0,0.50889087
0,0,0.5043153
0,0,0.50181615
0,0,0.4975577
0,0,0.51687765
0,0,0.498436
0,0,0.48852414
0,0,0.4915386
0,0,0.50975823
0,0,0.49534288
0,0,0.5179817
0,0,0.5081516
0,0,0.5068003
0,0,0.5083748
0,0,0.5330114
0,0,0.5256438
0,0,0.52125156
0,0,0.5326676
0,0,0.5247838
0,0,0.5210116
0,0,0.51266855
0,0,0.4887452
0,0,0.4817303
0,0,0.48868698
0,0,0.49084243
0,0,0.50350803
0,0,0.5021349
0,0,0.52350885
0,0,0.52536446
0,0,0.5354952
0,0,0.5295629
0,0,0.5297775
0,0,0.52137977
0,0,0.513701
0,0,0.5141704
0,0,0.50200474
0,0,0.4937833
0,0,0.50043094
0,0,0.5086782
0,0,0.5132194
0,0,0.50493383
0,0,0.50437033
0,0,0.5041432
0,0,0.4898574
0,0,0.4845932
0,0,0.49795666
0,0,0.52041173
0,0,0.52903754
0,0,0.5131132
0,0,0.51549846
0,0,0.5188841
0,0,0.50870943
0,0,0.4951131
0,0,0.50950116
0,0,0.5226873
0,0,0.5201764
0,0,0.5145013
0,0,0.5099256
0,0,0.5284358
0,0,0.5087534
0,0,0.51783323
0,0,0.51335585
0,0,0.5293097
0,0,0.51533216
0,0,0.511766
0,0,0.5184927
0,0,0.53336376
0,0,0.5089335
0,0,0.49533352
0,0,0.47599757
0,0,0.46998468
0,0,0.4644023
0,0,0.48620248
0,0,0.49302423
0,0,0.51615196
0,0,0.52766085
0,0,0.5493621
0,0,0.53879744
0,0,0.53014535
0,0,0.53787535
0,0,0.5276741
0,0,0.52523184
0,0,0.5189481
0,0,0.4985661
0,0,0.49554285
0,0,0.48547068
0,0,0.48493043
0,0,0.48187947
0,0,0.49038947
0,0,0.47297394
0,0,0.4720722
0,0,0.50281644
0,0,0.48947197
0,0,0.50639653
0,0,0.503719
0,0,0.4990771
0,0,0.49979064
0,0,0.5047447
0,0,0.4946867
0,0,0.4885298
0,0,0.4987316
0,0,0.50625706
0,0,0.5196176
0,0,0.52065796
0,0,0.5235371
0,0,0.5145735
0,0,0.5067564
0,0,0.50971466
0,0,0.49429142
0,0,0.49526578
0,0,0.5130081
0,0,0.51070946
0,0,0.50150526
0,0,0.50432867
0,0,0.49294373
0,0,0.4848227
0,0,0.4853358
0,0,0.48454472
0,0,0.49948663
0,0,0.513985
0,0,0.51797765
0,0,0.5152341
0,0,0.5265366
0,0,0.5261097
0,0,0.5131025
0,0,0.5090237
0,0,0.49830619
0,0,0.478001
0,0,0.47217652
0,0,0.4949089
0,0,0.5153197
0,0,0.5220076
0,0,0.52105266
0,0,0.51726127
0,0,0.51804405
0,0,0.5134519
0,0,0.5031447
0,0,0.49009058
0,0,0.49450484
0,0,0.5060858
0,0,0.5076975
0,0,0.5009708
0,0,0.5283097
0,0,0.54403365
0,0,0.5378024
0,0,0.52031153
0,0,0.5154241
0,0,0.51659393
0,0,0.51315856
0,0,0.50765014
0,0,0.50131404
0,0,0.49396673
0,0,0.5114765
0,0,0.49955335
0,0,0.5174008
0,0,0.5026219
0,0,0.5174712
0,0,0.51852643
0,0,0.50242734
0,0,0.51516634
0,0,0.5028101
0,0,0.51243347
0,0,0.49743342
0,0,0.5026533
0,0,0.5025407
0,0,0.5089804
0,0,0.5170364
0,0,0.5308751
0,0,0.5295276
0,0,0.5349491
0,0,0.5272542
0,0,0.5161017
0,0,0.5182578
0,0,0.5065028
0,0,0.49944094
0,0,0.49622852
0,0,0.5083885
0,0,0.504463
0,0,0.5022779
0,0,0.50347596
0,0,0.5083498
0,0,0.50393325
0,0,0.49761957
0,0,0.49813622
0,0,0.48616096
0,0,0.48603296
0,0,0.4857667
0,0,0.49199226
0,0,0.48702306
0,0,0.50797874
0,0,0.50605834
0,0,0.50705683
0,0,0.5019886
0,0,0.51038426
0,0,0.50971156
0,0,0.51301783
0,0,0.5023228
0,0,0.49083272
0,0,0.49888158
0,0,0.5029206
0,0,0.51279044
0,0,0.5206108
0,0,0.51046
0,0,0.52484864
0,0,0.5129666
0,0,0.5091699
0,0,0.5219268
0,0,0.5199456
0,0,0.5185501
0,0,0.51813036
0,0,0.4948723
0,0,0.48518264
0,0,0.47919688
0,0,0.4632613
0,0,0.46577564
0,0,0.46946725
0,0,0.47377986
0,0,0.46922135
0,0,0.4892419
0,0,0.50328207
0,0,0.5161212
0,0,0.507358
0,0,0.5129297
0,0,0.49847296
0,0,0.47488832
0,0,0.4782123
0,0,0.47912693
0,0,0.47435084
0,0,0.47989765
0,0,0.48471805
0,0,0.49156442
0,0,0.5150995
0,0,0.51098645
0,0,0.51329875
0,0,0.51621664
0,0,0.51177454
0,0,0.50280774
0,0,0.5044216
0,0,0.5048277
0,0,0.5130001
0,0,0.51320285
0,0,0.5040966
0,0,0.5063076
0,0,0.5165075
0,0,0.504924
0,0,0.52490556
0,0,0.5127284
0,0,0.4944827
0,0,0.50641626
0,0,0.51489973
0,0,0.5092764
0,0,0.5073561
0,0,0.5229175
0,0,0.5136273
0,0,0.52219343
0,0,0.50610596
0,0,0.5043616
0,0,0.516313
0,0,0.5041122
0,0,0.5041026
0,0,0.50083125
0,0,0.5163096
0,0,0.525684
0,0,0.5109925
0,0,0.5206406
0,0,0.5275561
0,0,0.51840395
0,0,0.5129806
0,0,0.5282131
0,0,0.51303923
0,0,0.5109694
0,0,0.51739407
0,0,0.5145474
0,0,0.49439344
0,0,0.5165259
0,0,0.51810795
0,0,0.511002
0,0,0.51269513
0,0,0.5124583
0,0,0.51400656
0,0,0.52595115
0,0,0.53735465
0,0,0.5358758
0,0,0.5215913
0,0,0.53140974
0,0,0.5281808
0,0,0.5209815
0,0,0.5068236
0,0,0.51020706
0,0,0.5094645
0,0,0.49870926
0,0,0.503392
0,0,0.50470823
0,0,0.5160522
0,0,0.50859773
0,0,0.51850545
0,0,0.5097372
0,0,0.5278952
0,0,0.5132418
0,0,0.5089883
0,0,0.5071532
0,0,0.532327
0,0,0.52187055
0,0,0.5241805
0,0,0.52444404
0,0,0.5251089
0,0,0.52081597
0,0,0.51595306
0,0,0.50922406
0,0,0.51479053
0,0,0.51907444
0,0,0.50289625
0,0,0.51047
0,0,0.5081403
0,0,0.50425583
0,0,0.51713896
0,0,0.5124138
0,0,0.4907688
0,0,0.4898734
0,0,0.49257967
0,0,0.49395648
0,0,0.49667558
0,0,0.51907796
0,0,0.5060805
0,0,0.5163629
0,0,0.51159114
0,0,0.51334137
0,0,0.5119128
0,0,0.5093067
0,0,0.5053314
0,0,0.51566434
0,0,0.4948236
0,0,0.4848551
0,0,0.48525387
0,0,0.4992934
0,0,0.50111073
0,0,0.501101
0,0,0.5111049
0,0,0.50518125
0,0,0.5138275
0,0,0.51441526
0,0,0.5033004
0,0,0.49578002
0,0,0.49609974
0,0,0.49427208
0,0,0.48378214
0,0,0.48389444
0,0,0.48293245
0,0,0.50543416
0,0,0.51623523
0,0,0.5227195
0,0,0.5101956
0,0,0.5355317
0,0,0.5168514
0,0,0.5276608
0,0,0.51399857
0,0,0.5187657
0,0,0.50855106
0,0,0.5068876
0,0,0.5016964
0,0,0.50765693
0,0,0.49736348
0,0,0.49578062
0,0,0.4951271
0,0,0.4981579
0,0,0.4908666
0,0,0.48965403
0,0,0.47470066
0,0,0.48974207
0,0,0.49212688
0,0,0.49724683
0,0,0.4943808
0,0,0.50159335
0,0,0.5131582
0,0,0.5119395
0,0,0.51925164
0,0,0.5090392
0,0,0.5100634
0,0,0.49846858
0,0,0.4959518
0,0,0.48389968
0,0,0.49742258
0,0,0.5040631
0,0,0.512499
0,0,0.5067476
0,0,0.5076161
0,0,0.51464075
0,0,0.50202537
0,0,0.4916709
0,0,0.49551553
0,0,0.50820875
0,0,0.48779932
0,0,0.473837
0,0,0.4864678
0,0,0.47759312
0,0,0.4845279
0,0,0.5005614
0,0,0.51845473
0,0,0.52407
0,0,0.52633154
0,0,0.51801693
0,0,0.50826126
0,0,0.51958
0,0,0.5091109
0,0,0.49996805
0,0,0.49692202
0,0,0.5172385
0,0,0.5084048
0,0,0.49069065
0,0,0.5087274
0,0,0.5129975
0,0,0.5101196
0,0,0.51249075
0,0,0.521943
0,0,0.51462215
0,0,0.52227414
0,0,0.51481414
0,0,0.5123628
0,0,0.5253028
0,0,0.53295577
0,0,0.5344599
0,0,0.5220214
0,0,0.51484865
0,0,0.51897764
0,0,0.52113396
0,0,0.5254124
0,0,0.52850974
0,0,0.5282342
0,0,0.52415425
0,0,0.5304227
0,0,0.53938067
0,0,0.5186685
0,0,0.53269243
0,0,0.5309287
0,0,0.51267505
0,0,0.5014502
0,0,0.4903554
0,0,0.4821018
0,0,0.470853
0,0,0.46727997
0,0,0.47582144
0,0,0.4912449
0,0,0.50628483
0,0,0.5094215
0,0,0.5125632
0,0,0.49909237
0,0,0.5015141
0,0,0.50843257
0,0,0.52279526
0,0,0.50867754
0,0,0.5223556
0,0,0.52784777
0,0,0.5215734
0,0,0.51924884
0,0,0.51703006
0,0,0.51241887
0,0,0.52062315
0,0,0.50874597
0,0,0.50233656
0,0,0.49612784
0,0,0.49437404
0,0,0.49920732
0,0,0.49731228
0,0,0.51094395
0,0,0.51316065
0,0,0.52003294
0,0,0.5241022
0,0,0.5273936
0,0,0.5224245
0,0,0.5333189
0,0,0.5240599
0,0,0.5250438
0,0,0.52076507
0,0,0.5209013
0,0,0.5253426
0,0,0.5099056
0,0,0.52242225
0,0,0.5217784
0,0,0.51991886
0,0,0.5199866
0,0,0.5034267
0,0,0.5187525
0,0,0.50869006
0,0,0.50097007
0,0,0.50412226
0,0,0.51678306
0,0,0.50562495
0,0,0.50157833
0,0,0.49434388
0,0,0.5010257
0,0,0.4891598
0,0,0.5078454
0,0,0.5077836
0,0,0.5127572
0,0,0.50768673
0,0,0.5042473
0,0,0.5081776
0,0,0.5125998
0,0,0.4979319
0,0,0.50714564
0,0,0.5211374
0,0,0.52228916
0,0,0.5198906
0,0,0.51842976
0,0,0.5268744
0,0,0.53103316
0,0,0.5240982
0,0,0.52581453
0,0,0.52183074
0,0,0.52409923
0,0,0.53689545
0,0,0.5345379
0,0,0.5289619
0,0,0.51529527
0,0,0.5241401
0,0,0.51405215
0,0,0.5098991
0,0,0.49834052
0,0,0.5082379
0,0,0.5121971
0,0,0.5144675
0,0,0.50596464
0,0,0.5073443
0,0,0.49018922
0,0,0.4934669
0,0,0.48558223
0,0,0.49480224
0,0,0.47996107
0,0,0.5080156
0,0,0.52157164
0,0,0.5340686
0,0,0.52464783
0,0,0.52793795
0,0,0.51709634
0,0,0.52412677
0,0,0.51977533
0,0,0.5216302
0,0,0.5083098
0,0,0.5238466
0,0,0.5281603
0,0,0.5380384
0,0,0.53148174
0,0,0.5341357
0,0,0.5209789
0,0,0.51803756
0,0,0.5084199
0,0,0.5116776
0,0,0.5065504
0,0,0.5215116
0,0,0.52914214
0,0,0.5384293
0,0,0.53399754
0,0,0.52695656
0,0,0.5335458
0,0,0.52686083
0,0,0.5270711
0,0,0.5273782
0,0,0.52068096
0,0,0.5118514
0,0,0.50053203
0,0,0.507042
0,0,0.49402478
0,0,0.4936142
0,0,0.49476546
0,0,0.5153511
0,0,0.52468586
0,0,0.50935686
0,0,0.5049381
0,0,0.4969829
0,0,0.5103745
0,0,0.49449715
0,0,0.46908513
0,0,0.47470087
0,0,0.50939494
0,0,0.4891359
0,0,0.50121915
0,0,0.5091027
0,0,0.50985223
0,0,0.5229082
0,0,0.5184665
0,0,0.5141873
0,0,0.51278496
0,0,0.52063066
0,0,0.51506436
0,0,0.5125555
0,0,0.5155318
0,0,0.5228164
0,0,0.50647855
0,0,0.5060095
0,0,0.49802142
0,0,0.504515
0,0,0.4926021
0,0,0.5029052
0,0,0.50999784
0,0,0.52917266
0,0,0.52119696
0,0,0.5283143
0,0,0.5303748
0,0,0.52877975
0,0,0.52397656
0,0,0.5097028
0,0,0.5053078
0,0,0.5181384
0,0,0.50349253
0,0,0.50760657
0,0,0.5000936
0,0,0.501062
0,0,0.47867638
0,0,0.48365277
0,0,0.49303037
0,0,0.5025721
0,0,0.5081843
0,0,0.5340985
0,0,0.54116535
0,0,0.5325169
0,0,0.51735175
0,0,0.5180151
0,0,0.5214481
0,0,0.5124934
0,0,0.50214225
0,0,0.49708945
0,0,0.48960963
0,0,0.47385463
0,0,0.4673801
0,0,0.4722577
0,0,0.47682384
0,0,0.47020465
0,0,0.49255317
0,0,0.51359075
0,0,0.5119013
0,0,0.5158795
0,0,0.51832026
0,0,0.5297946
0,0,0.5255771
0,0,0.5140051
0,0,0.5147849
0,0,0.50945294
0,0,0.50735915
0,0,0.5033922
0,0,0.5222269
0,0,0.5116075
0,0,0.529367
0,0,0.5170677
0,0,0.5021981
0,0,0.49831703
0,0,0.4957444
0,0,0.49449784
0,0,0.49646646
0,0,0.50278753
0,0,0.4997033
0,0,0.48358703
0,0,0.48328808
0,0,0.48670545
0,0,0.4843683
0,0,0.48804533
0,0,0.48632917
0,0,0.49436542
0,0,0.48669213
0,0,0.4976721
0,0,0.50996643
0,0,0.5128287
0,0,0.5130596
0,0,0.53744674
0,0,0.5429212
0,0,0.5391075
0,0,0.5411881
0,0,0.5257173
0,0,0.53156716
0,0,0.51687187
0,0,0.50916725
0,0,0.5135724
0,0,0.50057536
0,0,0.51696616
0,0,0.51476043
0,0,0.50347567
0,0,0.49634126
0,0,0.51502264
0,0,0.5169578
0,0,0.51153314
0,0,0.49027568
0,0,0.4953017
0,0,0.48656923
0,0,0.47320846
0,0,0.48990545
0,0,0.4991063
0,0,0.4780481
0,0,0.4961475
0,0,0.5148038
0,0,0.5115407
0,0,0.50148386
0,0,0.5065837
0,0,0.50787246
0,0,0.5088261
0,0,0.50575405
0,0,0.49580348
0,0,0.49641192
0,0,0.48848623
0,0,0.48695228
0,0,0.47473848
0,0,0.5002079
0,0,0.5012084
0,0,0.49653563
0,0,0.4911349
0,0,0.49978337
0,0,0.49274215
0,0,0.49131107
0,0,0.49053627
0,0,0.4819385
0,0,0.4969478
0,0,0.50926787
0,0,0.5090896
0,0,0.5200901
0,0,0.5311764
0,0,0.54135114
0,0,0.52155364
0,0,0.51084375
0,0,0.5202637
0,0,0.51437986
0,0,0.49986532
0,0,0.49882367
0,0,0.49995208
0,0,0.49118927
0,0,0.48199952
0,0,0.4830913
0,0,0.48971817
0,0,0.49424112
0,0,0.49857706
0,0,0.49514383
0,0,0.49897578
0,0,0.5081264
0,0,0.49954224
0,0,0.51606435
0,0,0.5084044
0,0,0.5012858
0,0,0.47684416
0,0,0.46966675
0,0,0.4687835
0,0,0.47191346
0,0,0.4735993
0,0,0.48001742
0,0,0.4807092
0,0,0.48644716
0,0,0.49928945
0,0,0.5020533
0,0,0.5068634
0,0,0.5187762
0,0,0.52642405
0,0,0.52578324
0,0,0.53081155
0,0,0.5201427
0,0,0.522284
0,0,0.520752
0,0,0.50482094
0,0,0.5110053
0,0,0.5079244
0,0,0.50929654
0,0,0.5086006
0,0,0.49066013
0,0,0.49489915
0,0,0.48517725
0,0,0.4976123
0,0,0.4985149
0,0,0.5063557
0,0,0.5142656
0,0,0.49603274
0,0,0.5066587
0,0,0.51727736
0,0,0.5138154
0,0,0.52203554
0,0,0.51699626
0,0,0.5258348
0,0,0.5167015
0,0,0.52032167
0,0,0.52120423
0,0,0.5221745
0,0,0.5237906
0,0,0.52689564
0,0,0.51430637
0,0,0.51645637
0,0,0.5212683
0,0,0.5051196
0,0,0.48414892
0,0,0.49079338
0,0,0.47597748
0,0,0.483697
0,0,0.49823192
0,0,0.5121087
0,0,0.5074483
0,0,0.5076326
0,0,0.50773144
0,0,0.4950917
0,0,0.49066213
0,0,0.4845337
0,0,0.48557043
0,0,0.47271588
0,0,0.48700577
0,0,0.50376815
0,0,0.51208633
0,0,0.5052022
0,0,0.50318
0,0,0.4920978
0,0,0.4847669
0,0,0.47530615
0,0,0.48301774
0,0,0.49944422
0,0,0.5063588
0,0,0.51305956
0,0,0.5087227
0,0,0.5264354
0,0,0.51724464
0,0,0.5211018
0,0,0.5166934
0,0,0.504206
0,0,0.5038471
0,0,0.514581
0,0,0.51625276
0,0,0.5162995
0,0,0.52181894
0,0,0.51659995
0,0,0.51877433
0,0,0.511771
0,0,0.5015896
0,0,0.5027906
0,0,0.5056662
0,0,0.51855683
0,0,0.51488316
0,0,0.51781327
0,0,0.51233554
0,0,0.5100255
0,0,0.5073822
0,0,0.5179017
0,0,0.5103646
0,0,0.5021926
0,0,0.49912095
0,0,0.50301397
0,0,0.5200376
0,0,0.5167089
0,0,0.5226166
0,0,0.51827246
0,0,0.5139363
0,0,0.5264685
0,0,0.5296586
0,0,0.51086676
0,0,0.5083934
0,0,0.51283735
0,0,0.53112406
0,0,0.51988953
0,0,0.51809174
0,0,0.5143183
0,0,0.50479645
0,0,0.5000435
0,0,0.5021292
0,0,0.501119
0,0,0.48700044
0,0,0.49437776
0,0,0.49641463
0,0,0.51256377
0,0,0.5253497
0,0,0.53068626
0,0,0.5297473
0,0,0.5237007
0,0,0.512557
0,0,0.5230933
0,0,0.51826316
0,0,0.50907826
0,0,0.5062166
0,0,0.5014201
0,0,0.48839283
0,0,0.47408378
0,0,0.49568588
0,0,0.48871356
0,0,0.5088682
0,0,0.5060704
0,0,0.5178077
0,0,0.5102505
0,0,0.51076436
0,0,0.501116
0,0,0.50503284
0,0,0.49465612
0,0,0.49850306
0,0,0.5114037
0,0,0.51144844
0,0,0.51227546
0,0,0.5113279
0,0,0.5302049
0,0,0.5292244
0,0,0.52557
0,0,0.5236313
0,0,0.53450906
0,0,0.5221055
0,0,0.52497274
0,0,0.5206631
0,0,0.5288795
0,0,0.53330135
0,0,0.5361066
0,0,0.5330377
0,0,0.52588433
0,0,0.52983516
0,0,0.52423733
0,0,0.530495
0,0,0.52290386
0,0,0.52113277
0,0,0.51440984
0,0,0.519335
0,0,0.5187718
0,0,0.510183
0,0,0.5130534
0,0,0.52599025
0,0,0.511126
0,0,0.50419074
0,0,0.4889361
0,0,0.4959647
0,0,0.50417
0,0,0.5108576
0,0,0.5116583
0,0,0.5248754
0,0,0.5195821
0,0,0.53499794
0,0,0.5276262
0,0,0.5228403
0,0,0.5261508
0,0,0.52741665
0,0,0.5413253
0,0,0.51671326
0,0,0.5175705
0,0,0.5265691
0,0,0.5248975
0,0,0.51108783
0,0,0.52277595
0,0,0.51839274
0,0,0.52364963
0,0,0.52210623
0,0,0.52892786
0,0,0.52022254
0,0,0.511008
0,0,0.52596116
0,0,0.524103
0,0,0.51648986
0,0,0.51634437
0,0,0.51323366
0,0,0.5145713
0,0,0.52364355
0,0,0.5162135
0,0,0.5175591
0,0,0.5257984
0,0,0.5326134
0,0,0.5156852
0,0,0.53157616
0,0,0.52942204
0,0,0.52742803
0,0,0.51509887
0,0,0.51614267
0,0,0.50201213
0,0,0.48586708
0,0,0.47009698
0,0,0.4792282
0,0,0.48202047
0,0,0.48983446
0,0,0.50482374
0,0,0.5101007
0,0,0.51071906
0,0,0.5147044
0,0,0.50567377
0,0,0.49922004
0,0,0.50975466
0,0,0.49837038
0,0,0.50298333
0,0,0.5033709
0,0,0.5101147
0,0,0.5130555
0,0,0.51313
0,0,0.52148235
0,0,0.5085781
0,0,0.50424284
0,0,0.4913287
0,0,0.4937746
0,0,0.47507203
0,0,0.48325294
0,0,0.49350885
0,0,0.49210286
0,0,0.51045257
0,0,0.5096851
0,0,0.51445276
0,0,0.5195957
0,0,0.5198701
0,0,0.511157
0,0,0.49180692
0,0,0.50320095
0,0,0.48834404
0,0,0.4898978
0,0,0.49918404
0,0,0.49190006
0,0,0.4913416
0,0,0.49424657
0,0,0.49175173
0,0,0.5095361
0,0,0.50148845
0,0,0.51899546
0,0,0.51048094
0,0,0.51901525
0,0,0.50375694
0,0,0.50284183
0,0,0.5096175
0,0,0.5047218
0,0,0.5106266
0,0,0.5028007
0,0,0.5088107
0,0,0.5080189
0,0,0.5097519
0,0,0.50274444
0,0,0.51484495
0,0,0.5172186
0,0,0.5020378
0,0,0.49763095
0,0,0.5113475
0,0,0.5000083
0,0,0.48967046
0,0,0.50984126
0,0,0.5109759
0,0,0.48805028
0,0,0.4955976
0,0,0.4864327
0,0,0.48396578
0,0,0.4820384
0,0,0.4838825
0,0,0.4757581
0,0,0.47832677
0,0,0.5037394
0,0,0.5036105
0,0,0.5156308
0,0,0.51754373
0,0,0.52164775
0,0,0.51381767
0,0,0.5180962
0,0,0.5153012
0,0,0.5021257
0,0,0.5088994
0,0,0.5142
0,0,0.5078274
0,0,0.5097422
0,0,0.50922436
0,0,0.5127316
0,0,0.5089993
0,0,0.50598353
0,0,0.5083191
0,0,0.4922468
0,0,0.49094072
0,0,0.5030019
0,0,0.4967924
0,0,0.48112524
0,0,0.49418288
0,0,0.49722102
0,0,0.52196556
0,0,0.52969265
0,0,0.51534295
0,0,0.50385916
0,0,0.49419302
0,0,0.47944382
0,0,0.4578494
0,0,0.45517847
0,0,0.45681718
0,0,0.46913978
0,0,0.4891571
0,0,0.49843872
0,0,0.49756703
0,0,0.49961805
0,0,0.5030885
0,0,0.51083535
0,0,0.50389904
0,0,0.4992369
0,0,0.48947775
0,0,0.48710665
0,0,0.48697641
0,0,0.4814182
0,0,0.49292266
0,0,0.5117564
0,0,0.5037528
0,0,0.49582174
0,0,0.49281013
0,0,0.4884203
0,0,0.48540926
0,0,0.49720445
0,0,0.499291
0,0,0.50865114
0,0,0.5103616
0,0,0.5241566
0,0,0.5247714
0,0,0.51801676
0,0,0.52709603
0,0,0.5234378
0,0,0.5137806
0,0,0.5069134
0,0,0.50048447
0,0,0.5202862
0,0,0.51325595
0,0,0.5176857
0,0,0.505317
0,0,0.5129252
0,0,0.49693608
0,0,0.47980154
0,0,0.47560966
0,0,0.46345937
0,0,0.45240143
0,0,0.46575907
0,0,0.47285113
0,0,0.48029414
0,0,0.49054146
0,0,0.5203626
0,0,0.52883583
0,0,0.54004157
0,0,0.5313309
0,0,0.5195207
0,0,0.52250296
0,0,0.5212015
0,0,0.52026576
0,0,0.50551134
0,0,0.5013603
0,0,0.5063837
0,0,0.49485222
0,0,0.50606793
0,0,0.49252078
0,0,0.5151396
0,0,0.5047818
0,0,0.4910174
0,0,0.48505718
0,0,0.47727737
0,0,0.47812945
0,0,0.47862846
0,0,0.4627866
0,0,0.49713993
0,0,0.5137999
0,0,0.4986009
0,0,0.51881844
0,0,0.51023555
0,0,0.5266337
0,0,0.5195477
0,0,0.50343114
0,0,0.5020804
0,0,0.5055859
0,0,0.4972268
0,0,0.5142235
0,0,0.52330977
0,0,0.5030219
0,0,0.5003801
0,0,0.4994125
0,0,0.49802125
0,0,0.503217
0,0,0.5128897
0,0,0.53039116
0,0,0.5384671
0,0,0.5414109
0,0,0.52852905
0,0,0.519434
0,0,0.51667994
0,0,0.511269
0,0,0.52319103
0,0,0.5321656
0,0,0.51624066
0,0,0.52918166
0,0,0.5431513
0,0,0.53097606
0,0,0.52397954
0,0,0.5161637
0,0,0.52238566
0,0,0.5042881
0,0,0.50971025
0,0,0.5149239
0,0,0.5091262
0,0,0.51366526
0,0,0.52600163
0,0,0.52130103
0,0,0.5015144
0,0,0.5066391
0,0,0.4929846
0,0,0.506244
0,0,0.50714004
0,0,0.51397896
0,0,0.500645
0,0,0.5048199
0,0,0.51416016
0,0,0.50318974
0,0,0.493546
0,0,0.4956366
0,0,0.51216376
0,0,0.5009023
0,0,0.49586847
0,0,0.4888758
0,0,0.5051408
0,0,0.49935174
0,0,0.5029817
0,0,0.48818454
0,0,0.48597714
0,0,0.47704166
0,0,0.4623139
0,0,0.47222656
0,0,0.46494317
0,0,0.48275107
0,0,0.49126327
0,0,0.50424206
0,0,0.49473616
0,0,0.5015732
0,0,0.4938846
0,0,0.4950654
0,0,0.48572463
0,0,0.48575822
0,0,0.4887295
0,0,0.50779384
0,0,0.49640447
0,0,0.5015044
0,0,0.50751376
0,0,0.4954272
0,0,0.49556997
0,0,0.4911923
0,0,0.48696148
0,0,0.47578892
0,0,0.4878433
0,0,0.5031929
0,0,0.5151878
0,0,0.5172711
0,0,0.5182777
0,0,0.5189106
0,0,0.52345383
0,0,0.5114443
0,0,0.50621104
0,0,0.5195428
0,0,0.49577868
0,0,0.4897262
0,0,0.48897928
0,0,0.48970845
0,0,0.48719686
0,0,0.4980329
0,0,0.50684875
0,0,0.51482123
0,0,0.5152718
0,0,0.51690006
0,0,0.49913225
0,0,0.50446355
0,0,0.50924736
0,0,0.49357957
0,0,0.5014852
0,0,0.51213074
0,0,0.519623
0,0,0.5018301
0,0,0.5163079
0,0,0.5100649
0,0,0.5208635
0,0,0.50880593
0,0,0.5265534
0,0,0.50793666
0,0,0.51506996
0,0,0.51754934
0,0,0.5282359
0,0,0.52676964
0,0,0.53956336
0,0,0.52104664
0,0,0.5177504
0,0,0.5168128
0,0,0.5178912
0,0,0.50951797
0,0,0.500259
0,0,0.5126614
0,0,0.50427085
0,0,0.5069308
0,0,0.5034075
0,0,0.5028263
0,0,0.49071544
0,0,0.48644778
0,0,0.48354778
0,0,0.48653868
0,0,0.49972478
0,0,0.49587145
0,0,0.4904405
0,0,0.48934937
0,0,0.47153354
0,0,0.47541702
0,0,0.4762275
0,0,0.46806043
0,0,0.46488795
0,0,0.47877252
0,0,0.49020788
0,0,0.48510498
0,0,0.5012089
0,0,0.51786107
0,0,0.4963069
0,0,0.51749384
0,0,0.49742156
0,0,0.5118011
0,0,0.5106441
0,0,0.50922245
0,0,0.507389
0,0,0.52871287
0,0,0.5338437
0,0,0.527264
0,0,0.5301072
0,0,0.5090107
0,0,0.5250331
0,0,0.50924957
0,0,0.50780344
0,0,0.5058094
0,0,0.50008416
0,0,0.48983178
0,0,0.48547438
0,0,0.482199
0,0,0.48728424
0,0,0.4857519
0,0,0.48317888
0,0,0.47575924
0,0,0.48247737
0,0,0.4812755
0,0,0.48061335
0,0,0.48112285
0,0,0.48102474
0,0,0.49510854
0,0,0.49915433
0,0,0.49662822
0,0,0.4868893
0,0,0.5018197
0,0,0.4953278
0,0,0.48986745
0,0,0.4964938
0,0,0.48656872
0,0,0.4971714
0,0,0.5102749
0,0,0.5096507
0,0,0.5149509
0,0,0.530262
0,0,0.53602856
0,0,0.54471564
0,0,0.5333543
0,0,0.5267269
0,0,0.51365733
0,0,0.5104305
0,0,0.52506924
0,0,0.514949
0,0,0.50595325
0,0,0.50121486
0,0,0.49252066
0,0,0.5092894
0,0,0.5107763
0,0,0.5164164
0,0,0.5094489
0,0,0.50298226
0,0,0.50332206
0,0,0.50077146
0,0,0.49244416
0,0,0.50253725
0,0,0.5090608
0,0,0.5165368
0,0,0.5057129
0,0,0.4987232
0,0,0.49910516
0,0,0.4909143
0,0,0.4933123
0,0,0.5065505
0,0,0.5134841
0,0,0.5041879
0,0,0.51612437
0,0,0.5271703
0,0,0.5250623
0,0,0.5300025
0,0,0.52010787
0,0,0.521195
0,0,0.49133185
0,0,0.47311783
0,0,0.4753934
0,0,0.4747489
0,0,0.47976047
0,0,0.4872161
0,0,0.50772923
0,0,0.51524925
0,0,0.5301239
0,0,0.5401405
0,0,0.54316735
0,0,0.5255975
0,0,0.5229474
0,0,0.52426696
0,0,0.52517724
0,0,0.5100405
0,0,0.50742406
0,0,0.48387334
0,0,0.48500782
0,0,0.480976
0,0,0.48881826
0,0,0.50213015
0,0,0.5082635
0,0,0.5046854
0,0,0.4932714
0,0,0.5029719
0,0,0.49315628
0,0,0.48770648
0,0,0.4754052
0,0,0.47286552
0,0,0.45569924
0,0,0.45928857
0,0,0.4638555
0,0,0.4884712
0,0,0.4818386
0,0,0.50322497
0,0,0.4908915
0,0,0.48958156
0,0,0.4844872
0,0,0.48531738
0,0,0.48215246
0,0,0.48111463
0,0,0.47426814
0,0,0.4808957
0,0,0.47666997
0,0,0.4864599
0,0,0.49531838
0,0,0.4931709
0,0,0.49867362
0,0,0.51294595
0,0,0.5195293
0,0,0.5069505
0,0,0.50172573
0,0,0.49796435
0,0,0.49733105
0,0,0.504008
0,0,0.50446403
0,0,0.5025837
0,0,0.49377295
0,0,0.48017296
0,0,0.48492685
0,0,0.465475
0,0,0.46585757
0,0,0.46699455
0,0,0.47298083
0,0,0.46352232
0,0,0.46248436
0,0,0.46251926
0,0,0.4556359
0,0,0.45931482
0,0,0.4711851
0,0,0.47297025
0,0,0.47951585
0,0,0.48814183
0,0,0.49899638
0,0,0.49097717
0,0,0.49655607
0,0,0.49856776
0,0,0.48888433
0,0,0.49144503
0,0,0.49183166
0,0,0.4906596
0,0,0.49578765
0,0,0.49312165
0,0,0.5044784
0,0,0.51316
0,0,0.50491846
0,0,0.50890845
0,0,0.51319474
0,0,0.5132657
0,0,0.5097158
0,0,0.50676847
0,0,0.51530904
0,0,0.5055102
0,0,0.5098614
0,0,0.50484407
0,0,0.5084586
0,0,0.5070438
0,0,0.51396185
0,0,0.4988921
0,0,0.49369076
0,0,0.5080255
0,0,0.5008997
0,0,0.5093509
0,0,0.50692964
0,0,0.5285104
0,0,0.5187532
0,0,0.51669616
0,0,0.5018541
0,0,0.49687445
0,0,0.49159935
0,0,0.5036844
0,0,0.509586
0,0,0.51176846
0,0,0.50903654
0,0,0.5095529
0,0,0.49936697
0,0,0.5043793
0,0,0.50842255
0,0,0.5124282
0,0,0.49562338
0,0,0.5169984
0,0,0.5025498
0,0,0.50810444
0,0,0.5074384
0,0,0.50363785
0,0,0.50755006
0,0,0.5084754
0,0,0.49883518
0,0,0.50175214
0,0,0.5063859
0,0,0.4987487
0,0,0.49619064
0,0,0.50972474
0,0,0.4966691
0,0,0.4907078
0,0,0.5025692
0,0,0.5087681
0,0,0.5242358
0,0,0.5162178
0,0,0.5142451
0,0,0.50861216
0,0,0.51366836
0,0,0.49989244
0,0,0.4904558
0,0,0.4927821
0,0,0.5041963
0,0,0.49917358
0,0,0.5126154
0,0,0.5244562
0,0,0.5057744
0,0,0.4975976
0,0,0.508806
0,0,0.5080839
0,0,0.5046851
0,0,0.50858486
0,0,0.5032191
0,0,0.5034109
0,0,0.51655954
0,0,0.50603735
0,0,0.50318396
0,0,0.51657706
0,0,0.5116269
0,0,0.53091174
0,0,0.52258205
0,0,0.5058478
0,0,0.5015014
0,0,0.49504757
0,0,0.48397025
0,0,0.49254844
0,0,0.51102626
0,0,0.50484467
0,0,0.5078028
0,0,0.5143889
0,0,0.5191676
0,0,0.51806134
0,0,0.5240131
0,0,0.5312749
0,0,0.525414
0,0,0.5265814
0,0,0.5142607
0,0,0.5243301
0,0,0.52600473
0,0,0.52466524
0,0,0.5306883
0,0,0.52611864
0,0,0.5150682
0,0,0.5102702
0,0,0.4973389
0,0,0.48682523
0,0,0.49152866
0,0,0.5146826
0,0,0.5135649
0,0,0.51053107
0,0,0.51722
0,0,0.52182484
0,0,0.51594347
0,0,0.5055107
0,0,0.4964845
0,0,0.4945649
0,0,0.5032588
0,0,0.4889925
0,0,0.484755
0,0,0.4870948
0,0,0.5033248
0,0,0.4781392
0,0,0.49197346
0,0,0.4816026
0,0,0.46557856
0,0,0.46681574
0,0,0.4883711
0,0,0.49557108
0,0,0.5213393
0,0,0.5081441
0,0,0.5272153
0,0,0.51548874
0,0,0.50759333
0,0,0.5137864
0,0,0.52283317
0,0,0.5082597
0,0,0.5194678
0,0,0.5297236
0,0,0.5303348
0,0,0.5328409
0,0,0.5109487
0,0,0.51794183
0,0,0.48898852
0,0,0.49351656
0,0,0.4954173
0,0,0.5096802
0,0,0.5215936
0,0,0.51416904
0,0,0.5131129
0,0,0.52061486
0,0,0.5317846
0,0,0.52378243
0,0,0.52097917
0,0,0.5309036
0,0,0.52686304
0,0,0.51644427
0,0,0.5112058
0,0,0.5172789
0,0,0.5088603
0,0,0.5058036
0,0,0.51550406
0,0,0.5146011
0,0,0.518398
0,0,0.52275664
0,0,0.4924019
0,0,0.48917958
0,0,0.49154508
0,0,0.48278025
0,0,0.48432827
0,0,0.49434888
0,0,0.5060815
0,0,0.49732324
0,0,0.50565886
0,0,0.5042305
0,0,0.5037658
0,0,0.5052038
0,0,0.5051517
0,0,0.4976583
0,0,0.5132099
0,0,0.5045318
0,0,0.50579756
0,0,0.52161115
0,0,0.52154976
0,0,0.51262116
0,0,0.50850236
0,0,0.5183304
0,0,0.5121407
0,0,0.50382817
0,0,0.5102517
0,0,0.4932414
0,0,0.4923801
0,0,0.48384318
0,0,0.51940686
0,0,0.50333565
0,0,0.50207645
0,0,0.49021947
0,0,0.49993837
0,0,0.49648866
0,0,0.4985391
0,0,0.504159
0,0,0.5010501
0,0,0.4870528
0,0,0.49928415
0,0,0.50066054
0,0,0.50148624
0,0,0.5183106
0,0,0.5254299
0,0,0.49685973
0,0,0.5005205
0,0,0.4977902
0,0,0.50083935
0,0,0.50635445
0,0,0.49826145
0,0,0.49039647
0,0,0.50049496
0,0,0.51069266
0,0,0.4944814
0,0,0.5037865
0,0,0.49484712
0,0,0.48625585
0,0,0.4821816
0,0,0.49459574
0,0,0.48369068
0,0,0.48988852
0,0,0.50840247
0,0,0.50565404
0,0,0.50181186
0,0,0.5050747
0,0,0.5169297
0,0,0.506779
0,0,0.52005
0,0,0.52414507
0,0,0.5118446
0,0,0.53331935
0,0,0.5217736
0,0,0.5141528
0,0,0.49662453
0,0,0.5022363
0,0,0.4783636
0,0,0.47376686
0,0,0.4763404
0,0,0.4710875
0,0,0.48177618
0,0,0.50371397
0,0,0.5112956
0,0,0.51948583
0,0,0.5235865
0,0,0.5144768
0,0,0.49673805
0,0,0.49698067
0,0,0.48521447
0,0,0.49454385
0,0,0.49207863
0,0,0.49856195
0,0,0.5109514
0,0,0.5081143
0,0,0.5164952
0,0,0.5037486
0,0,0.51123166
0,0,0.50721735
0,0,0.50431174
0,0,0.50718516
0,0,0.5167129
0,0,0.51730907
0,0,0.51943606
0,0,0.518267
0,0,0.53249943
0,0,0.532202
0,0,0.53223896
0,0,0.52380085
0,0,0.5232587
0,0,0.51330954
0,0,0.5228825
0,0,0.5075026
0,0,0.5063192
0,0,0.49192765
0,0,0.4902352
0,0,0.4898654
0,0,0.48727608
0,0,0.48399505
0,0,0.48725963
0,0,0.49119675
0,0,0.49187526
0,0,0.50078773
0,0,0.5138535
0,0,0.5168848
0,0,0.50544655
0,0,0.49207598
0,0,0.5068252
0,0,0.51525617
0,0,0.5255979
0,0,0.5152923
0,0,0.5204977
0,0,0.51128405
0,0,0.5264699
0,0,0.5134537
0,0,0.50826234
0,0,0.513713
0,0,0.5117292
0,0,0.50991845
0,0,0.5240589
0,0,0.52500904
0,0,0.51858956
0,0,0.52926856
0,0,0.51908773
0,0,0.5137851
0,0,0.49763954
0,0,0.50619346
0,0,0.507904
0,0,0.49734282
0,0,0.48591915
0,0,0.4874222
0,0,0.4916448
0,0,0.48857188
0,0,0.49886474
0,0,0.49753115
0,0,0.5048827
0,0,0.49597597
0,0,0.5013534
0,0,0.5117857
0,0,0.49810997
0,0,0.4966203
0,0,0.49313807
0,0,0.4902724
0,0,0.5017417
0,0,0.50607085
0,0,0.5085691
0,0,0.50745595
0,0,0.51943034
0,0,0.5244841
0,0,0.5229134
0,0,0.5146426
0,0,0.49241254
0,0,0.47820735
0,0,0.47965014
0,0,0.4826227
0,0,0.48782843
0,0,0.47770083
0,0,0.4844707
0,0,0.47947562
0,0,0.4778709
0,0,0.46778998
0,0,0.48340923
0,0,0.48048088
0,0,0.502506
0,0,0.5116811
0,0,0.5156691
0,0,0.5271732
0,0,0.51497686
0,0,0.51820385
0,0,0.52189577
0,0,0.50908726
0,0,0.5101352
0,0,0.52898717
0,0,0.5125595
0,0,0.50984204
0,0,0.5185341
0,0,0.5110094
0,0,0.5156036
0,0,0.5260087
0,0,0.5172107
0,0,0.5002384
0,0,0.5075264
0,0,0.5062732
0,0,0.5171544
0,0,0.50401103
0,0,0.4989761
0,0,0.49887955
0,0,0.51095587
0,0,0.50924355
0,0,0.5091194
0,0,0.519303
0,0,0.51568234
0,0,0.51859236
0,0,0.51438826
0,0,0.5231545
0,0,0.51070124
0,0,0.49115995
0,0,0.48476812
0,0,0.4938632
0,0,0.47895765
0,0,0.48838726
0,0,0.48079753
0,0,0.48854405
0,0,0.4917247
0,0,0.49251556
0,0,0.48545635
0,0,0.5046476
0,0,0.50734323
0,0,0.5143183
0,0,0.5178699
0,0,0.52987987
0,0,0.51905257
0,0,0.52182657
0,0,0.5060054
0,0,0.49134746
0,0,0.47350398
0,0,0.48468566
0,0,0.47853982
0,0,0.4807569
0,0,0.4816465
0,0,0.5050635
0,0,0.5130829
0,0,0.5038449
0,0,0.49528638
0,0,0.47685847
0,0,0.4847717
0,0,0.46566656
0,0,0.4780246
0,0,0.4795983
0,0,0.48763224
0,0,0.49882707
0,0,0.51020557
0,0,0.50335056
0,0,0.517172
0,0,0.53172266
0,0,0.5393333
0,0,0.52815956
0,0,0.5390534
0,0,0.5192038
0,0,0.49629018
0,0,0.5146933
0,0,0.5125498
0,0,0.51252323
0,0,0.5017912
0,0,0.51500803
0,0,0.51166284
0,0,0.51655185
0,0,0.5182504
0,0,0.5101306
0,0,0.50818557
0,0,0.49438208
0,0,0.48495218
0,0,0.50359994
0,0,0.5119306
0,0,0.5031818
0,0,0.5104488
0,0,0.5247536
0,0,0.52144396
0,0,0.5153183
0,0,0.5234406
0,0,0.51265436
0,0,0.52086425
0,0,0.5281792
0,0,0.522131
0,0,0.5111955
0,0,0.50358295
0,0,0.50268286
0,0,0.49625552
0,0,0.5113995
0,0,0.5301704
0,0,0.52325547
0,0,0.5163547
0,0,0.5017509
0,0,0.4934466
0,0,0.50079125
0,0,0.49199238
0,0,0.5158825
0,0,0.522241
0,0,0.5124903
0,0,0.5239555
0,0,0.5460522
0,0,0.53608036
0,0,0.5296917
0,0,0.5187783
0,0,0.5193234
0,0,0.5141137
0,0,0.5026557
0,0,0.48502138
0,0,0.48892012
0,0,0.4876465
0,0,0.48560157
0,0,0.49673527
0,0,0.48904613
0,0,0.4706611
0,0,0.46295798
0,0,0.4655278
0,0,0.46150222
0,0,0.47603226
0,0,0.48802266
0,0,0.49327737
0,0,0.50094557
0,0,0.5056192
0,0,0.5077136
0,0,0.5160555
0,0,0.5178065
0,0,0.52588814
0,0,0.5234367
0,0,0.51562953
0,0,0.51580703
0,0,0.51181865
0,0,0.5041403
0,0,0.5161753
0,0,0.5038824
0,0,0.4986712
0,0,0.4945524
0,0,0.49600634
0,0,0.49422514
0,0,0.50162715
0,0,0.5233581
0,0,0.5277848
0,0,0.52646893
0,0,0.53662795
0,0,0.5207805
0,0,0.5031743
0,0,0.50911385
0,0,0.50309235
0,0,0.49484333
0,0,0.49209976
0,0,0.5071475
0,0,0.5139228
0,0,0.5171216
0,0,0.5160451
0,0,0.5264519
0,0,0.52010614
0,0,0.4956206
0,0,0.49340457
0,0,0.487515
0,0,0.4678483
0,0,0.46773216
0,0,0.47120753
0,0,0.4675398
0,0,0.47067958
0,0,0.49830642
0,0,0.4898629
0,0,0.48265925
0,0,0.48547074
0,0,0.48997545
0,0,0.4888509
0,0,0.49724084
0,0,0.49662465
0,0,0.5052682
0,0,0.50355846
0,0,0.5032643
0,0,0.50351787
0,0,0.4953317
0,0,0.49961966
0,0,0.49565476
0,0,0.4905734
0,0,0.48609504
0,0,0.499286
0,0,0.4963086
0,0,0.4940401
0,0,0.49036825
0,0,0.49575672
0,0,0.5026979
0,0,0.5175039
0,0,0.5243504
0,0,0.5227319
0,0,0.5221911
0,0,0.53348637
0,0,0.53593755
0,0,0.51432127
0,0,0.5147036
0,0,0.5038632
0,0,0.49923715
0,0,0.4923189
0,0,0.49445587
0,0,0.5012932
0,0,0.5003523
0,0,0.5154433
0,0,0.51129115
0,0,0.50785613
0,0,0.50005174
0,0,0.49777275
0,0,0.5023731
0,0,0.49449003
0,0,0.49067333
0,0,0.48136735
0,0,0.4791913
0,0,0.4791489
0,0,0.4856925
0,0,0.5058128
0,0,0.5258871
0,0,0.5319064
0,0,0.53559184
0,0,0.5309976
0,0,0.53260714
0,0,0.526232
0,0,0.5051333
0,0,0.48458678
0,0,0.5022454
0,0,0.5023928
0,0,0.48012656
0,0,0.49524224
0,0,0.49466372
0,0,0.47732398
0,0,0.48092824
0,0,0.48816246
0,0,0.48783585
0,0,0.4886491
0,0,0.503635
0,0,0.50250965
0,0,0.50440574
0,0,0.5068897
0,0,0.5235471
0,0,0.53558475
0,0,0.53316927
0,0,0.533834
0,0,0.528639
0,0,0.5156058
0,0,0.5280137
0,0,0.52090067
0,0,0.50280654
0,0,0.49978063
0,0,0.50196236
0,0,0.48571676
0,0,0.47716877
0,0,0.5017656
0,0,0.51156974
0,0,0.52973
0,0,0.53221047
0,0,0.52382696
0,0,0.5120487
0,0,0.5039453
0,0,0.5074999
0,0,0.5127038
0,0,0.49942946
0,0,0.5185482
0,0,0.5276761
0,0,0.52546144
0,0,0.51433426
0,0,0.50991756
0,0,0.4983641
0,0,0.48462024
0,0,0.4956206
0,0,0.4791057
0,0,0.48374993
0,0,0.48280025
0,0,0.48267502
0,0,0.48401046
0,0,0.51515764
0,0,0.50570774
0,0,0.5034855
0,0,0.50783557
0,0,0.50515234
0,0,0.505688
0,0,0.4995276
0,0,0.49918842
0,0,0.49364987
0,0,0.503432
0,0,0.4971866
0,0,0.50195605
0,0,0.49840674
0,0,0.5073437
0,0,0.51118696
0,0,0.5149533
0,0,0.51285446
0,0,0.50782716
0,0,0.49883446
0,0,0.49461493
0,0,0.51778567
0,0,0.50116986
0,0,0.49710104
0,0,0.50197554
0,0,0.5096024
0,0,0.49906555
0,0,0.49523106
0,0,0.49696627
0,0,0.50605345
0,0,0.51099074
0,0,0.5070466
0,0,0.5172895
0,0,0.5160111
0,0,0.5292525
0,0,0.5275603
0,0,0.51568216
0,0,0.5018694
0,0,0.5099885
0,0,0.514405
0,0,0.49883917
0,0,0.50165004
0,0,0.51082516
0,0,0.52279305
0,0,0.51851565
0,0,0.5127683
0,0,0.507404
0,0,0.50615335
0,0,0.52322495
0,0,0.5202885
0,0,0.52290124
0,0,0.5145917
0,0,0.5276329
0,0,0.52161026
0,0,0.50415325
0,0,0.49343348
0,0,0.47476953
0,0,0.47308767
0,0,0.47845054
0,0,0.48037323
0,0,0.4799089
0,0,0.4939744
0,0,0.48415628
0,0,0.48178625
0,0,0.48009935
0,0,0.48444608
0,0,0.49263787
0,0,0.49930936
0,0,0.5133954
0,0,0.5281934
0,0,0.5387083
0,0,0.54648715
0,0,0.524748
0,0,0.532076
0,0,0.52548474
0,0,0.5200857
0,0,0.51828647
0,0,0.5112077
0,0,0.5033823
0,0,0.49612674
0,0,0.5076263
0,0,0.48419318
0,0,0.50082946
0,0,0.50278205
0,0,0.49918595
0,0,0.5154984
0,0,0.5305468
0,0,0.5213102
0,0,0.5105352
0,0,0.5024253
0,0,0.5053355
0,0,0.49810192
0,0,0.49553156
0,0,0.48765194
0,0,0.48849124
0,0,0.48329583
0,0,0.47850686
0,0,0.48362148
0,0,0.4772134
0,0,0.48197252
0,0,0.4900459
0,0,0.50009006
0,0,0.5101109
0,0,0.5188268
0,0,0.52038765
0,0,0.53234327
0,0,0.52951545
0,0,0.5179036
0,0,0.5248787
0,0,0.52021974
0,0,0.51615566
0,0,0.51145536
0,0,0.5165344
0,0,0.50166607
0,0,0.50993896
0,0,0.5196893
0,0,0.5171019
0,0,0.510593
0,0,0.50261575
0,0,0.5065905
0,0,0.51712215
0,0,0.50063586
0,0,0.5058575
0,0,0.5039197
0,0,0.49831992
0,0,0.4869933
0,0,0.49829578
0,0,0.48740083
0,0,0.48620772
0,0,0.49297363
0,0,0.4807515
0,0,0.488783
0,0,0.48587543
0,0,0.4930997
0,0,0.5041005
0,0,0.50922614
0,0,0.5134007
0,0,0.5124329
0,0,0.5224097
0,0,0.52844906
0,0,0.52445805
0,0,0.5163151
0,0,0.524796
0,0,0.51063174
0,0,0.50247025
0,0,0.49058035
0,0,0.49650648
0,0,0.48299423
0,0,0.46925527
0,0,0.4811827
0,0,0.5026249
0,0,0.5034475
0,0,0.51031256
0,0,0.53022873
0,0,0.52192545
0,0,0.525877
0,0,0.5227919
0,0,0.51094604
0,0,0.50500524
0,0,0.48912543
0,0,0.4943579
0,0,0.48192686
0,0,0.47321007
0,0,0.48496452
0,0,0.49348226
0,0,0.4903616
0,0,0.49919835
0,0,0.5018843
0,0,0.50844747
0,0,0.5193266
0,0,0.51853496
0,0,0.5181075
0,0,0.50742155
0,0,0.50886047
0,0,0.513756
0,0,0.5228893
0,0,0.52316576
0,0,0.5157029
0,0,0.5209589
0,0,0.52310085
0,0,0.5024016
0,0,0.49483767
0,0,0.5032985
0,0,0.49384564
0,0,0.48578066
0,0,0.5112087
0,0,0.52634484
0,0,0.5279086
0,0,0.51999044
0,0,0.51795816
0,0,0.5080768
0,0,0.52084935
0,0,0.517871
0,0,0.49299768
0,0,0.5067174
0,0,0.5169055
0,0,0.50284487
0,0,0.4951285
0,0,0.5023457
0,0,0.50337
0,0,0.50330734
0,0,0.5012664
0,0,0.5073961
0,0,0.51610684
0,0,0.51709276
0,0,0.51777005
0,0,0.5307976
0,0,0.5138466
0,0,0.5044816
0,0,0.5250724
0,0,0.5300928
0,0,0.53501284
0,0,0.52714425
0,0,0.50848013
0,0,0.4996513
0,0,0.50234956
0,0,0.4898201
0,0,0.500667
0,0,0.5091351
0,0,0.5203521
0,0,0.52023494
0,0,0.52461016
0,0,0.5267641
0,0,0.5186563
0,0,0.5201999
0,0,0.523562
0,0,0.50575155
0,0,0.49898627
0,0,0.4961836
0,0,0.49480382
0,0,0.49607074
0,0,0.51456827
0,0,0.52611357
0,0,0.53631854
0,0,0.51271915
0,0,0.5052779
0,0,0.49949512
0,0,0.50250787
0,0,0.48908627
0,0,0.50789005
0,0,0.5057185
0,0,0.50698805
0,0,0.5058626
0,0,0.50741273
0,0,0.5013772
0,0,0.51501805
0,0,0.51291144
0,0,0.5221795
0,0,0.5132581
0,0,0.50030327
0,0,0.51102304
0,0,0.50954026
0,0,0.5272213
0,0,0.5258532
0,0,0.5266068
0,0,0.5247541
0,0,0.5111757
0,0,0.5171301
0,0,0.5064939
0,0,0.50784665
0,0,0.51100993
0,0,0.51022595
0,0,0.5013014
0,0,0.508896
0,0,0.5176267
0,0,0.5227409
0,0,0.51407593
0,0,0.5213836
0,0,0.5066791
0,0,0.5075627
0,0,0.5091355
0,0,0.5282519
0,0,0.52273345
0,0,0.52890104
0,0,0.5399028
0,0,0.53386456
0,0,0.53104705
0,0,0.50664335
0,0,0.49011463
0,0,0.4959603
0,0,0.50281185
0,0,0.5073365
0,0,0.511235
0,0,0.5104481
0,0,0.5114633
0,0,0.50654745
0,0,0.5009986
0,0,0.48761123
0,0,0.48098946
0,0,0.49184993
0,0,0.48856407
0,0,0.48734334
0,0,0.4952454
0,0,0.49844098
0,0,0.5028044
0,0,0.4964852
0,0,0.50675136
0,0,0.49998975
0,0,0.5040325
0,0,0.50188607
0,0,0.512205
0,0,0.51090616
0,0,0.50334233
0,0,0.5018862
0,0,0.50912094
0,0,0.49151698
0,0,0.49190134
0,0,0.4914167
0,0,0.51383334
0,0,0.51691645
0,0,0.51535267
0,0,0.5141422
0,0,0.51991314
0,0,0.5235342
0,0,0.52599424
0,0,0.5186118
0,0,0.5104171
0,0,0.51009274
0,0,0.50660336
0,0,0.50168926
0,0,0.5178912
0,0,0.51394165
0,0,0.5198325
0,0,0.52469087
0,0,0.5149832
0,0,0.5157575
0,0,0.514523
0,0,0.5045409
0,0,0.4995433
0,0,0.48884127
0,0,0.4951563
0,0,0.5105379
0,0,0.51348495
0,0,0.5246666
0,0,0.52915084
0,0,0.53138155
0,0,0.5350137
0,0,0.53163123
0,0,0.53522694
0,0,0.527905
0,0,0.5348015
0,0,0.51592696
0,0,0.52200526
0,0,0.5264827
0,0,0.529138
0,0,0.51235175
0,0,0.5038094
0,0,0.51306766
0,0,0.5178106
0,0,0.52280915
0,0,0.51121277
0,0,0.51743644
0,0,0.52311236
0,0,0.50909173
0,0,0.51359653
0,0,0.5059088
0,0,0.4981832
0,0,0.4859342
0,0,0.5029965
0,0,0.5073936
0,0,0.50578195
0,0,0.5224851
0,0,0.5412266
0,0,0.53210807
0,0,0.5320529
0,0,0.5226579
0,0,0.5197435
0,0,0.5114973
0,0,0.47999004
0,0,0.4891887
0,0,0.4959898
0,0,0.5050942
0,0,0.49980825
0,0,0.50062746
0,0,0.50030875
0,0,0.5106163
0,0,0.51777166
0,0,0.5169381
0,0,0.5244952
0,0,0.5128589
0,0,0.52051634
0,0,0.5128667
0,0,0.50101185
0,0,0.4887343
0,0,0.49171358
0,0,0.49810308
0,0,0.4874087
0,0,0.50193924
0,0,0.5068006
0,0,0.4950863
0,0,0.5114369
0,0,0.50311273
0,0,0.504766
0,0,0.5232231
0,0,0.5169781
0,0,0.49725863
0,0,0.4923798
0,0,0.49550298
0,0,0.49326327
0,0,0.48538327
0,0,0.49641603
0,0,0.5080226
0,0,0.50186026
0,0,0.5134733
0,0,0.51751137
0,0,0.5108178
0,0,0.5086871
0,0,0.50894004
0,0,0.50289035
0,0,0.49593467
0,0,0.50103176
0,0,0.49344358
0,0,0.50721335
0,0,0.50641316
0,0,0.5023602
0,0,0.5035328
0,0,0.5082053
0,0,0.5020906
0,0,0.501714
0,0,0.4951429
0,0,0.5238216
0,0,0.50443834
0,0,0.5031219
0,0,0.5066134
0,0,0.5165687
0,0,0.50286186
0,0,0.4963712
0,0,0.48406202
0,0,0.4716103
0,0,0.4844005
0,0,0.47475895
0,0,0.4776986
0,0,0.46893284
0,0,0.47414985
0,0,0.46454945
0,0,0.47574738
0,0,0.48464382
0,0,0.50197846
0,0,0.507986
0,0,0.5139567
0,0,0.50459296
0,0,0.5087646
0,0,0.5074942
0,0,0.48799154
0,0,0.4913395
0,0,0.49335513
0,0,0.47956926
0,0,0.47618368
0,0,0.49953488
0,0,0.507797
0,0,0.51739174
0,0,0.5194893
0,0,0.5289277
0,0,0.5357178
0,0,0.52083415
0,0,0.51052123
0,0,0.49350095
0,0,0.51388764
0,0,0.5060755
0,0,0.50174034
0,0,0.51185733
0,0,0.50798655
0,0,0.50969875
0,0,0.49918595
0,0,0.50691074
0,0,0.513527
0,0,0.5031849
0,0,0.48779836
0,0,0.49805212
0,0,0.48791945
0,0,0.47558188
0,0,0.47228345
0,0,0.4888007
0,0,0.49971282
0,0,0.5168944
0,0,0.5233067
0,0,0.52138937
0,0,0.52010494
0,0,0.52619874
0,0,0.50930214
0,0,0.49606055
0,0,0.5041913
0,0,0.49991062
0,0,0.5011052
0,0,0.5141294
0,0,0.5084435
0,0,0.49638003
0,0,0.49878833
0,0,0.50146765
0,0,0.50124264
0,0,0.5091584
0,0,0.5085897
0,0,0.5001159
0,0,0.50335675
0,0,0.49437103
0,0,0.49351895
0,0,0.4961394
0,0,0.503367
0,0,0.5017909
0,0,0.50880504
0,0,0.5057579
0,0,0.4935301
0,0,0.49537846
0,0,0.48696414
0,0,0.48273245
0,0,0.48317283
0,0,0.4845618
0,0,0.5059362
0,0,0.48661885
0,0,0.5056493
0,0,0.50783604
0,0,0.50710344
0,0,0.51690936
0,0,0.4971634
0,0,0.50367963
0,0,0.49207944
0,0,0.48689014
0,0,0.4904259
0,0,0.5074164
0,0,0.5165165
0,0,0.5379447
0,0,0.5356973
0,0,0.5259897
0,0,0.52240455
0,0,0.5121388
0,0,0.511301
0,0,0.49807268
0,0,0.49640363
0,0,0.5020049
0,0,0.5033188
0,0,0.5121403
0,0,0.50058126
0,0,0.5151435
0,0,0.49801603
0,0,0.50988
0,0,0.49897718
0,0,0.5236606
0,0,0.51434684
0,0,0.5134617
0,0,0.507329
0,0,0.5113146
0,0,0.5035374
0,0,0.49659583
0,0,0.49307767
0,0,0.49066642
0,0,0.4955256
0,0,0.5107763
0,0,0.5025353
0,0,0.5003274
0,0,0.5021531
0,0,0.5176011
0,0,0.5048938
0,0,0.5144254
0,0,0.5112925
0,0,0.5018413
0,0,0.5214151
0,0,0.51814
0,0,0.5057673
0,0,0.5119103
0,0,0.5076537
0,0,0.51346153
0,0,0.5184279
0,0,0.5243259
0,0,0.5327533
0,0,0.528984
0,0,0.524262
0,0,0.5096872
0,0,0.5168017
0,0,0.51251465
0,0,0.50138944
0,0,0.5103196
0,0,0.5157308
0,0,0.51376647
0,0,0.5113877
0,0,0.52005315
0,0,0.5237645
0,0,0.5404117
0,0,0.52496314
0,0,0.514971
0,0,0.52896506
0,0,0.5321104
0,0,0.53355056
0,0,0.5228931
0,0,0.5204678
0,0,0.51830924
0,0,0.5153372
0,0,0.5267985
0,0,0.52577263
0,0,0.5362596
0,0,0.5268883
0,0,0.53467846
0,0,0.5322613
0,0,0.52660745
0,0,0.5217526
0,0,0.5174743
0,0,0.52831745
0,0,0.52815473
0,0,0.5340956
0,0,0.5289579
0,0,0.51885015
0,0,0.5204167
0,0,0.51244164
0,0,0.4992501
0,0,0.4969902
0,0,0.50229275
0,0,0.48448735
0,0,0.48647052
0,0,0.49558648
0,0,0.5036116
0,0,0.5034632
0,0,0.5223985
0,0,0.5175549
0,0,0.51904565
0,0,0.5258397
0,0,0.52221733
0,0,0.5167934
0,0,0.5057114
0,0,0.5206352
0,0,0.49731442
0,0,0.48900175
0,0,0.4854658
0,0,0.4844804
0,0,0.48267835
0,0,0.49881756
0,0,0.521948
0,0,0.5279478
0,0,0.51838577
0,0,0.50635004
0,0,0.49376255
0,0,0.4909326
0,0,0.48579916
0,0,0.50061154
0,0,0.51268286
0,0,0.51664114
0,0,0.53072417
0,0,0.5281224
0,0,0.5239006
0,0,0.5017383
0,0,0.506137
0,0,0.4991699
0,0,0.4971671
0,0,0.5071511
0,0,0.50045836
0,0,0.50932413
0,0,0.51455384
0,0,0.51213086
0,0,0.5036214
0,0,0.5173228
0,0,0.5089967
0,0,0.502744
0,0,0.49095416
0,0,0.48981902
0,0,0.49110433
0,0,0.4818217
0,0,0.49458304
0,0,0.49414083
0,0,0.50250167
0,0,0.50820434
0,0,0.5119479
0,0,0.52804714
0,0,0.52078736
0,0,0.5071646
0,0,0.5119527
0,0,0.5124218
0,0,0.51195294
0,0,0.516111
0,0,0.5030939
0,0,0.5145734
0,0,0.5108639
0,0,0.51827174
0,0,0.5091466
0,0,0.5209148
0,0,0.50296474
0,0,0.5036635
0,0,0.5071415
0,0,0.5166955
0,0,0.5165727
0,0,0.51628494
0,0,0.50680065
0,0,0.512192
0,0,0.52169865
0,0,0.505147
0,0,0.5129157
0,0,0.5077698
0,0,0.5111883
0,0,0.5044833
0,0,0.4973609
0,0,0.495873
0,0,0.5086124
0,0,0.5003584
0,0,0.49608678
0,0,0.50717115
0,0,0.4951442
0,0,0.48336527
0,0,0.47688374
0,0,0.47721797
0,0,0.47936764
0,0,0.49694085
0,0,0.49537927
0,0,0.49656433
0,0,0.5083911
0,0,0.499026
0,0,0.49474177
0,0,0.49371994
0,0,0.50880426
0,0,0.50847095
0,0,0.51713675
0,0,0.510593
0,0,0.51079035
0,0,0.5048198
0,0,0.49805304
0,0,0.4986696
0,0,0.48743522
0,0,0.48546937
0,0,0.5083019
0,0,0.50274247
0,0,0.50595784
0,0,0.52240443
0,0,0.53451425
0,0,0.5215002
0,0,0.5228093
0,0,0.5224559
0,0,0.5254287
0,0,0.5115879
0,0,0.5109111
0,0,0.5201828
0,0,0.52210546
0,0,0.5147398
0,0,0.52163947
0,0,0.52413183
0,0,0.5293979
0,0,0.5288381
0,0,0.5290626
0,0,0.52960753
0,0,0.51366776
0,0,0.51050967
0,0,0.5020006
0,0,0.5058552
0,0,0.51084924
0,0,0.5035966
0,0,0.5009463
0,0,0.494716
0,0,0.50745666
0,0,0.511336
0,0,0.5143964
0,0,0.5017153
0,0,0.501783
0,0,0.5008322
0,0,0.5011161
0,0,0.50414354
0,0,0.48950055
0,0,0.48692176
0,0,0.48438698
0,0,0.47523755
0,0,0.46754864
0,0,0.48290524
0,0,0.4929962
0,0,0.5132486
0,0,0.5179063
0,0,0.50839984
0,0,0.50592047
0,0,0.5159427
0,0,0.51537704
0,0,0.5068758
0,0,0.5036171
0,0,0.5007498
0,0,0.50575334
0,0,0.5042921
0,0,0.50319284
0,0,0.51674104
0,0,0.5176865
0,0,0.51247495
0,0,0.5204652
0,0,0.5219725
0,0,0.5220193
0,0,0.52368766
0,0,0.5168336
0,0,0.5128652
0,0,0.5159055
0,0,0.49615738
0,0,0.5033098
0,0,0.49891755
0,0,0.4915172
0,0,0.5067511
0,0,0.5180373
0,0,0.51458347
0,0,0.5161301
0,0,0.5079567
0,0,0.53084147
0,0,0.52885157
0,0,0.51176614
0,0,0.5134514
0,0,0.5061424
0,0,0.50884175
0,0,0.5039321
0,0,0.5215402
0,0,0.51801676
0,0,0.506735
0,0,0.5112873
0,0,0.5173726
0,0,0.51457655
0,0,0.50954187
0,0,0.5196156
0,0,0.52385294
0,0,0.5073747
0,0,0.5161068
0,0,0.51924235
0,0,0.5148407
0,0,0.5084834
0,0,0.5239258
0,0,0.5217197
0,0,0.52394813
0,0,0.51470625
0,0,0.51897025
0,0,0.5081716
0,0,0.5163365
0,0,0.5128831
0,0,0.5164225
0,0,0.51938826
0,0,0.5180221
0,0,0.51359135
0,0,0.51695144
0,0,0.5169961
0,0,0.51137364
0,0,0.5110189
0,0,0.5068582
0,0,0.5210675
0,0,0.52598834
0,0,0.52883935
0,0,0.520661
0,0,0.5283248
0,0,0.5227838
0,0,0.52012765
0,0,0.5239662
0,0,0.52254486
0,0,0.5124089
0,0,0.51834637
0,0,0.5100387
0,0,0.49730733
0,0,0.49363157
0,0,0.48758152
0,0,0.48758
0,0,0.48448512
0,0,0.48670197
0,0,0.49462953
0,0,0.48840126
0,0,0.50764513
0,0,0.50347495
0,0,0.51144814
0,0,0.5091755
0,0,0.5123517
0,0,0.5160512
0,0,0.509051
0,0,0.49084914
0,0,0.48319787
0,0,0.48472443
0,0,0.4736452
0,0,0.49207795
0,0,0.48602688
0,0,0.4972256
0,0,0.5028051
0,0,0.52091414
0,0,0.5238524
0,0,0.52297676
0,0,0.5317082
0,0,0.52903223
0,0,0.5359231
0,0,0.530865
0,0,0.53614575
0,0,0.535322
0,0,0.5365415
0,0,0.53477573
0,0,0.5256272
0,0,0.53531975
0,0,0.5257967
0,0,0.50220716
0,0,0.47857073
0,0,0.46746418
0,0,0.46719065
0,0,0.47777972
0,0,0.50281394
0,0,0.51738864
0,0,0.51689804
0,0,0.5124259
0,0,0.5263454
0,0,0.5170265
0,0,0.5076615
0,0,0.51456124
0,0,0.50749797
0,0,0.50235146
0,0,0.49968383
0,0,0.50050896
0,0,0.5154593
0,0,0.50264513
0,0,0.50779945
0,0,0.50872034
0,0,0.52100706
0,0,0.51901406
0,0,0.524465
0,0,0.51990914
0,0,0.52154535
0,0,0.5277974
0,0,0.5083357
0,0,0.5191027
0,0,0.5213918
0,0,0.53470105
0,0,0.53545594
0,0,0.5168019
0,0,0.50533414
0,0,0.50703114
0,0,0.5065195
0,0,0.50470877
0,0,0.49641785
0,0,0.50350076
0,0,0.5044686
0,0,0.5190405
0,0,0.5031676
0,0,0.520864
0,0,0.5109219
0,0,0.516287
0,0,0.50203925
0,0,0.513565
0,0,0.49719238
0,0,0.5007791
0,0,0.5054044
0,0,0.5180068
0,0,0.50187474
0,0,0.49926722
0,0,0.5053105
0,0,0.5058649
0,0,0.4938704
0,0,0.5044695
0,0,0.5185551
0,0,0.5128878
0,0,0.52109313
0,0,0.5188282
0,0,0.5287536
0,0,0.53080046
0,0,0.5340622
0,0,0.52724063
0,0,0.52599806
0,0,0.5215655
0,0,0.5215643
0,0,0.5116091
0,0,0.49880138
0,0,0.5087037
0,0,0.50402546
0,0,0.50745076
0,0,0.51828986
0,0,0.522501
0,0,0.52500075
0,0,0.514695
0,0,0.50339836
0,0,0.5063329
0,0,0.49701753
0,0,0.4949246
0,0,0.5112203
0,0,0.5192205
0,0,0.5099756
0,0,0.51268876
0,0,0.49630472
0,0,0.49946794
0,0,0.48861307
0,0,0.47864524
0,0,0.47580528
0,0,0.4866518
0,0,0.4811913
0,0,0.5047821
0,0,0.5175148
0,0,0.52889705
0,0,0.52609444
0,0,0.5182766
0,0,0.5228809
0,0,0.52331555
0,0,0.51335055
0,0,0.5006336
0,0,0.5152958
0,0,0.51186997
0,0,0.5048425
0,0,0.5252824
0,0,0.5189563
0,0,0.536481
0,0,0.52952665
0,0,0.5327851
0,0,0.5136352
0,0,0.5118031
0,0,0.4939487
0,0,0.52219653
0,0,0.5113821
0,0,0.5027531
0,0,0.49788812
0,0,0.5006071
0,0,0.4990697
0,0,0.51508117
0,0,0.52783185
0,0,0.52679145
0,0,0.524668
0,0,0.5278986
0,0,0.5271454
0,0,0.51232016
0,0,0.5080713
0,0,0.5087077
0,0,0.51324743
0,0,0.5126522
0,0,0.5204001
0,0,0.52505195
0,0,0.50214255
0,0,0.5083876
0,0,0.50237405
0,0,0.48658824
0,0,0.47886968
0,0,0.48748678
0,0,0.4883994
0,0,0.51463205
0,0,0.51329416
0,0,0.5086166
0,0,0.5146203
0,0,0.51514965
0,0,0.5084079
0,0,0.5041126
0,0,0.50628835
0,0,0.50401014
0,0,0.49818102
0,0,0.5052114
0,0,0.50711566
0,0,0.49747407
0,0,0.50796777
0,0,0.50041825
0,0,0.49401873
0,0,0.48082325
0,0,0.50127417
0,0,0.51283973
0,0,0.5160432
0,0,0.53014505
0,0,0.51918757
0,0,0.5115516
0,0,0.5156625
0,0,0.49808758
0,0,0.48361647
0,0,0.4922624
0,0,0.5062812
0,0,0.5154677
0,0,0.5154556
0,0,0.5142579
0,0,0.52371556
0,0,0.5239435
0,0,0.52138525
0,0,0.50958455
0,0,0.5014748
0,0,0.5096473
0,0,0.5179658
0,0,0.49837577
0,0,0.5042777
0,0,0.51692474
0,0,0.5158058
0,0,0.53266627
0,0,0.5301099
0,0,0.5283833
0,0,0.5169116
0,0,0.5215922
0,0,0.51421696
0,0,0.51076484
0,0,0.51286554
0,0,0.5097996
0,0,0.50455165
0,0,0.4887254
0,0,0.49204513
0,0,0.4850297
0,0,0.4722109
0,0,0.48315692
0,0,0.49135044
0,0,0.4891467
0,0,0.49555153
0,0,0.50651604
0,0,0.49923638
0,0,0.5111919
0,0,0.49959478
0,0,0.5118553
0,0,0.5082882
0,0,0.5253142
0,0,0.5140476
0,0,0.5199967
0,0,0.52171063
0,0,0.5195445
0,0,0.5148487
0,0,0.53619045
0,0,0.5544622
0,0,0.5573557
0,0,0.57996243
0,1,0.5915102
0,1,0.5907173
0,1,0.59084326
0,1,0.5917943
0,1,0.5912037
0,1,0.592245
0,1,0.595857
0,1,0.5942778
0,1,0.5920899
0,1,0.5906789
0,1,0.5916121
0,1,0.5908753
0,1,0.59209937
0,1,0.59216195
0,1,0.5908406
0,1,0.5907994
0,1,0.591688
0,1,0.5910279
0,1,0.5916095
0,1,0.5901215
1,1,0.59129006
1,1,0.5898168
1,1,0.5895482
1,1,0.5895691
1,1,0.58922863
1,1,0.589324
0,0,0.587646
0,0,0.5847004
0,0,0.58247596
0,0,0.5653556
0,0,0.52740437
0,0,0.50586903
0,0,0.49119923
0,0,0.48018488
0,0,0.48284405
0,0,0.49422613
0,0,0.5019351
0,0,0.5069865
0,0,0.5246176
0,0,0.53830266
0,0,0.52861017
0,0,0.5217169
0,0,0.5091705
0,0,0.51559037
0,0,0.49955776
0,0,0.49598357
0,0,0.49978134
0,0,0.50978637
0,0,0.5106844
0,0,0.5177326
0,0,0.51879203
0,0,0.50603133
0,0,0.5188878
0,0,0.5169066
0,0,0.49519482
0,0,0.5016752
0,0,0.52109015
0,0,0.52695453
0,0,0.5338983
0,0,0.52083683
0,0,0.5288405
0,0,0.5160846
0,0,0.5173203
0,0,0.5109349
0,0,0.5209319
0,0,0.5204049
0,0,0.51317143
0,0,0.5056685
0,0,0.5145817
0,0,0.5118206
0,0,0.5039622
0,0,0.49108967
0,0,0.4977755
0,0,0.5009666
0,0,0.49801806
0,0,0.48800626
0,0,0.48999748
0,0,0.47353554
0,0,0.47395295
0,0,0.47320744
0,0,0.48704624
0,0,0.48212785
0,0,0.49490803
0,0,0.48856634
0,0,0.48825797
0,0,0.48540196
0,0,0.4981722
0,0,0.48394048
0,0,0.5025011
0,0,0.5154178
0,0,0.52428454
0,0,0.5331029
0,0,0.5261386
0,0,0.5220538
0,0,0.51536155
0,0,0.5209219
0,0,0.5106404
0,0,0.52602434
0,0,0.5212045
0,0,0.51715755
0,0,0.5239027
0,0,0.5152523
0,0,0.50786406
0,0,0.5206068
0,0,0.5173337
0,0,0.51724577
0,0,0.5158705
0,0,0.50763834
0,0,0.51785326
0,0,0.50101453
0,0,0.49698582
0,0,0.490875
0,0,0.487295
0,0,0.4951327
0,0,0.50185007
0,0,0.5022964
0,0,0.5070651
0,0,0.5058194
0,0,0.5093097
0,0,0.52663493
0,0,0.5161768
0,0,0.5064357
0,0,0.49198017
0,0,0.49293035
0,0,0.49350792
0,0,0.5035824
0,0,0.49193665
0,0,0.5052478
0,0,0.5278934
0,0,0.5159115
0,0,0.5168634
0,0,0.50304866
0,0,0.5195182
0,0,0.52307606
0,0,0.51937807
0,0,0.51142323
0,0,0.51090467
0,0,0.5069528
0,0,0.49764448
0,0,0.5056804
0,0,0.5105309
0,0,0.5338879
0,0,0.5175036
0,0,0.52363634
0,0,0.5235093
0,0,0.5300294
0,0,0.52215296
0,0,0.5240328
0,0,0.5328952
0,0,0.5294699
0,0,0.5202391
0,0,0.50815016
0,0,0.51440686
0,0,0.5109631
0,0,0.5037933
0,0,0.49332762
0,0,0.49933666
0,0,0.49735922
0,0,0.49579754
0,0,0.51271427
0,0,0.5127958
0,0,0.5042284
0,0,0.5072584
0,0,0.5134876
0,0,0.52288204
0,0,0.53687996
0,0,0.5364866
0,0,0.52101403
0,0,0.5047519
0,0,0.5218732
0,0,0.50993556
0,0,0.49118784
0,0,0.477677
0,0,0.47543028
0,0,0.45516145
0,0,0.45445773
0,0,0.45918489
0,0,0.46553576
0,0,0.4927975
0,0,0.48800644
0,0,0.52176774
0,0,0.5164151
0,0,0.5161269
0,0,0.5236545
0,0,0.52848923
0,0,0.5180566
0,0,0.5204142
0,0,0.5178842
0,0,0.51953626
0,0,0.519679
0,0,0.5102928
0,0,0.4918237
0,0,0.49757484
0,0,0.47750375
0,0,0.47032377
0,0,0.4809577
0,0,0.4741979
0,0,0.4763489
0,0,0.49320364
0,0,0.4943611
0,0,0.492501
0,0,0.49168625
0,0,0.51150376
0,0,0.507952
0,0,0.49724415
0,0,0.5078454
0,0,0.5127142
0,0,0.5149886
0,0,0.51985496
0,0,0.50970656
0,0,0.4986294
0,0,0.48834598
0,0,0.48747277
0,0,0.4887761
0,0,0.48058382
0,0,0.48219952
0,0,0.4845832
0,0,0.50182456
0,0,0.494365
0,0,0.5020677
0,0,0.49527767
0,0,0.5095481
0,0,0.49722463
0,0,0.5091398
0,0,0.49378505
0,0,0.49548507
0,0,0.4695182
0,0,0.47487366
0,0,0.47565275
0,0,0.46735775
0,0,0.46227732
0,0,0.46211225
0,0,0.47764608
0,0,0.47204858
0,0,0.48313555
0,0,0.5043066
0,0,0.51252866
0,0,0.50438
0,0,0.50146896
0,0,0.51133126
0,0,0.5012117
0,0,0.4955386
0,0,0.5016078
0,0,0.49983615
0,0,0.48564863
0,0,0.48491928
0,0,0.4888687
0,0,0.49452642
0,0,0.5013974
0,0,0.5033333
0,0,0.49319345
0,0,0.49778807
0,0,0.50393546
0,0,0.47924533
0,0,0.4751457
0,0,0.47729018
0,0,0.48705497
0,0,0.48362917
0,0,0.49013743
0,0,0.50010467
0,0,0.49764147
0,0,0.51966
0,0,0.5181589
0,0,0.5018649
0,0,0.49871293
0,0,0.49023637
0,0,0.47743535
0,0,0.48457557
0,0,0.4761757
0,0,0.4700431
0,0,0.48189476
0,0,0.50298184
0,0,0.5226611
0,0,0.5187264
0,0,0.5259809
0,0,0.53915536
0,0,0.54117304
0,0,0.540901
0,0,0.5360739
0,0,0.5192128
0,0,0.51852256
0,0,0.52958375
0,0,0.5327104
0,0,0.5245984
0,0,0.52435297
0,0,0.52687615
0,0,0.52351
0,0,0.5040521
0,0,0.5212899
0,0,0.53076464
0,0,0.5354372
0,0,0.5364512
0,0,0.53463835
0,0,0.52667177
0,0,0.51307446
0,0,0.4981346
0,0,0.5102233
0,0,0.51661026
0,0,0.5045562
0,0,0.5041424
0,0,0.50853366
0,0,0.48773098
0,0,0.47412026
0,0,0.45868412
0,0,0.4683471
0,0,0.4825991
0,0,0.4937647
0,0,0.50059587
0,0,0.51418936
0,0,0.5207937
0,0,0.51354885
0,0,0.5088727
0,0,0.49237278
0,0,0.51379603
0,0,0.50461215
0,0,0.4920261
0,0,0.504164
0,0,0.5085646
0,0,0.51060843
0,0,0.50605863
0,0,0.52136266
0,0,0.5103898
0,0,0.50519234
0,0,0.4965855
0,0,0.50313705
0,0,0.51536465
0,0,0.5041174
0,0,0.50785893
0,0,0.50633603
0,0,0.52173185
0,0,0.50932854
0,0,0.5039784
0,0,0.5089237
0,0,0.4907545
0,0,0.47661126
0,0,0.47845304
0,0,0.5084715
0,0,0.50344247
0,0,0.5065411
0,0,0.50308424
0,0,0.50665665
0,0,0.50200236
0,0,0.5015218
0,0,0.48952442
0,0,0.4965019
0,0,0.48635477
0,0,0.4870623
0,0,0.49121717
0,0,0.4893458
0,0,0.50162095
0,0,0.49900052
0,0,0.4897533
0,0,0.49033225
0,0,0.50125116
0,0,0.50823516
0,0,0.51151556
0,0,0.5249898
0,0,0.5270456
0,0,0.5220867
0,0,0.49978885
0,0,0.50299966
0,0,0.5143597
0,0,0.4974157
0,0,0.5102319
0,0,0.50022036
0,0,0.5124326
0,0,0.4937118
0,0,0.49518183
0,0,0.5051792
0,0,0.50218123
0,0,0.5083063
0,0,0.49386698
0,0,0.4843436
0,0,0.47889668
0,0,0.48956487
0,0,0.49505734
0,0,0.47785276
0,0,0.48547164
0,0,0.48238668
0,0,0.48166564
0,0,0.48968193
0,0,0.4842466
0,0,0.49101034
0,0,0.49067143
0,0,0.4883064
0,0,0.48267856
0,0,0.4732656
0,0,0.47285807
0,0,0.47565943
0,0,0.47792292
0,0,0.46659213
0,0,0.4822811
0,0,0.49091676
0,0,0.4925439
0,0,0.50943947
0,0,0.51107824
0,0,0.51772815
0,0,0.51943403
0,0,0.5278935
0,0,0.52441424
0,0,0.5134302
0,0,0.5223913
0,0,0.5099698
0,0,0.51386034
0,0,0.5246901
0,0,0.53342336
0,0,0.5310011
0,0,0.5147409
0,0,0.52430546
0,0,0.51726556
0,0,0.5189497
0,0,0.49276635
0,0,0.499808
0,0,0.47661278
0,0,0.4783845
0,0,0.46389174
0,0,0.45208028
0,0,0.46126375
0,0,0.45857188
0,0,0.46362603
0,0,0.4562355
0,0,0.48204473
0,0,0.49835414
0,0,0.5051642
0,0,0.504607
0,0,0.51845264
0,0,0.52254647
0,0,0.5100525
0,0,0.5105029
0,0,0.5253188
0,0,0.5283208
0,0,0.5235526
0,0,0.52301896
0,0,0.52403206
0,0,0.5166967
0,0,0.5271585
0,0,0.5254976
0,0,0.523633
0,0,0.5345176
0,0,0.5278388
0,0,0.5213822
0,0,0.51907086
0,0,0.5202198
0,0,0.51149243
0,0,0.50904924
0,0,0.49898627
0,0,0.49058178
0,0,0.49354553
0,0,0.49755788
0,0,0.49745557
0,0,0.49453726
0,0,0.50611645
0,0,0.49830702
0,0,0.50212973
0,0,0.5205563
0,0,0.5037265
0,0,0.5059139
0,0,0.51560163
0,0,0.5192611
0,0,0.5128075
0,0,0.5156058
0,0,0.511119
0,0,0.49329072
0,0,0.48964375
0,0,0.48276162
0,0,0.4835354
0,0,0.48252898
0,0,0.49926034
0,0,0.5008196
0,0,0.52109563
0,0,0.52784437
0,0,0.5186232
0,0,0.5208634
0,0,0.5238056
0,0,0.5223688
0,0,0.5198733
0,0,0.5159591
0,0,0.51805794
0,0,0.51914483
0,0,0.5097293
0,0,0.51261425
0,0,0.5137763
0,0,0.5251749
0,0,0.51509416
0,0,0.528845
0,0,0.5184647
0,0,0.5182384
0,0,0.52100986
0,0,0.5195288
0,0,0.5187695
0,0,0.509923
0,0,0.4993635
0,0,0.48833928
0,0,0.48975226
0,0,0.4804047
0,0,0.47107676
0,0,0.4776721
0,0,0.4654473
0,0,0.46877906
0,0,0.48039645
0,0,0.5039444
0,0,0.4943138
0,0,0.49461785
0,0,0.50880647
0,0,0.50700694
0,0,0.4972116
0,0,0.49767542
0,0,0.49182266
0,0,0.4885657
0,0,0.48310572
0,0,0.50482166
0,0,0.48817706
0,0,0.4909943
0,0,0.48287752
0,0,0.49274644
0,0,0.4795698
0,0,0.48652503
0,0,0.4956038
0,0,0.5084737
0,0,0.51386166
0,0,0.50715876
0,0,0.5179495
0,0,0.50921345
0,0,0.5041953
0,0,0.49240825
0,0,0.476405
0,0,0.48619077
0,0,0.48096374
0,0,0.48280463
0,0,0.47185606
0,0,0.49380755
0,0,0.48544398
0,0,0.4763119
0,0,0.4835834
0,0,0.49079952
0,0,0.5017031
0,0,0.50756097
0,0,0.5179421
0,0,0.5172718
0,0,0.53448725
0,0,0.53348035
0,0,0.5337923
0,0,0.5277013
0,0,0.5205239
0,0,0.5060605
0,0,0.50371075
0,0,0.49846596
0,0,0.4974106
0,0,0.48285067
0,0,0.49410486
0,0,0.51736474
0,0,0.5111873
0,0,0.5275221
0,0,0.5174595
0,0,0.51800394
0,0,0.53039944
0,0,0.51961225
0,0,0.5160044
0,0,0.5338338
0,0,0.5333495
0,0,0.53758985
0,0,0.54231673
0,0,0.5415083
0,0,0.5217255
0,0,0.5109093
0,0,0.5231275
0,0,0.5260193
0,0,0.52036583
0,0,0.52189165
0,0,0.5248733
0,0,0.5318165
0,0,0.5191463
0,0,0.53328204
0,0,0.52313113
0,0,0.52956057
0,0,0.52369016
0,0,0.52300596
0,0,0.5269918
0,0,0.5086537
0,0,0.4973636
0,0,0.48851058
0,0,0.4915672
0,0,0.49288714
0,0,0.4873659
0,0,0.49027905
0,0,0.5192574
0,0,0.5181244
0,0,0.5225817
0,0,0.53267175
0,0,0.5356676
0,0,0.51996577
0,0,0.5185213
0,0,0.50748813
0,0,0.51066476
0,0,0.51472324
0,0,0.5091307
0,0,0.5211398
0,0,0.51710975
0,0,0.5214777
0,0,0.5187327
0,0,0.51427495
0,0,0.5197971
0,0,0.50814825
0,0,0.5196274
0,0,0.5120339
0,0,0.5158277
0,0,0.5181027
0,0,0.52430993
0,0,0.5202032
0,0,0.52345055
0,0,0.5260901
0,0,0.52328336
0,0,0.5035765
0,0,0.50283444
0,0,0.4834431
0,0,0.4717821
0,0,0.48837966
0,0,0.50632274
0,0,0.50078666
0,0,0.49999523
0,0,0.5205325
0,0,0.5210828
0,0,0.5251585
0,0,0.5096721
0,0,0.5047584
0,0,0.52611434
0,0,0.506943
0,0,0.509852
0,0,0.5090724
0,0,0.5210158
0,0,0.50662655
0,0,0.5129575
0,0,0.5192712
0,0,0.522462
0,0,0.51387036
0,0,0.5202954
0,0,0.5230404
0,0,0.50772315
0,0,0.49547666
0,0,0.4875822
0,0,0.49326798
0,0,0.49864483
0,0,0.5050906
0,0,0.512683
0,0,0.52402073
0,0,0.52679056
0,0,0.5219602
0,0,0.5183781
0,0,0.5256577
0,0,0.53155357
0,0,0.5283476
0,0,0.53127146
0,0,0.52913135
0,0,0.528411
0,0,0.5251807
0,0,0.5307251
0,0,0.5369855
0,0,0.52103305
0,0,0.51690584
0,0,0.53078485
0,0,0.52951545
0,0,0.5232315
0,0,0.5355579
0,0,0.5327592
0,0,0.51362854
0,0,0.5043428
0,0,0.49684247
0,0,0.49482962
0,0,0.48962638
0,0,0.48247814
0,0,0.487902
0,0,0.4878182
0,0,0.4741473
0,0,0.48798838
0,0,0.48223826
0,0,0.49485695
0,0,0.50233793
0,0,0.49171403
0,0,0.5021085
0,0,0.5256969
0,0,0.5123832
0,0,0.50196105
0,0,0.49936768
0,0,0.5068678
0,0,0.5073068
0,0,0.514
0,0,0.5135233
0,0,0.51118624
0,0,0.51323456
0,0,0.51276374
0,0,0.52274674
0,0,0.5217143
0,0,0.5244481
0,0,0.52386457
0,0,0.52003795
0,0,0.51462793
0,0,0.5238502
0,0,0.5213267
0,0,0.50968665
0,0,0.50661373
0,0,0.51301205
0,0,0.4927147
0,0,0.4813878
0,0,0.48191193
0,0,0.49248493
0,0,0.49950066
0,0,0.49971893
0,0,0.51632977
0,0,0.5178863
0,0,0.5088092
0,0,0.4972979
0,0,0.5129207
0,0,0.51924306
0,0,0.5110037
0,0,0.49941048
0,0,0.50875103
0,0,0.49581638
0,0,0.4902699
0,0,0.48044476
0,0,0.49318007
0,0,0.49578613
0,0,0.49930632
0,0,0.5056476
0,0,0.51615137
0,0,0.5120463
0,0,0.503685
0,0,0.5038029
0,0,0.50531757
0,0,0.5092938
0,0,0.5082417
0,0,0.5120795
0,0,0.51238376
0,0,0.51259816
0,0,0.49845058
0,0,0.50200397
0,0,0.49794933
0,0,0.49917656
0,0,0.4952826
0,0,0.47813243
0,0,0.4738177
0,0,0.48539746
0,0,0.47718593
0,0,0.47336045
0,0,0.49159232
0,0,0.50288707
0,0,0.4976374
0,0,0.49460793
0,0,0.4923953
0,0,0.49485776
0,0,0.51018465
0,0,0.5050642
0,0,0.5140412
0,0,0.513713
0,0,0.5122121
0,0,0.505333
0,0,0.5039421
0,0,0.50380063
0,0,0.5166932
0,0,0.5220045
0,0,0.5325226
0,0,0.5454932
0,0,0.541495
0,0,0.5398715
0,0,0.53088933
0,0,0.52069
0,0,0.52637655
0,0,0.51145226
0,0,0.5111284
0,0,0.50351155
0,0,0.49872866
0,0,0.49108577
0,0,0.48679087
0,0,0.5004478
0,0,0.5054587
0,0,0.50777966
0,0,0.52190626
0,0,0.5204715
0,0,0.53161025
0,0,0.53921777
0,0,0.534672
0,0,0.53233814
0,0,0.5265596
0,0,0.5211877
0,0,0.5227224
0,0,0.53242
0,0,0.53081733
0,0,0.5392523
0,0,0.5314788
0,0,0.52192307
0,0,0.5183694
0,0,0.52818733
0,0,0.51594585
0,0,0.52622235
0,0,0.52324975
0,0,0.51985663
0,0,0.5177553
0,0,0.5168228
0,0,0.50494105
0,0,0.5004274
0,0,0.50393087
0,0,0.5047705
0,0,0.52763414
0,0,0.52500343
0,0,0.5346554
0,0,0.52865773
0,0,0.5381176
0,0,0.5327691
0,0,0.5341872
0,0,0.5306186
0,0,0.5189276
0,0,0.52466035
0,0,0.53308
0,0,0.5250494
0,0,0.51986027
0,0,0.514076
0,0,0.5221073
0,0,0.51140606
0,0,0.49362025
0,0,0.48650697
0,0,0.48556414
0,0,0.46509433
0,0,0.47898883
0,0,0.47994
0,0,0.4874744
0,0,0.4924666
0,0,0.48290938
0,0,0.47907156
0,0,0.4767279
0,0,0.4808915
0,0,0.48803225
0,0,0.5000463
0,0,0.5072205
0,0,0.5000288
0,0,0.51777
0,0,0.5184589
0,0,0.5130173
0,0,0.50287527
0,0,0.5321421
0,0,0.53212756
0,0,0.5249738
0,0,0.53526753
0,0,0.5290068
0,0,0.531268
0,0,0.52938104
0,0,0.5260199
0,0,0.52052605
0,0,0.5266527
0,0,0.5255266
0,0,0.5212091
0,0,0.53038734
0,0,0.52851605
0,0,0.514429
0,0,0.5094105
0,0,0.50598717
0,0,0.51337755
0,0,0.5185817
0,0,0.52486765
0,0,0.51510894
0,0,0.51712286
0,0,0.5073637
0,0,0.51595145
0,0,0.49466056
0,0,0.50473547
0,0,0.5059413
0,0,0.4864354
0,0,0.49121407
0,0,0.5074977
0,0,0.5076528
0,0,0.51150745
0,0,0.50012994
0,0,0.5059406
0,0,0.49922466
0,0,0.5080537
0,0,0.51339006
0,0,0.51270854
0,0,0.50885504
0,0,0.51910007
0,0,0.5134388
0,0,0.51448166
0,0,0.5260137
0,0,0.5183785
0,0,0.53101
0,0,0.5276747
0,0,0.5144902
0,0,0.51886207
0,0,0.51579726
0,0,0.52116925
0,0,0.50866526
0,0,0.5119966
0,0,0.5056309
0,0,0.50085735
0,0,0.5004904
0,0,0.5071547
0,0,0.5086411
0,0,0.49610266
0,0,0.4829464
0,0,0.48054397
0,0,0.47901803
0,0,0.47712106
0,0,0.47039253
0,0,0.48102143
0,0,0.4961816
0,0,0.5084837
0,0,0.50178564
0,0,0.49450716
0,0,0.47985652
0,0,0.47617114
0,0,0.4654074
0,0,0.45997772
0,0,0.46756715
0,0,0.46537733
0,0,0.48037246
0,0,0.48056385
0,0,0.48538443
0,0,0.4992481
0,0,0.52019966
0,0,0.50757265
0,0,0.5081277
0,0,0.51718014
0,0,0.5134889
0,0,0.51663715
0,0,0.526674
0,0,0.52330333
0,0,0.5310622
0,0,0.5194708
0,0,0.52444416
0,0,0.51524466
0,0,0.50918365
0,0,0.5085552
0,0,0.48710492
0,0,0.47819218
0,0,0.48287246
0,0,0.49023458
0,0,0.4969782
0,0,0.5086731
0,0,0.52177083
0,0,0.5168404
0,0,0.52003133
0,0,0.51539135
0,0,0.50720733
0,0,0.4951145
0,0,0.50448734
0,0,0.5069081
0,0,0.50827336
0,0,0.512081
0,0,0.5246114
0,0,0.5212606
0,0,0.5123023
0,0,0.5013429
0,0,0.5062413
0,0,0.48987365
0,0,0.47748753
0,0,0.49540684
0,0,0.4928086
0,0,0.49587804
0,0,0.5067149
0,0,0.4991545
0,0,0.50922114
0,0,0.5086398
0,0,0.49797446
0,0,0.50109595
0,0,0.525045
0,0,0.5359375
0,0,0.5220718
0,0,0.52014506
0,0,0.51566154
0,0,0.50856704
0,0,0.5002353
0,0,0.51185405
0,0,0.51009667
0,0,0.5174798
0,0,0.51920193
0,0,0.5211627
0,0,0.50930357
0,0,0.49996984
0,0,0.5046993
0,0,0.5036447
0,0,0.49719575
0,0,0.50125986
0,0,0.51777005
0,0,0.49759725
0,0,0.48645955
0,0,0.5063618
0,0,0.49880755
0,0,0.51108146
0,0,0.5155046
0,0,0.5279153
0,0,0.52385175
0,0,0.5318583
0,0,0.5229147
0,0,0.5317114
0,0,0.5421131
0,0,0.5286413
0,0,0.52109116
0,0,0.51597553
0,0,0.52389264
0,0,0.512204
0,0,0.51574254
0,0,0.518605
0,0,0.5052404
0,0,0.50736624
0,0,0.5103203
0,0,0.50270027
0,0,0.4996387
0,0,0.5138393
0,0,0.50253785
0,0,0.5054562
0,0,0.5208968
0,0,0.51899743
0,0,0.5176119
0,0,0.5147311
0,0,0.50790024
0,0,0.4998757
0,0,0.494682
0,0,0.48423654
0,0,0.5065966
0,0,0.50255257
0,0,0.49720263
0,0,0.5105779
0,0,0.52741563
0,0,0.51673347
0,0,0.49911025
0,0,0.50731194
0,0,0.5110259
0,0,0.50511515
0,0,0.52031994
0,0,0.518285
0,0,0.50595057
0,0,0.52861196
0,0,0.50666344
0,0,0.51762
0,0,0.5087352
0,0,0.5011051
0,0,0.48779517
0,0,0.48210192
0,0,0.47157785
0,0,0.4674164
0,0,0.4790146
0,0,0.5140624
0,0,0.50054026
0,0,0.49507675
0,0,0.50052196
0,0,0.51939136
0,0,0.50793535
0,0,0.50888675
0,0,0.52106625
0,0,0.5241335
0,0,0.52385
0,0,0.52720743
0,0,0.542034
0,0,0.531779
0,0,0.52430594
0,0,0.5225131
0,0,0.5163107
0,0,0.51059353
0,0,0.5111719
0,0,0.5117629
0,0,0.5105207
0,0,0.50763196
0,0,0.4978653
0,0,0.49326333
0,0,0.4933196
0,0,0.49006888
0,0,0.50700194
0,0,0.5071293
0,0,0.51018167
0,0,0.5179023
0,0,0.5084714
0,0,0.505627
0,0,0.5094041
0,0,0.49125087
0,0,0.49573246
0,0,0.49420458
0,0,0.51463753
0,0,0.51972467
0,0,0.5124459
0,0,0.53101754
0,0,0.5274778
0,0,0.5246222
0,0,0.5206055
0,0,0.5397396
0,0,0.5413016
0,0,0.52098805
0,0,0.51239234
0,0,0.5246174
0,0,0.51808596
0,0,0.4860236
0,0,0.4735107
0,0,0.46417758
0,0,0.46902972
0,0,0.46351984
0,0,0.46925873
0,0,0.48564398
0,0,0.49129766
0,0,0.49208874
0,0,0.5031269
0,0,0.5045132
0,0,0.49699566
0,0,0.48735523
0,0,0.49740878
0,0,0.48928356
0,0,0.5179567
0,0,0.5100473
0,0,0.49969202
0,0,0.5011552
0,0,0.51423997
0,0,0.50498277
0,0,0.49949315
0,0,0.49986807
0,0,0.48943588
0,0,0.48358545
0,0,0.4993086
0,0,0.5023441
0,0,0.49385318
0,0,0.5034567
0,0,0.5079764
0,0,0.5087419
0,0,0.5174208
0,0,0.5093043
0,0,0.5020365
0,0,0.51212287
0,0,0.50229514
0,0,0.5083205
0,0,0.5028296
0,0,0.4961015
0,0,0.4950312
0,0,0.47561792
0,0,0.47138557
0,0,0.48692802
0,0,0.4943329
0,0,0.50189984
0,0,0.5167571
0,0,0.52392673
0,0,0.51209694
0,0,0.50602317
0,0,0.50506514
0,0,0.49426487
0,0,0.4804441
0,0,0.4824172
0,0,0.50286216
0,0,0.49627233
0,0,0.49683854
0,0,0.5046912
0,0,0.49349484
0,0,0.47156936
0,0,0.49047485
0,0,0.48237026
0,0,0.49911293
0,0,0.50612485
0,0,0.50216246
0,0,0.5103312
0,0,0.5165555
0,0,0.5114833
0,0,0.508934
0,0,0.51140714
0,0,0.51368463
0,0,0.50023055
0,0,0.48753858
0,0,0.4824798
0,0,0.5047985
0,0,0.48327342
0,0,0.48702413
0,0,0.49056026
0,0,0.5020307
0,0,0.48497602
0,0,0.49743262
0,0,0.50731385
0,0,0.5032983
0,0,0.51741314
0,0,0.52757806
0,0,0.53572387
0,0,0.5322221
0,0,0.5274286
0,0,0.5172985
0,0,0.51686954
0,0,0.5145463
0,0,0.50471604
0,0,0.51959723
0,0,0.5198262
0,0,0.51482356
0,0,0.52046347
0,0,0.5091906
0,0,0.50902283
0,0,0.5292038
0,0,0.5290064
0,0,0.5194084
0,0,0.5201476
0,0,0.51949763
0,0,0.5276635
0,0,0.5232914
0,0,0.5220544
0,0,0.51994234
0,0,0.5176474
0,0,0.51770157
0,0,0.51932263
0,0,0.5298134
0,0,0.53194
0,0,0.531959
0,0,0.51933366
0,0,0.52030104
0,0,0.523574
0,0,0.5131087
0,0,0.51725
0,0,0.516663
0,0,0.52169377
0,0,0.517058
0,0,0.52745205
0,0,0.5324083
0,0,0.5224199
0,0,0.51000917
0,0,0.51316553
0,0,0.5060488
0,0,0.49463814
0,0,0.47693118
0,0,0.4811586
0,0,0.4668798
0,0,0.46382838
0,0,0.45385095
0,0,0.4629451
0,0,0.4767621
0,0,0.48185977
0,0,0.48046535
0,0,0.48710814
0,0,0.49233195
0,0,0.49163318
0,0,0.507842
0,0,0.5163454
0,0,0.52127844
0,0,0.50406325
0,0,0.50515294
0,0,0.49426347
0,0,0.49014992
0,0,0.480286
0,0,0.4762439
0,0,0.4796836
0,0,0.4801938
0,0,0.4741489
0,0,0.48560226
0,0,0.49027297
0,0,0.5171469
0,0,0.5198355
0,0,0.51782024
0,0,0.5145771
0,0,0.5047737
0,0,0.5235815
0,0,0.50690794
0,0,0.5032542
0,0,0.5082711
0,0,0.51684713
0,0,0.5258826
0,0,0.52791816
0,0,0.53339446
0,0,0.5238373
0,0,0.5264985
0,0,0.52487063
0,0,0.50798285
0,0,0.5057607
0,0,0.5094212
0,0,0.5018318
0,0,0.5080729
0,0,0.5148681
0,0,0.52364427
0,0,0.51340574
0,0,0.5134944
0,0,0.50685376
0,0,0.50733274
0,0,0.49187595
0,0,0.502777
0,0,0.48213866
0,0,0.49116787
0,0,0.48897234
0,0,0.49324095
0,0,0.4848685
0,0,0.48219648
0,0,0.486731
0,0,0.49294323
0,0,0.49083853
0,0,0.48775524
0,0,0.48928368
0,0,0.49375436
0,0,0.49157998
0,0,0.49967703
0,0,0.48376182
0,0,0.49777773
0,0,0.479613
0,0,0.49510315
0,0,0.4887606
0,0,0.51562333
0,0,0.50210667
0,0,0.5020921
0,0,0.5013187
0,0,0.5030432
0,0,0.51270264
0,0,0.5108549
0,0,0.5022572
0,0,0.5091097
0,0,0.51553446
0,0,0.52618027
0,0,0.5226148
0,0,0.5178299
0,0,0.51623666
0,0,0.5032652
0,0,0.49137428
0,0,0.50153047
0,0,0.49400082
0,0,0.5152622
0,0,0.5059263
0,0,0.5163734
0,0,0.50688404
0,0,0.51310784
0,0,0.5234135
0,0,0.5031828
0,0,0.512869
0,0,0.5344251
0,0,0.5172316
0,0,0.5123898
0,0,0.5233495
0,0,0.518924
0,0,0.5276595
0,0,0.52382827
0,0,0.52964234
0,0,0.5195766
0,0,0.52465385
0,0,0.52082866
0,0,0.51550317
0,0,0.50541705
0,0,0.5080572
0,0,0.51281005
0,0,0.5203603
0,0,0.5190184
0,0,0.5185046
0,0,0.5162167
0,0,0.51658773
0,0,0.51261705
0,0,0.5061774
0,0,0.4915239
0,0,0.4906049
0,0,0.50198054
0,0,0.48868605
0,0,0.49096516
0,0,0.49193814
0,0,0.5155694
0,0,0.5119897
0,0,0.52086437
0,0,0.5065195
0,0,0.4980391
0,0,0.51120865
0,0,0.4985529
0,0,0.5098411
0,0,0.5119197
0,0,0.5371137
0,0,0.52578795
0,0,0.5255892
0,0,0.5161447
0,0,0.50580335
0,0,0.49853623
0,0,0.4912113
0,0,0.4868458
0,0,0.48058414
0,0,0.48777476
0,0,0.49469554
0,0,0.51948637
0,0,0.51365805
0,0,0.514943
0,0,0.5162804
0,0,0.50322014
0,0,0.5075653
0,0,0.49436873
0,0,0.48327065
0,0,0.47583038
0,0,0.489042
0,0,0.47628254
0,0,0.48404157
0,0,0.4958473
0,0,0.51342493
0,0,0.50434166
0,0,0.49734992
0,0,0.5013368
0,0,0.5110319
0,0,0.510661
0,0,0.53242993
0,0,0.5277555
0,0,0.53123224
0,0,0.5235296
0,0,0.5268677
0,0,0.5308781
0,0,0.53300816
0,0,0.5221153
0,0,0.5121718
0,0,0.5090303
0,0,0.5035663
0,0,0.48998845
0,0,0.48575106
0,0,0.4818983
0,0,0.485239
0,0,0.4839186
0,0,0.49552816
0,0,0.49499914
0,0,0.49667135
0,0,0.50086653
0,0,0.5046219
0,0,0.49864078
0,0,0.49795526
0,0,0.49988905
0,0,0.5060128
0,0,0.51328933
0,0,0.5142976
0,0,0.5024396
0,0,0.5068855
0,0,0.5161667
0,0,0.5152921
0,0,0.5146098
0,0,0.5030732
0,0,0.5012409
0,0,0.49862596
0,0,0.49626055
0,0,0.5030761
0,0,0.5097534
0,0,0.5057545
0,0,0.51403606
0,0,0.5159258
0,0,0.52973807
0,0,0.5165464
0,0,0.5173837
0,0,0.5169308
0,0,0.51309365
0,0,0.51402944
0,0,0.50862885
0,0,0.50735545
0,0,0.50892305
0,0,0.5089303
0,0,0.52717257
0,0,0.53295183
0,0,0.522757
0,0,0.5312262
0,0,0.5196287
0,0,0.5186173
0,0,0.5108942
0,0,0.49961394
0,0,0.5060758
0,0,0.5150287
0,0,0.526497
0,0,0.531941
0,0,0.54149777
0,0,0.54739285
0,0,0.54318833
0,0,0.53619236
0,0,0.538874
0,0,0.5462102
0,0,0.54166305
0,0,0.52443916
0,0,0.53026175
0,0,0.51710534
0,0,0.5114069
0,0,0.50708175
0,0,0.51148283
0,0,0.5111688
0,0,0.5064681
0,0,0.5322469
0,0,0.52467
0,0,0.5250968
0,0,0.5323027
0,0,0.5276135
0,0,0.5146185
0,0,0.5143014
0,0,0.5315834
0,0,0.5153101
0,0,0.5071666
0,0,0.51798695
0,0,0.51109487
0,0,0.5043616
0,0,0.5011716
0,0,0.504871
0,0,0.5147228
0,0,0.5180434
0,0,0.5121493
0,0,0.5067112
0,0,0.5075796
0,0,0.50609714
0,0,0.5136502
0,0,0.49924868
0,0,0.50353396
0,0,0.50406396
0,0,0.4974221
0,0,0.49770448
0,0,0.4957577
0,0,0.51138663
0,0,0.51527715
0,0,0.50494415
0,0,0.5001446
0,0,0.49901134
0,0,0.49586266
0,0,0.49174464
0,0,0.48373944
0,0,0.50815785
0,0,0.50897616
0,0,0.49792263
0,0,0.511724
0,0,0.5059823
0,0,0.50588167
0,0,0.4978088
0,0,0.50304174
0,0,0.4699455
0,0,0.48481375
0,0,0.4816881
0,0,0.48154315
0,0,0.47142106
0,0,0.49257758
0,0,0.49452537
0,0,0.4991218
0,0,0.50514084
0,0,0.5210669
0,0,0.4981779
0,0,0.51607287
0,0,0.5210463
0,0,0.52418274
0,0,0.52830833
0,0,0.5210252
0,0,0.5338599
0,0,0.52345365
0,0,0.5145726
0,0,0.5184846
0,0,0.5231124
0,0,0.52778065
0,0,0.5107521
0,0,0.52922446
0,0,0.52438354
0,0,0.53245324
0,0,0.53673834
0,0,0.5149328
0,0,0.51467425
0,0,0.51413935
0,0,0.51492727
0,0,0.5114673
0,0,0.5142581
0,0,0.50362265
0,0,0.5097751
0,0,0.5022753
0,0,0.515238
0,0,0.50466853
0,0,0.49435213
0,0,0.48169735
0,0,0.48041055
0,0,0.4756493
0,0,0.46937743
0,0,0.48248112
0,0,0.4799479
0,0,0.4905233
0,0,0.5041745
0,0,0.5128854
0,0,0.5210866
0,0,0.5146561
0,0,0.50774896
0,0,0.50147724
0,0,0.50368893
0,0,0.50548697
0,0,0.51658565
0,0,0.5122897
0,0,0.5101032
0,0,0.4989478
0,0,0.4910159
0,0,0.49274078
0,0,0.5082111
0,0,0.49818552
0,0,0.4928441
0,0,0.49634972
0,0,0.49893355
0,0,0.4878676
0,0,0.49111745
0,0,0.49843192
0,0,0.50696653
0,0,0.5048963
0,0,0.5169037
0,0,0.5081823
0,0,0.5113081
0,0,0.5028066
0,0,0.5041034
0,0,0.5058611
0,0,0.5023055
0,0,0.49589127
0,0,0.48895854
0,0,0.49240455
0,0,0.5034523
0,0,0.5055043
0,0,0.50056607
0,0,0.49640822
0,0,0.5022422
0,0,0.52069485
0,0,0.51854277
0,0,0.5136394
0,0,0.49968335
0,0,0.4970796
0,0,0.48348072
0,0,0.46466672
0,0,0.4876262
0,0,0.4950256
0,0,0.5323199
0,0,0.5275687
0,0,0.5223178
0,0,0.52828634
0,0,0.5142656
0,0,0.49959663
0,0,0.49450764
0,0,0.4947109
0,0,0.4964618
0,0,0.5110967
0,0,0.49827972
0,0,0.49322748
0,0,0.49827102
0,0,0.49607897
0,0,0.49456885
0,0,0.49935764
0,0,0.49552336
0,0,0.50335133
0,0,0.5049618
0,0,0.50876147
0,0,0.5038217
0,0,0.50633115
0,0,0.5018207
0,0,0.5184768
0,0,0.51113886
0,0,0.51280946
0,0,0.49886936
0,0,0.51085293
0,0,0.5096918
0,0,0.50173706
0,0,0.50688905
0,0,0.4900012
0,0,0.4932182
0,0,0.5257694
0,0,0.5084216
0,0,0.5106002
0,0,0.5143525
0,0,0.51911485
0,0,0.50732636
0,0,0.5014848
0,0,0.4888747
0,0,0.49098372
0,0,0.4990105
0,0,0.4908625
0,0,0.50290227
0,0,0.4881621
0,0,0.51053786
0,0,0.522314
0,0,0.5158359
0,0,0.5269744
0,0,0.5271809
0,0,0.524487
0,0,0.51925457
0,0,0.51014197
0,0,0.49576175
0,0,0.4887663
0,0,0.50385994
0,0,0.4875053
0,0,0.4882486
0,0,0.48749742
0,0,0.49961275
0,0,0.48962757
0,0,0.48001117
0,0,0.48012832
0,0,0.49507546
0,0,0.5049191
0,0,0.50768954
0,0,0.51686716
0,0,0.5153599
0,0,0.53559816
0,0,0.5366239
0,0,0.54265314
0,0,0.53402317
0,0,0.5271615
0,0,0.5217174
0,0,0.5202438
0,0,0.53228277
0,0,0.51790553
0,0,0.5341808
0,0,0.5306205
0,0,0.53476155
0,0,0.528691
0,0,0.5253043
0,0,0.51554424
0,0,0.51429385
0,0,0.500026
0,0,0.50574654
0,0,0.5027386
0,0,0.5083599
0,0,0.4995335
0,0,0.49850845
0,0,0.49975228
0,0,0.5229108
0,0,0.53227884
0,0,0.52409315
0,0,0.50490654
0,0,0.5107333
0,0,0.50322765
0,0,0.50056374
0,0,0.4888898
0,0,0.4954303
0,0,0.47430384
0,0,0.47743416
0,0,0.4709047
0,0,0.48778918
0,0,0.4929021
0,0,0.5001697
0,0,0.5014935
0,0,0.48221537
0,0,0.48305824
0,0,0.4968642
0,0,0.511397
0,0,0.50949365
0,0,0.5170685
0,0,0.50372976
0,0,0.5174864
0,0,0.5058778
0,0,0.52486086
0,0,0.52811474
0,0,0.520999
0,0,0.5162267
0,0,0.530197
0,0,0.510759
0,0,0.5047506
0,0,0.5002781
0,0,0.50426996
0,0,0.5141605
0,0,0.5160399
0,0,0.50761724
0,0,0.53438526
0,0,0.5351531
0,0,0.53659475
0,0,0.5134761
0,0,0.51709414
0,0,0.5082117
0,0,0.5055933
0,0,0.48814008
0,0,0.47941273
0,0,0.47153816
0,0,0.50647765
0,0,0.5043201
0,0,0.50482786
0,0,0.51312685
0,0,0.5198754
0,0,0.50272924
0,0,0.48460066
0,0,0.48871782
0,0,0.4952665
0,0,0.48681596
0,0,0.49463534
0,0,0.5254638
0,0,0.5260053
0,0,0.5167811
0,0,0.5131721
0,0,0.52156234
0,0,0.51121294
0,0,0.52277064
0,0,0.526175
0,0,0.53676295
0,0,0.5290459
0,0,0.524929
0,0,0.5208246
0,0,0.51548207
0,0,0.5187795
0,0,0.5077992
0,0,0.49364302
0,0,0.5011112
0,0,0.49638772
0,0,0.49371076
0,0,0.4959936
0,0,0.50674576
0,0,0.51372373
0,0,0.524485
0,0,0.5046763
0,0,0.49635875
0,0,0.48327008
0,0,0.4644276
0,0,0.45727777
0,0,0.4596133
0,0,0.47746885
0,0,0.49112248
0,0,0.51855534
0,0,0.51926035
0,0,0.5163107
0,0,0.5193424
0,0,0.51033473
0,0,0.4901872
0,0,0.48914194
0,0,0.4967134
0,0,0.4884645
0,0,0.49252367
0,0,0.51534635
0,0,0.51874584
0,0,0.51621616
0,0,0.52555585
0,0,0.51710635
0,0,0.51543194
0,0,0.5010987
0,0,0.51112354
0,0,0.4979477
0,0,0.49422666
0,0,0.47943753
0,0,0.49988034
0,0,0.5173305
0,0,0.49979833
0,0,0.5080447
0,0,0.5173109
0,0,0.5086362
0,0,0.49646533
0,0,0.50355923
0,0,0.50500375
0,0,0.5031638
0,0,0.5055967
0,0,0.51396763
0,0,0.5244285
0,0,0.525062
0,0,0.5222672
0,0,0.5124571
0,0,0.52254945
0,0,0.50260013
0,0,0.49915832
0,0,0.5044912
0,0,0.50205505
0,0,0.5042881
0,0,0.5273535
0,0,0.52367604
0,0,0.5185896
0,0,0.51666415
0,0,0.51711875
0,0,0.5271183
0,0,0.5171124
0,0,0.5214743
0,0,0.517446
0,0,0.51165456
0,0,0.5202603
0,0,0.51161265
0,0,0.5142803
0,0,0.52015656
0,0,0.51364803
0,0,0.5026412
0,0,0.4942633
0,0,0.49111986
0,0,0.49865952
0,0,0.5154094
0,0,0.5047696
0,0,0.51025057
0,0,0.51390004
0,0,0.51551974
0,0,0.5260667
0,0,0.52109253
0,0,0.52700114
0,0,0.52902377
0,0,0.53508717
0,0,0.5292972
0,0,0.53165627
0,0,0.5090658
0,0,0.50923735
0,0,0.5014376
0,0,0.487887
0,0,0.48856863
0,0,0.4808968
0,0,0.48384643
0,0,0.4837862
0,0,0.50344855
0,0,0.48992354
0,0,0.50669307
0,0,0.52193904
0,0,0.5317659
0,0,0.52173704
0,0,0.4977958
0,0,0.50852835
0,0,0.51452434
0,0,0.498423
0,0,0.50560135
0,0,0.53125376
0,0,0.5325972
0,0,0.53241515
0,0,0.5305148
0,0,0.51853937
0,0,0.52370024
0,0,0.5173166
0,0,0.5294426
0,0,0.52640927
0,0,0.529487
0,0,0.5356678
0,0,0.5154826
0,0,0.52210283
0,0,0.52376
0,0,0.5216887
0,0,0.51485735
0,0,0.51720756
0,0,0.51276016
0,0,0.5295123
0,0,0.5362142
0,0,0.5313424
0,0,0.52870494
0,0,0.52461857
0,0,0.5306791
0,0,0.53281546
0,0,0.51487625
0,0,0.5104408
0,0,0.5026826
0,0,0.5027754
0,0,0.50875
0,0,0.50808096
0,0,0.510263
0,0,0.50235474
0,0,0.50835323
0,0,0.5051607
0,0,0.49614927
0,0,0.49321434
0,0,0.48700193
0,0,0.48261592
0,0,0.5072096
0,0,0.50553757
0,0,0.50066125
0,0,0.5098737
0,0,0.50584847
0,0,0.498288
0,0,0.5192753
0,0,0.5213625
0,0,0.5200702
0,0,0.5245705
0,0,0.5237101
0,0,0.52411383
0,0,0.5123503
0,0,0.5058014
0,0,0.49662083
0,0,0.4831883
0,0,0.4698
0,0,0.46513337
0,0,0.4516931
0,0,0.45145646
0,0,0.4546099
0,0,0.4532084
0,0,0.4572194
0,0,0.4791798
0,0,0.49302062
0,0,0.5099823
0,0,0.5151091
0,0,0.52232313
0,0,0.51491475
0,0,0.51370156
0,0,0.5170625
0,0,0.5111738
0,0,0.49283376
0,0,0.514156
0,0,0.51258093
0,0,0.50236213
0,0,0.4910484
0,0,0.48497227
0,0,0.49155194
0,0,0.48699287
0,0,0.49782014
0,0,0.48669484
0,0,0.49929315
0,0,0.5077643
0,0,0.51049054
0,0,0.5080224
0,0,0.5279759
0,0,0.52372587
0,0,0.51491046
0,0,0.51372284
0,0,0.5011834
0,0,0.503131
0,0,0.50801677
0,0,0.5073365
0,0,0.49078736
0,0,0.48656204
0,0,0.4771371
0,0,0.47314847
0,0,0.4777722
0,0,0.47509208
0,0,0.48689947
0,0,0.49583992
0,0,0.5016451
0,0,0.5147827
0,0,0.5092942
0,0,0.52186793
0,0,0.5141224
0,0,0.51387835
0,0,0.5035783
0,0,0.5185916
0,0,0.507208
0,0,0.5073797
0,0,0.50696534
0,0,0.52341145
0,0,0.5293049
0,0,0.53044856
0,0,0.5217218
0,0,0.5153258
0,0,0.5175048
0,0,0.51272476
0,0,0.5146368
0,0,0.5140014
0,0,0.5115802
0,0,0.5032313
0,0,0.4940285
0,0,0.5012138
0,0,0.5071561
0,0,0.4919626
0,0,0.4912072
0,0,0.5006999
0,0,0.4902424
0,0,0.49659818
0,0,0.49792287
0,0,0.48478672
0,0,0.48002228
0,0,0.48185146
0,0,0.47543135
0,0,0.47510397
0,0,0.48697138
0,0,0.506598
0,0,0.5157751
0,0,0.49951273
0,0,0.5273423
0,0,0.5170554
0,0,0.51343924
0,0,0.5128489
0,0,0.4931433
0,0,0.4965823
0,0,0.50014335
0,0,0.51278335
0,0,0.5051788
0,0,0.5015211
0,0,0.503556
0,0,0.50559986
0,0,0.49698803
0,0,0.4868745
0,0,0.49216282
0,0,0.48772156
0,0,0.4720534
0,0,0.49210727
0,0,0.50249296
0,0,0.52079177
0,0,0.517721
0,0,0.5176577
0,0,0.50749516
0,0,0.5132504
0,0,0.50785327
0,0,0.50175005
0,0,0.5142929
0,0,0.5051917
0,0,0.48114946
0,0,0.49654973
0,0,0.49740943
0,0,0.49585646
0,0,0.484254
0,0,0.48541358
0,0,0.5104133
0,0,0.4986307
0,0,0.50620157
0,0,0.50199425
0,0,0.50922674
0,0,0.4978817
0,0,0.5009803
0,0,0.5099716
0,0,0.52133834
0,0,0.5262866
0,0,0.5309181
0,0,0.5241754
0,0,0.5177638
0,0,0.5138465
0,0,0.50520957
0,0,0.48631558
0,0,0.49762383
0,0,0.496239
0,0,0.49736473
0,0,0.49982613
0,0,0.5251397
0,0,0.51816255
0,0,0.5127124
0,0,0.5148166
0,0,0.51622176
0,0,0.5161416
0,0,0.50462055
0,0,0.48953858
0,0,0.49423075
0,0,0.49866083
0,0,0.4942158
0,0,0.50114876
0,0,0.5245235
0,0,0.5199334
0,0,0.5104712
0,0,0.4995787
0,0,0.48818514
0,0,0.5007083
0,0,0.51349604
0,0,0.5046556
0,0,0.5137579
0,0,0.5195856
0,0,0.5169746
0,0,0.51278883
0,0,0.5141057
0,0,0.49642172
0,0,0.4965395
0,0,0.49629486
0,0,0.4832396
0,0,0.48856118
0,0,0.49771205
0,0,0.49933207
0,0,0.48837817
0,0,0.49110508
0,0,0.4855349
0,0,0.4907176
0,0,0.48498765
0,0,0.50319445
0,0,0.5103922
0,0,0.52551734
0,0,0.5194911
0,0,0.52207416
0,0,0.51993626
0,0,0.53251183
0,0,0.5104884
0,0,0.51771396
0,0,0.51851434
0,0,0.52016866
0,0,0.50438386
0,0,0.5187422
0,0,0.49436215
0,0,0.4991542
0,0,0.50994086
0,0,0.51537323
0,0,0.5218396
0,0,0.5216759
0,0,0.533302
0,0,0.52734476
0,0,0.5094504
0,0,0.51126957
0,0,0.51643056
0,0,0.51503927
0,0,0.49631822
0,0,0.4937496
0,0,0.49258214
0,0,0.50204456
0,0,0.50165486
0,0,0.4854912
0,0,0.49163714
0,0,0.49724874
0,0,0.49114054
0,0,0.48365924
0,0,0.5000058
0,0,0.4964724
0,0,0.50035316
0,0,0.5017254
0,0,0.50811785
0,0,0.5016394
0,0,0.5100904
0,0,0.49640962
0,0,0.49353108
0,0,0.48596764
0,0,0.4896609
0,0,0.49456862
0,0,0.49296618
0,0,0.5150046
0,0,0.4983063
0,0,0.5183365
0,0,0.51347697
0,0,0.5183595
0,0,0.50263095
0,0,0.51905733
0,0,0.5159731
0,0,0.51850474
0,0,0.50682527
0,0,0.50529736
0,0,0.5020778
0,0,0.51670724
0,0,0.5136716
0,0,0.5218913
0,0,0.5138877
0,0,0.5097915
0,0,0.49005908
0,0,0.4951692
0,0,0.47936672
0,0,0.49512523
0,0,0.48844048
0,0,0.48794717
0,0,0.47620493
0,0,0.46726903
0,0,0.46791172
0,0,0.46086952
0,0,0.46791187
0,0,0.47113037
0,0,0.48427838
0,0,0.4815138
0,0,0.4966997
0,0,0.5076065
0,0,0.5327706
0,0,0.5302324
0,0,0.53068894
0,0,0.51996726
0,0,0.5065354
0,0,0.512223
0,0,0.4954451
0,0,0.50021523
0,0,0.4874376
0,0,0.5027975
0,0,0.49998236
0,0,0.47802466
0,0,0.49182642
0,0,0.48498908
0,0,0.49817598
0,0,0.49618238
0,0,0.49500278
0,0,0.5073738
0,0,0.5228498
0,0,0.5274663
0,0,0.5354794
0,0,0.5280544
0,0,0.5119243
0,0,0.51072705
0,0,0.50299484
0,0,0.5086175
0,0,0.5079744
0,0,0.5056962
0,0,0.50603116
0,0,0.49757287
0,0,0.5069264
0,0,0.49315965
0,0,0.5092396
0,0,0.512832
0,0,0.522798
0,0,0.526903
0,0,0.5360452
0,0,0.531887
0,0,0.5308796
0,0,0.51045156
0,0,0.51233184
0,0,0.5164362
0,0,0.52712226
0,0,0.50725114
0,0,0.5030058
0,0,0.5013067
0,0,0.52222854
0,0,0.51847357
0,0,0.51778483
0,0,0.5272529
0,0,0.53581077
0,0,0.5307066
0,0,0.5108112
0,0,0.50925595
0,0,0.5031256
0,0,0.49706948
0,0,0.5000535
0,0,0.5127332
0,0,0.52139205
0,0,0.52084553
0,0,0.5215451
0,0,0.52641016
0,0,0.5173298
0,0,0.50279474
0,0,0.5200924
0,0,0.51903945
0,0,0.51950157
0,0,0.52063346
0,0,0.5339425
0,0,0.51911736
0,0,0.5149823
0,0,0.5059424
0,0,0.515553
0,0,0.5149511
0,0,0.52470917
0,0,0.52079624
0,0,0.52260834
0,0,0.52067536
0,0,0.51222456
0,0,0.50787556
0,0,0.503713
0,0,0.5089753
0,0,0.5082061
0,0,0.52416354
0,0,0.51065534
0,0,0.5066891
0,0,0.49684843
0,0,0.48366648
0,0,0.47624603
0,0,0.48284155
0,0,0.49260673
0,0,0.483896
0,0,0.49932387
0,0,0.5175289
0,0,0.5134239
0,0,0.51886266
0,0,0.52245605
0,0,0.5330652
0,0,0.5194632
0,0,0.5254963
0,0,0.52113926
0,0,0.51493734
0,0,0.5077213
0,0,0.5044827
0,0,0.4997074
0,0,0.503313
0,0,0.50892293
0,0,0.51836145
0,0,0.52420545
0,0,0.52032137
0,0,0.5244301
0,0,0.5244848
0,0,0.5306358
0,0,0.51736075
0,0,0.53466994
0,0,0.52370167
0,0,0.5295151
0,0,0.5093481
0,0,0.516556
0,0,0.5113229
0,0,0.4967291
0,0,0.49180433
0,0,0.4981329
0,0,0.50671446
0,0,0.5111652
0,0,0.5143775
0,0,0.5196467
0,0,0.5104238
0,0,0.51106644
0,0,0.49354404
0,0,0.49698997
0,0,0.4893383
0,0,0.48552793
0,0,0.48312214
0,0,0.48310873
0,0,0.47032276
0,0,0.47240862
0,0,0.490835
0,0,0.49408972
0,0,0.4850637
0,0,0.5140576
0,0,0.5081859
0,0,0.51938874
0,0,0.49633503
0,0,0.4879525
0,0,0.4722322
0,0,0.4856072
0,0,0.48142803
0,0,0.4993778
0,0,0.48566544
0,0,0.50096047
0,0,0.50948685
0,0,0.52416414
0,0,0.5103763
0,0,0.524236
0,0,0.5164424
0,0,0.5223563
0,0,0.5123019
0,0,0.5159976
0,0,0.5229406
0,0,0.53736085
0,0,0.51360315
0,0,0.5230346
0,0,0.5203222
0,0,0.52804804
0,0,0.52045625
0,0,0.5176672
0,0,0.50213397
0,0,0.51455975
0,0,0.49844453
0,0,0.492508
0,0,0.49723706
0,0,0.49989167
0,0,0.47973293
0,0,0.4972092
0,0,0.4904671
0,0,0.50059193
0,0,0.5000035
0,0,0.5039488
0,0,0.49979553
0,0,0.5074251
0,0,0.50975233
0,0,0.5063336
0,0,0.51132154
0,0,0.5215205
0,0,0.51590186
0,0,0.50640666
0,0,0.5049515
0,0,0.5018202
0,0,0.49794793
0,0,0.48830608
0,0,0.49401262
0,0,0.48201504
0,0,0.4789722
0,0,0.46932197
0,0,0.47483996
0,0,0.4722345
0,0,0.47327703
0,0,0.47015232
0,0,0.4807286
0,0,0.500182
0,0,0.5085749
0,0,0.51634413
0,0,0.5216603
0,0,0.5107742
0,0,0.52115804
0,0,0.5253265
0,0,0.51863366
0,0,0.5254369
0,0,0.5315874
0,0,0.5394092
0,0,0.521837
0,0,0.5239104
0,0,0.5236837
0,0,0.5103953
0,0,0.509198
0,0,0.509903
0,0,0.501311
0,0,0.50024104
0,0,0.50586706
0,0,0.50540817
0,0,0.520664
0,0,0.5171942
0,0,0.52133805
0,0,0.5226728
0,0,0.5127385
0,0,0.49999976
0,0,0.500699
0,0,0.5031949
0,0,0.49040455
0,0,0.49163035
0,0,0.49018222
0,0,0.49968
0,0,0.5022623
0,0,0.4947392
0,0,0.49228832
0,0,0.5005146
0,0,0.48542488
0,0,0.48651448
0,0,0.49175087
0,0,0.48852855
0,0,0.4794928
0,0,0.4928535
0,0,0.48833334
0,0,0.4781646
0,0,0.48253068
0,0,0.46906772
0,0,0.46619758
0,0,0.5028708
0,0,0.5056674
0,0,0.49831897
0,0,0.5164768
0,0,0.5133022
0,0,0.5195018
0,0,0.5218205
0,0,0.5219792
0,0,0.5227748
0,0,0.5254536
0,0,0.5179322
0,0,0.5191691
0,0,0.5006753
0,0,0.49080744
0,0,0.4741431
0,0,0.4774938
0,0,0.49107024
0,0,0.50835365
0,0,0.49295098
0,0,0.4966977
0,0,0.50095344
0,0,0.5171595
0,0,0.5239447
0,0,0.51987123
0,0,0.5135906
0,0,0.51101285
0,0,0.5144583
0,0,0.5027548
0,0,0.51406336
0,0,0.51166487
0,0,0.5016319
0,0,0.5179794
0,0,0.51012254
0,0,0.5173932
0,0,0.522247
0,0,0.5220829
0,0,0.50910234
0,0,0.5070363
0,0,0.49846396
0,0,0.4967386
0,0,0.4881275
0,0,0.50923276
0,0,0.49486446
0,0,0.49108732
0,0,0.4883999
0,0,0.4948423
0,0,0.48502398
0,0,0.485197
0,0,0.5055766
0,0,0.4923441
0,0,0.49452856
0,0,0.49973455
0,0,0.49659878
0,0,0.48136714
0,0,0.4822028
0,0,0.49405637
0,0,0.5182165
0,0,0.5183754
0,0,0.53133965
0,0,0.53269714
0,0,0.5429396
0,0,0.5205581
0,0,0.5212352
0,0,0.52182627
0,0,0.51316434
0,0,0.5085995
0,0,0.51619095
0,0,0.510273
0,0,0.50592244
0,0,0.49337858
0,0,0.4846641
0,0,0.48166516
0,0,0.48234808
0,0,0.48414856
0,0,0.48278135
0,0,0.49771288
0,0,0.50772244
0,0,0.5130389
0,0,0.5208909
0,0,0.5292191
0,0,0.52760816
0,0,0.5141674
0,0,0.52383226
0,0,0.5347795
0,0,0.5307942
0,0,0.52162373
0,0,0.5104644
0,0,0.50797886
0,0,0.49151304
0,0,0.49356878
0,0,0.48907387
0,0,0.4933672
0,0,0.48854393
0,0,0.50485736
0,0,0.50389004
0,0,0.5068588
0,0,0.49345437
0,0,0.5019133
0,0,0.5060679
0,0,0.5204381
0,0,0.52148455
0,0,0.5206813
0,0,0.521846
0,0,0.5203369
0,0,0.5273367
0,0,0.5275055
0,0,0.5267286
0,0,0.51083094
0,0,0.5091725
0,0,0.51124513
0,0,0.4977984
0,0,0.4990732
0,0,0.5048982
0,0,0.5216993
0,0,0.51493084
0,0,0.51464564
0,0,0.52343494
0,0,0.5296061
0,0,0.52976245
0,0,0.5320604
0,0,0.516135
0,0,0.5250689
0,0,0.52071047
0,0,0.5196767
0,0,0.5175257
0,0,0.5107556
0,0,0.5105646
0,0,0.5079247
0,0,0.4972531
0,0,0.47781074
0,0,0.46479416
0,0,0.46472934
0,0,0.4588198
0,0,0.4531921
0,0,0.46645868
0,0,0.4997623
0,0,0.51321805
0,0,0.5096214
0,0,0.5386671
0,0,0.54318136
0,0,0.5193122
0,0,0.5157617
0,0,0.5239981
0,0,0.51960623
0,0,0.5249265
0,0,0.51992166
0,0,0.5230174
0,0,0.5232712
0,0,0.51268774
0,0,0.5247103
0,0,0.51016027
0,0,0.5044012
0,0,0.49132276
0,0,0.48941132
0,0,0.49141607
0,0,0.49902207
0,0,0.49408367
0,0,0.49976254
0,0,0.49192291
0,0,0.49414048
0,0,0.48959133
0,0,0.4920193
0,0,0.49977192
0,0,0.5112543
0,0,0.50221777
0,0,0.5076472
0,0,0.50430816
0,0,0.5071944
0,0,0.49703753
0,0,0.48809537
0,0,0.48563212
0,0,0.513301
0,0,0.51278794
0,0,0.507628
0,0,0.5035282
0,0,0.50022066
0,0,0.49708584
0,0,0.4843919
0,0,0.49918675
0,0,0.5012525
0,0,0.50466347
0,0,0.4835789
0,0,0.48543453
0,0,0.48637483
0,0,0.5045488
0,0,0.49326834
0,0,0.5045385
0,0,0.49844927
0,0,0.5142854
0,0,0.50642276
0,0,0.5049569
0,0,0.51678425
0,0,0.511091
0,0,0.5267555
0,0,0.5220822
0,0,0.52037346
0,0,0.510638
0,0,0.503267
0,0,0.5227031
0,0,0.5192862
0,0,0.51872957
0,0,0.5065212
0,0,0.5015674
0,0,0.5028514
0,0,0.50130194
0,0,0.48998863
0,0,0.49891326
0,0,0.50676143
0,0,0.49724448
0,0,0.5175524
0,0,0.5183352
0,0,0.51623017
0,0,0.50956875
0,0,0.5031761
0,0,0.4929576
0,0,0.48173225
0,0,0.48479053
0,0,0.4974825
0,0,0.5005146
0,0,0.5021354
0,0,0.50392723
0,0,0.51452005
0,0,0.5310444
0,0,0.52538395
0,0,0.5246827
0,0,0.52896273
0,0,0.51408255
0,0,0.50766957
0,0,0.49770284
0,0,0.47818422
0,0,0.46929497
0,0,0.47435224
0,0,0.48796725
0,0,0.49878612
0,0,0.49948993
0,0,0.5297545
0,0,0.52993536
0,0,0.53438
0,0,0.51780444
0,0,0.52806246
0,0,0.52909476
0,0,0.5467885
0,0,0.5300785
0,0,0.5351837
0,0,0.5312464
0,0,0.5244276
0,0,0.5362803
0,0,0.5148846
0,0,0.53296673
0,0,0.51776934
0,0,0.5203854
0,0,0.5191703
0,0,0.5227927
0,0,0.52373546
0,0,0.53552145
0,0,0.52908903
0,0,0.5238301
0,0,0.5298901
0,0,0.5271394
0,0,0.5162886
0,0,0.5101741
0,0,0.5059006
0,0,0.5018646
0,0,0.4915581
0,0,0.5023486
0,0,0.5125883
0,0,0.53403103
0,0,0.5252314
0,0,0.5310908
0,0,0.5363964
0,0,0.5336764
0,0,0.5354182
0,0,0.5174469
0,0,0.5152315
0,0,0.50510603
0,0,0.50100154
0,0,0.48546022
0,0,0.49076954
0,0,0.5083247
0,0,0.5207752
0,0,0.519611
0,0,0.5258463
0,0,0.52684593
0,0,0.52342105
0,0,0.5309923
0,0,0.5289648
0,0,0.52273434
0,0,0.51173407
0,0,0.5040917
0,0,0.50012434
0,0,0.49436566
0,0,0.4833915
0,0,0.47746128
0,0,0.48224604
0,0,0.4770946
0,0,0.4944483
0,0,0.5081439
0,0,0.5157983
0,0,0.5196727
0,0,0.5101998
0,0,0.5018648
0,0,0.50454605
0,0,0.5112657
0,0,0.5003285
0,0,0.5050189
0,0,0.49157435
0,0,0.48656532
0,0,0.4739547
0,0,0.48571417
0,0,0.4893436
0,0,0.48211432
0,0,0.47620726
0,0,0.46488968
0,0,0.4649592
0,0,0.48070782
0,0,0.46858433
0,0,0.4814782
0,0,0.47890985
0,0,0.4953959
0,0,0.46576166
0,0,0.46306646
0,0,0.47537038
0,0,0.47117662
0,0,0.4747558
0,0,0.47777754
0,0,0.50440216
0,0,0.49084684
0,0,0.5101688
0,0,0.5072633
0,0,0.5195463
0,0,0.5194913
0,0,0.5108833
0,0,0.51479787
0,0,0.5184488
0,0,0.5100883
0,0,0.5105577
0,0,0.49627215
0,0,0.5016942
0,0,0.48358384
0,0,0.48740062
0,0,0.48210368
0,0,0.4923953
0,0,0.48907417
0,0,0.49895456
0,0,0.49606958
0,0,0.51440734
0,0,0.5121673
0,0,0.50465673
0,0,0.49582696
0,0,0.5014365
0,0,0.49229324
0,0,0.49740914
0,0,0.51042485
0,0,0.51783556
0,0,0.5140743
0,0,0.5268278
0,0,0.53286153
0,0,0.5250007
0,0,0.5216725
0,0,0.5157149
0,0,0.5208125
0,0,0.5177771
0,0,0.51953304
0,0,0.5343956
0,0,0.5305881
0,0,0.5268508
0,0,0.5115717
0,0,0.50144804
0,0,0.5054274
0,0,0.49318388
0,0,0.47507864
0,0,0.4898148
0,0,0.4955332
0,0,0.48658112
0,0,0.47899237
0,0,0.49574146
0,0,0.49565792
0,0,0.5052163
0,0,0.5019106
0,0,0.50442535
0,0,0.49705797
0,0,0.49516886
0,0,0.49506524
0,0,0.50600374
0,0,0.50187653
0,0,0.5035688
0,0,0.5101489
0,0,0.509183
0,0,0.50102973
0,0,0.49174005
0,0,0.48864147
0,0,0.49475747
0,0,0.48896697
0,0,0.48887762
0,0,0.4855495
0,0,0.4729581
0,0,0.47465327
0,0,0.4864095
0,0,0.48327053
0,0,0.48204195
0,0,0.48201394
0,0,0.50355136
0,0,0.503558
0,0,0.5129224
0,0,0.5125754
0,0,0.5025179
0,0,0.50875777
0,0,0.50246847
0,0,0.50221527
0,0,0.49795005
0,0,0.4944296
0,0,0.4873488
0,0,0.50812125
0,0,0.49965048
0,0,0.495592
0,0,0.49834964
0,0,0.5057604
0,0,0.49713594
0,0,0.48819694
0,0,0.49975353
0,0,0.5067543
0,0,0.4970591
0,0,0.51944816
0,0,0.50965756
0,0,0.5053345
0,0,0.5192883
0,0,0.53618413
0,0,0.5260383
0,0,0.5242541
0,0,0.51043373
0,0,0.48866105
0,0,0.50182676
0,0,0.51495355
0,0,0.5020805
0,0,0.5067492
0,0,0.5188457
0,0,0.5163398
0,0,0.5232494
0,0,0.5448622
0,0,0.5308831
0,0,0.5323764
0,0,0.5287939
0,0,0.54020816
0,0,0.52236027
0,0,0.5269901
0,0,0.5212113
0,0,0.52251387
0,0,0.52406245
0,0,0.5246764
0,0,0.53525174
0,0,0.52340627
0,0,0.5195636
0,0,0.5202957
0,0,0.53182447
0,0,0.5344626
0,0,0.53731674
0,0,0.5365882
0,0,0.5338316
0,0,0.5407561
0,0,0.5251222
0,0,0.52290285
0,0,0.5124026
0,0,0.49713016
0,0,0.49897915
0,0,0.51153886
0,0,0.49561962
0,0,0.48927134
0,0,0.49807784
0,0,0.49084455
0,0,0.49260616
0,0,0.5008491
0,0,0.51674706
0,0,0.5134472
0,0,0.52360356
0,0,0.5228549
0,0,0.51315194
0,0,0.5134704
0,0,0.5199791
0,0,0.50976664
0,0,0.5206278
0,0,0.49483564
0,0,0.51419485
0,0,0.50992197
0,0,0.5074812
0,0,0.49574247
0,0,0.5149413
0,0,0.5050291
0,0,0.5192449
0,0,0.5279671
0,0,0.5320251
0,0,0.5309889
0,0,0.51640725
0,0,0.52214146
0,0,0.5261661
0,0,0.52985483
0,0,0.52100515
0,0,0.5280983
0,0,0.50777215
0,0,0.5095808
0,0,0.51323086
0,0,0.49511755
0,0,0.49318758
0,0,0.4876644
0,0,0.48496687
0,0,0.481332
0,0,0.5004421
0,0,0.50364625
0,0,0.511055
0,0,0.4960617
0,0,0.49202043
0,0,0.5002576
0,0,0.49322087
0,0,0.48990524
0,0,0.5104087
0,0,0.51241094
0,0,0.52018493
0,0,0.5224969
0,0,0.52906525
0,0,0.53117716
0,0,0.5417255
0,0,0.5439852
0,0,0.5350338
0,0,0.5371755
0,0,0.5396939
0,0,0.5255439
0,0,0.5224888
0,0,0.5239359
0,0,0.52158386
0,0,0.50656134
0,0,0.53028274
0,0,0.51726973
0,0,0.5217728
0,0,0.5171017
0,0,0.5356691
0,0,0.52492523
0,0,0.5307072
0,0,0.5103308
0,0,0.4982323
0,0,0.50089186
0,0,0.48468834
0,0,0.5023346
0,0,0.4988862
0,0,0.4995267
0,0,0.50611466
0,0,0.5157823
0,0,0.51293993
0,0,0.49721265
0,0,0.50129765
0,0,0.51511985
0,0,0.50607896
0,0,0.50610465
0,0,0.5241549
0,0,0.51839846
0,0,0.50671095
0,0,0.5058384
0,0,0.5258349
0,0,0.53012687
0,0,0.5172951
0,0,0.5185678
0,0,0.51746553
0,0,0.5180212
0,0,0.5160962
0,0,0.51968294
0,0,0.5148439
0,0,0.51540416
0,0,0.5046474
0,0,0.5017312
0,0,0.49154633
0,0,0.4937153
0,0,0.4899711
0,0,0.49106383
0,0,0.4827838
0,0,0.49118766
0,0,0.48890644
0,0,0.47395355
0,0,0.48008326
0,0,0.49735263
0,0,0.5113848
0,0,0.49801835
0,0,0.51161945
0,0,0.5309463
0,0,0.5319505
0,0,0.5108425
0,0,0.51318353
0,0,0.4967411
0,0,0.5002968
0,0,0.48961562
0,0,0.50984085
0,0,0.5018383
0,0,0.48405537
0,0,0.48452756
0,0,0.47441667
0,0,0.4745113
0,0,0.4793734
0,0,0.48274502
0,0,0.48556256
0,0,0.48661286
0,0,0.49478957
0,0,0.4958268
0,0,0.4962776
0,0,0.5111874
0,0,0.49014458
0,0,0.5044846
0,0,0.4874679
0,0,0.47224617
0,0,0.47322863
0,0,0.4797518
0,0,0.48531586
0,0,0.4939028
0,0,0.49194768
0,0,0.5002682
0,0,0.50379694
0,0,0.49870673
0,0,0.5074827
0,0,0.5156498
0,0,0.51991415
0,0,0.5222497
0,0,0.51368177
0,0,0.5160237
0,0,0.5056273
0,0,0.5074488
0,0,0.5094325
0,0,0.5151615
0,0,0.5163232
0,0,0.5112733
0,0,0.5064755
0,0,0.4946249
0,0,0.5080377
0,0,0.51370317
0,0,0.51560295
0,0,0.5151858
0,0,0.5085854
0,0,0.5130438
0,0,0.5158887
0,0,0.5018039
0,0,0.50883114
0,0,0.5260269
0,0,0.51934296
0,0,0.5285879
0,0,0.5254627
0,0,0.50771767
0,0,0.50839996
0,0,0.52276975
0,0,0.50001585
0,0,0.5138851
0,0,0.50464135
0,0,0.526613
0,0,0.5176396
0,0,0.5253523
0,0,0.5237896
0,0,0.520243
0,0,0.5059689
0,0,0.5122292
0,0,0.52159345
0,0,0.50249857
0,0,0.5023442
0,0,0.49102136
0,0,0.49095377
0,0,0.48034772
0,0,0.4801774
0,0,0.47110984
0,0,0.47841805
0,0,0.48712724
0,0,0.48286846
0,0,0.47623122
0,0,0.4961825
0,0,0.5030296
0,0,0.5055868
0,0,0.49843818
0,0,0.50302106
0,0,0.49389866
0,0,0.50857115
0,0,0.49968287
0,0,0.49784347
0,0,0.4898431
0,0,0.5204513
0,0,0.5075666
0,0,0.5190571
0,0,0.51650965
0,0,0.50737244
0,0,0.50171757
0,0,0.5024334
0,0,0.50661314
0,0,0.52175677
0,0,0.51856315
0,0,0.5187427
0,0,0.5237126
0,0,0.52259845
0,0,0.5089846
0,0,0.52609277
0,0,0.5352348
0,0,0.5221247
0,0,0.5202991
0,0,0.5018319
0,0,0.5164083
0,0,0.5090806
0,0,0.50802493
0,0,0.5092555
0,0,0.51434827
0,0,0.52488405
0,0,0.519227
0,0,0.52274054
0,0,0.5100027
0,0,0.50842977
0,0,0.49610415
0,0,0.5095984
0,0,0.5053431
0,0,0.5148019
0,0,0.51042
0,0,0.52109325
0,0,0.51997083
0,0,0.51245904
0,0,0.5182781
0,0,0.5204083
0,0,0.5134442
0,0,0.5230926
0,0,0.5126864
0,0,0.5145446
0,0,0.50729436
0,0,0.5095716
0,0,0.5036003
0,0,0.49171457
0,0,0.47694382
0,0,0.4754028
0,0,0.48323423
0,0,0.47406924
0,0,0.4754542
0,0,0.49374354
0,0,0.5110057
0,0,0.5088346
0,0,0.5231936
0,0,0.5264229
0,0,0.53236043
0,0,0.53017485
0,0,0.5288672
0,0,0.50841254
0,0,0.5064356
0,0,0.51014596
0,0,0.49714452
0,0,0.49660736
0,0,0.49514443
0,0,0.5114684
0,0,0.49976683
0,0,0.5025389
0,0,0.5029176
0,0,0.5133229
0,0,0.51352555
0,0,0.51147467
0,0,0.52036643
0,0,0.52350676
0,0,0.5191072
0,0,0.52352965
0,0,0.52054965
0,0,0.5158068
0,0,0.49960524
0,0,0.49451637
0,0,0.49906358
0,0,0.4893324
0,0,0.47569624
0,0,0.46506917
0,0,0.4556126
0,0,0.4605058
0,0,0.45643654
0,0,0.46941614
0,0,0.46818525
0,0,0.50301266
0,0,0.5088524
0,0,0.50975794
0,0,0.51377374
0,0,0.5176679
0,0,0.5157448
0,0,0.51457936
0,0,0.5078925
0,0,0.5062103
0,0,0.5165165
0,0,0.51018125
0,0,0.5089972
0,0,0.5097125
0,0,0.5169599
0,0,0.5140567
0,0,0.50391823
0,0,0.5063945
0,0,0.50322574
0,0,0.5048658
0,0,0.5050679
0,0,0.50954694
0,0,0.51809305
0,0,0.5240766
0,0,0.52141476
0,0,0.5316283
0,0,0.5167749
0,0,0.5153574
0,0,0.51253486
0,0,0.5143295
0,0,0.5019875
0,0,0.47742358
0,0,0.47050303
0,0,0.47483462
0,0,0.4906976
0,0,0.49885744
0,0,0.5065919
0,0,0.5323099
0,0,0.5418276
0,0,0.53441006
0,0,0.5327101
0,0,0.5154732
0,0,0.5289447
0,0,0.52025163
0,0,0.5168135
0,0,0.5056153
0,0,0.5031209
0,0,0.50994027
0,0,0.49704632
0,0,0.49668857
0,0,0.4946435
0,0,0.49594516
0,0,0.5102546
0,0,0.50778186
0,0,0.51060027
0,0,0.51288635
0,0,0.5140985
0,0,0.5013331
0,0,0.5186563
0,0,0.5141515
0,0,0.5057197
0,0,0.4916678
0,0,0.50443274
0,0,0.49622345
0,0,0.48691508
0,0,0.50947887
0,0,0.5093539
0,0,0.49102738
0,0,0.48486507
0,0,0.49327493
0,0,0.48850074
0,0,0.4840767
0,0,0.50947165
0,0,0.52280694
0,0,0.51330304
0,0,0.51852226
0,0,0.5131673
0,0,0.5077538
0,0,0.5022572
0,0,0.51628816
0,0,0.5161047
0,0,0.5229299
0,0,0.5313847
0,0,0.50868964
0,0,0.5180055
0,0,0.5171134
0,0,0.51620793
0,0,0.51785636
0,0,0.5209779
0,0,0.50043076
0,0,0.49797145
0,0,0.5213206
0,0,0.51565295
0,0,0.52625084
0,0,0.53819484
0,0,0.53670734
0,0,0.5108051
0,0,0.50304586
0,0,0.49960133
0,0,0.48544917
0,0,0.47407794
0,0,0.47987124
0,0,0.4955733
0,0,0.49445271
0,0,0.48445022
0,0,0.5052869
0,0,0.49334294
0,0,0.48418748
0,0,0.4856451
0,0,0.49328306
0,0,0.50135636
0,0,0.52234405
0,0,0.53067046
0,0,0.52412677
0,0,0.5175355
0,0,0.5234075
0,0,0.5278336
0,0,0.512904
0,0,0.52313757
0,0,0.52637315
0,0,0.5310745
0,0,0.5311619
0,0,0.5314078
0,0,0.5155037
0,0,0.5147904
0,0,0.5209969
0,0,0.51708597
0,0,0.5115835
0,0,0.50215584
0,0,0.49915707
0,0,0.48471412
0,0,0.49343425
0,0,0.48368683
0,0,0.4928466
0,0,0.48694357
0,0,0.49577922
0,0,0.49938866
0,0,0.5069568
0,0,0.49539798
0,0,0.4894899
0,0,0.48767576
0,0,0.47937632
0,0,0.47065413
0,0,0.47538385
0,0,0.47260702
0,0,0.4877851
0,0,0.49589387
0,0,0.5051283
0,0,0.51545906
0,0,0.52718633
0,0,0.53190976
0,0,0.5237273
0,0,0.509326
0,0,0.51709497
0,0,0.5021775
0,0,0.5169529
0,0,0.51523775
0,0,0.5042559
0,0,0.5062026
0,0,0.50311476
0,0,0.4890306
0,0,0.48487467
0,0,0.48538697
0,0,0.48344344
0,0,0.49242738
0,0,0.4971324
0,0,0.49596012
0,0,0.49042305
0,0,0.49114758
0,0,0.49756882
0,0,0.4841241
0,0,0.48543718
0,0,0.49322784
0,0,0.48243707
0,0,0.4846398
0,0,0.48589975
0,0,0.50137943
0,0,0.5149433
0,0,0.5279492
0,0,0.5207551
0,0,0.49997652
0,0,0.4966443
0,0,0.49093935
0,0,0.47334704
0,0,0.48092338
0,0,0.47316533
0,0,0.4854274
0,0,0.48720828
0,0,0.50937253
0,0,0.5191452
0,0,0.5232706
0,0,0.5117879
0,0,0.5108402
0,0,0.50434405
0,0,0.50977325
0,0,0.5019841
0,0,0.5102158
0,0,0.5030306
0,0,0.5050691
0,0,0.5045862
0,0,0.50482744
0,0,0.49557197
0,0,0.495922
0,0,0.49436334
0,0,0.51550984
0,0,0.5081263
0,0,0.5100589
0,0,0.5313623
0,0,0.5319235
0,0,0.5357925
0,0,0.5416813
0,0,0.51689136
0,0,0.52123606
0,0,0.52023435
0,0,0.51995116
0,0,0.5206457
0,0,0.5100678
0,0,0.5135851
0,0,0.5173295
0,0,0.5255235
0,0,0.5163154
0,0,0.5186229
0,0,0.5106896
0,0,0.5024188
0,0,0.5119938
0,0,0.50890684
0,0,0.49166632
0,0,0.4840594
0,0,0.47937325
0,0,0.47162834
0,0,0.47914818
0,0,0.48899925
0,0,0.5016185
0,0,0.5187784
0,0,0.5044505
0,0,0.5160198
0,0,0.51021314
0,0,0.51381886
0,0,0.49476045
0,0,0.48486984
0,0,0.4717191
0,0,0.46977118
0,0,0.45494336
0,0,0.46481693
0,0,0.46448004
0,0,0.466418
0,0,0.4635506
0,0,0.48636514
0,0,0.48633975
0,0,0.5079922
0,0,0.50379694
0,0,0.5180122
0,0,0.51121604
0,0,0.5286371
0,0,0.5176319
0,0,0.5330058
0,0,0.5281535
0,0,0.50870776
0,0,0.52423924
0,0,0.5191587
0,0,0.51977617
0,0,0.5032621
0,0,0.5120245
0,0,0.49639988
0,0,0.50579625
0,0,0.5190003
0,0,0.51962626
0,0,0.52971786
0,0,0.5369355
0,0,0.53063273
0,0,0.5168984
0,0,0.5225605
0,0,0.5039577
0,0,0.49259037
0,0,0.5013906
0,0,0.50305337
0,0,0.51580346
0,0,0.5130404
0,0,0.52172595
0,0,0.5175273
0,0,0.5125183
0,0,0.51964206
0,0,0.51784
0,0,0.50203204
0,0,0.50299495
0,0,0.5041318
0,0,0.502986
0,0,0.48511013
0,0,0.4920909
0,0,0.47996575
0,0,0.48450035
0,0,0.47722024
0,0,0.48177707
0,0,0.4927059
0,0,0.50813097
0,0,0.50285757
0,0,0.50858974
0,0,0.5002533
0,0,0.5050944
0,0,0.50307894
0,0,0.5082948
0,0,0.5079612
0,0,0.5066715
0,0,0.50413686
0,0,0.4979192
0,0,0.5039118
0,0,0.5130378
0,0,0.5218411
0,0,0.522991
0,0,0.51402074
0,0,0.5271041
0,0,0.5233758
0,0,0.5121796
0,0,0.51465607
0,0,0.5070743
0,0,0.49246082
0,0,0.4769472
0,0,0.4833474
0,0,0.4869932
0,0,0.50043297
0,0,0.51691484
0,0,0.53017545
0,0,0.52637196
0,0,0.5223095
0,0,0.53046536
0,0,0.5195505
0,0,0.50628096
0,0,0.5032842
0,0,0.51478666
0,0,0.50974816
0,0,0.50681406
0,0,0.50576276
0,0,0.5096753
0,0,0.49410462
0,0,0.48328277
0,0,0.4900613
0,0,0.49196118
0,0,0.48861974
0,0,0.49059802
0,0,0.4853603
0,0,0.4926213
0,0,0.5014374
0,0,0.50132096
0,0,0.49764118
0,0,0.51613224
0,0,0.5153849
0,0,0.52579653
0,0,0.5269984
0,0,0.51909184
0,0,0.5155222
0,0,0.517004
0,0,0.52391195
0,0,0.5244862
0,0,0.5228991
0,0,0.53021795
0,0,0.5241388
0,0,0.5163834
0,0,0.51255596
0,0,0.49479967
0,0,0.49169996
0,0,0.48751897
0,0,0.5067763
0,0,0.49815112
0,0,0.5120336
0,0,0.52269477
0,0,0.51424533
0,0,0.50944793
0,0,0.50716746
0,0,0.49278188
0,0,0.48060685
0,0,0.48855758
0,0,0.48967072
0,0,0.50807595
0,0,0.50198096
0,0,0.4989248
0,0,0.47993898
0,0,0.48978862
0,0,0.47658482
0,0,0.4918871
0,0,0.5039721
0,0,0.5122269
0,0,0.51552963
0,0,0.5145085
0,0,0.50569296
0,0,0.5125346
0,0,0.5222082
0,0,0.5166025
0,0,0.52430385
0,0,0.53426814
0,0,0.52594346
0,0,0.51908153
0,0,0.5135108
0,0,0.5213363
0,0,0.5152154
0,0,0.51850545
0,0,0.521651
0,0,0.5078592
0,0,0.50549823
0,0,0.5027463
0,0,0.5044373
0,0,0.49427408
0,0,0.50877446
0,0,0.5089461
0,0,0.52181065
0,0,0.5209819
0,0,0.51913464
0,0,0.5040197
0,0,0.5063351
0,0,0.49959955
0,0,0.49189234
0,0,0.4889892
0,0,0.48598227
0,0,0.49738955
0,0,0.50695336
0,0,0.50064564
0,0,0.49589533
0,0,0.503804
0,0,0.5235309
0,0,0.51272005
0,0,0.53003097
0,0,0.5226585
0,0,0.53181523
0,0,0.5363615
0,0,0.53322995
0,0,0.5137446
0,0,0.5362396
0,0,0.51359004
0,0,0.50644726
0,0,0.50289416
0,0,0.4967438
0,0,0.501969
0,0,0.49304375
0,0,0.49142942
0,0,0.5013292
0,0,0.50872254
0,0,0.4972684
0,0,0.49865413
0,0,0.51665765
0,0,0.52146184
0,0,0.52544504
0,0,0.5221092
0,0,0.5261053
0,0,0.5008529
0,0,0.5095722
0,0,0.50400424
0,0,0.50979865
0,0,0.5126509
0,0,0.5044046
0,0,0.50448436
0,0,0.5270222
0,0,0.5308212
0,0,0.52863955
0,0,0.5324224
0,0,0.5333441
0,0,0.5220047
0,0,0.5323192
0,0,0.526181
0,0,0.5080657
0,0,0.5167208
0,0,0.5226501
0,0,0.536832
0,0,0.54227364
0,0,0.5408271
0,0,0.52823
0,0,0.52876216
0,0,0.52338576
0,0,0.52245945
0,0,0.504296
0,0,0.5012162
0,0,0.50569487
0,0,0.49273914
0,0,0.50225544
0,0,0.4919551
0,0,0.49606565
0,0,0.50332254
0,0,0.5123502
0,0,0.49332717
0,0,0.48350006
0,0,0.5014643
0,0,0.49995196
0,0,0.5218415
0,0,0.52778745
0,0,0.5066208
0,0,0.5083614
0,0,0.517883
0,0,0.5008418
0,0,0.50515795
0,0,0.5135885
0,0,0.49571756
0,0,0.4860024
0,0,0.50156146
0,0,0.49277377
0,0,0.49493146
0,0,0.50078624
0,0,0.494301
0,0,0.48953494
0,0,0.5074176
0,0,0.5071921
0,0,0.51741874
0,0,0.51359
0,0,0.51157767
0,0,0.5072318
0,0,0.49729744
0,0,0.48373994
0,0,0.49612123
0,0,0.49512255
0,0,0.5081829
0,0,0.5069334
0,0,0.50648224
0,0,0.5044825
0,0,0.5046862
0,0,0.5059059
0,0,0.5124064
0,0,0.513615
0,0,0.51510525
0,0,0.51599336
0,0,0.5242736
0,0,0.5265081
0,0,0.5220825
0,0,0.5180927
0,0,0.5160432
0,0,0.50630724
0,0,0.4945447
0,0,0.4898566
0,0,0.49417588
0,0,0.48813826
0,0,0.49856278
0,0,0.50087565
0,0,0.4972807
0,0,0.4812187
0,0,0.5058931
0,0,0.5169054
0,0,0.50517607
0,0,0.5082571
0,0,0.518562
0,0,0.52666265
0,0,0.52157015
0,0,0.5252551
0,0,0.52805775
0,0,0.52616644
0,0,0.5153928
0,0,0.5163388
0,0,0.5282198
0,0,0.5277543
0,0,0.52741617
0,0,0.5154661
0,0,0.5128769
0,0,0.49976444
0,0,0.49778813
0,0,0.48127213
0,0,0.4835592
0,0,0.49275818
0,0,0.50860083
0,0,0.49526164
0,0,0.5146618
0,0,0.5149376
0,0,0.5150554
0,0,0.4980346
0,0,0.4979617
0,0,0.50574434
0,0,0.49806145
0,0,0.4997629
0,0,0.5226023
0,0,0.5281518
0,0,0.5175109
0,0,0.5183677
0,0,0.520412
0,0,0.5151658
0,0,0.50688016
0,0,0.5193237
0,0,0.51961416
0,0,0.5227368
0,0,0.51445806
0,0,0.5226994
0,0,0.52281284
0,0,0.51120144
0,0,0.49868014
0,0,0.49719107
0,0,0.50162774
0,0,0.49804217
0,0,0.5012729
0,0,0.50319415
0,0,0.48930353
0,0,0.4917952
0,0,0.5098364
0,0,0.50514156
0,0,0.50754535
0,0,0.5010618
0,0,0.49477756
0,0,0.4971172
0,0,0.52144253
0,0,0.53369445
0,0,0.5160575
0,0,0.5078599
0,0,0.50582725
0,0,0.5148453
0,0,0.5081187
0,0,0.50650287
0,0,0.50711626
0,0,0.5146835
0,0,0.5208983
0,0,0.50480545
0,0,0.5116559
0,0,0.49881038
0,0,0.49910936
0,0,0.4994018
0,0,0.49775693
0,0,0.48367333
0,0,0.48153526
0,0,0.47780755
0,0,0.46934748
0,0,0.46431983
0,0,0.4695769
0,0,0.47393554
0,0,0.4967231
0,0,0.5194596
0,0,0.50821257
0,0,0.5083163
0,0,0.5095082
0,0,0.5168691
0,0,0.5190263
0,0,0.5105891
0,0,0.49827126
0,0,0.5003874
0,0,0.49566543
0,0,0.48522666
0,0,0.4924198
0,0,0.48826274
0,0,0.4870744
0,0,0.49951768
0,0,0.5175488
0,0,0.5220151
0,0,0.5219958
0,0,0.51162356
0,0,0.511741
0,0,0.5177866
0,0,0.508481
0,0,0.5124878
0,0,0.5123005
0,0,0.4984617
0,0,0.49204585
0,0,0.51505435
0,0,0.50471187
0,0,0.49968988
0,0,0.50320965
0,0,0.5032771
0,0,0.5053923
0,0,0.50535166
0,0,0.5169746
0,0,0.5157917
0,0,0.49797216
0,0,0.49829483
0,0,0.5116329
0,0,0.50321317
0,0,0.49583203
0,0,0.5109643
0,0,0.5180789
0,0,0.5201555
0,0,0.5266718
0,0,0.5222882
0,0,0.51387227
0,0,0.5192742
0,0,0.50220805
0,0,0.49339715
0,0,0.47422114
0,0,0.4689555
0,0,0.4838615
0,0,0.49081108
0,0,0.4862013
0,0,0.47064823
0,0,0.47310203
0,0,0.47631183
0,0,0.49285004
0,0,0.48265046
0,0,0.49468857
0,0,0.5004074
0,0,0.5050353
0,0,0.49356633
0,0,0.49627626
0,0,0.5104078
0,0,0.5084244
0,0,0.5210474
0,0,0.52326393
0,0,0.5213086
0,0,0.502669
0,0,0.5043872
0,0,0.5028717
0,0,0.49956265
0,0,0.4997521
0,0,0.49303928
0,0,0.49266067
0,0,0.49482185
0,0,0.48695606
0,0,0.50593114
0,0,0.50272405
0,0,0.50399446
0,0,0.49664098
0,0,0.49526614
0,0,0.50717
0,0,0.52338505
0,0,0.5238008
0,0,0.52753204
0,0,0.5267993
0,0,0.52004
0,0,0.5292644
0,0,0.5196641
0,0,0.5095049
0,0,0.52853703
0,0,0.51975685
0,0,0.52205074
0,0,0.5242244
0,0,0.5239478
0,0,0.5282721
0,0,0.5151321
0,0,0.5154922
0,0,0.505702
0,0,0.4995411
0,0,0.50058717
0,0,0.5022208
0,0,0.5081984
0,0,0.5180429
0,0,0.5128664
0,0,0.5108271
0,0,0.49908924
0,0,0.5086166
0,0,0.5140857
0,0,0.5193418
0,0,0.52173376
0,0,0.5247301
0,0,0.5221804
0,0,0.5120712
0,0,0.5032032
0,0,0.49362618
0,0,0.49342814
0,0,0.48272756
0,0,0.477159
0,0,0.4867372
0,0,0.4950877
0,0,0.4951671
0,0,0.48862594
0,0,0.49798352
0,0,0.4880246
0,0,0.481704
0,0,0.46534538
0,0,0.4908689
0,0,0.4747059
0,0,0.496002
0,0,0.5176289
0,0,0.51488966
0,0,0.5112584
0,0,0.50433105
0,0,0.5153487
0,0,0.527216
0,0,0.52666205
0,0,0.5113393
0,0,0.50499225
0,0,0.5000499
0,0,0.5189363
0,0,0.490266
0,0,0.48774466
0,0,0.512561
0,0,0.522177
0,0,0.5147363
0,0,0.52645093
0,0,0.5304697
0,0,0.5216183
0,0,0.5247016
0,0,0.51302457
0,0,0.50583535
0,0,0.48931462
0,0,0.4856873
0,0,0.48107198
0,0,0.473662
0,0,0.47111872
0,0,0.47409025
0,0,0.5112305
0,0,0.5210837
0,0,0.51656836
0,0,0.5170552
0,0,0.519248
0,0,0.5177595
0,0,0.49699572
0,0,0.50300133
0,0,0.5021795
0,0,0.51350665
0,0,0.504341
0,0,0.51231897
0,0,0.5057826
0,0,0.52508545
0,0,0.5146906
0,0,0.5041312
0,0,0.5130319
0,0,0.50824946
0,0,0.5226072
0,0,0.534846
0,0,0.527647
0,0,0.53882086
0,0,0.53148216
0,0,0.52577233
0,0,0.5157079
0,0,0.5137192
0,0,0.49157986
0,0,0.47447714
0,0,0.47879308
0,0,0.47641984
0,0,0.4687495
0,0,0.4736798
0,0,0.4929187
0,0,0.49730656
0,0,0.50076777
0,0,0.5146381
0,0,0.5193235
0,0,0.5276433
0,0,0.5273455
0,0,0.5127253
0,0,0.4937247
0,0,0.48214293
0,0,0.482755
0,0,0.48385423
0,0,0.47905037
0,0,0.49175936
0,0,0.5151432
0,0,0.5180766
0,0,0.5233294
0,0,0.51495767
0,0,0.5240015
0,0,0.5296944
0,0,0.5293423
0,0,0.52280617
0,0,0.5281798
0,0,0.51887095
0,0,0.51787674
0,0,0.510833
0,0,0.5098167
0,0,0.50179714
0,0,0.5054297
0,0,0.501327
0,0,0.49343812
0,0,0.51744264
0,0,0.52004385
0,0,0.51201564
0,0,0.50579256
0,0,0.49455836
0,0,0.4973624
0,0,0.4914247
0,0,0.4995999
0,0,0.49731678
0,0,0.51178735
0,0,0.5055926
0,0,0.50836766
0,0,0.5113858
0,0,0.5237569
0,0,0.51628953
0,0,0.52201396
0,0,0.526828
0,0,0.52469367
0,0,0.5067429
0,0,0.51795924
0,0,0.51198786
0,0,0.49628976
0,0,0.4889499
0,0,0.4946217
0,0,0.50583154
0,0,0.503487
0,0,0.5068975
0,0,0.51682866
0,0,0.5123869
0,0,0.4940254
0,0,0.49499354
0,0,0.48016712
0,0,0.4732312
0,0,0.47363198
0,0,0.47412542
0,0,0.48825946
0,0,0.5073578
0,0,0.5230437
0,0,0.517637
0,0,0.52015567
0,0,0.52470833
0,0,0.5111933
0,0,0.5051948
0,0,0.4948552
0,0,0.49383155
0,0,0.4938797
0,0,0.4745296
0,0,0.49003047
0,0,0.48858273
0,0,0.48609075
0,0,0.47257522
0,0,0.48860425
0,0,0.49757683
0,0,0.49267396
0,0,0.50127345
0,0,0.50659955
0,0,0.5151673
0,0,0.5232505
0,0,0.52137756
0,0,0.53025347
0,0,0.5205876
0,0,0.5025859
0,0,0.50371283
0,0,0.5128333
0,0,0.50602937
0,0,0.492379
0,0,0.48412263
0,0,0.4949836
0,0,0.49615818
0,0,0.50675243
0,0,0.521733
0,0,0.51560307
0,0,0.5314443
0,0,0.5194166
0,0,0.51785874
0,0,0.51076406
0,0,0.51953137
0,0,0.53518105
0,0,0.5350265
0,0,0.54122204
0,0,0.5417883
0,0,0.53312427
0,0,0.5258791
0,0,0.5143465
0,0,0.50474274
0,0,0.5106018
0,0,0.4927499
0,0,0.50727797
0,0,0.49667287
0,0,0.5155596
0,0,0.5004683
0,0,0.51456165
0,0,0.50037944
0,0,0.50438476
0,0,0.50035024
0,0,0.49495044
0,0,0.47380802
0,0,0.47514963
0,0,0.4901899
0,0,0.4936306
0,0,0.5130869
0,0,0.52353776
0,0,0.5025293
0,0,0.51131237
0,0,0.5047931
0,0,0.49933404
0,0,0.50190836
0,0,0.49617755
0,0,0.50036097
0,0,0.4764497
0,0,0.48437804
0,0,0.48901042
0,0,0.493782
0,0,0.5030854
0,0,0.50469875
0,0,0.51281345
0,0,0.50882363
0,0,0.5131896
0,0,0.52117455
0,0,0.5188766
0,0,0.5049104
0,0,0.5043536
0,0,0.5015486
0,0,0.48624694
0,0,0.49677086
0,0,0.50793546
0,0,0.49641117
0,0,0.5030403
0,0,0.5193749
0,0,0.5254683
0,0,0.5210553
0,0,0.52119434
0,0,0.51087976
0,0,0.5224227
0,0,0.4905264
0,0,0.49019545
0,0,0.4809492
0,0,0.48181266
0,0,0.48431802
0,0,0.49843907
0,0,0.49331415
0,0,0.5198474
0,0,0.5231499
0,0,0.51758903
0,0,0.5082127
0,0,0.5114772
0,0,0.4977362
0,0,0.50602335
0,0,0.49900267
0,0,0.5110572
0,0,0.51415765
0,0,0.51816875
0,0,0.5126309
0,0,0.4989351
0,0,0.52843565
0,0,0.5238823
0,0,0.5279998
0,0,0.5278893
0,0,0.53027856
0,0,0.5190329
0,0,0.52227485
0,0,0.5210734
0,0,0.5211512
0,0,0.51369685
0,0,0.51597077
0,0,0.5329564
0,0,0.52888054
0,0,0.5348777
0,0,0.5302065
0,0,0.53024924
0,0,0.51371497
0,0,0.50696856
0,0,0.50321287
0,0,0.50699073
0,0,0.49222818
0,0,0.48865628
0,0,0.48987764
0,0,0.48871583
0,0,0.48580506
0,0,0.49990585
0,0,0.51583385
0,0,0.5118255
0,0,0.5257793
0,0,0.51241183
0,0,0.49400187
0,0,0.47415596
0,0,0.4760865
0,0,0.49166897
0,0,0.49270824
0,0,0.48728675
0,0,0.480639
0,0,0.49528286
0,0,0.51002383
0,0,0.5059215
0,0,0.5096902
0,0,0.50184494
0,0,0.49515367
0,0,0.47927234
0,0,0.4926213
0,0,0.4846943
0,0,0.4994113
0,0,0.52238345
0,0,0.5301199
0,0,0.52083033
0,0,0.52328
0,0,0.51528275
0,0,0.5209259
0,0,0.5132715
0,0,0.51399225
0,0,0.5143977
0,0,0.5188083
0,0,0.5205263
0,0,0.50589645
0,0,0.5131515
0,0,0.5094743
0,0,0.51739484
0,0,0.5060839
0,0,0.5075144
0,0,0.515862
0,0,0.51719326
0,0,0.51549095
0,0,0.5204457
0,0,0.5145392
0,0,0.5062089
0,0,0.5156055
0,0,0.52336454
0,0,0.52836114
0,0,0.5328515
0,0,0.5215773
0,0,0.52975625
0,0,0.5261681
0,0,0.52152175
0,0,0.5143322
0,0,0.5228024
0,0,0.5101938
0,0,0.5005583
0,0,0.50361264
0,0,0.48763946
0,0,0.5006381
0,0,0.5027415
0,0,0.50690603
0,0,0.5051351
0,0,0.4973587
0,0,0.50941783
0,0,0.51942277
0,0,0.52274483
0,0,0.51781076
0,0,0.5195976
0,0,0.51727086
0,0,0.509253
0,0,0.5028815
0,0,0.48983297
0,0,0.49954277
0,0,0.48779616
0,0,0.4882638
0,0,0.4860183
0,0,0.4799468
0,0,0.4838769
0,0,0.49920145
0,0,0.500617
0,0,0.5168913
0,0,0.525122
0,0,0.52388936
0,0,0.51852125
0,0,0.52071345
0,0,0.5021475
0,0,0.4987352
0,0,0.48318258
0,0,0.49013332
0,0,0.47979817
0,0,0.48111552
0,0,0.48001254
0,0,0.48027435
0,0,0.48708603
0,0,0.49160996
0,0,0.4939271
0,0,0.5168672
0,0,0.5197887
0,0,0.52040464
0,0,0.5297136
0,0,0.5298437
0,0,0.51610017
0,0,0.49853083
0,0,0.4963005
0,0,0.48781562
0,0,0.47871238
0,0,0.48304367
0,0,0.48617116
0,0,0.5003722
0,0,0.5009141
0,0,0.5027189
0,0,0.49989232
0,0,0.4994282
0,0,0.49187654
0,0,0.51174283
0,0,0.50687224
0,0,0.5129191
0,0,0.5079271
0,0,0.5285719
0,0,0.51817864
0,0,0.52480745
0,0,0.5232764
0,0,0.5050581
0,0,0.511486
0,0,0.5172868
0,0,0.5121089
0,0,0.5071061
0,0,0.5003565
0,0,0.493492
0,0,0.48987868
0,0,0.48765182
0,0,0.4970564
0,0,0.50081855
0,0,0.4882757
0,0,0.48803926
0,0,0.51093113
0,0,0.50871646
0,0,0.5014242
0,0,0.5070598
0,0,0.5315894
0,0,0.50173163
0,0,0.4985105
0,0,0.48664853
0,0,0.48902297
0,0,0.47921315
0,0,0.4910137
0,0,0.4937239
0,0,0.4929425
0,0,0.50864625
0,0,0.50797987
0,0,0.51748174
0,0,0.5105751
0,0,0.50324947
0,0,0.48971075
0,0,0.48382333
0,0,0.4764037
0,0,0.47906193
0,0,0.47252053
0,0,0.4703765
0,0,0.4599855
0,0,0.4731316
0,0,0.46934652
0,0,0.48843777
0,0,0.485386
0,0,0.5026375
0,0,0.49811575
0,0,0.49017942
0,0,0.48863226
0,0,0.4820248
0,0,0.48124132
0,0,0.48758963
0,0,0.5074227
0,0,0.50520265
0,0,0.50085145
0,0,0.49545136
0,0,0.501967
0,0,0.5053195
0,0,0.5050849
0,0,0.4939115
0,0,0.49119473
0,0,0.49630132
0,0,0.52046394
0,0,0.52581745
0,0,0.4985641
0,0,0.5220135
0,0,0.50492287
0,0,0.497062
0,0,0.51133275
0,0,0.5218317
0,0,0.5091113
0,0,0.5046942
0,0,0.5002661
0,0,0.50986105
0,0,0.49992895
0,0,0.5001676
0,0,0.4819488
0,0,0.48938677
0,0,0.4919422
0,0,0.49519575
0,0,0.50592023
0,0,0.5245032
0,0,0.52804875
0,0,0.5374221
0,0,0.532432
0,0,0.51919925
0,0,0.5247599
0,0,0.5146924
0,0,0.50735676
0,0,0.50486636
0,0,0.51786256
0,0,0.5097247
0,0,0.5175812
0,0,0.50824517
0,0,0.50955224
0,0,0.5136173
0,0,0.49490032
0,0,0.4966649
0,0,0.482361
0,0,0.486979
0,0,0.4752747
0,0,0.4917073
0,0,0.49175093
0,0,0.5217067
0,0,0.5133323
0,0,0.5125223
0,0,0.51845616
0,0,0.5098912
0,0,0.49387795
0,0,0.49651986
0,0,0.50640523
0,0,0.48374864
0,0,0.48607594
0,0,0.48279297
0,0,0.49951434
0,0,0.5123743
0,0,0.5170842
0,0,0.513701
0,0,0.4877228
0,0,0.48407972
0,0,0.46243492
0,0,0.46039113
0,0,0.46351412
0,0,0.48565748
0,0,0.49638078
0,0,0.49521878
0,0,0.5040802
0,0,0.5043006
0,0,0.5022185
0,0,0.5092725
0,0,0.4951361
0,0,0.49991027
0,0,0.49053812
0,0,0.4929412
0,0,0.50098294
0,0,0.49352962
0,0,0.5022648
0,0,0.5114784
0,0,0.5270267
0,0,0.5350033
0,0,0.53589684
0,0,0.5304965
0,0,0.5354125
0,0,0.52443033
0,0,0.5113681
0,0,0.50828534
0,0,0.51184005
0,0,0.49741596
0,0,0.49831194
0,0,0.49821535
0,0,0.5065488
0,0,0.510909
0,0,0.51452243
0,0,0.5132536
0,0,0.50764406
0,0,0.5113449
0,0,0.50207996
0,0,0.51819867
0,0,0.51380235
0,0,0.5205093
0,0,0.5290782
0,0,0.5191837
0,0,0.5060705
0,0,0.5014788
0,0,0.5160396
0,0,0.49808607
0,0,0.49717778
0,0,0.49572283
0,0,0.4927903
0,0,0.4782596
0,0,0.48257706
0,0,0.49738666
0,0,0.5030918
0,0,0.5197707
0,0,0.52423143
0,0,0.52878326
0,0,0.52535164
0,0,0.5227128
0,0,0.5176046
0,0,0.5133043
0,0,0.5255541
0,0,0.50793314
0,0,0.5062989
0,0,0.5109677
0,0,0.522173
0,0,0.51182
0,0,0.51857084
0,0,0.51771665
0,0,0.5240072
0,0,0.5131477
0,0,0.50514
0,0,0.5114484
0,0,0.5170573
0,0,0.504333
0,0,0.4841223
0,0,0.5139022
0,0,0.49867198
0,0,0.49293458
0,0,0.48625004
0,0,0.48594725
0,0,0.4915423
0,0,0.47479102
0,0,0.49585447
0,0,0.5002471
0,0,0.5021904
0,0,0.5063927
0,0,0.50588316
0,0,0.5173525
0,0,0.5049443
0,0,0.49236837
0,0,0.48800287
0,0,0.5081379
0,0,0.4989956
0,0,0.49120417
0,0,0.5102901
0,0,0.50977534
0,0,0.51416457
0,0,0.50825834
0,0,0.5187785
0,0,0.5130297
0,0,0.50355226
0,0,0.5013285
0,0,0.5162797
0,0,0.5135359
0,0,0.5039108
0,0,0.5013518
0,0,0.5116788
0,0,0.51401633
0,0,0.5169728
0,0,0.50643057
0,0,0.5062443
0,0,0.5055448
0,0,0.5062807
0,0,0.49289677
0,0,0.49575788
0,0,0.4876466
0,0,0.48435616
0,0,0.4884397
0,0,0.4945942
0,0,0.5007381
0,0,0.49646288
0,0,0.514918
0,0,0.5045647
0,0,0.5239128
0,0,0.533424
0,0,0.5357743
0,0,0.5311401
0,0,0.5326206
0,0,0.5410724
0,0,0.5365403
0,0,0.52516
0,0,0.522072
0,0,0.51311547
0,0,0.49920493
0,0,0.49755323
0,0,0.49774572
0,0,0.49953812
0,0,0.51656055
0,0,0.5260593
0,0,0.53208834
0,0,0.5299336
0,0,0.518294
0,0,0.517712
0,0,0.52085567
0,0,0.5236035
0,0,0.51650995
0,0,0.51348114
0,0,0.51894015
0,0,0.5256037
0,0,0.50092465
0,0,0.49312532
0,0,0.49220932
0,0,0.49273416
0,0,0.5141009
0,0,0.5167105
0,0,0.5020971
0,0,0.5189879
0,0,0.5186299
0,0,0.5097265
0,0,0.49918094
0,0,0.5054798
0,0,0.51339287
0,0,0.50736403
0,0,0.5077176
0,0,0.51934993
0,0,0.52019924
0,0,0.5362582
0,0,0.52385163
0,0,0.51426107
0,0,0.5217036
0,0,0.5082156
0,0,0.49960864
0,0,0.48682907
0,0,0.4885461
0,0,0.48760033
0,0,0.4818763
0,0,0.49060726
0,0,0.49359643
0,0,0.4765817
0,0,0.4763432
0,0,0.48182943
0,0,0.49268508
0,0,0.48694345
0,0,0.48787236
0,0,0.51238513
0,0,0.5071157
0,0,0.50050694
0,0,0.5030773
0,0,0.5091082
0,0,0.49066356
0,0,0.5056059
0,0,0.5217965
0,0,0.51454
0,0,0.5092534
0,0,0.51509917
0,0,0.5161223
0,0,0.5087031
0,0,0.5080708
0,0,0.50412554
0,0,0.52250296
0,0,0.53338814
0,0,0.5275853
0,0,0.51871175
0,0,0.5030515
0,0,0.5052884
0,0,0.50762814
0,0,0.51004237
0,0,0.5005401
0,0,0.501684
0,0,0.50511914
0,0,0.5134549
0,0,0.5123273
0,0,0.51748306
0,0,0.52658844
0,0,0.51172197
0,0,0.5024055
0,0,0.5130632
0,0,0.503831
0,0,0.50623983
0,0,0.51240367
0,0,0.50726056
0,0,0.504621
0,0,0.49002984
0,0,0.47998217
0,0,0.46427295
0,0,0.4575756
0,0,0.45096973
0,0,0.45040363
0,0,0.45434284
0,0,0.4806307
0,0,0.48129013
0,0,0.4935916
0,0,0.5077647
0,0,0.5022739
0,0,0.4848116
0,0,0.48908696
0,0,0.49147284
0,0,0.48367068
0,0,0.5073862
0,0,0.5028543
0,0,0.5063811
0,0,0.5042112
0,0,0.510751
0,0,0.51111835
0,0,0.5126726
0,0,0.5039456
0,0,0.513978
0,0,0.51453036
0,0,0.514372
0,0,0.4994746
0,0,0.50843436
0,0,0.5025639
0,0,0.5143816
0,0,0.5213852
0,0,0.4981558
0,0,0.5114746
0,0,0.52274203
0,0,0.5179184
0,0,0.50654274
0,0,0.5060419
0,0,0.50438756
0,0,0.5043074
0,0,0.5163077
0,0,0.5279661
0,0,0.5231537
0,0,0.52847177
0,0,0.5218578
0,0,0.5076116
0,0,0.505823
0,0,0.5001085
0,0,0.4866571
0,0,0.4840918
0,0,0.4972795
0,0,0.5023573
0,0,0.48230848
0,0,0.48150888
0,0,0.49202782
0,0,0.48413023
0,0,0.49515378
0,0,0.48948467
0,0,0.5082931
0,0,0.50695896
0,0,0.5037893
0,0,0.51085675
0,0,0.5158307
0,0,0.5085608
0,0,0.51337916
0,0,0.5068432
0,0,0.515389
0,0,0.51095706
0,0,0.5166593
0,0,0.52451164
0,0,0.5272875
0,0,0.520506
0,0,0.52403545
0,0,0.5100882
0,0,0.49451593
0,0,0.4972183
0,0,0.49928257
0,0,0.5143342
0,0,0.51395154
0,0,0.5003311
0,0,0.51413244
0,0,0.52834713
0,0,0.5240936
0,0,0.523073
0,0,0.52103674
0,0,0.5026448
0,0,0.5019434
0,0,0.504237
0,0,0.50519174
0,0,0.4969763
0,0,0.5099513
0,0,0.5136522
0,0,0.5116427
0,0,0.50291914
0,0,0.50403386
0,0,0.5185711
0,0,0.52218723
0,0,0.5194966
0,0,0.52066386
0,0,0.51422155
0,0,0.51421726
0,0,0.52024734
0,0,0.5053275
0,0,0.50590515
0,0,0.49518675
0,0,0.5092429
0,0,0.50603634
0,0,0.5136027
0,0,0.5060287
0,0,0.51549387
0,0,0.5065018
0,0,0.4966691
0,0,0.4912884
0,0,0.5095114
0,0,0.50212675
0,0,0.49914226
0,0,0.49791878
0,0,0.48588413
0,0,0.49914673
0,0,0.51410085
0,0,0.50816435
0,0,0.50146526
0,0,0.4985551
0,0,0.48895672
0,0,0.49229023
0,0,0.50481033
0,0,0.4968768
0,0,0.49985924
0,0,0.5177199
0,0,0.5055992
0,0,0.4846985
0,0,0.50211
0,0,0.50311166
0,0,0.50028646
0,0,0.501433
0,0,0.5146238
0,0,0.5192464
0,0,0.52089643
0,0,0.511629
0,0,0.5197462
0,0,0.5190916
0,0,0.52937204
0,0,0.52862364
0,0,0.5218649
0,0,0.51940143
0,0,0.5341302
0,0,0.5248031
0,0,0.5258378
0,0,0.5152599
0,0,0.5103468
0,0,0.51154387
0,0,0.497776
0,0,0.49848682
0,0,0.4917023
0,0,0.49054867
0,0,0.48656532
0,0,0.48978886
0,0,0.48147827
0,0,0.4850692
0,0,0.49136254
0,0,0.50008804
0,0,0.50661147
0,0,0.5060103
0,0,0.50075257
0,0,0.51896113
0,0,0.5241323
0,0,0.5144001
0,0,0.5238175
0,0,0.5353458
0,0,0.5199816
0,0,0.53237975
0,0,0.5221994
0,0,0.5226228
0,0,0.52914923
0,0,0.5258509
0,0,0.5272228
0,0,0.5170845
0,0,0.51643074
0,0,0.5096352
0,0,0.5121704
0,0,0.5146537
0,0,0.5132686
0,0,0.52977383
0,0,0.5152869
0,0,0.5110467
0,0,0.5068644
0,0,0.5252914
0,0,0.5169692
0,0,0.49409544
0,0,0.51222587
0,0,0.5036665
0,0,0.49552137
0,0,0.48632443
0,0,0.49607074
0,0,0.48810455
0,0,0.5017334
0,0,0.5159543
0,0,0.5141747
0,0,0.5070138
0,0,0.49614975
0,0,0.4967653
0,0,0.49596915
0,0,0.50373656
0,0,0.5089134
0,0,0.5180007
0,0,0.51909035
0,0,0.52258015
0,0,0.51651645
0,0,0.5194068
0,0,0.51953864
0,0,0.52583206
0,0,0.53024775
0,0,0.52197814
0,0,0.51503175
0,0,0.5157423
0,0,0.50469327
0,0,0.50143874
0,0,0.4928886
0,0,0.4915472
0,0,0.48760948
0,0,0.50050086
0,0,0.49079314
0,0,0.48820457
0,0,0.49976623
0,0,0.5066537
0,0,0.49853718
0,0,0.50730157
0,0,0.5073509
0,0,0.51761484
0,0,0.51756275
0,0,0.5185654
0,0,0.5242635
0,0,0.52469647
0,0,0.5331252
0,0,0.5211577
0,0,0.5355445
0,0,0.51412964
0,0,0.5175438
0,0,0.5117449
0,0,0.509713
0,0,0.5091567
0,0,0.51109004
0,0,0.5023117
0,0,0.48962015
0,0,0.48275584
0,0,0.49198893
0,0,0.48053107
0,0,0.4964719
0,0,0.48455542
0,0,0.48854312
0,0,0.48406732
0,0,0.4865581
0,0,0.50568545
0,0,0.49790984
0,0,0.4926439
0,0,0.50214493
0,0,0.51031256
0,0,0.4993169
0,0,0.50416493
0,0,0.5155362
0,0,0.5167491
0,0,0.52635247
0,0,0.5168408
0,0,0.5236029
0,0,0.5272769
0,0,0.5321613
0,0,0.5204142
0,0,0.51682204
0,0,0.52326506
0,0,0.5207103
0,0,0.49713883
0,0,0.50092745
0,0,0.4967909
0,0,0.49076772
0,0,0.48459092
0,0,0.49612543
0,0,0.49502626
0,0,0.49122855
0,0,0.49204525
0,0,0.50138104
0,0,0.50569046
0,0,0.5381068
0,0,0.5308191
0,0,0.5342958
0,0,0.53651875
0,0,0.5282689
0,0,0.52301866
0,0,0.5270676
0,0,0.5240802
0,0,0.5134788
0,0,0.4982371
0,0,0.5215552
0,0,0.5097749
0,0,0.5117976
0,0,0.51007885
0,0,0.51195645
0,0,0.5068765
0,0,0.5015634
0,0,0.49995565
0,0,0.5069987
0,0,0.508048
0,0,0.50036365
0,0,0.49934918
0,0,0.4987652
0,0,0.5057115
0,0,0.517506
0,0,0.5016615
0,0,0.50856185
0,0,0.5253092
0,0,0.51309264
0,0,0.507883
0,0,0.51249975
0,0,0.5254189
0,0,0.52446884
0,0,0.5253401
0,0,0.51191413
0,0,0.5061875
0,0,0.5028813
0,0,0.49743876
0,0,0.4947481
0,0,0.5004078
0,0,0.4945547
0,0,0.49195948
0,0,0.4920201
0,0,0.49554777
0,0,0.49476516
0,0,0.498086
0,0,0.5027152
0,0,0.5035035
0,0,0.511375
0,0,0.517868
0,0,0.533949
0,0,0.5319339
0,0,0.5217274
0,0,0.5178282
0,0,0.5099599
0,0,0.50984836
0,0,0.5064162
0,0,0.48680583
0,0,0.50280637
0,0,0.5057525
0,0,0.5156717
0,0,0.4950956
0,0,0.48873994
0,0,0.49159226
0,0,0.48772475
0,0,0.48362526
0,0,0.48555717
0,0,0.50738686
0,0,0.50043386
0,0,0.50199896
0,0,0.5015102
0,0,0.5000157
0,0,0.4882332
0,0,0.49364266
0,0,0.49347168
0,0,0.4999467
0,0,0.50254357
0,0,0.5158175
0,0,0.51267713
0,0,0.51482195
0,0,0.5204189
0,0,0.5074561
0,0,0.5048235
0,0,0.49113652
0,0,0.4972119
0,0,0.49646616
0,0,0.49934947
0,0,0.4882274
0,0,0.49190387
0,0,0.47543126
0,0,0.46929374
0,0,0.46847987
0,0,0.47237653
0,0,0.46342638
0,0,0.4760582
0,0,0.48904508
0,0,0.49070966
0,0,0.5072196
0,0,0.5143381
0,0,0.51644075
0,0,0.5234609
0,0,0.5355155
0,0,0.5234329
0,0,0.5168558
0,0,0.50087607
0,0,0.49295816
0,0,0.49513197
0,0,0.48902547
0,0,0.4958323
0,0,0.4943382
0,0,0.49109557
0,0,0.4975111
0,0,0.4984197
0,0,0.47144482
0,0,0.4825434
0,0,0.47551706
0,0,0.46591452
0,0,0.48045585
0,0,0.4912624
0,0,0.48129457
0,0,0.4725953
0,0,0.4804493
0,0,0.4868607
0,0,0.487842
0,0,0.5009419
0,0,0.5189289
0,0,0.53076965
0,0,0.523794
0,0,0.5222386
0,0,0.5287062
0,0,0.51433945
0,0,0.5102067
0,0,0.5039166
0,0,0.49591255
0,0,0.49382573
0,0,0.49257794
0,0,0.48789313
0,0,0.5160217
0,0,0.5165995
0,0,0.51688206
0,0,0.49837795
0,0,0.49499115
0,0,0.47662774
0,0,0.4619806
0,0,0.46067187
0,0,0.4611348
0,0,0.46845633
0,0,0.49932748
0,0,0.5046516
0,0,0.5108031
0,0,0.5138352
0,0,0.5029097
0,0,0.49390176
0,0,0.50247896
0,0,0.5048307
0,0,0.5014522
0,0,0.5040888
0,0,0.5069365
0,0,0.5064237
0,0,0.5226455
0,0,0.51708764
0,0,0.51019347
0,0,0.51382893
0,0,0.51266927
0,0,0.5114635
0,0,0.50692785
0,0,0.5152991
0,0,0.5195715
0,0,0.5132908
0,0,0.51451457
0,0,0.52730185
0,0,0.5049601
0,0,0.48363948
0,0,0.48519066
0,0,0.4760262
0,0,0.4858026
0,0,0.5027034
0,0,0.49452904
0,0,0.48697704
0,0,0.4968808
0,0,0.49770993
0,0,0.51572436
0,0,0.5153662
0,0,0.52922165
0,0,0.52195793
0,0,0.5356449
0,0,0.53078264
0,0,0.53423065
0,0,0.52802753
0,0,0.5245702
0,0,0.5237936
0,0,0.52013123
0,0,0.5115983
0,0,0.50927615
0,0,0.4923634
0,0,0.49823174
0,0,0.48508424
0,0,0.48858136
0,0,0.4875503
0,0,0.4941823
0,0,0.49938646
0,0,0.5207752
0,0,0.5023419
0,0,0.49391007
0,0,0.49205658
0,0,0.49481174
0,0,0.49648255
0,0,0.4959489
0,0,0.5172148
0,0,0.50950414
0,0,0.51794976
0,0,0.4956607
0,0,0.4992964
0,0,0.49038705
0,0,0.49407053
0,0,0.503246
0,0,0.5144729
0,0,0.50547284
0,0,0.49525476
0,0,0.49877253
0,0,0.5015892
0,0,0.47920862
0,0,0.48233694
0,0,0.48476097
0,0,0.5039607
0,0,0.4872597
0,0,0.49707794
0,0,0.49291286
0,0,0.49080458
0,0,0.5041575
0,0,0.49834976
0,0,0.512853
0,0,0.52454895
0,0,0.51935786
0,0,0.5123135
0,0,0.51170707
0,0,0.52056193
0,0,0.5137284
0,0,0.5007107
0,0,0.49543253
0,0,0.48564538
0,0,0.4987799
0,0,0.48999435
0,0,0.49279362
0,0,0.5143887
0,0,0.5101093
0,0,0.50270283
0,0,0.5043485
0,0,0.5104063
0,0,0.50360227
0,0,0.5109856
0,0,0.5047853
0,0,0.49235103
0,0,0.48680362
0,0,0.4818736
0,0,0.46172953
0,0,0.4509848
0,0,0.4460749
0,0,0.46244103
0,0,0.46639073
0,0,0.47187176
0,0,0.46443704
0,0,0.4922573
0,0,0.51846
0,0,0.51759017
0,0,0.5292749
0,0,0.51411617
0,0,0.5046823
0,0,0.512266
0,0,0.49907285
0,0,0.49986282
0,0,0.49580833
0,0,0.52349544
0,0,0.51247543
0,0,0.5092824
0,0,0.5046727
0,0,0.5109401
0,0,0.51695037
0,0,0.5095537
0,0,0.5134346
0,0,0.5174703
0,0,0.51771903
0,0,0.50787115
0,0,0.5137014
0,0,0.5002282
0,0,0.5009761
0,0,0.49143243
0,0,0.496519
0,0,0.4957654
0,0,0.488313
0,0,0.49731305
0,0,0.5066794
0,0,0.4921709
0,0,0.48042607
0,0,0.4924957
0,0,0.5021878
0,0,0.5028355
0,0,0.5056265
0,0,0.5093726
0,0,0.50789666
0,0,0.50170296
0,0,0.50713646
0,0,0.50245434
0,0,0.4849198
0,0,0.48906013
0,0,0.49821633
0,0,0.4979646
0,0,0.50312746
0,0,0.5039563
0,0,0.49558765
0,0,0.49831283
0,0,0.5183159
0,0,0.500621
0,0,0.50109935
0,0,0.5078904
0,0,0.50631
0,0,0.4911742
0,0,0.48683572
0,0,0.4864692
0,0,0.48381522
0,0,0.48104125
0,0,0.50495905
0,0,0.5176794
0,0,0.5109235
0,0,0.5349664
0,0,0.5338636
0,0,0.5302585
0,0,0.5387819
0,0,0.52672327
0,0,0.5202649
0,0,0.51153034
0,0,0.51802045
0,0,0.5101375
0,0,0.52979964
0,0,0.5082643
0,0,0.48522475
0,0,0.472907
0,0,0.48263392
0,0,0.46926776
0,0,0.48752496
0,0,0.48919407
0,0,0.509922
0,0,0.49944475
0,0,0.49687856
0,0,0.48499763
0,0,0.49482015
0,0,0.49189812
0,0,0.49254364
0,0,0.5034824
0,0,0.5068542
0,0,0.511965
0,0,0.52165383
0,0,0.5153659
0,0,0.50493675
0,0,0.5053101
0,0,0.50173944
0,0,0.48214507
0,0,0.4692472
0,0,0.46916956
0,0,0.46235335
0,0,0.45850456
0,0,0.46328148
0,0,0.47405794
0,0,0.47923172
0,0,0.49478275
0,0,0.49205887
0,0,0.4945811
0,0,0.4975217
0,0,0.50362605
0,0,0.5070812
0,0,0.50701666
0,0,0.50958705
0,0,0.50106853
0,0,0.49062786
0,0,0.48334372
0,0,0.4914041
0,0,0.49342227
0,0,0.5070941
0,0,0.49388808
0,0,0.4932632
0,0,0.5081439
0,0,0.50354004
0,0,0.50938374
0,0,0.51962173
0,0,0.519136
0,0,0.51881856
0,0,0.5222859
0,0,0.5190021
0,0,0.50018495
0,0,0.4993298
0,0,0.5063729
0,0,0.50238997
0,0,0.4965618
0,0,0.5015519
0,0,0.50626147
0,0,0.5127327
0,0,0.5006202
0,0,0.49625745
0,0,0.50532305
0,0,0.4948832
0,0,0.5034197
0,0,0.50329334
0,0,0.5116132
0,0,0.5086224
0,0,0.49978754
0,0,0.49056336
0,0,0.49718827
0,0,0.49684772
0,0,0.5025543
0,0,0.5107791
0,0,0.518385
0,0,0.5145635
0,0,0.52601236
0,0,0.51431483
0,0,0.524909
0,0,0.5231114
0,0,0.51143664
0,0,0.52278703
0,0,0.5130388
0,0,0.49761793
0,0,0.50238895
0,0,0.50896746
0,0,0.49301398
0,0,0.50917417
0,0,0.51420957
0,0,0.50901586
0,0,0.50744206
0,0,0.49733105
0,0,0.50540125
0,0,0.49553576
0,0,0.49581954
0,0,0.486538
0,0,0.49782783
0,0,0.5215841
0,0,0.5169163
0,0,0.51315206
0,0,0.5135142
0,0,0.5019038
0,0,0.5132469
0,0,0.49964073
0,0,0.5075993
0,0,0.49326345
0,0,0.48678896
0,0,0.49134526
0,0,0.48319837
0,0,0.48553178
0,0,0.47608504
0,0,0.48496857
0,0,0.48686895
0,0,0.50367796
0,0,0.5137331
0,0,0.5005124
0,0,0.50961745
0,0,0.5032542
0,0,0.5137401
0,0,0.50431806
0,0,0.506651
0,0,0.5011371
0,0,0.4935107
0,0,0.5081768
0,0,0.5002253
0,0,0.5003856
0,0,0.50331604
0,0,0.5310731
0,0,0.50933486
0,0,0.5059268
0,0,0.4940846
0,0,0.4909828
0,0,0.48354638
0,0,0.49298957
0,0,0.488617
0,0,0.49147037
0,0,0.50169754
0,0,0.488835
0,0,0.47043046
0,0,0.4811904
0,0,0.47322297
0,0,0.4877434
0,0,0.46835446
0,0,0.4801713
0,0,0.48116845
0,0,0.49392843
0,0,0.48795158
0,0,0.47911632
0,0,0.47367787
0,0,0.49700952
0,0,0.5013126
0,0,0.51657355
0,0,0.5263365
0,0,0.52389073
0,0,0.5270448
0,0,0.5136885
0,0,0.5152991
0,0,0.5225903
0,0,0.5112037
0,0,0.5230288
0,0,0.5175121
0,0,0.51180184
0,0,0.517841
0,0,0.5102557
0,0,0.5137003
0,0,0.5055927
0,0,0.5143005
0,0,0.5168726
0,0,0.5199023
0,0,0.5191228
0,0,0.523556
0,0,0.51621115
0,0,0.5266916
0,0,0.51382434
0,0,0.5142245
0,0,0.50190413
0,0,0.50107694
0,0,0.501926
0,0,0.5110879
0,0,0.50331396
0,0,0.5158467
0,0,0.50696343
0,0,0.50896287
0,0,0.519228
0,0,0.522026
0,0,0.50982517
0,0,0.49441576
0,0,0.48682398
0,0,0.50339466
0,0,0.4912025
0,0,0.5117308
0,0,0.51910937
0,0,0.511816
0,0,0.51303196
0,0,0.50962794
0,0,0.51307887
0,0,0.52207655
0,0,0.52670807
0,0,0.49916503
0,0,0.5033838
0,0,0.5047056
0,0,0.4951705
0,0,0.48322222
0,0,0.49274945
0,0,0.4872026
0,0,0.50776577
0,0,0.5242249
0,0,0.5147872
0,0,0.5194098
0,0,0.5130166
0,0,0.5175228
0,0,0.51081675
0,0,0.5152535
0,0,0.4924508
0,0,0.49511707
0,0,0.49826056
0,0,0.49445033
0,0,0.48472857
0,0,0.48650616
0,0,0.4831237
0,0,0.47738895
0,0,0.4709728
0,0,0.4929231
0,0,0.4966058
0,0,0.5159221
0,0,0.510315
0,0,0.51656777
0,0,0.5256683
0,0,0.51853895
0,0,0.5122074
0,0,0.52199745
0,0,0.51166785
0,0,0.5089508
0,0,0.5277573
0,0,0.5232471
0,0,0.51262736
0,0,0.5125282
0,0,0.50454503
0,0,0.50184083
0,0,0.5079704
0,0,0.5088824
0,0,0.5107132
0,0,0.51158947
0,0,0.5013979
0,0,0.5017123
0,0,0.51291573
0,0,0.51909345
0,0,0.51373404
0,0,0.5154067
0,0,0.52268445
0,0,0.51515436
0,0,0.5055725
0,0,0.5177535
0,0,0.5197502
0,0,0.514206
0,0,0.5207838
0,0,0.52307653
0,0,0.52168304
0,0,0.5162703
0,0,0.5318261
0,0,0.5295179
0,0,0.5234144
0,0,0.512047
0,0,0.50784075
0,0,0.50197154
0,0,0.5077856
0,0,0.49914673
0,0,0.4934819
0,0,0.48505348
0,0,0.5047194
0,0,0.49135
0,0,0.5036058
0,0,0.50924045
0,0,0.5033474
0,0,0.5096276
0,0,0.50411683
0,0,0.4952968
0,0,0.51007974
0,0,0.49903625
0,0,0.5154218
0,0,0.51739824
0,0,0.53640497
0,0,0.52617323
0,0,0.5267903
0,0,0.5096475
0,0,0.51147884
0,0,0.50512284
0,0,0.49126568
0,0,0.5012148
0,0,0.48677257
0,0,0.48501563
0,0,0.49924922
0,0,0.4895482
0,0,0.49997342
0,0,0.5066463
0,0,0.5217254
0,0,0.52095354
0,0,0.5096431
0,0,0.5247764
0,0,0.53218573
0,0,0.5223044
0,0,0.5356453
0,0,0.52644086
0,0,0.5223581
0,0,0.51693046
0,0,0.5096069
0,0,0.50638694
0,0,0.49947354
0,0,0.49700055
0,0,0.48786226
0,0,0.49752668
0,0,0.48366335
0,0,0.48315424
0,0,0.4870915
0,0,0.50495327
0,0,0.5082769
0,0,0.5093368
0,0,0.5108666
0,0,0.51283103
0,0,0.50390464
0,0,0.5094503
0,0,0.5119967
0,0,0.51428896
0,0,0.4969733
0,0,0.48997137
0,0,0.4975871
0,0,0.4794977
0,0,0.48258117
0,0,0.48645687
0,0,0.49940133
0,0,0.49857914
0,0,0.52915335
0,0,0.5075162
0,0,0.49950898
0,0,0.49445936
0,0,0.5123443
0,0,0.50484425
0,0,0.50763977
0,0,0.5036233
0,0,0.50057137
0,0,0.49570397
0,0,0.49714383
0,0,0.4995162
0,0,0.4938338
0,0,0.48246855
0,0,0.46869063
0,0,0.45949948
0,0,0.45346832
0,0,0.45546576
0,0,0.4804634
0,0,0.5095386
0,0,0.5244992
0,0,0.5283835
0,0,0.523062
0,0,0.53199196
0,0,0.5308481
0,0,0.53227025
0,0,0.5272392
0,0,0.52817726
0,0,0.5290386
0,0,0.51863414
0,0,0.5065207
0,0,0.51682574
0,0,0.535934
0,0,0.5286227
0,0,0.5247916
0,0,0.5219693
0,0,0.5149096
0,0,0.5175736
0,0,0.51697826
0,0,0.50610775
0,0,0.49641138
0,0,0.5150507
0,0,0.5273205
0,0,0.5161059
0,0,0.5145097
0,0,0.5052872
0,0,0.50739706
0,0,0.50555414
0,0,0.4996324
0,0,0.5078276
0,0,0.49994862
0,0,0.50595975
0,0,0.50765604
0,0,0.52567154
0,0,0.5206583
0,0,0.5192531
0,0,0.5131425
0,0,0.5177972
0,0,0.5183666
0,0,0.50971246
0,0,0.5136767
0,0,0.51916605
0,0,0.52795976
0,0,0.51096386
0,0,0.52529144
0,0,0.52188396
0,0,0.49813405
0,0,0.5032295
0,0,0.5090219
0,0,0.51829773
0,0,0.5140596
0,0,0.51088184
0,0,0.5091894
0,0,0.5012607
0,0,0.5004294
0,0,0.48904738
0,0,0.49812096
0,0,0.5085897
0,0,0.5020834
0,0,0.5035757
0,0,0.49971417
0,0,0.48220125
0,0,0.4978595
0,0,0.47825608
0,0,0.47877035
0,0,0.4734631
0,0,0.47098222
0,0,0.4821181
0,0,0.4765071
0,0,0.47167778
0,0,0.48281124
0,0,0.47851565
0,0,0.4743225
0,0,0.48758516
0,0,0.485885
0,0,0.49852937
0,0,0.50283754
0,0,0.52004015
0,0,0.52918524
0,0,0.5312931
0,0,0.5213232
0,0,0.5120271
0,0,0.50516576
0,0,0.4965268
0,0,0.48548567
0,0,0.50195885
0,0,0.5050623
0,0,0.51407766
0,0,0.5096846
0,0,0.5104344
0,0,0.50150716
0,0,0.5046193
0,0,0.50130963
0,0,0.50352997
0,0,0.4938401
0,0,0.49237752
0,0,0.50836843
0,0,0.5072318
0,0,0.5097772
0,0,0.499008
0,0,0.50163144
0,0,0.50250465
0,0,0.5172952
0,0,0.5147878
0,0,0.50379026
0,0,0.5000257
0,0,0.4962049
0,0,0.48804903
0,0,0.495936
0,0,0.49711242
0,0,0.49963775
0,0,0.51565737
0,0,0.51228565
0,0,0.5102496
0,0,0.51082706
0,0,0.51064634
0,0,0.5138001
0,0,0.5131791
0,0,0.49589467
0,0,0.49401617
0,0,0.4872299
0,0,0.47889334
0,0,0.4751413
0,0,0.4821156
0,0,0.47710776
0,0,0.4870528
0,0,0.47998095
0,0,0.483112
0,0,0.5052527
0,0,0.506556
0,0,0.50446135
0,0,0.5040616
0,0,0.5106276
0,0,0.50542873
0,0,0.5108949
0,0,0.51682436
0,0,0.519262
0,0,0.5299988
0,0,0.52313834
0,0,0.53164583
0,0,0.5201962
0,0,0.51706684
0,0,0.5080669
0,0,0.49951148
0,0,0.49889463
0,0,0.50437576
0,0,0.4922025
0,0,0.49555075
0,0,0.49846515
0,0,0.52070373
0,0,0.5208961
0,0,0.5311722
0,0,0.5243208
0,0,0.5399304
0,0,0.5323418
0,0,0.5196497
0,0,0.5283817
0,0,0.5086841
0,0,0.5063408
0,0,0.5189055
0,0,0.49838364
0,0,0.48693702
0,0,0.49969834
0,0,0.51232284
0,0,0.5195158
0,0,0.518866
0,0,0.52443516
0,0,0.534744
0,0,0.53066534
0,0,0.52766407
0,0,0.5213482
0,0,0.5169792
0,0,0.50634164
0,0,0.5020396
0,0,0.50338924
0,0,0.50016063
0,0,0.5091102
0,0,0.5080543
0,0,0.51389366
0,0,0.51902115
0,0,0.5207939
0,0,0.5074119
0,0,0.5189793
0,0,0.49994588
0,0,0.49012277
0,0,0.48572478
0,0,0.49207377
0,0,0.49450818
0,0,0.5017332
0,0,0.52380747
0,0,0.5218595
0,0,0.52782494
0,0,0.53116226
0,0,0.5272234
0,0,0.5216157
0,0,0.52052194
0,0,0.5235546
0,0,0.5091377
0,0,0.5253953
0,0,0.50470984
0,0,0.5034527
0,0,0.49996674
0,0,0.50257665
0,0,0.51123637
0,0,0.50581115
0,0,0.51351905
0,0,0.51997346
0,0,0.5130713
0,0,0.51210153
0,0,0.50816447
0,0,0.5086786
0,0,0.49950635
0,0,0.5045397
0,0,0.50022084
0,0,0.4827816
0,0,0.47546768
0,0,0.47155282
0,0,0.4686255
0,0,0.47224045
0,0,0.47571242
0,0,0.4879252
0,0,0.50730145
0,0,0.5063028
0,0,0.51571745
0,0,0.5204036
0,0,0.5272925
0,0,0.52507055
0,0,0.52268106
0,0,0.5294742
0,0,0.5137594
0,0,0.5096947
0,0,0.49801886
0,0,0.5138181
0,0,0.52192634
0,0,0.50486267
0,0,0.52729744
0,0,0.52744406
0,0,0.513825
0,0,0.5142474
0,0,0.51500833
0,0,0.50620127
0,0,0.50037485
0,0,0.5084885
0,0,0.5044487
0,0,0.4961612
0,0,0.51072615
0,0,0.51625806
0,0,0.5280836
0,0,0.52138627
0,0,0.51192653
0,0,0.5025893
0,0,0.50741583
0,0,0.5157179
0,0,0.51832604
0,0,0.5050992
0,0,0.52199835
0,0,0.5193144
0,0,0.5179193
0,0,0.52434903
0,0,0.51472974
0,0,0.5131103
0,0,0.514024
0,0,0.5059662
0,0,0.50026774
0,0,0.4971647
0,0,0.49746317
0,0,0.5021961
0,0,0.5144707
0,0,0.507489
0,0,0.5014329
0,0,0.50023323
0,0,0.4940654
0,0,0.48331833
0,0,0.49406826
0,0,0.48415136
0,0,0.47996008
0,0,0.49006996
0,0,0.4812225
0,0,0.48824126
0,0,0.47812155
0,0,0.4991753
0,0,0.49160695
0,0,0.4993286
0,0,0.49324235
0,0,0.49991918
0,0,0.51013833
0,0,0.52057606
0,0,0.52252144
0,0,0.50284743
0,0,0.50226164
0,0,0.48712716
0,0,0.49095148
0,0,0.49904552
0,0,0.50456315
0,0,0.49902558
0,0,0.49439177
0,0,0.50962585
0,0,0.50608534
0,0,0.50239414
0,0,0.5015174
0,0,0.4938633
0,0,0.49993682
0,0,0.49937767
0,0,0.49575722
0,0,0.52283025
0,0,0.5160803
0,0,0.51558053
0,0,0.5130201
0,0,0.5024761
0,0,0.52261907
0,0,0.5095775
0,0,0.51647174
0,0,0.5136629
0,0,0.5145388
0,0,0.52171797
0,0,0.51322156
0,0,0.5118935
0,0,0.5056175
0,0,0.50779045
0,0,0.49814633
0,0,0.50113785
0,0,0.495671
0,0,0.48073927
0,0,0.47322842
0,0,0.4784011
0,0,0.49068916
0,0,0.5132131
0,0,0.5213843
0,0,0.5347191
0,0,0.5215065
0,0,0.5209446
0,0,0.5197433
0,0,0.5021347
0,0,0.5020662
0,0,0.50582147
0,0,0.50814
0,0,0.5192893
0,0,0.5253385
0,0,0.5229501
0,0,0.5126682
0,0,0.51787716
0,0,0.52015525
0,0,0.51370084
0,0,0.5008433
0,0,0.5029281
0,0,0.5231334
0,0,0.50739986
0,0,0.5072639
0,0,0.5045232
0,0,0.49969107
0,0,0.493676
0,0,0.4923593
0,0,0.4804232
0,0,0.4713453
0,0,0.48934847
0,0,0.49279448
0,0,0.5019277
0,0,0.521769
0,0,0.5017377
0,0,0.50335664
0,0,0.49724132
0,0,0.48841622
0,0,0.49083564
0,0,0.48307556
0,0,0.47359008
0,0,0.48446128
0,0,0.4983828
0,0,0.48649082
0,0,0.49690336
0,0,0.5054177
0,0,0.50501275
0,0,0.49852628
0,0,0.50485504
0,0,0.5171154
0,0,0.5270803
0,0,0.52834445
0,0,0.5378962
0,0,0.52767324
0,0,0.5327317
0,0,0.52678394
0,0,0.5192693
0,0,0.49969894
0,0,0.51048523
0,0,0.5015161
0,0,0.49490845
0,0,0.5049711
0,0,0.52324903
0,0,0.5407006
0,0,0.53090596
0,0,0.54576147
0,0,0.53914213
0,0,0.52081895
0,0,0.511798
0,0,0.51781654
0,0,0.506464
0,0,0.5076248
0,0,0.5146801
0,0,0.5139002
0,0,0.50595206
0,0,0.5019588
0,0,0.49408123
0,0,0.49384573
0,0,0.50758874
0,0,0.51889855
0,0,0.52482855
0,0,0.5345805
0,0,0.53058434
0,0,0.52824104
0,0,0.5196864
0,0,0.51650333
0,0,0.5331917
0,0,0.53665763
0,0,0.534227
0,0,0.54372686
0,0,0.5253595
0,0,0.5212473
0,0,0.5194035
0,0,0.51072127
0,0,0.49567193
0,0,0.5199009
0,0,0.52667
0,0,0.52863514
0,0,0.5289863
0,0,0.52230257
0,0,0.5395549
0,0,0.52059007
0,0,0.51522475
0,0,0.49381703
0,0,0.49816084
0,0,0.4825351
0,0,0.48583862
0,0,0.4872789
0,0,0.48724377
0,0,0.490875
0,0,0.50751036
0,0,0.51375186
0,0,0.5138705
0,0,0.5077885
0,0,0.51463526
0,0,0.50584424
0,0,0.5114612
0,0,0.5187023
0,0,0.50882095
0,0,0.5145854
0,0,0.5248148
0,0,0.52935874
0,0,0.5046593
0,0,0.49416447
0,0,0.48165852
0,0,0.47055942
0,0,0.47018963
0,0,0.46717545
0,0,0.47995162
0,0,0.47888392
0,0,0.49344248
0,0,0.50132614
0,0,0.4999504
0,0,0.5053199
0,0,0.51319826
0,0,0.49777737
0,0,0.5049343
0,0,0.50061136
0,0,0.48608404
0,0,0.49859568
0,0,0.48620057
0,0,0.4686631
0,0,0.48409453
0,0,0.49700302
0,0,0.48025268
0,0,0.48535877
0,0,0.48851815
0,0,0.4942316
0,0,0.48409057
0,0,0.50004476
0,0,0.4994444
0,0,0.51447916
0,0,0.52227616
0,0,0.50597465
0,0,0.51034385
0,0,0.5109683
0,0,0.520678
0,0,0.5298243
0,0,0.5164402
0,0,0.50108427
0,0,0.51498246
0,0,0.5237654
0,0,0.5236213
0,0,0.5337269
0,0,0.51848215
0,0,0.5188421
0,0,0.5184356
0,0,0.5201929
0,0,0.5230992
0,0,0.53684354
0,0,0.5293428
0,0,0.52837366
0,0,0.5255285
0,0,0.53078073
0,0,0.52637213
0,0,0.5194068
0,0,0.5168924
0,0,0.52034575
0,0,0.5070792
0,0,0.51071376
0,0,0.5131458
0,0,0.52610165
0,0,0.5191176
0,0,0.51428413
0,0,0.5224056
0,0,0.5146189
0,0,0.50937414
0,0,0.499574
0,0,0.5114653
0,0,0.5098942
0,0,0.5220541
0,0,0.51092386
0,0,0.52364105
0,0,0.5071891
0,0,0.5091035
0,0,0.5203681
0,0,0.5248036
0,0,0.5110827
0,0,0.5157999
0,0,0.5239551
0,0,0.52205783
0,0,0.52244794
0,0,0.5145371
0,0,0.51137435
0,0,0.5113342
0,0,0.51131904
0,0,0.5122549
0,0,0.51165056
0,0,0.5108956
0,0,0.51876056
0,0,0.5102012
0,0,0.5128963
0,0,0.5000981
0,0,0.5046268
0,0,0.5036421
0,0,0.5145231
0,0,0.51598954
0,0,0.5127802
0,0,0.51872915
0,0,0.5205183
0,0,0.50243896
0,0,0.5042216
0,0,0.51508003
0,0,0.5161508
0,0,0.5064293
0,0,0.52594143
0,0,0.5149647
0,0,0.53185827
0,0,0.5131169
0,0,0.51039505
0,0,0.50779104
0,0,0.51201034
0,0,0.5076158
0,0,0.5060577
0,0,0.5131254
0,0,0.5157479
0,0,0.50529367
0,0,0.50707436
0,0,0.50720453
0,0,0.501228
0,0,0.49692932
0,0,0.49267697
0,0,0.49150255
0,0,0.496096
0,0,0.5219784
0,0,0.503296
0,0,0.51610076
0,0,0.51037884
0,0,0.51505095
0,0,0.49985626
0,0,0.5080814
0,0,0.5089873
0,0,0.5228321
0,0,0.5102067
0,0,0.4993145
0,0,0.49435273
0,0,0.49875712
0,0,0.4974162
0,0,0.50564414
0,0,0.53143334
0,0,0.5177011
0,0,0.51753145
0,0,0.520116
0,0,0.5114518
0,0,0.509906
0,0,0.52039826
0,0,0.5241288
0,0,0.5270633
0,0,0.5262724
0,0,0.5266114
0,0,0.52507776
0,0,0.5167204
0,0,0.51895607
0,0,0.5166287
0,0,0.5302617
0,0,0.5373292
0,0,0.53080726
0,0,0.51324576
0,0,0.5130469
0,0,0.5105364
0,0,0.5161874
0,0,0.5147232
0,0,0.5224247
0,0,0.520098
0,0,0.5118923
0,0,0.5249546
0,0,0.52046925
0,0,0.523161
0,0,0.5172906
0,0,0.52505875
0,0,0.50593317
0,0,0.49584672
0,0,0.48842645
0,0,0.4935114
0,0,0.48427793
0,0,0.4841799
0,0,0.4918469
0,0,0.49864587
0,0,0.5257779
0,0,0.5348718
0,0,0.5284136
0,0,0.5274517
0,0,0.53071207
0,0,0.52103996
0,0,0.5055922
0,0,0.49435157
0,0,0.4987842
0,0,0.50629115
0,0,0.5017106
0,0,0.51303583
0,0,0.5061813
0,0,0.5126
0,0,0.5136787
0,0,0.51116467
0,0,0.4958091
0,0,0.49975598
0,0,0.5155368
0,0,0.49983317
0,0,0.5097691
0,0,0.5126873
0,0,0.50448924
0,0,0.5065586
0,0,0.4934935
0,0,0.49559408
0,0,0.49803945
0,0,0.49466902
0,0,0.50364786
0,0,0.5203135
0,0,0.52393174
0,0,0.5299695
0,0,0.53133047
0,0,0.520298
0,0,0.5281044
0,0,0.51799995
0,0,0.51790535
0,0,0.4981793
0,0,0.49931508
0,0,0.4718292
0,0,0.48506302
0,0,0.47871324
0,0,0.47914794
0,0,0.47118732
0,0,0.47664973
0,0,0.4899794
0,0,0.5008778
0,0,0.52692705
0,0,0.5242807
0,0,0.5209779
0,0,0.5197023
0,0,0.5227791
0,0,0.5347551
0,0,0.5182703
0,0,0.5153875
0,0,0.5187823
0,0,0.51876813
0,0,0.5239744
0,0,0.5186513
0,0,0.5263034
0,0,0.5176044
0,0,0.53282636
0,0,0.5299574
0,0,0.5176047
0,0,0.5134637
0,0,0.50055176
0,0,0.50572485
0,0,0.49394962
0,0,0.51614106
0,0,0.52282137
0,0,0.50721604
0,0,0.5106281
0,0,0.50450367
0,0,0.5145649
0,0,0.5210894
0,0,0.53217727
0,0,0.5368529
0,0,0.53020597
0,0,0.51871234
0,0,0.52517575
0,0,0.520352
0,0,0.5333485
0,0,0.52461386
0,0,0.5212306
0,0,0.51886576
0,0,0.51685846
0,0,0.51648146
0,0,0.5035249
0,0,0.50197256
0,0,0.49524426
0,0,0.49371552
0,0,0.513341
0,0,0.52183425
0,0,0.5321543
0,0,0.53052086
0,0,0.53213227
0,0,0.53146154
0,0,0.51596165
0,0,0.5031556
0,0,0.4930298
0,0,0.49560457
0,0,0.5075174
0,0,0.49516565
0,0,0.4900631
0,0,0.49281523
0,0,0.50130635
0,0,0.47672144
0,0,0.49120072
0,0,0.50362134
0,0,0.51084095
0,0,0.4927548
0,0,0.5024349
0,0,0.5219534
0,0,0.5182077
0,0,0.5070794
0,0,0.511133
0,0,0.5107781
0,0,0.5050978
0,0,0.4942664
0,0,0.48711282
0,0,0.5082245
0,0,0.50151634
0,0,0.4920991
0,0,0.47909853
0,0,0.48021957
0,0,0.45871863
0,0,0.44995594
0,0,0.45144498
0,0,0.47747877
0,0,0.4663208
0,0,0.4718276
0,0,0.4796863
0,0,0.47921398
0,0,0.48858547
0,0,0.48057148
0,0,0.49826884
0,0,0.49054742
0,0,0.49553004
0,0,0.5005368
0,0,0.4915248
0,0,0.4770459
0,0,0.485037
0,0,0.48182815
0,0,0.49223924
0,0,0.49727032
0,0,0.4953003
0,0,0.48073763
0,0,0.47706532
0,0,0.4730119
0,0,0.49129
0,0,0.49864855
0,0,0.50571406
0,0,0.50294316
0,0,0.50283533
0,0,0.51045763
0,0,0.50069326
0,0,0.51348996
0,0,0.5176969
0,0,0.51305306
0,0,0.519367
0,0,0.52558744
0,0,0.52749807
0,0,0.51658267
0,0,0.51064867
0,0,0.5086314
0,0,0.50627244
0,0,0.50619215
0,0,0.50313944
0,0,0.5097729
0,0,0.51817876
0,0,0.5270824
0,0,0.5174675
0,0,0.5152543
0,0,0.5113914
0,0,0.52722234
0,0,0.5093299
0,0,0.49396816
0,0,0.5087489
0,0,0.4977233
0,0,0.5086772
0,0,0.51282513
0,0,0.5044873
0,0,0.5111767
0,0,0.50303745
0,0,0.5144342
0,0,0.5204219
0,0,0.5127125
0,0,0.5100699
0,0,0.5161136
0,0,0.5088948
0,0,0.50349665
0,0,0.5015815
0,0,0.50903946
0,0,0.5213284
0,0,0.52259237
0,0,0.5220008
0,0,0.5223821
0,0,0.51384383
0,0,0.5078022
0,0,0.5047044
0,0,0.49321747
0,0,0.49256033
0,0,0.505362
0,0,0.49511313
0,0,0.4923856
0,0,0.4918959
0,0,0.49367705
0,0,0.4910546
0,0,0.49993992
0,0,0.50678766
0,0,0.499885
0,0,0.49229106
0,0,0.49901846
0,0,0.49565658
0,0,0.47819874
0,0,0.47653675
0,0,0.4822692
0,0,0.4777438
0,0,0.4923941
0,0,0.5150175
0,0,0.511869
0,0,0.5323315
0,0,0.52816415
0,0,0.5248637
0,0,0.53130907
0,0,0.53922576
0,0,0.5312679
0,0,0.5172341
0,0,0.53180826
0,0,0.5125355
0,0,0.4979846
0,0,0.4888447
0,0,0.49828085
0,0,0.5071973
0,0,0.5060852
0,0,0.51400393
0,0,0.52978206
0,0,0.5291597
0,0,0.52393585
0,0,0.5329009
0,0,0.5211741
0,0,0.5318665
0,0,0.5245721
0,0,0.5238641
0,0,0.51596016
0,0,0.5096987
0,0,0.50572145
0,0,0.5119281
0,0,0.5081045
0,0,0.49796352
0,0,0.515173
0,0,0.51443726
0,0,0.51452255
0,0,0.5086214
0,0,0.50712454
0,0,0.50710315
0,0,0.51391536
0,0,0.5047294
0,0,0.5082452
0,0,0.513008
0,0,0.51815534
0,0,0.51582384
0,0,0.51074594
0,0,0.5145807
0,0,0.5163048
0,0,0.5341286
0,0,0.5235833
0,0,0.50837994
0,0,0.5194406
0,0,0.5147359
0,0,0.5077977
0,0,0.5154324
0,0,0.5156329
0,0,0.51175064
0,0,0.5097574
0,0,0.516026
0,0,0.5225617
0,0,0.52842695
0,0,0.5044503
0,0,0.52193004
0,0,0.5117843
0,0,0.5200585
0,0,0.5045032
0,0,0.5015948
0,0,0.51772815
0,0,0.5161915
0,0,0.51451546
0,0,0.51647365
0,0,0.5174306
0,0,0.51604456
0,0,0.52866024
0,0,0.5333871
0,0,0.520442
0,0,0.50537986
0,0,0.50434726
0,0,0.49267015
0,0,0.5092484
0,0,0.50742424
0,0,0.5095288
0,0,0.53523815
0,0,0.52410287
0,0,0.5223956
0,0,0.5014952
0,0,0.5066702
0,0,0.49631917
0,0,0.49889392
0,0,0.49542695
0,0,0.51130545
0,0,0.49757677
0,0,0.4950332
0,0,0.49600634
0,0,0.49004602
0,0,0.48691678
0,0,0.49755973
0,0,0.49774346
0,0,0.50674725
0,0,0.5090074
0,0,0.5064862
0,0,0.50321156
0,0,0.51391125
0,0,0.50621974
0,0,0.50847954
0,0,0.50469774
0,0,0.51662314
0,0,0.51955634
0,0,0.5230555
0,0,0.50687504
0,0,0.51650447
0,0,0.5083749
0,0,0.51725227
0,0,0.5185502
0,0,0.50651264
0,0,0.49780497
0,0,0.497103
0,0,0.4955106
0,0,0.4795628
0,0,0.4896386
0,0,0.50530726
0,0,0.5012437
0,0,0.51509625
0,0,0.510453
0,0,0.5198546
0,0,0.5238183
0,0,0.5254591
0,0,0.52975374
0,0,0.52083224
0,0,0.51566404
0,0,0.5171446
0,0,0.51538515
0,0,0.5217874
0,0,0.5152201
0,0,0.52036643
0,0,0.51081604
0,0,0.5072355
0,0,0.49587744
0,0,0.50195384
0,0,0.5014913
0,0,0.5084832
0,0,0.50952756
0,0,0.5171892
0,0,0.51057833
0,0,0.50778306
0,0,0.5005336
0,0,0.5069004
0,0,0.5169447
0,0,0.5213909
0,0,0.53560096
0,0,0.5341183
0,0,0.522576
0,0,0.5236184
0,0,0.52178085
0,0,0.5222382
0,0,0.51349026
0,0,0.5025547
0,0,0.5113394
0,0,0.50661206
0,0,0.510716
0,0,0.51302284
0,0,0.5311637
0,0,0.5223049
0,0,0.5241243
0,0,0.523329
0,0,0.52475137
0,0,0.5099096
0,0,0.50877136
0,0,0.49655163
0,0,0.50028205
0,0,0.4786779
0,0,0.48555064
0,0,0.4873804
0,0,0.4818322
0,0,0.50308347
0,0,0.5176022
0,0,0.5024995
0,0,0.49693432
0,0,0.50270355
0,0,0.48654544
0,0,0.4963905
0,0,0.49578542
0,0,0.4960007
0,0,0.49734402
0,0,0.500239
0,0,0.49538022
0,0,0.4925391
0,0,0.48739964
0,0,0.48454478
0,0,0.48325762
0,0,0.47565448
0,0,0.4754598
0,0,0.49043235
0,0,0.49274945
0,0,0.50448483
0,0,0.5023694
0,0,0.5011362
0,0,0.49296036
0,0,0.50469565
0,0,0.5010246
0,0,0.49681148
0,0,0.5100305
0,0,0.5061364
0,0,0.4969916
0,0,0.51826876
0,0,0.50640655
0,0,0.49893132
0,0,0.5044595
0,0,0.5139895
0,0,0.5128555
0,0,0.5226273
0,0,0.52470565
0,0,0.52143776
0,0,0.54034233
0,0,0.53464687
0,0,0.52762204
0,0,0.51334685
0,0,0.5123392
0,0,0.51039875
0,0,0.50088257
0,0,0.4868919
0,0,0.4779314
0,0,0.47797346
0,0,0.49095267
0,0,0.4957294
0,0,0.4837242
0,0,0.48909563
0,0,0.4865661
0,0,0.4942028
0,0,0.47882882
0,0,0.48925045
0,0,0.49753916
0,0,0.4891696
0,0,0.48901737
0,0,0.4879885
0,0,0.49082187
0,0,0.4991554
0,0,0.50704384
0,0,0.5004619
0,0,0.5050935
0,0,0.49363673
0,0,0.49428806
0,0,0.5054755
0,0,0.50087035
0,0,0.51136136
0,0,0.50603
0,0,0.5107783
0,0,0.51141125
0,0,0.50286853
0,0,0.5006004
0,0,0.5025065
0,0,0.50621814
0,0,0.51034284
0,0,0.5087575
0,0,0.5082256
0,0,0.4994174
0,0,0.52426535
0,0,0.5109511
0,0,0.5076269
0,0,0.50134826
0,0,0.5065462
0,0,0.5198113
0,0,0.5087146
0,0,0.50491214
0,0,0.505719
0,0,0.50075406
0,0,0.5085197
0,0,0.512197
0,0,0.52661467
0,0,0.5294319
0,0,0.5269565
0,0,0.5279884
0,0,0.52222043
0,0,0.5052045
0,0,0.49194172
0,0,0.49804986
0,0,0.50356674
0,0,0.5014471
0,0,0.4913973
0,0,0.49498916
0,0,0.50479144
0,0,0.5037554
0,0,0.5158384
0,0,0.5179747
0,0,0.51548284
0,0,0.4990551
0,0,0.5059289
0,0,0.5024339
0,0,0.50922436
0,0,0.524557
0,0,0.5185435
0,0,0.5176679
0,0,0.52072763
0,0,0.50515395
0,0,0.5148408
0,0,0.5143754
0,0,0.5043681
0,0,0.5127259
0,0,0.5031799
0,0,0.5170163
0,0,0.5150132
0,0,0.5124494
0,0,0.52715063
0,0,0.5260311
0,0,0.5196163
0,0,0.5041382
0,0,0.50754875
0,0,0.48510385
0,0,0.48778248
0,0,0.47444984
0,0,0.49154013
0,0,0.48495325
0,0,0.49121648
0,0,0.49307927
0,0,0.5090311
0,0,0.50787157
0,0,0.49963096
0,0,0.5044005
0,0,0.5011694
0,0,0.48127368
0,0,0.47364205
0,0,0.46285266
0,0,0.46138
0,0,0.46450555
0,0,0.47514945
0,0,0.49320564
0,0,0.50890696
0,0,0.5190932
0,0,0.52212393
0,0,0.5341631
0,0,0.5158241
0,0,0.5147693
0,0,0.51265794
0,0,0.5146211
0,0,0.5140334
0,0,0.5173379
0,0,0.51693547
0,0,0.52743554
0,0,0.53694355
0,0,0.53119135
0,0,0.5344572
0,0,0.53307635
0,0,0.5261892
0,0,0.5215078
0,0,0.52015746
0,0,0.50485027
0,0,0.5212282
0,0,0.51406556
0,0,0.51646954
0,0,0.51765156
0,0,0.5030981
0,0,0.5112493
0,0,0.5242664
0,0,0.5094007
0,0,0.5183713
0,0,0.5258738
0,0,0.5427729
0,0,0.54235655
0,0,0.53388953
0,0,0.5355479
0,0,0.53034085
0,0,0.51958007
0,0,0.52315384
0,0,0.5177061
0,0,0.5234166
0,0,0.5226726
0,0,0.5224234
0,0,0.5352397
0,0,0.52319264
0,0,0.5181473
0,0,0.509614
0,0,0.50039655
0,0,0.4967204
0,0,0.49287036
0,0,0.4970766
0,0,0.48715279
0,0,0.5004066
0,0,0.49825647
0,0,0.49262032
0,0,0.5098194
0,0,0.5161003
0,0,0.5147523
0,0,0.5123152
0,0,0.522242
0,0,0.5408722
0,0,0.52494866
0,0,0.50864774
0,0,0.4994994
0,0,0.50013185
0,0,0.4889863
0,0,0.49092844
0,0,0.4838836
0,0,0.49103746
0,0,0.5138392
0,0,0.49678957
0,0,0.49302873
0,0,0.5020462
0,0,0.5127118
0,0,0.5012756
0,0,0.4900107
0,0,0.49475133
0,0,0.50838345
0,0,0.50279504
0,0,0.49156812
0,0,0.4857659
0,0,0.48764682
0,0,0.47733757
0,0,0.46342343
0,0,0.47601166
0,0,0.48440412
0,0,0.49161437
0,0,0.4908823
0,0,0.49723375
0,0,0.51015013
0,0,0.5180583
0,0,0.50859296
0,0,0.51362175
0,0,0.51191646
0,0,0.51015645
0,0,0.50464183
0,0,0.5034841
0,0,0.5187392
0,0,0.5072919
0,0,0.51032555
0,0,0.5089168
0,0,0.5057644
0,0,0.4964614
0,0,0.5042388
0,0,0.49755812
0,0,0.4919475
0,0,0.50317204
0,0,0.5039004
0,0,0.5162741
0,0,0.506921
0,0,0.49394274
0,0,0.4775208
0,0,0.46029016
0,0,0.45654812
0,0,0.48771045
0,0,0.5137987
0,0,0.5137726
0,0,0.5189739
0,0,0.518648
0,0,0.51356655
0,0,0.518761
0,0,0.5187446
0,0,0.52945405
0,0,0.5112589
0,0,0.5081624
0,0,0.50884324
0,0,0.51381683
0,0,0.50781006
0,0,0.49821585
0,0,0.51839286
0,0,0.51659733
0,0,0.51991725
0,0,0.5125419
0,0,0.51969707
0,0,0.5249015
0,0,0.5152596
0,0,0.51631445
0,0,0.49519393
0,0,0.48753607
0,0,0.47081405
0,0,0.4630318
0,0,0.4898785
0,0,0.5050692
0,0,0.50006104
0,0,0.5068929
0,0,0.52387744
0,0,0.52630925
0,0,0.5182568
0,0,0.51036495
0,0,0.50900626
0,0,0.50613284
0,0,0.50081897
0,0,0.5102339
0,0,0.5083065
0,0,0.50114626
0,0,0.51507896
0,0,0.5124605
0,0,0.519236
0,0,0.5152149
0,0,0.51641595
0,0,0.5042745
0,0,0.5211598
0,0,0.5155609
0,0,0.50455105
0,0,0.51163167
0,0,0.5184674
0,0,0.5210192
0,0,0.5055498
0,0,0.49305093
0,0,0.4966224
0,0,0.49458066
0,0,0.50110155
0,0,0.52902895
0,0,0.52144647
0,0,0.5238757
0,0,0.51946074
0,0,0.5093896
0,0,0.5014972
0,0,0.491868
0,0,0.4822675
0,0,0.48789415
0,0,0.48166254
0,0,0.49993843
0,0,0.49505314
0,0,0.5212497
0,0,0.5216325
0,0,0.52598095
0,0,0.5192514
0,0,0.52042943
0,0,0.5288857
0,0,0.5234733
0,0,0.51476586
0,0,0.5310918
0,0,0.5368159
0,0,0.53092915
0,0,0.5275553
0,0,0.53987145
0,0,0.5291516
0,0,0.5266818
0,0,0.5111322
0,0,0.5221027
0,0,0.4993467
0,0,0.49981308
0,0,0.5109774
0,0,0.50892335
0,0,0.49987772
0,0,0.48972768
0,0,0.49519756
0,0,0.48111624
0,0,0.4946521
0,0,0.5009122
0,0,0.49053147
0,0,0.506585
0,0,0.4990397
0,0,0.50468194
0,0,0.48494893
0,0,0.5036321
0,0,0.5078907
0,0,0.5102613
0,0,0.49954456
0,0,0.5045739
0,0,0.5038831
0,0,0.51447165
0,0,0.50459933
0,0,0.51950437
0,0,0.51551205
0,0,0.5096748
0,0,0.5157898
0,0,0.526509
0,0,0.51474243
0,0,0.5026584
0,0,0.50427836
0,0,0.51820695
0,0,0.52222896
0,0,0.5296759
0,0,0.52207494
0,0,0.5400364
0,0,0.52304363
0,0,0.516398
0,0,0.5232726
0,0,0.5049409
0,0,0.5025866
0,0,0.49500254
0,0,0.48141056
0,0,0.4862646
0,0,0.5111299
0,0,0.5120148
0,0,0.5118108
0,0,0.5180297
0,0,0.5143675
0,0,0.51000005
0,0,0.508149
0,0,0.5107397
0,0,0.5002071
0,0,0.5094687
0,0,0.51007205
0,0,0.5073555
0,0,0.48455727
0,0,0.4855574
0,0,0.4817836
0,0,0.47385406
0,0,0.48269418
0,0,0.4769333
0,0,0.48564875
0,0,0.50390255
0,0,0.5102189
0,0,0.49874645
0,0,0.5004132
0,0,0.4978211
0,0,0.50516313
0,0,0.504354
0,0,0.5163744
0,0,0.5336622
0,0,0.52293795
0,0,0.5214467
0,0,0.52990055
0,0,0.5273285
0,0,0.5131983
0,0,0.5144553
0,0,0.52040416
0,0,0.5221413
0,0,0.52806515
0,0,0.5314777
0,0,0.5360139
0,0,0.53248715
0,0,0.5314266
0,0,0.52905244
0,0,0.52244395
0,0,0.5077666
0,0,0.4921993
0,0,0.49588114
0,0,0.48185512
0,0,0.4737364
0,0,0.4767332
0,0,0.48393318
0,0,0.49992526
0,0,0.5039733
0,0,0.5027272
0,0,0.5227114
0,0,0.5217749
0,0,0.5068161
0,0,0.5091945
0,0,0.5110044
0,0,0.5014084
0,0,0.49340224
0,0,0.51139176
0,0,0.49832472
0,0,0.50478673
0,0,0.5051602
0,0,0.510981
0,0,0.519532
0,0,0.516474
0,0,0.5223281
0,0,0.5155136
0,0,0.5066505
0,0,0.50051904
0,0,0.5059769
0,0,0.5136188
0,0,0.51440835
0,0,0.52682954
0,0,0.50995004
0,0,0.52051157
0,0,0.50374854
0,0,0.5019491
0,0,0.5192828
0,0,0.52914816
0,0,0.52605176
0,0,0.5159227
0,0,0.5190381
0,0,0.5053212
0,0,0.48708597
0,0,0.48537117
0,0,0.48697206
0,0,0.479496
0,0,0.48281047
0,0,0.48736817
0,0,0.500354
0,0,0.5006302
0,0,0.5102247
0,0,0.5131876
0,0,0.5180719
0,0,0.5167621
0,0,0.5220128
0,0,0.5113072
0,0,0.5161428
0,0,0.5162191
0,0,0.5186095
0,0,0.520728
0,0,0.5263814
0,0,0.5212349
0,0,0.52221036
0,0,0.5132697
0,0,0.51240957
0,0,0.49946937
0,0,0.5109695
0,0,0.4996749
0,0,0.50038636
0,0,0.49944153
0,0,0.5002242
0,0,0.4997632
0,0,0.51181746
0,0,0.50987864
0,0,0.5139905
0,0,0.51058763
0,0,0.50594336
0,0,0.49570584
0,0,0.49805352
0,0,0.5124434
0,0,0.51310194
0,0,0.5093647
0,0,0.5145636
0,0,0.5149892
0,0,0.49915043
0,0,0.49299803
0,0,0.4941128
0,0,0.48889595
0,0,0.48165756
0,0,0.48507077
0,0,0.4843325
0,0,0.47936064
0,0,0.47131687
0,0,0.46926755
0,0,0.4700287
0,0,0.48015612
0,0,0.48761773
0,0,0.49308762
0,0,0.5114324
0,0,0.5084702
0,0,0.4989261
0,0,0.50544775
0,0,0.51519555
0,0,0.52230084
0,0,0.52229065
0,0,0.5253585
0,0,0.50951505
0,0,0.5116834
0,0,0.51190907
0,0,0.5032895
0,0,0.50086546
0,0,0.48338258
0,0,0.4921716
0,0,0.48580956
0,0,0.5035534
0,0,0.50572675
0,0,0.5045965
0,0,0.5161118
0,0,0.5091277
0,0,0.49685502
0,0,0.5091081
0,0,0.5055316
0,0,0.511262
0,0,0.5077053
0,0,0.49925855
0,0,0.49741608
0,0,0.50827765
0,0,0.50479126
0,0,0.5081762
0,0,0.50726956
0,0,0.49753886
0,0,0.49621913
0,0,0.50432193
0,0,0.5126975
0,0,0.5192668
0,0,0.51570016
0,0,0.525637
0,0,0.5207535
0,0,0.51119286
0,0,0.51143354
0,0,0.50149614
0,0,0.49632564
0,0,0.4885505
0,0,0.49416983
0,0,0.49610502
0,0,0.49428362
0,0,0.49424857
0,0,0.50991726
0,0,0.5171941
0,0,0.51289785
0,0,0.5048094
0,0,0.5182889
0,0,0.52345634
0,0,0.5099359
0,0,0.5006367
0,0,0.50805897
0,0,0.49741167
0,0,0.48493537
0,0,0.49933392
0,0,0.48360118
0,0,0.47750297
0,0,0.4730512
0,0,0.47528774
0,0,0.46371844
0,0,0.46734056
0,0,0.4777216
0,0,0.46147263
0,0,0.47074774
0,0,0.47253034
0,0,0.48128706
0,0,0.48173296
0,0,0.5082014
0,0,0.5092471
0,0,0.5100313
0,0,0.5094407
0,0,0.5044253
0,0,0.49912617
0,0,0.4857451
0,0,0.49156293
0,0,0.47868717
0,0,0.49213406
0,0,0.48574892
0,0,0.4760958
0,0,0.481034
0,0,0.47744015
0,0,0.4732434
0,0,0.49003676
0,0,0.5138615
0,0,0.49306202
0,0,0.5065993
0,0,0.5003261
0,0,0.4949037
0,0,0.497788
0,0,0.50069004
0,0,0.5052081
0,0,0.5169211
0,0,0.5202447
0,0,0.51546353
0,0,0.51100415
0,0,0.5045397
0,0,0.5026449
0,0,0.4952796
0,0,0.48703665
0,0,0.4806753
0,0,0.46689945
0,0,0.49244225
0,0,0.49171346
0,0,0.5054917
0,0,0.50426507
0,0,0.51721406
0,0,0.53239477
0,0,0.5360166
0,0,0.5226135
0,0,0.5230783
0,0,0.5134239
0,0,0.50008005
0,0,0.5000652
0,0,0.49348
0,0,0.50385636
0,0,0.5030914
0,0,0.50342035
0,0,0.505714
0,0,0.5052924
0,0,0.48542175
0,0,0.4832582
0,0,0.48277903
0,0,0.4800438
0,0,0.4866953
0,0,0.48483637
0,0,0.5045468
0,0,0.49266577
0,0,0.50362766
0,0,0.5020101
0,0,0.5086119
0,0,0.5137952
0,0,0.50485295
0,0,0.50890845
0,0,0.5217374
0,0,0.5178182
0,0,0.5141915
0,0,0.5135402
0,0,0.52323973
0,0,0.5065813
0,0,0.51359826
0,0,0.51569736
0,0,0.5100518
0,0,0.5222318
0,0,0.52491
0,0,0.5121509
0,0,0.5142698
0,0,0.53140587
0,0,0.5175477
0,0,0.5308391
0,0,0.5199435
0,0,0.52418995
0,0,0.52423334
0,0,0.51363117
0,0,0.5110189
0,0,0.50683445
0,0,0.5128168
0,0,0.5215359
0,0,0.52142084
0,0,0.50717354
0,0,0.5127533
0,0,0.5025029
0,0,0.46772707
0,0,0.46357417
0,0,0.46446863
0,0,0.48413527
0,0,0.49654257
0,0,0.4946776
0,0,0.48309353
0,0,0.48030007
0,0,0.48321253
0,0,0.47646096
0,0,0.46578225
0,0,0.4753715
0,0,0.48438016
0,0,0.49442843
0,0,0.4964724
0,0,0.5229086
0,0,0.502791
0,0,0.5119688
0,0,0.52392435
0,0,0.50530744
0,0,0.5095159
0,0,0.51335466
0,0,0.5229221
0,0,0.5131385
0,0,0.5259081
0,0,0.522747
0,0,0.51015204
0,0,0.48762664
0,0,0.49434236
0,0,0.49063304
0,0,0.49840945
0,0,0.50581104
0,0,0.52732354
0,0,0.5346398
0,0,0.5188754
0,0,0.50155103
0,0,0.5095932
0,0,0.4989843
0,0,0.4783312
0,0,0.48650262
0,0,0.48794085
0,0,0.4859415
0,0,0.48205942
0,0,0.4999984
0,0,0.49935013
0,0,0.50467634
0,0,0.524367
0,0,0.5085814
0,0,0.50673825
0,0,0.5091509
0,0,0.49517587
0,0,0.49384707
0,0,0.5132859
0,0,0.5028828
0,0,0.49358842
0,0,0.50105214
0,0,0.49624306
0,0,0.48652795
0,0,0.49511883
0,0,0.50546205
0,0,0.50778085
0,0,0.49688905
0,0,0.498203
0,0,0.4936738
0,0,0.503823
0,0,0.49806955
0,0,0.48472393
0,0,0.4731603
0,0,0.4838378
0,0,0.48539254
0,0,0.4784537
0,0,0.5084861
0,0,0.5224761
0,0,0.5251274
0,0,0.52772695
0,0,0.5221632
0,0,0.50867516
0,0,0.5075774
0,0,0.49337068
0,0,0.49652305
0,0,0.5014618
0,0,0.4728874
0,0,0.4808839
0,0,0.48839653
0,0,0.48339486
0,0,0.50351715
0,0,0.51714647
0,0,0.52202666
0,0,0.5244537
0,0,0.52335405
0,0,0.5185061
0,0,0.52627057
0,0,0.5291499
0,0,0.5268128
0,0,0.5125416
0,0,0.5153836
0,0,0.50936544
0,0,0.50764984
0,0,0.51475286
0,0,0.51492864
0,0,0.5082689
0,0,0.50691044
0,0,0.48055452
0,0,0.4701988
0,0,0.47385052
0,0,0.46176144
0,0,0.46184465
0,0,0.46780697
0,0,0.47085047
0,0,0.47759932
0,0,0.49501398
0,0,0.5157091
0,0,0.5180488
0,0,0.51728886
0,0,0.5157272
0,0,0.4968493
0,0,0.47687748
0,0,0.47132942
0,0,0.49032238
0,0,0.4875678
0,0,0.5019772
0,0,0.52903104
0,0,0.5248731
0,0,0.49876577
0,0,0.5199167
0,0,0.5156902
0,0,0.5059754
0,0,0.5153423
0,0,0.5095656
0,0,0.5087169
0,0,0.5225533
0,0,0.51126045
0,0,0.5226257
0,0,0.5334188
0,0,0.5224698
0,0,0.50446516
0,0,0.50697136
0,0,0.50383985
0,0,0.5080215
0,0,0.4988938
0,0,0.5213601
0,0,0.50864077
0,0,0.5123839
0,0,0.51222605
0,0,0.5239939
0,0,0.5279313
0,0,0.52829874
0,0,0.54156005
0,0,0.5319294
0,0,0.53091913
0,0,0.5185011
0,0,0.5178582
0,0,0.510614
0,0,0.5019517
0,0,0.52135825
0,0,0.4994615
0,0,0.5024652
0,0,0.51286423
0,0,0.5155333
0,0,0.5237406
0,0,0.5143752
0,0,0.5179232
0,0,0.51805866
0,0,0.51557714
0,0,0.5058567
0,0,0.4979555
0,0,0.5072073
0,0,0.50966156
0,0,0.5163332
0,0,0.5257558
0,0,0.5175339
0,0,0.53107905
0,0,0.53766686
0,0,0.53384936
0,0,0.52736264
0,0,0.5258019
0,0,0.515431
0,0,0.5102953
0,0,0.5068673
0,0,0.50829875
0,0,0.5082522
0,0,0.50394905
0,0,0.5191043
0,0,0.5130984
0,0,0.5114093
0,0,0.49935734
0,0,0.4882094
0,0,0.48037115
0,0,0.48249978
0,0,0.480433
0,0,0.4914428
0,0,0.50592095
0,0,0.51231545
0,0,0.51996243
0,0,0.5292472
0,0,0.52639705
0,0,0.5207263
0,0,0.50781137
0,0,0.51847196
0,0,0.5127482
0,0,0.5025556
0,0,0.48889288
0,0,0.51813006
0,0,0.53337616
0,0,0.5327367
0,0,0.546759
0,0,0.5392776
0,0,0.5435237
0,0,0.5377405
0,0,0.53960365
0,0,0.52164114
0,0,0.510837
0,0,0.5221211
0,0,0.52240676
0,0,0.50205344
0,0,0.48538837
0,0,0.5029038
0,0,0.49762157
0,0,0.49201974
0,0,0.4935913
0,0,0.48960385
0,0,0.4878677
0,0,0.49528387
0,0,0.5169935
0,0,0.5151345
0,0,0.50685257
0,0,0.48272312
0,0,0.4745552
0,0,0.4552516
0,0,0.4606227
0,0,0.47565016
0,0,0.48151636
0,0,0.49555415
0,0,0.51834434
0,0,0.51263547
0,0,0.50635177
0,0,0.50498
0,0,0.51744545
0,0,0.5112765
0,0,0.51308286
0,0,0.51442206
0,0,0.5235368
0,0,0.515443
0,0,0.5150389
0,0,0.50556815
0,0,0.5122545
0,0,0.51324064
0,0,0.5072864
0,0,0.52155036
0,0,0.51949996
0,0,0.51277375
0,0,0.51831406
0,0,0.5232711
0,0,0.5155189
0,0,0.5218425
0,0,0.5024751
0,0,0.51910096
0,0,0.51427096
0,0,0.5029228
0,0,0.51066685
0,0,0.5085475
0,0,0.49656248
0,0,0.4808096
0,0,0.4782177
0,0,0.48849943
0,0,0.4889072
0,0,0.49293742
0,0,0.49628618
0,0,0.51081246
0,0,0.49755594
0,0,0.49119174
0,0,0.49582914
0,0,0.4893153
0,0,0.48560265
0,0,0.49048373
0,0,0.49554917
0,0,0.497449
0,0,0.5016835
0,0,0.51114064
0,0,0.5164918
0,0,0.52650005
0,0,0.52898026
0,0,0.51802295
0,0,0.5224187
0,0,0.5220123
0,0,0.53270584
0,0,0.52201205
0,0,0.51139003
0,0,0.51556623
0,0,0.51301014
0,0,0.51209766
0,0,0.50608057
0,0,0.5201874
0,0,0.5170594
0,0,0.5058547
0,0,0.50508845
0,0,0.51286966
0,0,0.50094104
0,0,0.51037943
0,0,0.51515454
0,0,0.52798975
0,0,0.53236336
0,0,0.5282871
0,0,0.5437276
0,0,0.5354079
0,0,0.5309749
0,0,0.5221295
0,0,0.5225691
0,0,0.5148811
0,0,0.5029211
0,0,0.5025789
0,0,0.499369
0,0,0.49740723
0,0,0.50896317
0,0,0.51406884
0,0,0.4940309
0,0,0.5121339
0,0,0.5127583
0,0,0.4965864
0,0,0.47765154
0,0,0.493514
0,0,0.47858045
0,0,0.47776562
0,0,0.46502554
0,0,0.4868871
0,0,0.4876828
0,0,0.49928713
0,0,0.49826166
0,0,0.4963156
0,0,0.4999177
0,0,0.49448398
0,0,0.49201086
0,0,0.4912654
0,0,0.48201492
0,0,0.48434806
0,0,0.4966049
0,0,0.50423074
0,0,0.50121105
0,0,0.49251726
0,0,0.4913988
0,0,0.49125922
0,0,0.474648
0,0,0.4766326
0,0,0.49008211
0,0,0.49385506
0,0,0.5021981
0,0,0.5061059
0,0,0.526037
0,0,0.519227
0,0,0.5116544
0,0,0.5089927
0,0,0.50042343
0,0,0.5018499
0,0,0.4913285
0,0,0.49446326
0,0,0.508194
0,0,0.5112154
0,0,0.5079462
0,0,0.5278497
0,0,0.5387453
0,0,0.53243285
0,0,0.52417135
0,0,0.53145343
0,0,0.5331663
0,0,0.5381242
0,0,0.51223123
0,0,0.50233096
0,0,0.488611
0,0,0.4794706
0,0,0.47623515
0,0,0.48424014
0,0,0.47786757
0,0,0.4752734
0,0,0.46976197
0,0,0.47567034
0,0,0.47944957
0,0,0.495358
0,0,0.48834103
0,0,0.4955503
0,0,0.50064087
0,0,0.52419823
0,0,0.52468956
0,0,0.5137852
0,0,0.5161857
0,0,0.5187104
0,0,0.5127523
0,0,0.5203745
0,0,0.50489837
0,0,0.49938676
0,0,0.51107424
0,0,0.49893594
0,0,0.49151725
0,0,0.48734868
0,0,0.48529336
0,0,0.48583686
0,0,0.4990621
0,0,0.5030058
0,0,0.4892658
0,0,0.49368292
0,0,0.505436
0,0,0.5000826
0,0,0.49814215
0,0,0.5051214
0,0,0.49797383
0,0,0.49516687
0,0,0.49868965
0,0,0.50991136
0,0,0.49308676
0,0,0.5013443
0,0,0.5212217
0,0,0.5169593
0,0,0.51364684
0,0,0.5277252
0,0,0.5211709
0,0,0.52046967
0,0,0.5249289
0,0,0.52384967
0,0,0.51030916
0,0,0.5040994
0,0,0.50257695
0,0,0.515312
0,0,0.5219242
0,0,0.5194492
0,0,0.524505
0,0,0.5187057
0,0,0.5122118
0,0,0.5021658
0,0,0.4828287
0,0,0.48481473
0,0,0.47270453
0,0,0.4537903
0,0,0.47230303
0,0,0.48296958
0,0,0.4931858
0,0,0.5007746
0,0,0.49852
0,0,0.5175131
0,0,0.5119326
0,0,0.51616347
0,0,0.51571524
0,0,0.52329487
0,0,0.5240305
0,0,0.5209785
0,0,0.5113801
0,0,0.51722103
0,0,0.4981003
0,0,0.509681
0,0,0.5092556
0,0,0.51274705
0,0,0.5370447
0,0,0.5078685
0,0,0.50633156
0,0,0.5075666
0,0,0.4864344
0,0,0.47553572
0,0,0.495642
0,0,0.48149323
0,0,0.48951152
0,0,0.48703572
0,0,0.49078402
0,0,0.49666604
0,0,0.5022454
0,0,0.51796865
0,0,0.5290156
0,0,0.52321535
0,0,0.5396979
0,0,0.5342633
0,0,0.52878964
0,0,0.5144478
0,0,0.5136903
0,0,0.5201717
0,0,0.5069728
0,0,0.5167651
0,0,0.5027421
0,0,0.49717847
0,0,0.50340474
0,0,0.5178091
0,0,0.4994238
0,0,0.50040543
0,0,0.5041087
0,0,0.5057081
0,0,0.5197863
0,0,0.51516974
0,0,0.52327156
0,0,0.5168025
0,0,0.49050885
0,0,0.49073872
0,0,0.48589337
0,0,0.49144003
0,0,0.50149834
0,0,0.5083885
0,0,0.5181134
0,0,0.52118397
0,0,0.5124633
0,0,0.51275975
0,0,0.49425572
0,0,0.4960582
0,0,0.4868052
0,0,0.4938917
0,0,0.5071666
0,0,0.5087736
0,0,0.5107298
0,0,0.5096578
0,0,0.50930005
0,0,0.51133686
0,0,0.50632155
0,0,0.49438977
0,0,0.49943748
0,0,0.50092643
0,0,0.51502997
0,0,0.5042691
0,0,0.5115109
0,0,0.5271259
0,0,0.5244164
0,0,0.5219412
0,0,0.53534216
0,0,0.52873707
0,0,0.5237448
0,0,0.50943303
0,0,0.51505405
0,0,0.49743298
0,0,0.4970044
0,0,0.4963986
0,0,0.4899328
0,0,0.49383226
0,0,0.49757016
0,0,0.5037049
0,0,0.50592506
0,0,0.50574774
0,0,0.49086007
0,0,0.49762884
0,0,0.50849867
0,0,0.49812624
0,0,0.49254265
0,0,0.50822926
0,0,0.5028739
0,0,0.500537
0,0,0.48673075
0,0,0.5005253
0,0,0.4906134
0,0,0.51934963
0,0,0.51387924
0,0,0.51694596
0,0,0.50724125
0,0,0.5191119
0,0,0.51470155
0,0,0.51989233
0,0,0.51255196
0,0,0.50974905
0,0,0.49327263
0,0,0.48891318
0,0,0.49748802
0,0,0.5026931
0,0,0.5126511
0,0,0.5198449
0,0,0.5140939
0,0,0.5229528
0,0,0.5287038
0,0,0.5248872
0,0,0.53765815
0,0,0.53172445
0,0,0.52563536
0,0,0.53032
0,0,0.5457733
0,0,0.5315414
0,0,0.5249112
0,0,0.4998324
0,0,0.5032955
0,0,0.48775935
0,0,0.486421
0,0,0.4840624
0,0,0.48402068
0,0,0.48484242
0,0,0.49088696
0,0,0.47957307
0,0,0.4853085
0,0,0.49337333
0,0,0.49377608
0,0,0.49502122
0,0,0.51237005
0,0,0.513014
0,0,0.51226765
0,0,0.5171996
0,0,0.507418
0,0,0.5242301
0,0,0.5116939
0,0,0.51001817
0,0,0.5146538
0,0,0.5117182
0,0,0.5017318
0,0,0.51014715
0,0,0.5082332
0,0,0.49432418
0,0,0.49246204
0,0,0.49776012
0,0,0.48431322
0,0,0.48323157
0,0,0.48305658
0,0,0.47880554
0,0,0.46428293
0,0,0.48125988
0,0,0.47561705
0,0,0.4853955
0,0,0.5061478
0,0,0.50600106
0,0,0.50273466
0,0,0.50641227
0,0,0.52837443
0,0,0.5100481
0,0,0.50666744
0,0,0.49898094
0,0,0.49254715
0,0,0.4932612
0,0,0.49399674
0,0,0.4933636
0,0,0.481696
0,0,0.4992045
0,0,0.5113853
0,0,0.51021403
0,0,0.51224875
0,0,0.52121145
0,0,0.5083818
0,0,0.51689404
0,0,0.5137496
0,0,0.5128778
0,0,0.51205933
0,0,0.5061618
0,0,0.509665
0,0,0.50603306
0,0,0.48797485
0,0,0.50147915
0,0,0.5129934
0,0,0.5168965
0,0,0.5106388
0,0,0.5087969
0,0,0.4996915
0,0,0.48573628
0,0,0.4749067
0,0,0.46396726
0,0,0.4804051
0,0,0.491238
0,0,0.47661364
0,0,0.49100316
0,0,0.49405318
0,0,0.48231015
0,0,0.49693215
0,0,0.4900643
0,0,0.48406655
0,0,0.47894475
0,0,0.47805053
0,0,0.4786803
0,0,0.4905233
0,0,0.49465257
0,0,0.49828228
0,0,0.49639812
0,0,0.49886188
0,0,0.50415206
0,0,0.5051135
0,0,0.50036216
0,0,0.4926257
0,0,0.51483047
0,0,0.4983969
0,0,0.49391052
0,0,0.4775942
0,0,0.48130947
0,0,0.4837076
0,0,0.48833954
0,0,0.4894084
0,0,0.5019934
0,0,0.51092994
0,0,0.49171624
0,0,0.48456767
0,0,0.47632754
0,0,0.46901295
0,0,0.48882407
0,0,0.49023813
0,0,0.5025324
0,0,0.49822047
0,0,0.505568
0,0,0.51795226
0,0,0.5089788
0,0,0.51254374
0,0,0.50719744
0,0,0.51672214
0,0,0.50365627
0,0,0.50607365
0,0,0.5065573
0,0,0.5163699
0,0,0.5299221
0,0,0.52866596
0,0,0.52950555
0,0,0.52925116
0,0,0.5160188
0,0,0.53220004
0,0,0.5351691
0,0,0.5116842
0,0,0.51374733
0,0,0.5288556
0,0,0.52939373
0,0,0.5241381
0,0,0.5294999
0,0,0.5267905
0,0,0.5062471
0,0,0.5069007
0,0,0.5142014
0,0,0.4908125
0,0,0.49241692
0,0,0.48467234
0,0,0.4913568
0,0,0.48031846
0,0,0.4728859
0,0,0.47873023
0,0,0.4787993
0,0,0.47009718
0,0,0.46820882
0,0,0.47651652
0,0,0.4723723
0,0,0.47437078
0,0,0.4832516
0,0,0.49842072
0,0,0.49283513
0,0,0.5125245
0,0,0.5210062
0,0,0.53501976
0,0,0.5351408
0,0,0.5151772
0,0,0.52994615
0,0,0.52100587
0,0,0.5210897
0,0,0.51839113
0,0,0.50740993
0,0,0.4953468
0,0,0.48280218
0,0,0.48849392
0,0,0.48711848
0,0,0.50073653
0,0,0.49671534
0,0,0.5100419
0,0,0.50741863
0,0,0.50721914
0,0,0.5072733
0,0,0.5142767
0,0,0.5111958
0,0,0.5192524
0,0,0.51958746
0,0,0.5319725
0,0,0.5154646
0,0,0.5118115
0,0,0.50947756
0,0,0.5182835
0,0,0.50001204
0,0,0.5080326
0,0,0.49736986
0,0,0.47933742
0,0,0.47354653
0,0,0.49351656
0,0,0.51434493
0,0,0.51156646
0,0,0.5118363
0,0,0.5150137
0,0,0.5219163
0,0,0.52524054
0,0,0.5248201
0,0,0.5333591
0,0,0.5303001
0,0,0.5171798
0,0,0.52051413
0,0,0.51302564
0,0,0.49858987
0,0,0.4908947
0,0,0.49027562
0,0,0.4961832
0,0,0.49558285
0,0,0.5048341
0,0,0.50785327
0,0,0.52114046
0,0,0.51427335
0,0,0.50878185
0,0,0.5113367
0,0,0.5072841
0,0,0.51437414
0,0,0.5281491
0,0,0.5277273
0,0,0.5142851
0,0,0.5202894
0,0,0.5122786
0,0,0.5317626
0,0,0.51598287
0,0,0.5077887
0,0,0.5056203
0,0,0.51034665
0,0,0.4896257
0,0,0.49702471
0,0,0.501575
0,0,0.4908023
0,0,0.48245016
0,0,0.4915985
0,0,0.47481102
0,0,0.46176475
0,0,0.46619818
0,0,0.4840905
0,0,0.4861234
0,0,0.48351032
0,0,0.4877433
0,0,0.5034438
0,0,0.5017134
0,0,0.50008875
0,0,0.49027494
0,0,0.49664605
0,0,0.49215248
0,0,0.5068029
0,0,0.500642
0,0,0.5053087
0,0,0.5085538
0,0,0.5152907
0,0,0.50893915
0,0,0.50487936
0,0,0.5004948
0,0,0.49498373
0,0,0.49909827
0,0,0.4841594
0,0,0.4904375
0,0,0.4962769
0,0,0.49913087
0,0,0.506924
0,0,0.50299954
0,0,0.5002262
0,0,0.50460815
0,0,0.5002835
0,0,0.50314444
0,0,0.5052028
0,0,0.50608575
0,0,0.5112371
0,0,0.5132767
0,0,0.5047032
0,0,0.50063545
0,0,0.51094264
0,0,0.49656168
0,0,0.49974924
0,0,0.5082073
0,0,0.510695
0,0,0.48577312
0,0,0.5056116
0,0,0.5007821
0,0,0.49866077
0,0,0.495924
0,0,0.5134665
0,0,0.5084025
0,0,0.5136726
0,0,0.50534165
0,0,0.50082713
0,0,0.48775333
0,0,0.4749293
0,0,0.47145948
0,0,0.4723349
0,0,0.4698197
0,0,0.4728428
0,0,0.47679487
0,0,0.48267534
0,0,0.48654273
0,0,0.48465812
0,0,0.49139455
0,0,0.5150951
0,0,0.5031331
0,0,0.5050362
0,0,0.5035589
0,0,0.5197555
0,0,0.5167132
0,0,0.5145379
0,0,0.50460756
0,0,0.4958881
0,0,0.4850988
0,0,0.48505983
0,0,0.48826912
0,0,0.47621503
0,0,0.4902244
0,0,0.5026595
0,0,0.49535003
0,0,0.50757194
0,0,0.5029195
0,0,0.51273197
0,0,0.51740867
0,0,0.51134765
0,0,0.507343
0,0,0.5054163
0,0,0.4974823
0,0,0.4930233
0,0,0.49551967
0,0,0.49745882
0,0,0.4994281
0,0,0.48787934
0,0,0.4895532
0,0,0.50528586
0,0,0.5053549
0,0,0.4912968
0,0,0.4951189
0,0,0.48761716
0,0,0.48862544
0,0,0.5065654
0,0,0.48725536
0,0,0.49105102
0,0,0.49794662
0,0,0.4991364
0,0,0.4991434
0,0,0.5141014
0,0,0.512835
0,0,0.51772904
0,0,0.52444446
0,0,0.5242938
0,0,0.515821
0,0,0.5305515
0,0,0.51586396
0,0,0.5158537
0,0,0.52399206
0,0,0.5182298
0,0,0.5108394
0,0,0.5087809
0,0,0.5199382
0,0,0.51539737
0,0,0.5047644
0,0,0.512014
0,0,0.5037781
0,0,0.5052731
0,0,0.51420873
0,0,0.5215893
0,0,0.5244109
0,0,0.5109189
0,0,0.50147647
0,0,0.5027202
0,0,0.49401408
0,0,0.4847715
0,0,0.4819477
0,0,0.48216054
0,0,0.4866494
0,0,0.4975654
0,0,0.5021476
0,0,0.50120556
0,0,0.50171113
0,0,0.49560228
0,0,0.49225447
0,0,0.5064042
0,0,0.5030431
0,0,0.50531685
0,0,0.5104572
0,0,0.5206772
0,0,0.511514
0,0,0.51210725
0,0,0.5171928
0,0,0.512756
0,0,0.5006338
0,0,0.49868312
0,0,0.5013718
0,0,0.48997712
0,0,0.5001008
0,0,0.49648255
0,0,0.506572
0,0,0.49359596
0,0,0.49260518
0,0,0.47953197
0,0,0.47455096
0,0,0.46249548
0,0,0.47142604
0,0,0.46228164
0,0,0.4615925
0,0,0.48700017
0,0,0.497555
0,0,0.5119698
0,0,0.5115751
0,0,0.514623
0,0,0.50224364
0,0,0.5104154
0,0,0.513244
0,0,0.51817715
0,0,0.50964725
0,0,0.5237663
0,0,0.52601284
0,0,0.5259205
0,0,0.51934063
0,0,0.5129603
0,0,0.51996
0,0,0.5131835
0,0,0.5142184
0,0,0.49802443
0,0,0.5085471
0,0,0.50035626
0,0,0.505254
0,0,0.51723415
0,0,0.5144322
0,0,0.51193875
0,0,0.51185244
0,0,0.51056767
0,0,0.5071473
0,0,0.50007
0,0,0.5000554
0,0,0.5041939
0,0,0.5014061
0,0,0.5027224
0,0,0.4979266
0,0,0.4936142
0,0,0.5113595
0,0,0.50869995
0,0,0.5135702
0,0,0.51908076
0,0,0.5219762
0,0,0.51200277
0,0,0.5080019
0,0,0.49462485
0,0,0.4941346
0,0,0.49141407
0,0,0.5055901
0,0,0.50120926
0,0,0.49568188
0,0,0.50077575
0,0,0.4982057
0,0,0.49361908
0,0,0.5090107
0,0,0.50485694
0,0,0.51227933
0,0,0.5271213
0,0,0.51728314
0,0,0.5139221
0,0,0.50591224
0,0,0.4988102
0,0,0.505949
0,0,0.50230587
0,0,0.50540817
0,0,0.506202
0,0,0.5074328
0,0,0.49690846
0,0,0.49952105
0,0,0.49576443
0,0,0.50597256
0,0,0.4987105
0,0,0.50450134
0,0,0.5040101
0,0,0.49395776
0,0,0.5132751
0,0,0.50779825
0,0,0.5053924
0,0,0.49966976
0,0,0.5138869
0,0,0.4976876
0,0,0.49467888
0,0,0.5061913
0,0,0.5070047
0,0,0.49788043
0,0,0.4882351
0,0,0.50645244
0,0,0.5012526
0,0,0.51253945
0,0,0.50981754
0,0,0.5198409
0,0,0.53216326
0,0,0.52495736
0,0,0.5033491
0,0,0.50422347
0,0,0.4970984
0,0,0.505254
0,0,0.5002769
0,0,0.49543563
0,0,0.50603366
0,0,0.51543385
0,0,0.51771325
0,0,0.51452535
0,0,0.5094462
0,0,0.5164387
0,0,0.5038387
0,0,0.49975777
0,0,0.5177131
0,0,0.51096827
0,0,0.5193111
0,0,0.5034263
0,0,0.5027136
0,0,0.4984886
0,0,0.4862339
0,0,0.4741579
0,0,0.47823778
0,0,0.48446733
0,0,0.48947644
0,0,0.48722425
0,0,0.49319166
0,0,0.50039244
0,0,0.49997604
0,0,0.51620984
0,0,0.52974707
0,0,0.5229326
0,0,0.5171105
0,0,0.5253307
0,0,0.51710755
0,0,0.51971155
0,0,0.51302224
0,0,0.51134604
0,0,0.5204681
0,0,0.52909756
0,0,0.51141363
0,0,0.5039482
0,0,0.49907616
0,0,0.48603436
0,0,0.49079213
0,0,0.5039238
0,0,0.50540453
0,0,0.5223592
0,0,0.5173456
0,0,0.525772
0,0,0.5202228
0,0,0.5149365
0,0,0.49162027
0,0,0.4918018
0,0,0.47410023
0,0,0.48372182
0,0,0.50112206
0,0,0.49091297
0,0,0.51087
0,0,0.50686693
0,0,0.52428085
0,0,0.51770437
0,0,0.52701724
0,0,0.51831156
0,0,0.5230127
0,0,0.5125679
0,0,0.52002543
0,0,0.5140582
0,0,0.51171964
0,0,0.5062279
0,0,0.50452614
0,0,0.50420314
0,0,0.47761455
0,0,0.4868857
0,0,0.48781335
0,0,0.48617357
0,0,0.4767183
0,0,0.49594522
0,0,0.49172348
0,0,0.47733125
0,0,0.46360007
0,0,0.47682834
0,0,0.48973864
0,0,0.47967207
0,0,0.48291487
0,0,0.488706
0,0,0.48993978
0,0,0.48326787
0,0,0.49367568
0,0,0.49683794
0,0,0.49740112
0,0,0.49131706
0,0,0.4914603
0,0,0.5059901
0,0,0.48617825
0,0,0.49960607
0,0,0.49213585
0,0,0.48755455
0,0,0.47428486
0,0,0.4770483
0,0,0.47107068
0,0,0.46567422
0,0,0.47948653
0,0,0.4907793
0,0,0.5067937
0,0,0.51686496
0,0,0.51037604
0,0,0.5218937
0,0,0.52643776
0,0,0.51831484
0,0,0.51046246
0,0,0.5209499
0,0,0.5164207
0,0,0.5050126
0,0,0.49994504
0,0,0.5030328
0,0,0.49662042
0,0,0.49282598
0,0,0.5014223
0,0,0.50909907
0,0,0.5084098
0,0,0.49589774
0,0,0.49826658
0,0,0.50281364
0,0,0.5103085
0,0,0.51631695
0,0,0.52991116
0,0,0.5281689
0,0,0.5242741
0,0,0.5298993
0,0,0.5314526
0,0,0.5125791
0,0,0.50249904
0,0,0.48598006
0,0,0.4830068
0,0,0.496133
0,0,0.50129795
0,0,0.505164
0,0,0.49642172
0,0,0.49477422
0,0,0.49613863
0,0,0.50114274
0,0,0.47472334
0,0,0.4876311
0,0,0.48331052
0,0,0.47790304
0,0,0.45988068
0,0,0.45686182
0,0,0.46788868
0,0,0.46324408
0,0,0.46310735
0,0,0.4909173
0,0,0.49972007
0,0,0.50131536
0,0,0.5145289
0,0,0.51210463
0,0,0.49680394
0,0,0.50496525
0,0,0.5225752
0,0,0.5135471
0,0,0.51664436
0,0,0.5034176
0,0,0.50381964
0,0,0.49251628
0,0,0.49186903
0,0,0.4924836
0,0,0.5092349
0,0,0.509146
0,0,0.5277083
0,0,0.5171417
0,0,0.5168596
0,0,0.5107452
0,0,0.51652145
0,0,0.51421005
0,0,0.49881205
0,0,0.4934661
0,0,0.50391364
0,0,0.50339663
0,0,0.5064596
0,0,0.51658684
0,0,0.5167151
0,0,0.52235126
0,0,0.5164647
0,0,0.52761227
0,0,0.52648866
0,0,0.50789213
0,0,0.51420385
0,0,0.51223654
0,0,0.5013336
0,0,0.48627752
0,0,0.4943593
0,0,0.4884819
0,0,0.49160287
0,0,0.51436025
0,0,0.5146975
0,0,0.49937683
0,0,0.49404177
0,0,0.48092008
0,0,0.4789454
0,0,0.47060868
0,0,0.47362173
0,0,0.47650433
0,0,0.48470896
0,0,0.47889766
0,0,0.48236117
0,0,0.49144325
0,0,0.4941881
0,0,0.49632704
0,0,0.5069808
0,0,0.49674657
0,0,0.4925143
0,0,0.49551108
0,0,0.50112647
0,0,0.49931186
0,0,0.4988009
0,0,0.53995
0,0,0.5580917
0,0,0.57173693
0,0,0.5788637
0,1,0.5888647
0,0,0.58392555
0,1,0.59330857
0,1,0.5902851
0,1,0.59140545
0,1,0.5943562
0,1,0.5940741
0,1,0.59007615
0,1,0.59103715
0,1,0.59413743
0,1,0.59497714
0,1,0.59371454
0,1,0.5919328
0,1,0.59242743
0,1,0.5909151
0,1,0.58949184
0,1,0.5910515
0,1,0.59144026
0,1,0.5915073
0,1,0.5911438
1,1,0.59068173
1,1,0.59014624
1,1,0.5908622
1,1,0.5905765
1,1,0.5889309
1,1,0.58952177
0,1,0.5906776
0,0,0.5869607
0,0,0.5830241
0,0,0.5824729
0,0,0.5548702
0,0,0.54331106
0,0,0.5371577
0,0,0.53423285
0,0,0.5262361
0,0,0.5235249
0,0,0.52583396
0,0,0.5143368
0,0,0.52065855
0,0,0.5295968
0,0,0.5231023
0,0,0.52921945
0,0,0.5278395
0,0,0.52049327
0,0,0.53140754
0,0,0.5119489
0,0,0.53568345
0,0,0.5234154
0,0,0.52222216
0,0,0.53038335
0,0,0.53202826
0,0,0.51380885
0,0,0.519222
0,0,0.51734024
0,0,0.5011683
0,0,0.5033175
0,0,0.50250256
0,0,0.51213115
0,0,0.503455
0,0,0.5009909
0,0,0.5034511
0,0,0.51025593
0,0,0.5092853
0,0,0.51434773
0,0,0.51900065
0,0,0.5299012
0,0,0.5292661
0,0,0.53386045
0,0,0.5340689
0,0,0.54237795
0,0,0.5238023
0,0,0.5201586
0,0,0.5188262
0,0,0.51789993
0,0,0.502094
0,0,0.49959764
0,0,0.5007506
0,0,0.50655144
0,0,0.50230426
0,0,0.49988702
0,0,0.48547417
0,0,0.49819356
0,0,0.51403093
0,0,0.50139964
0,0,0.5114731
0,0,0.50296974
0,0,0.49495977
0,0,0.49014568
0,0,0.48146373
0,0,0.46855
0,0,0.47068858
0,0,0.4889732
0,0,0.48130268
0,0,0.5044612
0,0,0.5145051
0,0,0.524455
0,0,0.53359634
0,0,0.5323677
0,0,0.52788126
0,0,0.53204834
0,0,0.51664567
0,0,0.515277
0,0,0.51553327
0,0,0.5145026
0,0,0.5121598
0,0,0.5328652
0,0,0.529217
0,0,0.5190382
0,0,0.5181282
0,0,0.51024795
0,0,0.50206375
0,0,0.5009753
0,0,0.5005973
0,0,0.5093587
0,0,0.5148594
0,0,0.49203867
0,0,0.4910291
0,0,0.48773745
0,0,0.47445288
0,0,0.47499728
0,0,0.48089173
0,0,0.47883627
0,0,0.48494872
0,0,0.4944602
0,0,0.49110422
0,0,0.49078178
0,0,0.4986087
0,0,0.4959797
0,0,0.5006965
0,0,0.50183153
0,0,0.5046542
0,0,0.49296612
0,0,0.49294728
0,0,0.48315713
0,0,0.48249567
0,0,0.4697053
0,0,0.47866294
0,0,0.47328648
0,0,0.48850995
0,0,0.48331308
0,0,0.47715586
0,0,0.48680556
0,0,0.47829556
0,0,0.47829542
0,0,0.4804484
0,0,0.47859105
0,0,0.4747621
0,0,0.46297568
0,0,0.46102652
0,0,0.48914084
0,0,0.48929766
0,0,0.49202523
0,0,0.49678406
0,0,0.4938836
0,0,0.49005795
0,0,0.5081062
0,0,0.5018199
0,0,0.49956894
0,0,0.4856533
0,0,0.48307312
0,0,0.47234878
0,0,0.48263597
0,0,0.46212065
0,0,0.47564012
0,0,0.4835325
0,0,0.46863565
0,0,0.4904194
0,0,0.4924112
0,0,0.49429074
0,0,0.5124666
0,0,0.5117413
0,0,0.527891
0,0,0.5114029
0,0,0.515151
0,0,0.4995205
0,0,0.49652433
0,0,0.5074431
0,0,0.503436
0,0,0.51563436
0,0,0.52653164
0,0,0.5245207
0,0,0.51806647
0,0,0.5061414
0,0,0.49913093
0,0,0.51618373
0,0,0.49824435
0,0,0.5038329
0,0,0.50817835
0,0,0.5102919
0,0,0.50481004
0,0,0.50650686
0,0,0.4938489
0,0,0.49663445
0,0,0.5029622
0,0,0.48943487
0,0,0.47957104
0,0,0.48505425
0,0,0.47625414
0,0,0.48723346
0,0,0.49695352
0,0,0.511414
0,0,0.5298847
0,0,0.53336763
0,0,0.5246044
0,0,0.5388221
0,0,0.53779215
0,0,0.52111936
0,0,0.525435
0,0,0.51762354
0,0,0.51391965
0,0,0.5200679
0,0,0.5155445
0,0,0.5110957
0,0,0.50207776
0,0,0.5112578
0,0,0.4982773
0,0,0.5058584
0,0,0.5116565
0,0,0.5239822
0,0,0.5286303
0,0,0.52763
0,0,0.52831954
0,0,0.5209568
0,0,0.5131152
0,0,0.52699465
0,0,0.5281869
0,0,0.52636373
0,0,0.51231545
0,0,0.5022902
0,0,0.4907893
0,0,0.4894773
0,0,0.47889715
0,0,0.49098808
0,0,0.50134647
0,0,0.48410052
0,0,0.4938816
0,0,0.49663064
0,0,0.50091565
0,0,0.4954635
0,0,0.49815387
0,0,0.49588004
0,0,0.5144873
0,0,0.51640624
0,0,0.49709043
0,0,0.50253993
0,0,0.5081188
0,0,0.5002954
0,0,0.5097581
0,0,0.51719475
0,0,0.5063155
0,0,0.5162781
0,0,0.52446055
0,0,0.51068914
0,0,0.5025216
0,0,0.50536704
0,0,0.49943683
0,0,0.4903037
0,0,0.487787
0,0,0.505073
0,0,0.5037847
0,0,0.50443786
0,0,0.51521325
0,0,0.5153659
0,0,0.5102969
0,0,0.5062111
0,0,0.5079785
0,0,0.51859474
0,0,0.51956254
0,0,0.51065433
0,0,0.5177411
0,0,0.50813884
0,0,0.50127107
0,0,0.5069603
0,0,0.50155634
0,0,0.46999848
0,0,0.48771954
0,0,0.484894
0,0,0.49312288
0,0,0.49617326
0,0,0.5025771
0,0,0.50669765
0,0,0.49928162
0,0,0.503915
0,0,0.5073144
0,0,0.51380235
0,0,0.52466863
0,0,0.515899
0,0,0.5181905
0,0,0.52872133
0,0,0.52792287
0,0,0.5201477
0,0,0.5249121
0,0,0.5165468
0,0,0.52323216
0,0,0.50807583
0,0,0.51026285
0,0,0.50110227
0,0,0.5160194
0,0,0.50568646
0,0,0.50088257
0,0,0.50413966
0,0,0.51340485
0,0,0.5063652
0,0,0.50476193
0,0,0.48889533
0,0,0.49474236
0,0,0.5090224
0,0,0.51606846
0,0,0.5037292
0,0,0.50823945
0,0,0.5012889
0,0,0.50812954
0,0,0.4992451
0,0,0.5007183
0,0,0.48566702
0,0,0.48194835
0,0,0.49480778
0,0,0.47767875
0,0,0.49106678
0,0,0.5062962
0,0,0.51732296
0,0,0.5124422
0,0,0.51613057
0,0,0.5139956
0,0,0.5120728
0,0,0.49821818
0,0,0.49478093
0,0,0.5025119
0,0,0.48763707
0,0,0.49573228
0,0,0.4875484
0,0,0.50106096
0,0,0.49740624
0,0,0.4767779
0,0,0.49864957
0,0,0.4937433
0,0,0.48925146
0,0,0.48666817
0,0,0.5008621
0,0,0.5009792
0,0,0.5095751
0,0,0.5062304
0,0,0.52013654
0,0,0.5133008
0,0,0.50119185
0,0,0.49869505
0,0,0.50121206
0,0,0.50536305
0,0,0.5082016
0,0,0.5112691
0,0,0.5297364
0,0,0.5250318
0,0,0.53730613
0,0,0.5342911
0,0,0.53825504
0,0,0.5402631
0,0,0.53247774
0,0,0.5285398
0,0,0.5349382
0,0,0.5364275
0,0,0.5179826
0,0,0.52867997
0,0,0.5129957
0,0,0.51017827
0,0,0.4923091
0,0,0.52500075
0,0,0.51828283
0,0,0.5273765
0,0,0.5264645
0,0,0.52159154
0,0,0.5231025
0,0,0.5176559
0,0,0.51117635
0,0,0.5196142
0,0,0.51281416
0,0,0.51660734
0,0,0.5237872
0,0,0.518432
0,0,0.5176061
0,0,0.5087431
0,0,0.51177233
0,0,0.5049763
0,0,0.50876385
0,0,0.5125513
0,0,0.5026888
0,0,0.5015667
0,0,0.4858902
0,0,0.48381963
0,0,0.48843345
0,0,0.49061686
0,0,0.48236537
0,0,0.49309748
0,0,0.49925926
0,0,0.4919959
0,0,0.4982276
0,0,0.49659118
0,0,0.49733588
0,0,0.4959939
0,0,0.5097019
0,0,0.4978282
0,0,0.5068843
0,0,0.49225822
0,0,0.503209
0,0,0.4929695
0,0,0.49841705
0,0,0.5002895
0,0,0.49293825
0,0,0.46826008
0,0,0.47046223
0,0,0.47778347
0,0,0.4702338
0,0,0.4844336
0,0,0.49655244
0,0,0.5106082
0,0,0.5100427
0,0,0.5148788
0,0,0.5199339
0,0,0.52303946
0,0,0.51825625
0,0,0.5252027
0,0,0.51353073
0,0,0.5177467
0,0,0.51494986
0,0,0.5061694
0,0,0.5065945
0,0,0.50847465
0,0,0.5000816
0,0,0.50660515
0,0,0.4959152
0,0,0.48364523
0,0,0.47407493
0,0,0.4759429
0,0,0.48254842
0,0,0.4967432
0,0,0.50340575
0,0,0.51878655
0,0,0.5039218
0,0,0.48216465
0,0,0.46501726
0,0,0.4609229
0,0,0.45408
0,0,0.46876267
0,0,0.4748605
0,0,0.48895946
0,0,0.50889206
0,0,0.51946956
0,0,0.5200302
0,0,0.4984819
0,0,0.5034839
0,0,0.5003917
0,0,0.5053571
0,0,0.5072491
0,0,0.5074697
0,0,0.51244926
0,0,0.500924
0,0,0.47683635
0,0,0.4716576
0,0,0.47017208
0,0,0.47760335
0,0,0.4960619
0,0,0.50565827
0,0,0.5101865
0,0,0.515807
0,0,0.5261544
0,0,0.5198964
0,0,0.5220472
0,0,0.52836126
0,0,0.5256042
0,0,0.521157
0,0,0.52692586
0,0,0.52896845
0,0,0.5294222
0,0,0.51860523
0,0,0.52400696
0,0,0.5235208
0,0,0.5103382
0,0,0.5088107
0,0,0.511511
0,0,0.5183278
0,0,0.51478076
0,0,0.50676554
0,0,0.5142357
0,0,0.51520437
0,0,0.49920174
0,0,0.4917352
0,0,0.47114348
0,0,0.45761153
0,0,0.46000838
0,0,0.47184625
0,0,0.4789892
0,0,0.47996667
0,0,0.48524326
0,0,0.50145453
0,0,0.49919608
0,0,0.48763004
0,0,0.50524205
0,0,0.5207871
0,0,0.52108973
0,0,0.5281961
0,0,0.5224092
0,0,0.53689134
0,0,0.5256355
0,0,0.5225736
0,0,0.509265
0,0,0.5215785
0,0,0.5132715
0,0,0.50857073
0,0,0.51165724
0,0,0.5082681
0,0,0.49813268
0,0,0.5082466
0,0,0.5048958
0,0,0.5195431
0,0,0.52147657
0,0,0.5096867
0,0,0.50480956
0,0,0.5103976
0,0,0.49793333
0,0,0.49088877
0,0,0.48137483
0,0,0.499132
0,0,0.5025501
0,0,0.5144616
0,0,0.5244674
0,0,0.51773477
0,0,0.51573664
0,0,0.5190688
0,0,0.50288117
0,0,0.50727737
0,0,0.50397587
0,0,0.48823735
0,0,0.4962503
0,0,0.5011159
0,0,0.50304824
0,0,0.5140464
0,0,0.5171136
0,0,0.51748174
0,0,0.5158885
0,0,0.50441206
0,0,0.506037
0,0,0.50171155
0,0,0.5074139
0,0,0.5067931
0,0,0.5123314
0,0,0.5014066
0,0,0.51580316
0,0,0.5175922
0,0,0.50876224
0,0,0.51723933
0,0,0.51949084
0,0,0.52719504
0,0,0.5318365
0,0,0.5192191
0,0,0.5121225
0,0,0.5098806
0,0,0.51077443
0,0,0.51392084
0,0,0.5187055
0,0,0.5103176
0,0,0.52230567
0,0,0.5256583
0,0,0.51473296
0,0,0.5035042
0,0,0.5052922
0,0,0.517959
0,0,0.50845313
0,0,0.48868856
0,0,0.5037109
0,0,0.5167722
0,0,0.5150284
0,0,0.51439327
0,0,0.5202231
0,0,0.53335595
0,0,0.53703374
0,0,0.5295009
0,0,0.508986
0,0,0.51279944
0,0,0.5145477
0,0,0.5180831
0,0,0.5147967
0,0,0.5181943
0,0,0.50282335
0,0,0.50019735
0,0,0.50013244
0,0,0.51791066
0,0,0.5084342
0,0,0.51532364
0,0,0.5191172
0,0,0.50111485
0,0,0.5055642
0,0,0.51056576
0,0,0.50528014
0,0,0.4995624
0,0,0.50416005
0,0,0.50228715
0,0,0.50424594
0,0,0.50564796
0,0,0.5191457
0,0,0.51076424
0,0,0.51756626
0,0,0.53179985
0,0,0.5211936
0,0,0.517382
0,0,0.5195801
0,0,0.52280945
0,0,0.50544626
0,0,0.49813125
0,0,0.49625504
0,0,0.4951912
0,0,0.49773648
0,0,0.4915399
0,0,0.4927608
0,0,0.50170434
0,0,0.50181854
0,0,0.504596
0,0,0.50577956
0,0,0.4975176
0,0,0.51267356
0,0,0.5113474
0,0,0.5136014
0,0,0.51254416
0,0,0.51541215
0,0,0.51700807
0,0,0.5181545
0,0,0.5229471
0,0,0.51537806
0,0,0.5068388
0,0,0.5153021
0,0,0.530925
0,0,0.51884264
0,0,0.5028434
0,0,0.50794196
0,0,0.5018732
0,0,0.491351
0,0,0.49211666
0,0,0.50831145
0,0,0.5205266
0,0,0.5052403
0,0,0.49819255
0,0,0.49393782
0,0,0.50870454
0,0,0.50662357
0,0,0.51436305
0,0,0.5312402
0,0,0.5211494
0,0,0.50868
0,0,0.5091599
0,0,0.49918675
0,0,0.5004891
0,0,0.50926113
0,0,0.5040547
0,0,0.5177324
0,0,0.5134811
0,0,0.5079508
0,0,0.514104
0,0,0.50523174
0,0,0.50688803
0,0,0.4954137
0,0,0.4852019
0,0,0.49250892
0,0,0.4927785
0,0,0.49856368
0,0,0.5074583
0,0,0.5192099
0,0,0.5304008
0,0,0.53060985
0,0,0.5284235
0,0,0.5104549
0,0,0.51619166
0,0,0.5029489
0,0,0.5100353
0,0,0.5100903
0,0,0.5028795
0,0,0.49599245
0,0,0.5098697
0,0,0.5124582
0,0,0.4994363
0,0,0.50313354
0,0,0.50515157
0,0,0.52227545
0,0,0.5068321
0,0,0.5009553
0,0,0.5239113
0,0,0.5094225
0,0,0.50997114
0,0,0.50943375
0,0,0.50892055
0,0,0.49527645
0,0,0.48464984
0,0,0.46990144
0,0,0.46563798
0,0,0.4750625
0,0,0.48391744
0,0,0.49579015
0,0,0.49663216
0,0,0.5085187
0,0,0.51116985
0,0,0.5179054
0,0,0.5131009
0,0,0.5190025
0,0,0.5199923
0,0,0.5233592
0,0,0.5184268
0,0,0.51388603
0,0,0.5029199
0,0,0.47965777
0,0,0.4763628
0,0,0.47466612
0,0,0.49117962
0,0,0.49685502
0,0,0.5007168
0,0,0.512462
0,0,0.5045227
0,0,0.50210714
0,0,0.5014895
0,0,0.501386
0,0,0.5097628
0,0,0.51149815
0,0,0.5319254
0,0,0.5153721
0,0,0.50533396
0,0,0.50727546
0,0,0.51522166
0,0,0.5077561
0,0,0.4904264
0,0,0.5140947
0,0,0.5063616
0,0,0.5065614
0,0,0.49711555
0,0,0.49037477
0,0,0.47951597
0,0,0.48117828
0,0,0.47254232
0,0,0.48360753
0,0,0.4923664
0,0,0.4919748
0,0,0.49151605
0,0,0.49193248
0,0,0.5045422
0,0,0.49284312
0,0,0.49961644
0,0,0.5131377
0,0,0.49912107
0,0,0.5021293
0,0,0.49837375
0,0,0.5204073
0,0,0.5044501
0,0,0.50682664
0,0,0.48930657
0,0,0.51102144
0,0,0.5032724
0,0,0.49286965
0,0,0.49404562
0,0,0.496532
0,0,0.49471936
0,0,0.4827838
0,0,0.48028612
0,0,0.4726868
0,0,0.49747026
0,0,0.5124366
0,0,0.51582557
0,0,0.51356065
0,0,0.52856094
0,0,0.52077943
0,0,0.51589453
0,0,0.49914935
0,0,0.5067608
0,0,0.48350257
0,0,0.49093336
0,0,0.49640253
0,0,0.49291936
0,0,0.48662212
0,0,0.48622203
0,0,0.4672658
0,0,0.4692391
0,0,0.46371213
0,0,0.4630409
0,0,0.47120038
0,0,0.48392212
0,0,0.48185906
0,0,0.47643965
0,0,0.4885741
0,0,0.49127263
0,0,0.5011261
0,0,0.5097676
0,0,0.503391
0,0,0.5100134
0,0,0.52206355
0,0,0.51245785
0,0,0.4988772
0,0,0.5014343
0,0,0.49028686
0,0,0.49444923
0,0,0.49722627
0,0,0.49638402
0,0,0.5000824
0,0,0.5030854
0,0,0.5089384
0,0,0.51051265
0,0,0.5070536
0,0,0.5179139
0,0,0.51538557
0,0,0.5241888
0,0,0.5277765
0,0,0.52822137
0,0,0.5181092
0,0,0.5135749
0,0,0.5025393
0,0,0.4935036
0,0,0.4830449
0,0,0.48028302
0,0,0.50037324
0,0,0.50546175
0,0,0.52044445
0,0,0.5190755
0,0,0.5142247
0,0,0.51611006
0,0,0.50023186
0,0,0.5183687
0,0,0.5223116
0,0,0.5145998
0,0,0.51187533
0,0,0.51606935
0,0,0.51471937
0,0,0.5091612
0,0,0.4975782
0,0,0.50678474
0,0,0.50903875
0,0,0.5102988
0,0,0.5114996
0,0,0.50729316
0,0,0.50181615
0,0,0.5021666
0,0,0.49059376
0,0,0.49893892
0,0,0.5097356
0,0,0.5223884
0,0,0.5132716
0,0,0.5239672
0,0,0.51613665
0,0,0.51148224
0,0,0.5048069
0,0,0.50127906
0,0,0.50218576
0,0,0.50708413
0,0,0.50435317
0,0,0.5112636
0,0,0.510848
0,0,0.5143419
0,0,0.52988726
0,0,0.525331
0,0,0.51115596
0,0,0.5131807
0,0,0.5084579
0,0,0.50827783
0,0,0.51605046
0,0,0.5147973
0,0,0.5241372
0,0,0.51792896
0,0,0.5046465
0,0,0.5083509
0,0,0.51601374
0,0,0.52306587
0,0,0.51234704
0,0,0.5228939
0,0,0.5291486
0,0,0.5239139
0,0,0.52902514
0,0,0.5150816
0,0,0.50350493
0,0,0.51489484
0,0,0.50873536
0,0,0.5023323
0,0,0.48626906
0,0,0.50372237
0,0,0.48998374
0,0,0.50244707
0,0,0.49863392
0,0,0.51850086
0,0,0.5041849
0,0,0.4930205
0,0,0.48823383
0,0,0.49174747
0,0,0.47197634
0,0,0.47968087
0,0,0.5040313
0,0,0.5220439
0,0,0.51072437
0,0,0.5002223
0,0,0.5003751
0,0,0.5182541
0,0,0.51744044
0,0,0.5154144
0,0,0.5112214
0,0,0.5141901
0,0,0.5160093
0,0,0.513442
0,0,0.50002456
0,0,0.5001936
0,0,0.50719714
0,0,0.5102361
0,0,0.5157429
0,0,0.5296486
0,0,0.535712
0,0,0.5410857
0,0,0.5327402
0,0,0.5185475
0,0,0.53333396
0,0,0.5279149
0,0,0.51676023
0,0,0.5228096
0,0,0.5174881
0,0,0.5072101
0,0,0.51277053
0,0,0.5142258
0,0,0.50263256
0,0,0.48890236
0,0,0.4810935
0,0,0.48986632
0,0,0.48922923
0,0,0.48599
0,0,0.5041421
0,0,0.5090479
0,0,0.50629556
0,0,0.496017
0,0,0.5040416
0,0,0.51418704
0,0,0.49872723
0,0,0.49999523
0,0,0.49948883
0,0,0.47908157
0,0,0.46239474
0,0,0.47264987
0,0,0.4585941
0,0,0.47273752
0,0,0.48630118
0,0,0.50396156
0,0,0.510298
0,0,0.5247496
0,0,0.53019655
0,0,0.52980644
0,0,0.52720034
0,0,0.54131776
0,0,0.52273256
0,0,0.5144888
0,0,0.5210032
0,0,0.53781855
0,0,0.5308976
0,0,0.52316
0,0,0.52342314
0,0,0.5195664
0,0,0.5210813
0,0,0.52450657
0,0,0.50675964
0,0,0.51187617
0,0,0.51662546
0,0,0.50906587
0,0,0.51645344
0,0,0.51334697
0,0,0.5080373
0,0,0.5124913
0,0,0.51087284
0,0,0.51886797
0,0,0.52002305
0,0,0.5233299
0,0,0.51811075
0,0,0.5078901
0,0,0.49179226
0,0,0.5022673
0,0,0.5179488
0,0,0.50241333
0,0,0.50223315
0,0,0.48701707
0,0,0.48879147
0,0,0.49264464
0,0,0.5009945
0,0,0.52163965
0,0,0.5011089
0,0,0.5143992
0,0,0.5206294
0,0,0.5199876
0,0,0.5014757
0,0,0.5101403
0,0,0.49921232
0,0,0.5064484
0,0,0.5226925
0,0,0.5256292
0,0,0.5187368
0,0,0.5237863
0,0,0.52569485
0,0,0.51389843
0,0,0.5089864
0,0,0.5049732
0,0,0.50032026
0,0,0.4864105
0,0,0.5038538
0,0,0.50690746
0,0,0.51891077
0,0,0.525886
0,0,0.5209458
0,0,0.5289235
0,0,0.5179311
0,0,0.51671463
0,0,0.51613176
0,0,0.5184234
0,0,0.5248617
0,0,0.5210285
0,0,0.52285576
0,0,0.51641214
0,0,0.51410353
0,0,0.52708375
0,0,0.5259623
0,0,0.5106413
0,0,0.51208764
0,0,0.51556563
0,0,0.5050644
0,0,0.50951093
0,0,0.5160357
0,0,0.5160975
0,0,0.4960949
0,0,0.50224817
0,0,0.4997771
0,0,0.4882423
0,0,0.50528306
0,0,0.52234626
0,0,0.51138514
0,0,0.5126044
0,0,0.5139768
0,0,0.5103489
0,0,0.5109749
0,0,0.5231223
0,0,0.5316562
0,0,0.5219705
0,0,0.5225026
0,0,0.53081536
0,0,0.5265981
0,0,0.51308525
0,0,0.51332486
0,0,0.5147305
0,0,0.5094383
0,0,0.50898486
0,0,0.4843064
0,0,0.48373514
0,0,0.4822416
0,0,0.48808116
0,0,0.48433307
0,0,0.47912052
0,0,0.46924686
0,0,0.48283827
0,0,0.48589444
0,0,0.5095735
0,0,0.51542217
0,0,0.53165275
0,0,0.5260541
0,0,0.5243589
0,0,0.5363141
0,0,0.532523
0,0,0.52886516
0,0,0.523083
0,0,0.5302674
0,0,0.52426285
0,0,0.5259241
0,0,0.52436507
0,0,0.53080595
0,0,0.52772194
0,0,0.5297913
0,0,0.52743846
0,0,0.52171504
0,0,0.53000486
0,0,0.52434826
0,0,0.5314002
0,0,0.5191631
0,0,0.51584727
0,0,0.5185874
0,0,0.5118584
0,0,0.502506
0,0,0.5054231
0,0,0.50790215
0,0,0.5039922
0,0,0.5138043
0,0,0.51446086
0,0,0.5044393
0,0,0.51677215
0,0,0.5144526
0,0,0.504238
0,0,0.501388
0,0,0.4992134
0,0,0.49970526
0,0,0.49382272
0,0,0.49556416
0,0,0.4987343
0,0,0.4886239
0,0,0.49449593
0,0,0.49885204
0,0,0.5124939
0,0,0.504301
0,0,0.50696856
0,0,0.49375075
0,0,0.50037736
0,0,0.49123323
0,0,0.50160074
0,0,0.49173653
0,0,0.50518686
0,0,0.5141089
0,0,0.534655
0,0,0.5298466
0,0,0.5215303
0,0,0.51646006
0,0,0.51658535
0,0,0.5159536
0,0,0.5012311
0,0,0.5041213
0,0,0.5090904
0,0,0.50662464
0,0,0.51998484
0,0,0.5035546
0,0,0.49899757
0,0,0.48332873
0,0,0.4845333
0,0,0.49195805
0,0,0.4965046
0,0,0.50086856
0,0,0.4919955
0,0,0.5116804
0,0,0.50756836
0,0,0.5040548
0,0,0.50855577
0,0,0.51427877
0,0,0.49884027
0,0,0.50678307
0,0,0.52820146
0,0,0.5206491
0,0,0.5191765
0,0,0.51756823
0,0,0.5237189
0,0,0.50845903
0,0,0.5030813
0,0,0.47901574
0,0,0.47533745
0,0,0.46909195
0,0,0.46668118
0,0,0.4783607
0,0,0.47661734
0,0,0.49407065
0,0,0.4995857
0,0,0.50363475
0,0,0.49595296
0,0,0.5093076
0,0,0.50742155
0,0,0.50969285
0,0,0.49747515
0,0,0.4900401
0,0,0.4936954
0,0,0.5089348
0,0,0.5291814
0,0,0.5311553
0,0,0.5334927
0,0,0.5345672
0,0,0.5317815
0,0,0.5312574
0,0,0.51978225
0,0,0.50046295
0,0,0.494286
0,0,0.49021488
0,0,0.49037862
0,0,0.48468286
0,0,0.49306607
0,0,0.49190792
0,0,0.4963025
0,0,0.4926919
0,0,0.48609447
0,0,0.48245132
0,0,0.4820465
0,0,0.46557412
0,0,0.45420316
0,0,0.47267976
0,0,0.47804764
0,0,0.49969584
0,0,0.49906328
0,0,0.5017253
0,0,0.49954867
0,0,0.5182216
0,0,0.5068949
0,0,0.4980293
0,0,0.49009916
0,0,0.4775738
0,0,0.46546337
0,0,0.466764
0,0,0.47592363
0,0,0.48652124
0,0,0.48191297
0,0,0.48737466
0,0,0.528623
0,0,0.52570033
0,0,0.5301914
0,0,0.5292017
0,0,0.528326
0,0,0.5299157
0,0,0.51751065
0,0,0.51382405
0,0,0.5097329
0,0,0.51729184
0,0,0.5036019
0,0,0.5091045
0,0,0.4992501
0,0,0.5057563
0,0,0.48506987
0,0,0.47605613
0,0,0.48170105
0,0,0.5006078
0,0,0.49860072
0,0,0.5038931
0,0,0.5149044
0,0,0.510114
0,0,0.5163372
0,0,0.51506996
0,0,0.5154221
0,0,0.5100662
0,0,0.5042841
0,0,0.5035517
0,0,0.4779157
0,0,0.47706372
0,0,0.47450948
0,0,0.48623973
0,0,0.49335685
0,0,0.4802318
0,0,0.47904047
0,0,0.48487997
0,0,0.49094975
0,0,0.4921103
0,0,0.5074674
0,0,0.5089458
0,0,0.51040894
0,0,0.51433414
0,0,0.5208137
0,0,0.5242053
0,0,0.5269012
0,0,0.5336474
0,0,0.53066146
0,0,0.5310833
0,0,0.5263035
0,0,0.515036
0,0,0.5130105
0,0,0.50060016
0,0,0.49977937
0,0,0.50315815
0,0,0.5161371
0,0,0.5050176
0,0,0.5028535
0,0,0.50247276
0,0,0.48384044
0,0,0.49301216
0,0,0.4844689
0,0,0.49105653
0,0,0.5147965
0,0,0.5224421
0,0,0.51181895
0,0,0.52130246
0,0,0.521935
0,0,0.51166975
0,0,0.50333583
0,0,0.49864998
0,0,0.4968337
0,0,0.4857056
0,0,0.48624796
0,0,0.49247694
0,0,0.49905515
0,0,0.4905208
0,0,0.5068722
0,0,0.5164039
0,0,0.5217739
0,0,0.49024433
0,0,0.50297874
0,0,0.5028338
0,0,0.50059164
0,0,0.50362897
0,0,0.5093099
0,0,0.50727475
0,0,0.5062205
0,0,0.50131756
0,0,0.49870208
0,0,0.47224548
0,0,0.47011843
0,0,0.4796761
0,0,0.4704682
0,0,0.48499918
0,0,0.48913246
0,0,0.49590442
0,0,0.50865
0,0,0.50958836
0,0,0.51473665
0,0,0.5150224
0,0,0.5016419
0,0,0.49452028
0,0,0.4935369
0,0,0.5043204
0,0,0.48539218
0,0,0.4927667
0,0,0.5052001
0,0,0.49418682
0,0,0.47346774
0,0,0.47419608
0,0,0.46665972
0,0,0.45507705
0,0,0.45595962
0,0,0.46729422
0,0,0.4686405
0,0,0.48829937
0,0,0.48477626
0,0,0.4932702
0,0,0.5058
0,0,0.5105465
0,0,0.5068006
0,0,0.5127807
0,0,0.5201882
0,0,0.5249542
0,0,0.5347852
0,0,0.5302312
0,0,0.5218083
0,0,0.5034113
0,0,0.494411
0,0,0.4977124
0,0,0.48542213
0,0,0.47688833
0,0,0.4886736
0,0,0.4831869
0,0,0.48737517
0,0,0.4953292
0,0,0.49337903
0,0,0.49159268
0,0,0.49215674
0,0,0.49753848
0,0,0.50195384
0,0,0.5169095
0,0,0.52078146
0,0,0.5219584
0,0,0.5311703
0,0,0.51962334
0,0,0.5280324
0,0,0.51275027
0,0,0.5040778
0,0,0.5031685
0,0,0.48779297
0,0,0.48129076
0,0,0.4769335
0,0,0.48894534
0,0,0.49658138
0,0,0.5194598
0,0,0.5170752
0,0,0.5169717
0,0,0.51752156
0,0,0.515963
0,0,0.52413726
0,0,0.5222437
0,0,0.5216639
0,0,0.52455395
0,0,0.5097966
0,0,0.49969518
0,0,0.4931661
0,0,0.48611373
0,0,0.48371407
0,0,0.49966228
0,0,0.5143536
0,0,0.52167827
0,0,0.5198911
0,0,0.52268934
0,0,0.5279539
0,0,0.5290412
0,0,0.51765275
0,0,0.5293519
0,0,0.52085197
0,0,0.52426183
0,0,0.5125701
0,0,0.5095935
0,0,0.5041354
0,0,0.5223361
0,0,0.5246993
0,0,0.51199913
0,0,0.5232403
0,0,0.52643454
0,0,0.53136045
0,0,0.52885234
0,0,0.5159398
0,0,0.51359636
0,0,0.50922716
0,0,0.51671576
0,0,0.49911833
0,0,0.5062052
0,0,0.5246637
0,0,0.5148918
0,0,0.5071563
0,0,0.49854144
0,0,0.49872813
0,0,0.5019965
0,0,0.51776487
0,0,0.51902604
0,0,0.5125962
0,0,0.5182977
0,0,0.5235077
0,0,0.5295567
0,0,0.51077193
0,0,0.5088819
0,0,0.50300664
0,0,0.48356077
0,0,0.48525646
0,0,0.48333064
0,0,0.48611632
0,0,0.48538983
0,0,0.4762929
0,0,0.4792592
0,0,0.48799315
0,0,0.49510455
0,0,0.49352807
0,0,0.5029918
0,0,0.4895374
0,0,0.4823229
0,0,0.49618143
0,0,0.4891885
0,0,0.48102134
0,0,0.48844096
0,0,0.48765987
0,0,0.49337462
0,0,0.48708382
0,0,0.50560224
0,0,0.48391396
0,0,0.4864997
0,0,0.4766318
0,0,0.4770063
0,0,0.48774192
0,0,0.48927772
0,0,0.50499386
0,0,0.50920016
0,0,0.5113955
0,0,0.49735865
0,0,0.48966685
0,0,0.49528357
0,0,0.50093013
0,0,0.4897858
0,0,0.5005605
0,0,0.52669615
0,0,0.52264625
0,0,0.500434
0,0,0.49296558
0,0,0.4835655
0,0,0.4772588
0,0,0.46963146
0,0,0.476996
0,0,0.4830458
0,0,0.512187
0,0,0.5144203
0,0,0.50169563
0,0,0.51920795
0,0,0.518068
0,0,0.5173658
0,0,0.50512654
0,0,0.51472557
0,0,0.5062146
0,0,0.5043242
0,0,0.5092593
0,0,0.51739264
0,0,0.5059763
0,0,0.5123947
0,0,0.50895333
0,0,0.50086325
0,0,0.49774978
0,0,0.5030329
0,0,0.5049853
0,0,0.49942178
0,0,0.4890703
0,0,0.48354337
0,0,0.50046855
0,0,0.5110186
0,0,0.5042227
0,0,0.50645417
0,0,0.5164054
0,0,0.5148254
0,0,0.52140105
0,0,0.5163614
0,0,0.5192238
0,0,0.52370477
0,0,0.5294087
0,0,0.5397657
0,0,0.50592864
0,0,0.5208401
0,0,0.53238654
0,0,0.5303414
0,0,0.5220306
0,0,0.52714527
0,0,0.5321259
0,0,0.5185942
0,0,0.5168031
0,0,0.5155083
0,0,0.51118296
0,0,0.5018738
0,0,0.50095
0,0,0.5034286
0,0,0.5080553
0,0,0.5098819
0,0,0.52308846
0,0,0.52705014
0,0,0.527513
0,0,0.5145641
0,0,0.5259107
0,0,0.5210354
0,0,0.5101952
0,0,0.50990975
0,0,0.50480783
0,0,0.5053767
0,0,0.50356555
0,0,0.48824683
0,0,0.48117214
0,0,0.49127138
0,0,0.51302826
0,0,0.51887167
0,0,0.5151781
0,0,0.51345146
0,0,0.5240514
0,0,0.51398337
0,0,0.51642376
0,0,0.5137974
0,0,0.5017073
0,0,0.4941565
0,0,0.49892923
0,0,0.5020705
0,0,0.50307995
0,0,0.52240103
0,0,0.5270282
0,0,0.52281713
0,0,0.5191628
0,0,0.525213
0,0,0.5158824
0,0,0.52360445
0,0,0.5035094
0,0,0.49853417
0,0,0.495451
0,0,0.49106282
0,0,0.48776892
0,0,0.48521397
0,0,0.47589225
0,0,0.49984926
0,0,0.4934898
0,0,0.4930372
0,0,0.49999422
0,0,0.49984187
0,0,0.48796454
0,0,0.5138664
0,0,0.5177328
0,0,0.51691353
0,0,0.5201935
0,0,0.5093927
0,0,0.5207521
0,0,0.49252743
0,0,0.5014635
0,0,0.49888045
0,0,0.5004571
0,0,0.4834526
0,0,0.47385517
0,0,0.4871475
0,0,0.49764413
0,0,0.5072246
0,0,0.49656254
0,0,0.51536244
0,0,0.5262047
0,0,0.52315027
0,0,0.51078266
0,0,0.520945
0,0,0.533204
0,0,0.51769775
0,0,0.5149105
0,0,0.5036145
0,0,0.51402646
0,0,0.5117061
0,0,0.51542354
0,0,0.5129594
0,0,0.49300167
0,0,0.50399417
0,0,0.5070183
0,0,0.501358
0,0,0.4992402
0,0,0.51483494
0,0,0.5094515
0,0,0.504918
0,0,0.51603603
0,0,0.5304494
0,0,0.50962305
0,0,0.50945127
0,0,0.4946955
0,0,0.48188856
0,0,0.4797842
0,0,0.49050668
0,0,0.49334723
0,0,0.4962186
0,0,0.49092367
0,0,0.50918645
0,0,0.51568955
0,0,0.5022758
0,0,0.5035031
0,0,0.5141036
0,0,0.51641524
0,0,0.51337814
0,0,0.5164545
0,0,0.5181556
0,0,0.5202671
0,0,0.51385903
0,0,0.50292486
0,0,0.5147056
0,0,0.5173229
0,0,0.5111004
0,0,0.5094565
0,0,0.51230794
0,0,0.51382387
0,0,0.50342524
0,0,0.5160213
0,0,0.51284665
0,0,0.5048613
0,0,0.49689516
0,0,0.50364894
0,0,0.5045808
0,0,0.5106053
0,0,0.52386755
0,0,0.52416265
0,0,0.5210867
0,0,0.5143261
0,0,0.5295171
0,0,0.50743526
0,0,0.51772773
0,0,0.49903557
0,0,0.51137286
0,0,0.51314837
0,0,0.5034365
0,0,0.4898979
0,0,0.48807436
0,0,0.48263404
0,0,0.4767182
0,0,0.469781
0,0,0.47783214
0,0,0.47830355
0,0,0.47795367
0,0,0.49374813
0,0,0.49534172
0,0,0.5200776
0,0,0.5199714
0,0,0.5278516
0,0,0.5380209
0,0,0.5373837
0,0,0.5301647
0,0,0.53432184
0,0,0.51868105
0,0,0.517919
0,0,0.52191836
0,0,0.5252284
0,0,0.52899855
0,0,0.5194959
0,0,0.5186246
0,0,0.50943094
0,0,0.506182
0,0,0.5003931
0,0,0.49373516
0,0,0.49832407
0,0,0.51640457
0,0,0.50154614
0,0,0.50894797
0,0,0.50274974
0,0,0.50219953
0,0,0.48996508
0,0,0.5001351
0,0,0.48801374
0,0,0.5080192
0,0,0.513592
0,0,0.53172606
0,0,0.5274096
0,0,0.52569467
0,0,0.5056323
0,0,0.51230717
0,0,0.5140583
0,0,0.501411
0,0,0.4893352
0,0,0.4853594
0,0,0.4838257
0,0,0.47626156
0,0,0.47250584
0,0,0.4588138
0,0,0.4801435
0,0,0.47498998
0,0,0.48193187
0,0,0.50238204
0,0,0.51164204
0,0,0.5079995
0,0,0.5163441
0,0,0.5121883
0,0,0.49919924
0,0,0.48546484
0,0,0.48434457
0,0,0.4872675
0,0,0.49945754
0,0,0.5049622
0,0,0.51498246
0,0,0.5083129
0,0,0.5040691
0,0,0.50797826
0,0,0.50328493
0,0,0.5012575
0,0,0.5147527
0,0,0.51806825
0,0,0.5109177
0,0,0.49984342
0,0,0.5051684
0,0,0.4857441
0,0,0.47038722
0,0,0.4714039
0,0,0.47510362
0,0,0.49123
0,0,0.50946146
0,0,0.51248115
0,0,0.5278579
0,0,0.52455753
0,0,0.51817405
0,0,0.5039338
0,0,0.5011393
0,0,0.5080434
0,0,0.50178766
0,0,0.49517983
0,0,0.50587255
0,0,0.49815783
0,0,0.5023903
0,0,0.51503277
0,0,0.5217321
0,0,0.5178521
0,0,0.49936888
0,0,0.4865931
0,0,0.47483888
0,0,0.4972063
0,0,0.48955712
0,0,0.5137193
0,0,0.50716317
0,0,0.5190979
0,0,0.5145326
0,0,0.52178526
0,0,0.52783525
0,0,0.5093737
0,0,0.5131486
0,0,0.50619966
0,0,0.5105213
0,0,0.5082931
0,0,0.4987539
0,0,0.4973833
0,0,0.48393586
0,0,0.45725667
0,0,0.4657568
0,0,0.48326787
0,0,0.49776125
0,0,0.48746303
0,0,0.49249592
0,0,0.5093976
0,0,0.5127315
0,0,0.5152535
0,0,0.5137909
0,0,0.5321887
0,0,0.53067446
0,0,0.5313895
0,0,0.5333881
0,0,0.5132285
0,0,0.52612704
0,0,0.51679426
0,0,0.5018244
0,0,0.5122423
0,0,0.5135251
0,0,0.5071362
0,0,0.51482415
0,0,0.50486463
0,0,0.4922966
0,0,0.4797223
0,0,0.47653767
0,0,0.46865752
0,0,0.47423896
0,0,0.46950182
0,0,0.4788788
0,0,0.47877035
0,0,0.48107463
0,0,0.49361256
0,0,0.49930027
0,0,0.5240756
0,0,0.5135144
0,0,0.52539265
0,0,0.53483003
0,0,0.5137616
0,0,0.51693827
0,0,0.5223034
0,0,0.5092154
0,0,0.5054373
0,0,0.5083851
0,0,0.50729144
0,0,0.49982226
0,0,0.4835385
0,0,0.47902662
0,0,0.49203035
0,0,0.4911562
0,0,0.49265927
0,0,0.52223957
0,0,0.52735454
0,0,0.5229636
0,0,0.50958896
0,0,0.5139431
0,0,0.51129717
0,0,0.51841545
0,0,0.5145005
0,0,0.5256796
0,0,0.51082635
0,0,0.5050433
0,0,0.5023073
0,0,0.49166238
0,0,0.5108259
0,0,0.5055985
0,0,0.50518924
0,0,0.51418906
0,0,0.5175987
0,0,0.52145755
0,0,0.53367454
0,0,0.52879745
0,0,0.5295874
0,0,0.5179052
0,0,0.5031485
0,0,0.5256445
0,0,0.51808494
0,0,0.50188446
0,0,0.49118155
0,0,0.48994276
0,0,0.4936795
0,0,0.5043325
0,0,0.51766735
0,0,0.5047236
0,0,0.51001406
0,0,0.5164958
0,0,0.517954
0,0,0.5141077
0,0,0.52322894
0,0,0.53334314
0,0,0.52909476
0,0,0.5340124
0,0,0.5188892
0,0,0.52113813
0,0,0.52837616
0,0,0.5149167
0,0,0.51729953
0,0,0.5044887
0,0,0.5056583
0,0,0.5052057
0,0,0.50251836
0,0,0.4970591
0,0,0.51577693
0,0,0.4966904
0,0,0.4907503
0,0,0.48431265
0,0,0.4792331
0,0,0.4672484
0,0,0.4677513
0,0,0.47951558
0,0,0.47980323
0,0,0.4824091
0,0,0.5168127
0,0,0.51308954
0,0,0.51135486
0,0,0.5167267
0,0,0.5042563
0,0,0.5099856
0,0,0.5123003
0,0,0.50327814
0,0,0.5086743
0,0,0.503266
0,0,0.4895299
0,0,0.5013663
0,0,0.50037646
0,0,0.48795268
0,0,0.5010703
0,0,0.50092417
0,0,0.4927418
0,0,0.52396214
0,0,0.51494807
0,0,0.50798327
0,0,0.5039194
0,0,0.5075929
0,0,0.5063366
0,0,0.5045261
0,0,0.5031745
0,0,0.5067117
0,0,0.49616992
0,0,0.5058941
0,0,0.49690217
0,0,0.5032951
0,0,0.4844387
0,0,0.48460972
0,0,0.49802935
0,0,0.515709
0,0,0.5195896
0,0,0.52622527
0,0,0.52042824
0,0,0.52189904
0,0,0.5147316
0,0,0.5051284
0,0,0.5120739
0,0,0.502609
0,0,0.48420447
0,0,0.48509717
0,0,0.4876835
0,0,0.49339017
0,0,0.4724702
0,0,0.4840919
0,0,0.49843273
0,0,0.5010421
0,0,0.49602148
0,0,0.49434316
0,0,0.5108967
0,0,0.51496196
0,0,0.51803356
0,0,0.5113017
0,0,0.5016317
0,0,0.5011493
0,0,0.50952077
0,0,0.5240496
0,0,0.5107499
0,0,0.5215714
0,0,0.5188681
0,0,0.53157234
0,0,0.51054126
0,0,0.50449944
0,0,0.49595216
0,0,0.48990762
0,0,0.48441082
0,0,0.49684584
0,0,0.5282222
0,0,0.51709634
0,0,0.5065192
0,0,0.50076485
0,0,0.5074043
0,0,0.4960304
0,0,0.49772325
0,0,0.5005887
0,0,0.48046282
0,0,0.48034644
0,0,0.4714261
0,0,0.4737608
0,0,0.46983337
0,0,0.47907537
0,0,0.4962968
0,0,0.5055167
0,0,0.5053247
0,0,0.51639056
0,0,0.5325161
0,0,0.52326167
0,0,0.52889514
0,0,0.5367605
0,0,0.52475554
0,0,0.52036387
0,0,0.52995265
0,0,0.51542395
0,0,0.52648467
0,0,0.5188393
0,0,0.5240467
0,0,0.5061468
0,0,0.5185348
0,0,0.5283437
0,0,0.5089264
0,0,0.50762945
0,0,0.49990514
0,0,0.48969543
0,0,0.4888965
0,0,0.49690405
0,0,0.50040174
0,0,0.5082885
0,0,0.5099517
0,0,0.52416915
0,0,0.526741
0,0,0.5125787
0,0,0.52668756
0,0,0.5254116
0,0,0.51974
0,0,0.5268304
0,0,0.51796585
0,0,0.52671266
0,0,0.51824695
0,0,0.51641303
0,0,0.5077114
0,0,0.49844596
0,0,0.4799838
0,0,0.48161012
0,0,0.4903482
0,0,0.49320364
0,0,0.49149036
0,0,0.49281383
0,0,0.5083498
0,0,0.5138811
0,0,0.50175524
0,0,0.509965
0,0,0.51307267
0,0,0.51792645
0,0,0.5061457
0,0,0.50874305
0,0,0.5103524
0,0,0.4890924
0,0,0.4957782
0,0,0.48603138
0,0,0.5129254
0,0,0.49548894
0,0,0.5105751
0,0,0.52012706
0,0,0.50953615
0,0,0.50946885
0,0,0.5206276
0,0,0.511811
0,0,0.50309324
0,0,0.49389076
0,0,0.49474457
0,0,0.48304033
0,0,0.4866152
0,0,0.48924005
0,0,0.4941452
0,0,0.50176936
0,0,0.5082808
0,0,0.51082045
0,0,0.51131976
0,0,0.5136717
0,0,0.5103798
0,0,0.5087003
0,0,0.5125462
0,0,0.50441486
0,0,0.5014572
0,0,0.48179883
0,0,0.48235306
0,0,0.48084763
0,0,0.47305453
0,0,0.46411055
0,0,0.47736815
0,0,0.49407333
0,0,0.5018246
0,0,0.4951215
0,0,0.50946236
0,0,0.5248418
0,0,0.5120942
0,0,0.5042677
0,0,0.5063685
0,0,0.5167637
0,0,0.5096839
0,0,0.5225677
0,0,0.52040064
0,0,0.51612574
0,0,0.5124643
0,0,0.5075877
0,0,0.47889346
0,0,0.4704186
0,0,0.46375406
0,0,0.46492827
0,0,0.46783912
0,0,0.50027704
0,0,0.5224937
0,0,0.52240217
0,0,0.5288052
0,0,0.5274759
0,0,0.5130941
0,0,0.5291289
0,0,0.52061373
0,0,0.5264436
0,0,0.5230834
0,0,0.5217581
0,0,0.5080668
0,0,0.502321
0,0,0.5113158
0,0,0.5162097
0,0,0.4934581
0,0,0.5092288
0,0,0.5050758
0,0,0.5088292
0,0,0.5210957
0,0,0.50837135
0,0,0.5068591
0,0,0.5198628
0,0,0.52234834
0,0,0.51466656
0,0,0.5166497
0,0,0.5064742
0,0,0.5025741
0,0,0.48859015
0,0,0.5102886
0,0,0.51660603
0,0,0.51173943
0,0,0.5155023
0,0,0.5200172
0,0,0.5226089
0,0,0.5168377
0,0,0.51215565
0,0,0.52040714
0,0,0.5234181
0,0,0.5158012
0,0,0.5136812
0,0,0.50641465
0,0,0.4932065
0,0,0.5023192
0,0,0.4952903
0,0,0.5031312
0,0,0.50808054
0,0,0.516212
0,0,0.52639157
0,0,0.5214206
0,0,0.5149488
0,0,0.5174154
0,0,0.5270505
0,0,0.5118609
0,0,0.51257926
0,0,0.52279866
0,0,0.5255588
0,0,0.5317939
0,0,0.5172251
0,0,0.520913
0,0,0.53431344
0,0,0.5200172
0,0,0.5235196
0,0,0.5215565
0,0,0.52550143
0,0,0.5095488
0,0,0.497638
0,0,0.4937056
0,0,0.4960777
0,0,0.5010053
0,0,0.49670193
0,0,0.5082296
0,0,0.52331024
0,0,0.5343675
0,0,0.52780235
0,0,0.52605855
0,0,0.5101307
0,0,0.5034834
0,0,0.5008696
0,0,0.48655555
0,0,0.50169927
0,0,0.5032832
0,0,0.5121172
0,0,0.50834614
0,0,0.5161027
0,0,0.5204752
0,0,0.5230869
0,0,0.5081144
0,0,0.5151969
0,0,0.5192346
0,0,0.50276786
0,0,0.48591325
0,0,0.48786935
0,0,0.47687507
0,0,0.48260215
0,0,0.48957378
0,0,0.5085952
0,0,0.5242025
0,0,0.5364485
0,0,0.52762574
0,0,0.5259314
0,0,0.5236733
0,0,0.523023
0,0,0.5095725
0,0,0.515811
0,0,0.5012636
0,0,0.5178107
0,0,0.5181401
0,0,0.51852185
0,0,0.5097888
0,0,0.5040472
0,0,0.49723294
0,0,0.5049673
0,0,0.5133503
0,0,0.50002587
0,0,0.5120377
0,0,0.5209473
0,0,0.52604824
0,0,0.51164144
0,0,0.51260203
0,0,0.52035314
0,0,0.50610673
0,0,0.5003622
0,0,0.5018425
0,0,0.5045343
0,0,0.4977841
0,0,0.49368554
0,0,0.49573216
0,0,0.51226383
0,0,0.5086045
0,0,0.50477785
0,0,0.5199673
0,0,0.5191996
0,0,0.5082444
0,0,0.5024081
0,0,0.51421154
0,0,0.5276668
0,0,0.5348017
0,0,0.53692174
0,0,0.53842956
0,0,0.52919525
0,0,0.5265975
0,0,0.5285301
0,0,0.5166092
0,0,0.51838464
0,0,0.5155354
0,0,0.5152478
0,0,0.51193917
0,0,0.5147649
0,0,0.52084106
0,0,0.5291228
0,0,0.5178777
0,0,0.51388466
0,0,0.50428236
0,0,0.5109843
0,0,0.487248
0,0,0.4867859
0,0,0.4936358
0,0,0.5112087
0,0,0.49891979
0,0,0.51951456
0,0,0.5148247
0,0,0.513713
0,0,0.5144804
0,0,0.51912016
0,0,0.5126621
0,0,0.5097255
0,0,0.5100428
0,0,0.5312792
0,0,0.5149619
0,0,0.51670206
0,0,0.5206971
0,0,0.5291339
0,0,0.5210066
0,0,0.5169839
0,0,0.5103399
0,0,0.49968904
0,0,0.5111959
0,0,0.5196305
0,0,0.5138588
0,0,0.52118105
0,0,0.52385277
0,0,0.51539683
0,0,0.5054208
0,0,0.50623935
0,0,0.48910818
0,0,0.48220578
0,0,0.49273
0,0,0.5046304
0,0,0.5029447
0,0,0.51066184
0,0,0.51496494
0,0,0.5287296
0,0,0.5321433
0,0,0.52442014
0,0,0.5174758
0,0,0.52059376
0,0,0.5289168
0,0,0.53395617
0,0,0.5243586
0,0,0.5179686
0,0,0.52231467
0,0,0.51436406
0,0,0.520266
0,0,0.50850016
0,0,0.50554323
0,0,0.49250585
0,0,0.49224135
0,0,0.49073613
0,0,0.49210092
0,0,0.49581167
0,0,0.49721432
0,0,0.48783007
0,0,0.49209633
0,0,0.4876671
0,0,0.49893132
0,0,0.5086165
0,0,0.5222372
0,0,0.511813
0,0,0.51480865
0,0,0.509587
0,0,0.4963443
0,0,0.49423692
0,0,0.48828596
0,0,0.47624007
0,0,0.4821682
0,0,0.49009013
0,0,0.49751815
0,0,0.5018636
0,0,0.4947015
0,0,0.5072337
0,0,0.51772845
0,0,0.51137006
0,0,0.52101827
0,0,0.51944494
0,0,0.51353234
0,0,0.50742495
0,0,0.48900744
0,0,0.48039567
0,0,0.48093155
0,0,0.48679227
0,0,0.487383
0,0,0.49064645
0,0,0.4849577
0,0,0.49195856
0,0,0.49353033
0,0,0.4833054
0,0,0.48691693
0,0,0.4865967
0,0,0.490138
0,0,0.49538144
0,0,0.4908757
0,0,0.49058908
0,0,0.50673836
0,0,0.51725817
0,0,0.5264902
0,0,0.528202
0,0,0.5149802
0,0,0.5131548
0,0,0.5252183
0,0,0.52168536
0,0,0.51586914
0,0,0.514621
0,0,0.5114162
0,0,0.5135966
0,0,0.5049513
0,0,0.50804365
0,0,0.5046899
0,0,0.5024616
0,0,0.50492495
0,0,0.508216
0,0,0.49868464
0,0,0.5086875
0,0,0.5123885
0,0,0.5181885
0,0,0.51856345
0,0,0.5047648
0,0,0.4909736
0,0,0.49441186
0,0,0.51338804
0,0,0.49796027
0,0,0.49828205
0,0,0.4896107
0,0,0.48367146
0,0,0.48298562
0,0,0.47449327
0,0,0.48622668
0,0,0.49318388
0,0,0.49882212
0,0,0.50458854
0,0,0.49264795
0,0,0.50688964
0,0,0.5158229
0,0,0.5201629
0,0,0.51777303
0,0,0.5138669
0,0,0.502881
0,0,0.50986975
0,0,0.50734943
0,0,0.5028805
0,0,0.49872297
0,0,0.5065776
0,0,0.4978669
0,0,0.5061868
0,0,0.5021585
0,0,0.49765983
0,0,0.49191058
0,0,0.49855193
0,0,0.5058036
0,0,0.49327216
0,0,0.4999237
0,0,0.49889308
0,0,0.49933136
0,0,0.49658212
0,0,0.48811814
0,0,0.49876636
0,0,0.4958353
0,0,0.48364422
0,0,0.5046396
0,0,0.49419335
0,0,0.5039865
0,0,0.5190436
0,0,0.51566017
0,0,0.5123632
0,0,0.52152014
0,0,0.53095526
0,0,0.52232635
0,0,0.5116768
0,0,0.5064833
0,0,0.50880265
0,0,0.49044278
0,0,0.49126872
0,0,0.49644837
0,0,0.5064913
0,0,0.52050894
0,0,0.5282035
0,0,0.5253136
0,0,0.52316576
0,0,0.5336244
0,0,0.5368734
0,0,0.53371316
0,0,0.5282406
0,0,0.51953936
0,0,0.50384396
0,0,0.5147312
0,0,0.5036879
0,0,0.50048333
0,0,0.51463586
0,0,0.5138908
0,0,0.5192145
0,0,0.50974494
0,0,0.49257416
0,0,0.5003302
0,0,0.4802244
0,0,0.5001832
0,0,0.4882922
0,0,0.47782257
0,0,0.48001534
0,0,0.49739859
0,0,0.50672686
0,0,0.5074677
0,0,0.5100767
0,0,0.5184588
0,0,0.51707745
0,0,0.50214046
0,0,0.50288004
0,0,0.49760622
0,0,0.49203748
0,0,0.48284915
0,0,0.49192798
0,0,0.50281376
0,0,0.5179583
0,0,0.51412797
0,0,0.5131732
0,0,0.512033
0,0,0.51334137
0,0,0.51991713
0,0,0.5069035
0,0,0.51292884
0,0,0.5202985
0,0,0.5103443
0,0,0.5071811
0,0,0.49830383
0,0,0.50028795
0,0,0.49456805
0,0,0.49691775
0,0,0.4961475
0,0,0.50288373
0,0,0.50854903
0,0,0.50394684
0,0,0.5232984
0,0,0.52557296
0,0,0.5187152
0,0,0.5188282
0,0,0.50806
0,0,0.5060753
0,0,0.4986727
0,0,0.48363107
0,0,0.5028436
0,0,0.49988982
0,0,0.48601723
0,0,0.51694524
0,0,0.5228935
0,0,0.51307565
0,0,0.51581204
0,0,0.5246541
0,0,0.5145861
0,0,0.5147831
0,0,0.52154565
0,0,0.5338055
0,0,0.5240065
0,0,0.5208111
0,0,0.50746447
0,0,0.5162926
0,0,0.5069143
0,0,0.50735587
0,0,0.5021993
0,0,0.5166016
0,0,0.50687814
0,0,0.50463235
0,0,0.49950933
0,0,0.4958646
0,0,0.4962678
0,0,0.51186436
0,0,0.5094186
0,0,0.495376
0,0,0.48675606
0,0,0.48785818
0,0,0.47846177
0,0,0.4777154
0,0,0.47892398
0,0,0.48426944
0,0,0.48884264
0,0,0.5041952
0,0,0.50843406
0,0,0.5265843
0,0,0.52848095
0,0,0.51515967
0,0,0.5184527
0,0,0.5285722
0,0,0.5124957
0,0,0.5067022
0,0,0.5120885
0,0,0.5274149
0,0,0.519349
0,0,0.5025301
0,0,0.49559632
0,0,0.5010121
0,0,0.51233107
0,0,0.51186603
0,0,0.50510955
0,0,0.49915025
0,0,0.5050866
0,0,0.4989338
0,0,0.49099037
0,0,0.48084983
0,0,0.507795
0,0,0.5067861
0,0,0.49785784
0,0,0.4924612
0,0,0.5077572
0,0,0.516472
0,0,0.5168782
0,0,0.5115094
0,0,0.52095675
0,0,0.5215787
0,0,0.50514656
0,0,0.50772387
0,0,0.5086896
0,0,0.50634927
0,0,0.5070685
0,0,0.4943088
0,0,0.47705904
0,0,0.48219642
0,0,0.4814308
0,0,0.48855418
0,0,0.5042726
0,0,0.5080049
0,0,0.51670945
0,0,0.51452446
0,0,0.51617473
0,0,0.5220995
0,0,0.5160586
0,0,0.5051351
0,0,0.49608377
0,0,0.49757826
0,0,0.48533782
0,0,0.48933426
0,0,0.48722866
0,0,0.47457862
0,0,0.47060102
0,0,0.45827898
0,0,0.47776613
0,0,0.47996145
0,0,0.47517446
0,0,0.48440835
0,0,0.47311708
0,0,0.4729774
0,0,0.4716224
0,0,0.47690156
0,0,0.47171798
0,0,0.4793258
0,0,0.49263722
0,0,0.48961094
0,0,0.5035878
0,0,0.5084211
0,0,0.49196687
0,0,0.48691836
0,0,0.47794333
0,0,0.48911437
0,0,0.495162
0,0,0.48837167
0,0,0.48660877
0,0,0.4888339
0,0,0.48217213
0,0,0.48998833
0,0,0.46885487
0,0,0.4655338
0,0,0.4686284
0,0,0.46945316
0,0,0.46675953
0,0,0.4801834
0,0,0.49091998
0,0,0.50605315
0,0,0.50467426
0,0,0.51295453
0,0,0.5137478
0,0,0.517654
0,0,0.51410836
0,0,0.5227608
0,0,0.5189137
0,0,0.50538933
0,0,0.4984855
0,0,0.49310258
0,0,0.4875677
0,0,0.50667065
0,0,0.5012958
0,0,0.5032992
0,0,0.5142805
0,0,0.5160201
0,0,0.5086595
0,0,0.51962113
0,0,0.5227413
0,0,0.5297788
0,0,0.52630323
0,0,0.52398497
0,0,0.5294955
0,0,0.52430403
0,0,0.5200727
0,0,0.5028446
0,0,0.49653998
0,0,0.4871608
0,0,0.48583597
0,0,0.4754132
0,0,0.46796104
0,0,0.47963715
0,0,0.4854168
0,0,0.49924362
0,0,0.50568086
0,0,0.5122164
0,0,0.5203757
0,0,0.5215299
0,0,0.52312577
0,0,0.51565164
0,0,0.50496465
0,0,0.49831554
0,0,0.49782783
0,0,0.49974465
0,0,0.505668
0,0,0.50704473
0,0,0.4961784
0,0,0.50156057
0,0,0.5094756
0,0,0.52373
0,0,0.5146847
0,0,0.51814663
0,0,0.521039
0,0,0.5100872
0,0,0.51270944
0,0,0.50882316
0,0,0.50590885
0,0,0.49966472
0,0,0.49850163
0,0,0.5211333
0,0,0.51987517
0,0,0.51459044
0,0,0.51349425
0,0,0.509219
0,0,0.5025976
0,0,0.50778836
0,0,0.49795377
0,0,0.49801514
0,0,0.5159676
0,0,0.50956225
0,0,0.51475143
0,0,0.50135285
0,0,0.50446844
0,0,0.4828784
0,0,0.47433367
0,0,0.46567377
0,0,0.4812463
0,0,0.48411828
0,0,0.4896653
0,0,0.5040023
0,0,0.5021543
0,0,0.5120387
0,0,0.51768714
0,0,0.5164937
0,0,0.49938396
0,0,0.5120051
0,0,0.5028844
0,0,0.4986295
0,0,0.51682085
0,0,0.5208174
0,0,0.5247901
0,0,0.5271926
0,0,0.51493835
0,0,0.5131956
0,0,0.5082972
0,0,0.49799132
0,0,0.49307957
0,0,0.4931978
0,0,0.50142026
0,0,0.5070293
0,0,0.5063159
0,0,0.5054151
0,0,0.505999
0,0,0.51154184
0,0,0.5095184
0,0,0.5133143
0,0,0.5127234
0,0,0.5094123
0,0,0.5206125
0,0,0.5225276
0,0,0.5260338
0,0,0.5328838
0,0,0.5218242
0,0,0.5337309
0,0,0.5354073
0,0,0.5167861
0,0,0.50718224
0,0,0.50384617
0,0,0.48135975
0,0,0.4755195
0,0,0.44964093
0,0,0.46246657
0,0,0.47239462
0,0,0.46909133
0,0,0.46314222
0,0,0.49407896
0,0,0.5028412
0,0,0.5091342
0,0,0.5087341
0,0,0.4994238
0,0,0.49819916
0,0,0.49927744
0,0,0.494281
0,0,0.49455097
0,0,0.50147086
0,0,0.5052978
0,0,0.5090415
0,0,0.5114666
0,0,0.5134608
0,0,0.5129808
0,0,0.5113796
0,0,0.5172184
0,0,0.50519943
0,0,0.5151418
0,0,0.49662593
0,0,0.4995648
0,0,0.49695063
0,0,0.5009692
0,0,0.5058224
0,0,0.50988984
0,0,0.49890703
0,0,0.5037269
0,0,0.51185334
0,0,0.51474124
0,0,0.50988114
0,0,0.5197591
0,0,0.5244263
0,0,0.5209257
0,0,0.5160925
0,0,0.5090489
0,0,0.5223212
0,0,0.510392
0,0,0.51672053
0,0,0.514691
0,0,0.5241501
0,0,0.5182164
0,0,0.51225895
0,0,0.5190574
0,0,0.5165719
0,0,0.5147003
0,0,0.5150665
0,0,0.51573807
0,0,0.5255721
0,0,0.50990367
0,0,0.49902248
0,0,0.49253535
0,0,0.50401187
0,0,0.49336675
0,0,0.50835776
0,0,0.50372094
0,0,0.50655633
0,0,0.49162114
0,0,0.4843505
0,0,0.47754577
0,0,0.47546285
0,0,0.47759116
0,0,0.4804868
0,0,0.49975199
0,0,0.51966846
0,0,0.5237941
0,0,0.5326395
0,0,0.5270411
0,0,0.5312819
0,0,0.53165543
0,0,0.5260514
0,0,0.5145917
0,0,0.52054536
0,0,0.5122328
0,0,0.5245069
0,0,0.51345724
0,0,0.50942135
0,0,0.49584144
0,0,0.49155107
0,0,0.49330464
0,0,0.49152106
0,0,0.5024156
0,0,0.51136637
0,0,0.50991625
0,0,0.51402247
0,0,0.49532744
0,0,0.4979335
0,0,0.48540062
0,0,0.49863267
0,0,0.50241894
0,0,0.5042874
0,0,0.52435064
0,0,0.5155287
0,0,0.5176327
0,0,0.5147702
0,0,0.5044826
0,0,0.5162668
0,0,0.5155277
0,0,0.50930214
0,0,0.5157078
0,0,0.51901335
0,0,0.50893784
0,0,0.5155154
0,0,0.5148134
0,0,0.51223856
0,0,0.5206895
0,0,0.512908
0,0,0.523162
0,0,0.50168395
0,0,0.5020101
0,0,0.49660125
0,0,0.5081897
0,0,0.5039595
0,0,0.4986531
0,0,0.5071794
0,0,0.50030446
0,0,0.49112445
0,0,0.48010644
0,0,0.48466215
0,0,0.48429063
0,0,0.4851689
0,0,0.4851143
0,0,0.4906468
0,0,0.5087728
0,0,0.4994049
0,0,0.5095079
0,0,0.49134204
0,0,0.50823474
0,0,0.5164167
0,0,0.52229214
0,0,0.5206382
0,0,0.51506776
0,0,0.51380956
0,0,0.5125556
0,0,0.51033914
0,0,0.50729024
0,0,0.52419126
0,0,0.51099443
0,0,0.5103244
0,0,0.5192186
0,0,0.5191551
0,0,0.518263
0,0,0.51339656
0,0,0.52121997
0,0,0.5141608
0,0,0.5178987
0,0,0.50941235
0,0,0.5153653
0,0,0.48903003
0,0,0.48832762
0,0,0.47395054
0,0,0.47163793
0,0,0.4659816
0,0,0.4711186
0,0,0.4879205
0,0,0.49669516
0,0,0.50966114
0,0,0.5289308
0,0,0.54659414
0,0,0.53938425
0,0,0.5352781
0,0,0.5388844
0,0,0.5299624
0,0,0.52953416
0,0,0.52912825
0,0,0.5169034
0,0,0.52365804
0,0,0.52788264
0,0,0.50576824
0,0,0.51626456
0,0,0.51911265
0,0,0.52692264
0,0,0.5351207
0,0,0.52801335
0,0,0.5259925
0,0,0.5155048
0,0,0.5231569
0,0,0.520011
0,0,0.5230163
0,0,0.5100971
0,0,0.5236472
0,0,0.5160889
0,0,0.5183498
0,0,0.50682664
0,0,0.52332896
0,0,0.5386532
0,0,0.534836
0,0,0.5357917
0,0,0.5343137
0,0,0.5247011
0,0,0.5188673
0,0,0.5189591
0,0,0.51253587
0,0,0.5156386
0,0,0.52100885
0,0,0.49959323
0,0,0.48966283
0,0,0.48642313
0,0,0.4893991
0,0,0.49581045
0,0,0.5053131
0,0,0.5139281
0,0,0.5203452
0,0,0.52687997
0,0,0.53126824
0,0,0.5338889
0,0,0.5306197
0,0,0.53627795
0,0,0.5394626
0,0,0.5385163
0,0,0.5424832
0,0,0.5446467
0,0,0.5501477
0,0,0.52666867
0,0,0.54251695
0,0,0.535107
0,0,0.5433211
0,0,0.545678
0,0,0.5403444
0,0,0.531945
0,0,0.53647566
0,0,0.5403544
0,0,0.5356932
0,0,0.5065297
0,0,0.50386393
0,0,0.5010177
0,0,0.49950042
0,0,0.5118303
0,0,0.52096564
0,0,0.5197042
0,0,0.5198851
0,0,0.52789843
0,0,0.5298801
0,0,0.52081937
0,0,0.514807
0,0,0.51574636
0,0,0.52194864
0,0,0.5281605
0,0,0.5243858
0,0,0.51534694
0,0,0.505856
0,0,0.5069161
0,0,0.4904408
0,0,0.48541775
0,0,0.48790187
0,0,0.50956583
0,0,0.52023274
0,0,0.5087748
0,0,0.49520615
0,0,0.50321686
0,0,0.51215434
0,0,0.5169881
0,0,0.5203234
0,0,0.52476877
0,0,0.51816076
0,0,0.5018245
0,0,0.4946106
0,0,0.49779853
0,0,0.4922566
0,0,0.49835807
0,0,0.47420454
0,0,0.5011596
0,0,0.50401556
0,0,0.5208522
0,0,0.52540284
0,0,0.522623
0,0,0.515122
0,0,0.52743244
0,0,0.5251314
0,0,0.52994114
0,0,0.50056136
0,0,0.47934875
0,0,0.46449167
0,0,0.44111443
0,0,0.4537111
0,0,0.46989423
0,0,0.4644213
0,0,0.45614704
0,0,0.47658667
0,0,0.49054563
0,0,0.49366328
0,0,0.51483595
0,0,0.52433515
0,0,0.5230274
0,0,0.5192725
0,0,0.5106141
0,0,0.5008861
0,0,0.49743876
0,0,0.5002119
0,0,0.4976485
0,0,0.49341643
0,0,0.49372488
0,0,0.50328726
0,0,0.50912297
0,0,0.5147217
0,0,0.51420504
0,0,0.50071824
0,0,0.49646333
0,0,0.5087779
0,0,0.50006455
0,0,0.50591624
0,0,0.51587737
0,0,0.5062394
0,0,0.5139468
0,0,0.5128153
0,0,0.50812733
0,0,0.50297606
0,0,0.533927
0,0,0.5190217
0,0,0.5210727
0,0,0.5238354
0,0,0.5128907
0,0,0.51432145
0,0,0.5211373
0,0,0.51536846
0,0,0.510075
0,0,0.5039436
0,0,0.47742987
0,0,0.47972667
0,0,0.47010267
0,0,0.47495636
0,0,0.47526866
0,0,0.48605514
0,0,0.48896164
0,0,0.4919179
0,0,0.5128643
0,0,0.5264129
0,0,0.5297513
0,0,0.5257665
0,0,0.5198631
0,0,0.522469
0,0,0.51597345
0,0,0.5234671
0,0,0.5113254
0,0,0.5287506
0,0,0.5173222
0,0,0.51060075
0,0,0.5043854
0,0,0.48842064
0,0,0.48439828
0,0,0.4908178
0,0,0.48940024
0,0,0.47320345
0,0,0.4759169
0,0,0.4747229
0,0,0.48017833
0,0,0.4943343
0,0,0.48771974
0,0,0.4860991
0,0,0.51412296
0,0,0.5120678
0,0,0.5139295
0,0,0.5124216
0,0,0.513711
0,0,0.5060165
0,0,0.49745527
0,0,0.4801735
0,0,0.4926256
0,0,0.50073403
0,0,0.49571663
0,0,0.5065181
0,0,0.5238944
0,0,0.51541454
0,0,0.5121243
0,0,0.52729005
0,0,0.529278
0,0,0.5251664
0,0,0.5201419
0,0,0.52258325
0,0,0.50482625
0,0,0.50488895
0,0,0.49150908
0,0,0.51008
0,0,0.49695897
0,0,0.5109645
0,0,0.5061017
0,0,0.5118261
0,0,0.5184971
0,0,0.52013403
0,0,0.51060635
0,0,0.5246524
0,0,0.52082205
0,0,0.5185555
0,0,0.5092052
0,0,0.5116423
0,0,0.5144524
0,0,0.51661366
0,0,0.5011254
0,0,0.5055186
0,0,0.5130504
0,0,0.5286769
0,0,0.51589745
0,0,0.52210546
0,0,0.5114648
0,0,0.5112805
0,0,0.50166434
0,0,0.49565712
0,0,0.49090993
0,0,0.48805442
0,0,0.4826527
0,0,0.48654896
0,0,0.48510453
0,0,0.5021038
0,0,0.50238955
0,0,0.49271193
0,0,0.48031923
0,0,0.47843164
0,0,0.48328257
0,0,0.48398232
0,0,0.48175958
0,0,0.49549586
0,0,0.50405806
0,0,0.5000981
0,0,0.48864716
0,0,0.49989656
0,0,0.49040815
0,0,0.48092294
0,0,0.48177654
0,0,0.49033076
0,0,0.5128167
0,0,0.5159463
0,0,0.52447534
0,0,0.5129107
0,0,0.5062051
0,0,0.50524265
0,0,0.4935021
0,0,0.4861988
0,0,0.5133856
0,0,0.51464945
0,0,0.5022171
0,0,0.49886894
0,0,0.50798887
0,0,0.5076842
0,0,0.5060452
0,0,0.52512723
0,0,0.5262318
0,0,0.5161715
0,0,0.5054491
0,0,0.5100919
0,0,0.5117797
0,0,0.48391432
0,0,0.50418097
0,0,0.51507324
0,0,0.5115717
0,0,0.5079497
0,0,0.50731736
0,0,0.51495653
0,0,0.50223523
0,0,0.51379716
0,0,0.50694746
0,0,0.5032846
0,0,0.48936954
0,0,0.47217095
0,0,0.47652924
0,0,0.49067503
0,0,0.50082976
0,0,0.48346004
0,0,0.50204736
0,0,0.5070284
0,0,0.5053047
0,0,0.50884324
0,0,0.51623845
0,0,0.50907207
0,0,0.49824244
0,0,0.504191
0,0,0.50641805
0,0,0.49448946
0,0,0.49700814
0,0,0.48064595
0,0,0.47799718
0,0,0.4843249
0,0,0.48524383
0,0,0.47801745
0,0,0.48479727
0,0,0.4783479
0,0,0.47899064
0,0,0.4812992
0,0,0.48750514
0,0,0.49099475
0,0,0.49001604
0,0,0.5060168
0,0,0.5212342
0,0,0.51449823
0,0,0.5080285
0,0,0.4917706
0,0,0.49071327
0,0,0.49991313
0,0,0.4877536
0,0,0.4800204
0,0,0.5043759
0,0,0.5256864
0,0,0.5195614
0,0,0.5245167
0,0,0.5229981
0,0,0.5197753
0,0,0.5132618
0,0,0.51364416
0,0,0.50909203
0,0,0.52818805
0,0,0.4970669
0,0,0.51281726
0,0,0.5054363
0,0,0.49481708
0,0,0.4843485
0,0,0.48441148
0,0,0.47864807
0,0,0.4875337
0,0,0.49455684
0,0,0.50619006
0,0,0.50515825
0,0,0.5181141
0,0,0.5201776
0,0,0.5188472
0,0,0.49665922
0,0,0.5003947
0,0,0.4981309
0,0,0.49555942
0,0,0.4865099
0,0,0.5080016
0,0,0.49909642
0,0,0.48645777
0,0,0.48662663
0,0,0.4810589
0,0,0.4809514
0,0,0.4803816
0,0,0.472535
0,0,0.48126358
0,0,0.4824833
0,0,0.48505372
0,0,0.5037253
0,0,0.5143763
0,0,0.5183481
0,0,0.5087683
0,0,0.5308789
0,0,0.5299639
0,0,0.52929294
0,0,0.5428675
0,0,0.5357615
0,0,0.536536
0,0,0.51260686
0,0,0.515765
0,0,0.50216204
0,0,0.5293276
0,0,0.52278507
0,0,0.52448267
0,0,0.5257102
0,0,0.5168754
0,0,0.51202464
0,0,0.5213209
0,0,0.50193024
0,0,0.5195752
0,0,0.5280878
0,0,0.51136744
0,0,0.51344025
0,0,0.5065438
0,0,0.5098465
0,0,0.5093755
0,0,0.5009714
0,0,0.5108545
0,0,0.50890505
0,0,0.5092627
0,0,0.5029439
0,0,0.5214439
0,0,0.5069555
0,0,0.49450636
0,0,0.49134085
0,0,0.49332055
0,0,0.49729285
0,0,0.49282137
0,0,0.5072845
0,0,0.5202378
0,0,0.51717293
0,0,0.50303304
0,0,0.49362284
0,0,0.4969283
0,0,0.48986655
0,0,0.4836293
0,0,0.47792563
0,0,0.4934527
0,0,0.49270082
0,0,0.50478464
0,0,0.50361204
0,0,0.5267746
0,0,0.50841796
0,0,0.5238199
0,0,0.52846205
0,0,0.53882676
0,0,0.532422
0,0,0.5330127
0,0,0.5253227
0,0,0.52582145
0,0,0.513651
0,0,0.5078272
0,0,0.49757707
0,0,0.5113501
0,0,0.51240426
0,0,0.5200786
0,0,0.508102
0,0,0.5167361
0,0,0.5048983
0,0,0.49958134
0,0,0.49467817
0,0,0.5051039
0,0,0.5055647
0,0,0.5083191
0,0,0.5151752
0,0,0.51840585
0,0,0.5112812
0,0,0.52321476
0,0,0.5262211
0,0,0.51221013
0,0,0.51249933
0,0,0.5094763
0,0,0.504599
0,0,0.51074696
0,0,0.5158839
0,0,0.5258656
0,0,0.5296414
0,0,0.5380201
0,0,0.5299893
0,0,0.5288689
0,0,0.53466874
0,0,0.5359791
0,0,0.52522254
0,0,0.5215091
0,0,0.508397
0,0,0.4999034
0,0,0.4812549
0,0,0.48750246
0,0,0.49332878
0,0,0.4967848
0,0,0.5214467
0,0,0.51743597
0,0,0.51669985
0,0,0.51711637
0,0,0.51160085
0,0,0.5024198
0,0,0.5007158
0,0,0.49534112
0,0,0.5041887
0,0,0.49534082
0,0,0.48107684
0,0,0.49159807
0,0,0.51039803
0,0,0.5140994
0,0,0.5153812
0,0,0.5210326
0,0,0.52514374
0,0,0.51894957
0,0,0.52052057
0,0,0.5132325
0,0,0.5216934
0,0,0.5177906
0,0,0.50480515
0,0,0.5155123
0,0,0.5126786
0,0,0.51366884
0,0,0.5144162
0,0,0.5174978
0,0,0.507487
0,0,0.50257206
0,0,0.5135065
0,0,0.5070366
0,0,0.49058035
0,0,0.5050088
0,0,0.51606345
0,0,0.5190033
0,0,0.5238021
0,0,0.51354235
0,0,0.52047276
0,0,0.5166846
0,0,0.5070811
0,0,0.50069165
0,0,0.52878445
0,0,0.5320998
0,0,0.51735735
0,0,0.5248831
0,0,0.53021854
0,0,0.51036245
0,0,0.49856943
0,0,0.48998225
0,0,0.50526327
0,0,0.51487696
0,0,0.50518394
0,0,0.50134534
0,0,0.5146013
0,0,0.51795596
0,0,0.52408296
0,0,0.5128097
0,0,0.5263502
0,0,0.5186989
0,0,0.5135011
0,0,0.52468187
0,0,0.5162422
0,0,0.5216463
0,0,0.5040398
0,0,0.5040665
0,0,0.49774158
0,0,0.49447632
0,0,0.4781178
0,0,0.482036
0,0,0.48882532
0,0,0.4969207
0,0,0.47331825
0,0,0.4824753
0,0,0.4983449
0,0,0.4807764
0,0,0.4731862
0,0,0.48073244
0,0,0.47553638
0,0,0.48245105
0,0,0.4851337
0,0,0.48196846
0,0,0.48344702
0,0,0.49264863
0,0,0.47569764
0,0,0.47966555
0,0,0.48860723
0,0,0.50726646
0,0,0.51620585
0,0,0.5221801
0,0,0.5323339
0,0,0.5390775
0,0,0.5202663
0,0,0.52371657
0,0,0.52614003
0,0,0.51388663
0,0,0.5140195
0,0,0.49559024
0,0,0.5148082
0,0,0.5131942
0,0,0.50465703
0,0,0.5167665
0,0,0.52909356
0,0,0.5312295
0,0,0.52792
0,0,0.5221891
0,0,0.51984483
0,0,0.5172983
0,0,0.50720644
0,0,0.49793693
0,0,0.4946
0,0,0.50903517
0,0,0.5147393
0,0,0.512673
0,0,0.52017957
0,0,0.5341802
0,0,0.526817
0,0,0.5221358
0,0,0.5223844
0,0,0.5235514
0,0,0.52423936
0,0,0.50445765
0,0,0.48765403
0,0,0.487325
0,0,0.5082695
0,0,0.5009742
0,0,0.51950747
0,0,0.5204066
0,0,0.5198595
0,0,0.5128476
0,0,0.5082938
0,0,0.49052176
0,0,0.48587093
0,0,0.4864484
0,0,0.51140344
0,0,0.5012441
0,0,0.49089563
0,0,0.49463996
0,0,0.4975197
0,0,0.498258
0,0,0.48611823
0,0,0.48833916
0,0,0.466744
0,0,0.47935814
0,0,0.46753585
0,0,0.4768099
0,0,0.48193613
0,0,0.48547488
0,0,0.47520384
0,0,0.4753692
0,0,0.48344678
0,0,0.48316085
0,0,0.4796006
0,0,0.48125625
0,0,0.5105877
0,0,0.5192874
0,0,0.5312121
0,0,0.53172904
0,0,0.5330188
0,0,0.5390476
0,0,0.54263204
0,0,0.5311074
0,0,0.5118396
0,0,0.48757046
0,0,0.49733317
0,0,0.4897326
0,0,0.5141108
0,0,0.51946235
0,0,0.51208246
0,0,0.50652915
0,0,0.5184613
0,0,0.5081317
0,0,0.5008395
0,0,0.49368513
0,0,0.48795676
0,0,0.48382688
0,0,0.48302722
0,0,0.47518113
0,0,0.49241298
0,0,0.49614868
0,0,0.47502193
0,0,0.47930366
0,0,0.4779153
0,0,0.48841217
0,0,0.49022302
0,0,0.48955095
0,0,0.509945
0,0,0.5219032
0,0,0.5249814
0,0,0.508239
0,0,0.50674015
0,0,0.5047272
0,0,0.50284564
0,0,0.5144645
0,0,0.5116064
0,0,0.5015753
0,0,0.5058792
0,0,0.51934254
0,0,0.5108292
0,0,0.51439905
0,0,0.51300937
0,0,0.50966066
0,0,0.5334739
0,0,0.5238809
0,0,0.5232353
0,0,0.49960127
0,0,0.5023409
0,0,0.49839383
0,0,0.49974895
0,0,0.48931974
0,0,0.4988486
0,0,0.5035164
0,0,0.50889707
0,0,0.49041176
0,0,0.48839328
0,0,0.5162002
0,0,0.5139163
0,0,0.5158399
0,0,0.5262207
0,0,0.53100634
0,0,0.5254818
0,0,0.5361393
0,0,0.5292824
0,0,0.52814704
0,0,0.523531
0,0,0.52381194
0,0,0.51659364
0,0,0.51092976
0,0,0.50518984
0,0,0.50301963
0,0,0.50966626
0,0,0.49296564
0,0,0.5078267
0,0,0.50387925
0,0,0.5202037
0,0,0.52991533
0,0,0.5165586
0,0,0.52032393
0,0,0.5306625
0,0,0.5261576
0,0,0.52355206
0,0,0.53300726
0,0,0.5216855
0,0,0.5238683
0,0,0.5273649
0,0,0.518097
0,0,0.5113056
0,0,0.51325464
0,0,0.48087645
0,0,0.48964444
0,0,0.49537882
0,0,0.49394554
0,0,0.49309656
0,0,0.5073623
0,0,0.5048971
0,0,0.507108
0,0,0.49841765
0,0,0.49946555
0,0,0.49666923
0,0,0.5010894
0,0,0.49393553
0,0,0.4905114
0,0,0.50376636
0,0,0.50067765
0,0,0.49236628
0,0,0.4929555
0,0,0.5065039
0,0,0.5221322
0,0,0.5158412
0,0,0.5123015
0,0,0.502219
0,0,0.5066823
0,0,0.5027677
0,0,0.50915194
0,0,0.5072405
0,0,0.52050334
0,0,0.5149295
0,0,0.4996956
0,0,0.487566
0,0,0.49024364
0,0,0.49354124
0,0,0.50479424
0,0,0.51494724
0,0,0.50828063
0,0,0.5183596
0,0,0.5245518
0,0,0.52204657
0,0,0.5216682
0,0,0.5252744
0,0,0.51785934
0,0,0.5137083
0,0,0.5089732
0,0,0.52211094
0,0,0.51018983
0,0,0.5195394
0,0,0.5207993
0,0,0.52829593
0,0,0.53161705
0,0,0.53424716
0,0,0.519272
0,0,0.52459764
0,0,0.51592565
0,0,0.50357217
0,0,0.5030896
0,0,0.5129663
0,0,0.50977695
0,0,0.5030469
0,0,0.51243746
0,0,0.51757747
0,0,0.52116436
0,0,0.5206857
0,0,0.51985514
0,0,0.50757253
0,0,0.5022395
0,0,0.5067072
0,0,0.5063684
0,0,0.5176729
0,0,0.52114946
0,0,0.5277539
0,0,0.53299683
0,0,0.5210871
0,0,0.5194755
0,0,0.51607615
0,0,0.51368916
0,0,0.5224626
0,0,0.51379555
0,0,0.5151203
0,0,0.51155394
0,0,0.5165516
0,0,0.5250991
0,0,0.5225186
0,0,0.51517993
0,0,0.5243418
0,0,0.5203831
0,0,0.52203375
0,0,0.5078173
0,0,0.51055276
0,0,0.5006943
0,0,0.5011223
0,0,0.5100174
0,0,0.5136969
0,0,0.5121769
0,0,0.50928926
0,0,0.50598884
0,0,0.5081587
0,0,0.49084592
0,0,0.48304346
0,0,0.49085787
0,0,0.51033384
0,0,0.5182207
0,0,0.526941
0,0,0.5091556
0,0,0.5056658
0,0,0.50370896
0,0,0.4978425
0,0,0.4888635
0,0,0.5047309
0,0,0.507468
0,0,0.5119968
0,0,0.49521306
0,0,0.50165594
0,0,0.5199573
0,0,0.5166848
0,0,0.5067813
0,0,0.5126252
0,0,0.4995848
0,0,0.48152465
0,0,0.47583848
0,0,0.484819
0,0,0.48507866
0,0,0.4816078
0,0,0.48620272
0,0,0.47615752
0,0,0.48144946
0,0,0.47211504
0,0,0.46948197
0,0,0.5036906
0,0,0.52269083
0,0,0.5167686
0,0,0.5292347
0,0,0.5194978
0,0,0.51073796
0,0,0.50509167
0,0,0.51476943
0,0,0.5100941
0,0,0.5210453
0,0,0.5159472
0,0,0.51793194
0,0,0.5009073
0,0,0.4896203
0,0,0.512252
0,0,0.5062488
0,0,0.51759905
0,0,0.5281455
0,0,0.5248195
0,0,0.51380634
0,0,0.52481484
0,0,0.51334643
0,0,0.5065524
0,0,0.4969111
0,0,0.50317305
0,0,0.48608685
0,0,0.49202657
0,0,0.484732
0,0,0.49887887
0,0,0.4954604
0,0,0.49688727
0,0,0.49521655
0,0,0.49389192
0,0,0.4931862
0,0,0.48111603
0,0,0.4964724
0,0,0.5075969
0,0,0.5096326
0,0,0.5162428
0,0,0.5228524
0,0,0.5257094
0,0,0.51202387
0,0,0.5003663
0,0,0.49897927
0,0,0.49205467
0,0,0.49230585
0,0,0.50013244
0,0,0.5116445
0,0,0.51457036
0,0,0.5305483
0,0,0.514251
0,0,0.51021564
0,0,0.5077747
0,0,0.49699625
0,0,0.48935184
0,0,0.503529
0,0,0.5104114
0,0,0.5255883
0,0,0.53486454
0,0,0.5232392
0,0,0.52139336
0,0,0.52377856
0,0,0.51038826
0,0,0.5032902
0,0,0.5057624
0,0,0.5161418
0,0,0.50133324
0,0,0.5054778
0,0,0.5300336
0,0,0.5193732
0,0,0.5270465
0,0,0.5345755
0,0,0.52961695
0,0,0.53641593
0,0,0.5283725
0,0,0.5371581
0,0,0.5435842
0,0,0.53419477
0,0,0.53081113
0,0,0.5280173
0,0,0.51853365
0,0,0.51362944
0,0,0.4971496
0,0,0.49269694
0,0,0.49643597
0,0,0.5075409
0,0,0.51488215
0,0,0.50972015
0,0,0.5001461
0,0,0.49537337
0,0,0.48985076
0,0,0.49391615
0,0,0.49246162
0,0,0.48344344
0,0,0.49201593
0,0,0.48776343
0,0,0.48266262
0,0,0.48859453
0,0,0.48869073
0,0,0.49485058
0,0,0.48638386
0,0,0.48271817
0,0,0.5008814
0,0,0.5062314
0,0,0.5193139
0,0,0.5118548
0,0,0.51083255
0,0,0.52218974
0,0,0.5169144
0,0,0.51463753
0,0,0.5108461
0,0,0.5231643
0,0,0.50510615
0,0,0.4981528
0,0,0.5136803
0,0,0.49457762
0,0,0.48623133
0,0,0.49711007
0,0,0.5015147
0,0,0.5163898
0,0,0.52158755
0,0,0.51932484
0,0,0.51929265
0,0,0.52180886
0,0,0.511946
0,0,0.5057683
0,0,0.5133895
0,0,0.517991
0,0,0.51525
0,0,0.51114804
0,0,0.5207141
0,0,0.5107648
0,0,0.5159647
0,0,0.5131241
0,0,0.5069017
0,0,0.50593346
0,0,0.497215
0,0,0.4800105
0,0,0.47062287
0,0,0.4654435
0,0,0.46246967
0,0,0.4779912
0,0,0.47827742
0,0,0.48126668
0,0,0.48852697
0,0,0.50044376
0,0,0.48752075
0,0,0.50043637
0,0,0.51417917
0,0,0.51720315
0,0,0.5140176
0,0,0.52172136
0,0,0.5089655
0,0,0.51254624
0,0,0.49158955
0,0,0.49479908
0,0,0.5079991
0,0,0.50678915
0,0,0.50255483
0,0,0.5030073
0,0,0.516216
0,0,0.5067336
0,0,0.5066527
0,0,0.5124207
0,0,0.5008673
0,0,0.4945753
0,0,0.49751788
0,0,0.48775753
0,0,0.48054254
0,0,0.4833477
0,0,0.49167126
0,0,0.5016243
0,0,0.5144545
0,0,0.5368981
0,0,0.5383322
0,0,0.5253148
0,0,0.52390516
0,0,0.5133883
0,0,0.511211
0,0,0.512544
0,0,0.5016679
0,0,0.5090301
0,0,0.500813
0,0,0.5024274
0,0,0.5072088
0,0,0.51093763
0,0,0.5168774
0,0,0.5181633
0,0,0.5250421
0,0,0.5245747
0,0,0.506499
0,0,0.50421524
0,0,0.49076414
0,0,0.49102545
0,0,0.49163312
0,0,0.51280254
0,0,0.5183301
0,0,0.50946575
0,0,0.5091937
0,0,0.51288265
0,0,0.49902943
0,0,0.50153697
0,0,0.49476326
0,0,0.4993622
0,0,0.48738402
0,0,0.49056795
0,0,0.4749432
0,0,0.48030767
0,0,0.47561035
0,0,0.47589743
0,0,0.48291942
0,0,0.4876311
0,0,0.49496222
0,0,0.4902272
0,0,0.48308116
0,0,0.47214362
0,0,0.4770535
0,0,0.48485386
0,0,0.49127504
0,0,0.49094376
0,0,0.5046199
0,0,0.50549245
0,0,0.51495284
0,0,0.5134124
0,0,0.5099098
0,0,0.51724416
0,0,0.51033413
0,0,0.51987237
0,0,0.5074493
0,0,0.5262231
0,0,0.5245832
0,0,0.5241981
0,0,0.5185144
0,0,0.520387
0,0,0.5131356
0,0,0.5121303
0,0,0.51954985
0,0,0.50870293
0,0,0.50311023
0,0,0.51342785
0,0,0.50236744
0,0,0.49307105
0,0,0.5051437
0,0,0.5055152
0,0,0.51387835
0,0,0.528121
0,0,0.511135
0,0,0.5303251
0,0,0.5197075
0,0,0.5133212
0,0,0.5038205
0,0,0.49939415
0,0,0.49711224
0,0,0.4915294
0,0,0.50070673
0,0,0.50672376
0,0,0.51295686
0,0,0.5226862
0,0,0.5174077
0,0,0.5125912
0,0,0.5025983
0,0,0.5036886
0,0,0.47487006
0,0,0.47019717
0,0,0.47761282
0,0,0.48701102
0,0,0.49073154
0,0,0.50071186
0,0,0.50779146
0,0,0.5207034
0,0,0.5057343
0,0,0.5158359
0,0,0.50559545
0,0,0.5009993
0,0,0.49620157
0,0,0.49595743
0,0,0.48347118
0,0,0.4978173
0,0,0.48743838
0,0,0.4974587
0,0,0.5018707
0,0,0.51577795
0,0,0.50898314
0,0,0.5205472
0,0,0.5285215
0,0,0.5186849
0,0,0.53538156
0,0,0.5245226
0,0,0.53140914
0,0,0.5282381
0,0,0.5140672
0,0,0.5035433
0,0,0.4917013
0,0,0.49204987
0,0,0.47971192
0,0,0.49415407
0,0,0.48870173
0,0,0.4968163
0,0,0.4839038
0,0,0.49559912
0,0,0.4889663
0,0,0.505207
0,0,0.50982696
0,0,0.5278766
0,0,0.52612877
0,0,0.51804453
0,0,0.5075309
0,0,0.4997954
0,0,0.5028688
0,0,0.49863118
0,0,0.50158876
0,0,0.50570035
0,0,0.5068211
0,0,0.520914
0,0,0.5291458
0,0,0.5250046
0,0,0.51343954
0,0,0.5067207
0,0,0.5257955
0,0,0.5062476
0,0,0.51224774
0,0,0.5122019
0,0,0.5212403
0,0,0.51748437
0,0,0.51771414
0,0,0.50680697
0,0,0.5067893
0,0,0.50638837
0,0,0.498479
0,0,0.48835588
0,0,0.4856722
0,0,0.5083937
0,0,0.5103057
0,0,0.5008039
0,0,0.502878
0,0,0.50947547
0,0,0.5110887
0,0,0.5197086
0,0,0.5316987
0,0,0.5173014
0,0,0.51883185
0,0,0.5194218
0,0,0.5145872
0,0,0.51052904
0,0,0.5078443
0,0,0.5146611
0,0,0.52474004
0,0,0.5023774
0,0,0.504634
0,0,0.5090828
0,0,0.49880943
0,0,0.4964858
0,0,0.48943153
0,0,0.48015448
0,0,0.48060024
0,0,0.48081
0,0,0.48493645
0,0,0.48522446
0,0,0.48783287
0,0,0.48824957
0,0,0.49468178
0,0,0.5044125
0,0,0.5064174
0,0,0.5024986
0,0,0.5033012
0,0,0.51980853
0,0,0.5225553
0,0,0.507956
0,0,0.5167125
0,0,0.52239776
0,0,0.52338016
0,0,0.5179929
0,0,0.52359205
0,0,0.5178673
0,0,0.5146212
0,0,0.50572157
0,0,0.49913296
0,0,0.49850613
0,0,0.4990144
0,0,0.5048901
0,0,0.49105713
0,0,0.49636194
0,0,0.5154327
0,0,0.5059289
0,0,0.51100147
0,0,0.5089747
0,0,0.51856583
0,0,0.5170949
0,0,0.51489276
0,0,0.5277413
0,0,0.51868397
0,0,0.5148773
0,0,0.51214117
0,0,0.5012792
0,0,0.49838075
0,0,0.4877313
0,0,0.49024028
0,0,0.48161426
0,0,0.4901143
0,0,0.50024295
0,0,0.48728397
0,0,0.47452083
0,0,0.46795553
0,0,0.4556499
0,0,0.46339878
0,0,0.46718138
0,0,0.47865677
0,0,0.4905045
0,0,0.48096034
0,0,0.48196924
0,0,0.5032761
0,0,0.49490172
0,0,0.5031558
0,0,0.51044095
0,0,0.50073093
0,0,0.5006959
0,0,0.51656085
0,0,0.50939
0,0,0.52282304
0,0,0.50892645
0,0,0.5165547
0,0,0.5087724
0,0,0.5199386
0,0,0.5151522
0,0,0.51453596
0,0,0.51179993
0,0,0.50296426
0,0,0.4914843
0,0,0.48244384
0,0,0.47187006
0,0,0.47179055
0,0,0.4677111
0,0,0.46381515
0,0,0.4814635
0,0,0.47852466
0,0,0.49325758
0,0,0.503366
0,0,0.49573004
0,0,0.49541333
0,0,0.51813763
0,0,0.522495
0,0,0.5001652
0,0,0.50166845
0,0,0.49936852
0,0,0.50223047
0,0,0.49750248
0,0,0.49936387
0,0,0.5029726
0,0,0.5001571
0,0,0.51326996
0,0,0.51156586
0,0,0.51190245
0,0,0.5048284
0,0,0.4925474
0,0,0.49781647
0,0,0.51551926
0,0,0.5109679
0,0,0.5079243
0,0,0.51351357
0,0,0.521446
0,0,0.51214504
0,0,0.5029546
0,0,0.50217205
0,0,0.50110483
0,0,0.49091503
0,0,0.5007187
0,0,0.5069474
0,0,0.51947576
0,0,0.53421384
0,0,0.5310756
0,0,0.5321305
0,0,0.5402803
0,0,0.52418387
0,0,0.52277374
0,0,0.5178203
0,0,0.51482195
0,0,0.503011
0,0,0.49752405
0,0,0.4951267
0,0,0.50304174
0,0,0.49768075
0,0,0.5243532
0,0,0.5216046
0,0,0.50799745
0,0,0.50354105
0,0,0.50608593
0,0,0.53060365
0,0,0.51884186
0,0,0.5249598
0,0,0.5060087
0,0,0.5106664
0,0,0.5235246
0,0,0.5337059
0,0,0.5214618
0,0,0.5221153
0,0,0.5207022
0,0,0.50264776
0,0,0.5085357
0,0,0.50240695
0,0,0.49730667
0,0,0.49705616
0,0,0.5051547
0,0,0.5048597
0,0,0.5230968
0,0,0.52839464
0,0,0.51814944
0,0,0.5265869
0,0,0.53207284
0,0,0.5421986
0,0,0.52847546
0,0,0.5256512
0,0,0.52835274
0,0,0.52906644
0,0,0.51985097
0,0,0.50937915
0,0,0.5272992
0,0,0.51679194
0,0,0.51136756
0,0,0.4924974
0,0,0.51179516
0,0,0.5130931
0,0,0.49850222
0,0,0.48681825
0,0,0.5001774
0,0,0.48451456
0,0,0.48258427
0,0,0.50521374
0,0,0.5057781
0,0,0.52211225
0,0,0.5206966
0,0,0.512942
0,0,0.5086153
0,0,0.52554995
0,0,0.51267725
0,0,0.50894034
0,0,0.51064014
0,0,0.5222218
0,0,0.50918967
0,0,0.5024041
0,0,0.48906642
0,0,0.4922706
0,0,0.48429337
0,0,0.49297404
0,0,0.50732267
0,0,0.5080317
0,0,0.5155401
0,0,0.5301066
0,0,0.52383685
0,0,0.52292037
0,0,0.51692855
0,0,0.52347374
0,0,0.5223373
0,0,0.52365285
0,0,0.5301009
0,0,0.5315083
0,0,0.5352522
0,0,0.5248098
0,0,0.5231278
0,0,0.5288188
0,0,0.52546793
0,0,0.5290909
0,0,0.53537494
0,0,0.5274833
0,0,0.5301303
0,0,0.52180654
0,0,0.5251794
0,0,0.51688224
0,0,0.527271
0,0,0.524673
0,0,0.5262129
0,0,0.5381218
0,0,0.5374655
0,0,0.52652305
0,0,0.5166027
0,0,0.51194555
0,0,0.5126156
0,0,0.49646693
0,0,0.49676245
0,0,0.5111629
0,0,0.5116094
0,0,0.50152254
0,0,0.51556766
0,0,0.50485915
0,0,0.49322227
0,0,0.48825407
0,0,0.47848612
0,0,0.46674043
0,0,0.478705
0,0,0.48426664
0,0,0.5018175
0,0,0.51681274
0,0,0.5214282
0,0,0.51160306
0,0,0.5126061
0,0,0.5038141
0,0,0.50700486
0,0,0.4782633
0,0,0.47791377
0,0,0.48730552
0,0,0.47169602
0,0,0.47534522
0,0,0.5001108
0,0,0.5141534
0,0,0.5186039
0,0,0.51781267
0,0,0.52420384
0,0,0.5178083
0,0,0.5259531
0,0,0.53602344
0,0,0.53545475
0,0,0.52991647
0,0,0.5159788
0,0,0.5133465
0,0,0.49442217
0,0,0.48975408
0,0,0.48432612
0,0,0.49361733
0,0,0.5028277
0,0,0.5028568
0,0,0.5031444
0,0,0.5110108
0,0,0.49990562
0,0,0.5001335
0,0,0.5003025
0,0,0.5060197
0,0,0.5138119
0,0,0.51122606
0,0,0.5212431
0,0,0.5167808
0,0,0.53068745
0,0,0.5115269
0,0,0.51200604
0,0,0.50830096
0,0,0.504538
0,0,0.48149866
0,0,0.47782028
0,0,0.47690716
0,0,0.4772353
0,0,0.47696665
0,0,0.4773259
0,0,0.46331638
0,0,0.46417245
0,0,0.46207166
0,0,0.4595134
0,0,0.47384056
0,0,0.50787383
0,0,0.51793987
0,0,0.5150528
0,0,0.5237241
0,0,0.51358104
0,0,0.5153129
0,0,0.51380926
0,0,0.5179297
0,0,0.5032203
0,0,0.5080119
0,0,0.49892727
0,0,0.4942717
0,0,0.51241446
0,0,0.5120554
0,0,0.5108977
0,0,0.5141763
0,0,0.5176461
0,0,0.506235
0,0,0.51371425
0,0,0.5092386
0,0,0.4839452
0,0,0.47839758
0,0,0.4723908
0,0,0.4845261
0,0,0.5031076
0,0,0.509151
0,0,0.50780946
0,0,0.5143399
0,0,0.5039777
0,0,0.51756245
0,0,0.51212233
0,0,0.5112923
0,0,0.5146118
0,0,0.51481014
0,0,0.5033662
0,0,0.49605778
0,0,0.5038652
0,0,0.50444955
0,0,0.4970684
0,0,0.49075082
0,0,0.5138777
0,0,0.5239898
0,0,0.51950824
0,0,0.5139817
0,0,0.5279115
0,0,0.5134276
0,0,0.5076252
0,0,0.5068789
0,0,0.5008637
0,0,0.50485635
0,0,0.51439464
0,0,0.510742
0,0,0.5055247
0,0,0.52007353
0,0,0.5216902
0,0,0.51518804
0,0,0.5023878
0,0,0.49951863
0,0,0.52354336
0,0,0.5230594
0,0,0.519561
0,0,0.524606
0,0,0.5358684
0,0,0.5107863
0,0,0.52908003
0,0,0.5334172
0,0,0.52247804
0,0,0.52242917
0,0,0.51428896
0,0,0.5055946
0,0,0.50681543
0,0,0.5119033
0,0,0.49798003
0,0,0.503183
0,0,0.50459164
0,0,0.5030562
0,0,0.49602276
0,0,0.5080082
0,0,0.50468385
0,0,0.49586466
0,0,0.48279858
0,0,0.4879761
0,0,0.48877564
0,0,0.49345624
0,0,0.48196873
0,0,0.50674474
0,0,0.5124354
0,0,0.52832735
0,0,0.53135633
0,0,0.52641076
0,0,0.5092186
0,0,0.5111543
0,0,0.49671805
0,0,0.4995217
0,0,0.49825978
0,0,0.4989357
0,0,0.49586374
0,0,0.5100385
0,0,0.50286555
0,0,0.49879864
0,0,0.49866706
0,0,0.5067019
0,0,0.51487213
0,0,0.49844098
0,0,0.5209307
0,0,0.5235412
0,0,0.5239504
0,0,0.51994014
0,0,0.5174174
0,0,0.5192753
0,0,0.52276856
0,0,0.5122048
0,0,0.52489704
0,0,0.5119394
0,0,0.5253337
0,0,0.52029794
0,0,0.51322937
0,0,0.50601614
0,0,0.49875844
0,0,0.50322753
0,0,0.49323532
0,0,0.48912048
0,0,0.5067511
0,0,0.5000291
0,0,0.49295852
0,0,0.50477636
0,0,0.5068146
0,0,0.504107
0,0,0.51521474
0,0,0.5083146
0,0,0.50502694
0,0,0.5000229
0,0,0.49873832
0,0,0.48885983
0,0,0.49118784
0,0,0.4948577
0,0,0.5085878
0,0,0.5088633
0,0,0.52031314
0,0,0.50821763
0,0,0.5009146
0,0,0.49282444
0,0,0.48781663
0,0,0.48929834
0,0,0.49769846
0,0,0.49654728
0,0,0.52112067
0,0,0.5005955
0,0,0.4986939
0,0,0.49951696
0,0,0.5076407
0,0,0.4887367
0,0,0.49732256
0,0,0.4913866
0,0,0.49544856
0,0,0.48719737
0,0,0.5049103
0,0,0.4935331
0,0,0.48956248
0,0,0.5128655
0,0,0.51012886
0,0,0.4958398
0,0,0.4937304
0,0,0.5072485
0,0,0.51536024
0,0,0.51528615
0,0,0.49787068
0,0,0.5133199
0,0,0.5195173
0,0,0.51445276
0,0,0.50858194
0,0,0.5232758
0,0,0.511084
0,0,0.5034928
0,0,0.48655748
0,0,0.49352857
0,0,0.50102735
0,0,0.51003915
0,0,0.5041824
0,0,0.49074268
0,0,0.492296
0,0,0.4837087
0,0,0.4725183
0,0,0.48481408
0,0,0.5128336
0,0,0.522157
0,0,0.5260471
0,0,0.525415
0,0,0.5337935
0,0,0.53379744
0,0,0.5337127
0,0,0.5249889
0,0,0.525767
0,0,0.52431196
0,0,0.5252541
0,0,0.51753443
0,0,0.5098421
0,0,0.51188153
0,0,0.50191474
0,0,0.4871664
0,0,0.4807342
0,0,0.4783081
0,0,0.48893997
0,0,0.4846954
0,0,0.50197035
0,0,0.5005291
0,0,0.49605352
0,0,0.502143
0,0,0.508248
0,0,0.49623874
0,0,0.49318132
0,0,0.48777997
0,0,0.48806667
0,0,0.4854194
0,0,0.4899874
0,0,0.5017806
0,0,0.5012417
0,0,0.50965726
0,0,0.50818
0,0,0.5176204
0,0,0.5103012
0,0,0.5168909
0,0,0.51124597
0,0,0.5046822
0,0,0.5133399
0,0,0.5185788
0,0,0.5189244
0,0,0.51267153
0,0,0.5097721
0,0,0.51901406
0,0,0.5270511
0,0,0.5275687
0,0,0.52370733
0,0,0.52204436
0,0,0.5180051
0,0,0.50543594
0,0,0.50188816
0,0,0.49838334
0,0,0.49431834
0,0,0.47577208
0,0,0.48940796
0,0,0.49237752
0,0,0.5039035
0,0,0.5086782
0,0,0.5132397
0,0,0.491022
0,0,0.5020395
0,0,0.5170258
0,0,0.49842203
0,0,0.50994796
0,0,0.51518923
0,0,0.52348316
0,0,0.5196977
0,0,0.5144334
0,0,0.5147432
0,0,0.5151551
0,0,0.49914506
0,0,0.5160464
0,0,0.4991169
0,0,0.49944896
0,0,0.49497682
0,0,0.4926101
0,0,0.49369177
0,0,0.5015506
0,0,0.50033593
0,0,0.49004924
0,0,0.49060434
0,0,0.48947003
0,0,0.49426755
0,0,0.48428318
0,0,0.49338257
0,0,0.486184
0,0,0.48919064
0,0,0.48709178
0,0,0.48942086
0,0,0.50090194
0,0,0.48978445
0,0,0.49262252
0,0,0.49992323
0,0,0.49597877
0,0,0.4989871
0,0,0.5124928
0,0,0.48857734
0,0,0.49088708
0,0,0.5011041
0,0,0.50980514
0,0,0.5048363
0,0,0.49701893
0,0,0.48906538
0,0,0.50073206
0,0,0.504755
0,0,0.50299567
0,0,0.5175434
0,0,0.5157439
0,0,0.5233893
0,0,0.52357465
0,0,0.5266378
0,0,0.5189945
0,0,0.5222071
0,0,0.5049283
0,0,0.5133744
0,0,0.5001367
0,0,0.50281745
0,0,0.5230283
0,0,0.5135364
0,0,0.5029522
0,0,0.5016943
0,0,0.49442136
0,0,0.49182624
0,0,0.5034363
0,0,0.4917198
0,0,0.504294
0,0,0.5086947
0,0,0.5053748
0,0,0.49674976
0,0,0.50127316
0,0,0.5093527
0,0,0.51253486
0,0,0.5101872
0,0,0.5015257
0,0,0.48630187
0,0,0.48762688
0,0,0.46766096
0,0,0.4747633
0,0,0.48766735
0,0,0.5072989
0,0,0.5069633
0,0,0.51532274
0,0,0.5227709
0,0,0.52223134
0,0,0.5198408
0,0,0.51445127
0,0,0.5150004
0,0,0.5221175
0,0,0.53209966
0,0,0.529758
0,0,0.5375677
0,0,0.5340138
0,0,0.5196819
0,0,0.5179607
0,0,0.50151956
0,0,0.5020171
0,0,0.4810796
0,0,0.49766055
0,0,0.4970277
0,0,0.5008933
0,0,0.49842295
0,0,0.49133086
0,0,0.503841
0,0,0.4940483
0,0,0.4959315
0,0,0.50822115
0,0,0.4971632
0,0,0.4883074
0,0,0.49123347
0,0,0.48181537
0,0,0.47363862
0,0,0.47904715
0,0,0.4737331
0,0,0.4829796
0,0,0.49031672
0,0,0.5098179
0,0,0.4984739
0,0,0.48869836
0,0,0.4928904
0,0,0.5030434
0,0,0.49091825
0,0,0.50974387
0,0,0.5244714
0,0,0.53433263
0,0,0.52295893
0,0,0.5299201
0,0,0.5093959
0,0,0.5084158
0,0,0.5036538
0,0,0.50647867
0,0,0.4969323
0,0,0.49449492
0,0,0.49624178
0,0,0.49377564
0,0,0.47632796
0,0,0.47466207
0,0,0.47355172
0,0,0.4694776
0,0,0.48079136
0,0,0.48035663
0,0,0.4957202
0,0,0.4883329
0,0,0.49282888
0,0,0.510521
0,0,0.5186888
0,0,0.51424104
0,0,0.5272777
0,0,0.53198344
0,0,0.52728295
0,0,0.52293783
0,0,0.5175915
0,0,0.50872284
0,0,0.50855875
0,0,0.5063708
0,0,0.52086234
0,0,0.51102114
0,0,0.51557386
0,0,0.49920672
0,0,0.5022884
0,0,0.4923064
0,0,0.48802403
0,0,0.48405293
0,0,0.48607937
0,0,0.48458073
0,0,0.48697284
0,0,0.48069012
0,0,0.49066
0,0,0.50445336
0,0,0.5076533
0,0,0.5113755
0,0,0.52241665
0,0,0.515779
0,0,0.5121995
0,0,0.51458746
0,0,0.49819928
0,0,0.49366236
0,0,0.5005348
0,0,0.49829146
0,0,0.50148475
0,0,0.48999292
0,0,0.4941978
0,0,0.4935252
0,0,0.5248705
0,0,0.5072288
0,0,0.51222914
0,0,0.50163656
0,0,0.5060946
0,0,0.48585168
0,0,0.5072624
0,0,0.49242932
0,0,0.5021066
0,0,0.503159
0,0,0.5063116
0,0,0.5035313
0,0,0.49440178
0,0,0.4949532
0,0,0.4879986
0,0,0.4805515
0,0,0.48868123
0,0,0.5047793
0,0,0.5166873
0,0,0.51888293
0,0,0.52653134
0,0,0.52946246
0,0,0.5301886
0,0,0.5316462
0,0,0.5232046
0,0,0.52108085
0,0,0.51015735
0,0,0.51754487
0,0,0.51006037
0,0,0.5121464
0,0,0.5170706
0,0,0.5209533
0,0,0.52640116
0,0,0.5373975
0,0,0.5391079
0,0,0.5145232
0,0,0.5186927
0,0,0.5149039
0,0,0.50810736
0,0,0.5025915
0,0,0.50597066
0,0,0.50426584
0,0,0.5103596
0,0,0.50796497
0,0,0.51039994
0,0,0.50435793
0,0,0.4983933
0,0,0.4929635
0,0,0.5163946
0,0,0.50803936
0,0,0.49870518
0,0,0.50540954
0,0,0.5158833
0,0,0.5020471
0,0,0.50177324
0,0,0.4958641
0,0,0.5066995
0,0,0.4953489
0,0,0.49356785
0,0,0.49903923
0,0,0.5101016
0,0,0.5086866
0,0,0.50949377
0,0,0.51097405
0,0,0.50866735
0,0,0.5231532
0,0,0.5159098
0,0,0.51900643
0,0,0.51554054
0,0,0.5071771
0,0,0.5085434
0,0,0.50396717
0,0,0.48593763
0,0,0.48310933
0,0,0.495723
0,0,0.5073934
0,0,0.5216945
0,0,0.52505565
0,0,0.5103017
0,0,0.5206281
0,0,0.5032751
0,0,0.5131731
0,0,0.5012958
0,0,0.5038303
0,0,0.50986195
0,0,0.51611745
0,0,0.5128181
0,0,0.5176907
0,0,0.5148059
0,0,0.5252345
0,0,0.5278264
0,0,0.520543
0,0,0.51302904
0,0,0.50438124
0,0,0.49947277
0,0,0.50656086
0,0,0.49239334
0,0,0.50013566
0,0,0.4877686
0,0,0.48619956
0,0,0.48700792
0,0,0.4867392
0,0,0.48785844
0,0,0.49434268
0,0,0.5082779
0,0,0.4943722
0,0,0.5047484
0,0,0.5228206
0,0,0.5164738
0,0,0.49682906
0,0,0.50414264
0,0,0.49953112
0,0,0.51152724
0,0,0.5160503
0,0,0.52278775
0,0,0.50609505
0,0,0.5155233
0,0,0.5059694
0,0,0.5149312
0,0,0.5100307
0,0,0.5132239
0,0,0.49841833
0,0,0.4948465
0,0,0.50551176
0,0,0.50024307
0,0,0.4953897
0,0,0.48020154
0,0,0.48226798
0,0,0.4789697
0,0,0.47187325
0,0,0.4687712
0,0,0.49282974
0,0,0.4766338
0,0,0.48865345
0,0,0.5006686
0,0,0.49630672
0,0,0.4887365
0,0,0.4869108
0,0,0.49431288
0,0,0.4922126
0,0,0.49791434
0,0,0.51006967
0,0,0.52196985
0,0,0.5233599
0,0,0.5235574
0,0,0.51550704
0,0,0.5220058
0,0,0.53087246
0,0,0.5308376
0,0,0.52022594
0,0,0.5158167
0,0,0.53434455
0,0,0.5420175
0,0,0.5346707
0,0,0.52274495
0,0,0.5300018
0,0,0.5203232
0,0,0.52134573
0,0,0.52595466
0,0,0.52887607
0,0,0.5164286
0,0,0.52313
0,0,0.52547973
0,0,0.51306635
0,0,0.49678817
0,0,0.48912486
0,0,0.4792809
0,0,0.47421655
0,0,0.49323475
0,0,0.5057357
0,0,0.5191457
0,0,0.52432346
0,0,0.52365
0,0,0.52276784
0,0,0.5063018
0,0,0.49548966
0,0,0.47988102
0,0,0.49674162
0,0,0.4818838
0,0,0.5057116
0,0,0.49867433
0,0,0.5236931
0,0,0.51727605
0,0,0.5196749
0,0,0.5242688
0,0,0.52849376
0,0,0.52206206
0,0,0.5167371
0,0,0.52647704
0,0,0.523712
0,0,0.53848225
0,0,0.54045546
0,0,0.5277178
0,0,0.5245933
0,0,0.50875974
0,0,0.500491
0,0,0.49617168
0,0,0.48122355
0,0,0.48420906
0,0,0.47751558
0,0,0.47544542
0,0,0.47927848
0,0,0.4836506
0,0,0.4775072
0,0,0.4797124
0,0,0.4825614
0,0,0.482413
0,0,0.50533634
0,0,0.49847674
0,0,0.50404763
0,0,0.49625635
0,0,0.49733216
0,0,0.50254095
0,0,0.5115653
0,0,0.5038456
0,0,0.5198152
0,0,0.51202875
0,0,0.50651133
0,0,0.50374436
0,0,0.4953904
0,0,0.49787852
0,0,0.49057844
0,0,0.48945525
0,0,0.49043345
0,0,0.48015568
0,0,0.482321
0,0,0.47976393
0,0,0.50888455
0,0,0.5085154
0,0,0.50848097
0,0,0.5162971
0,0,0.5291054
0,0,0.5297051
0,0,0.5259713
0,0,0.5175667
0,0,0.5291789
0,0,0.5176247
0,0,0.5084189
0,0,0.5066011
0,0,0.5118694
0,0,0.5205235
0,0,0.517443
0,0,0.50181687
0,0,0.50886184
0,0,0.5154053
0,0,0.4896194
0,0,0.48109868
0,0,0.5000954
0,0,0.50667465
0,0,0.5027009
0,0,0.4894464
0,0,0.49969506
0,0,0.49568242
0,0,0.48102984
0,0,0.4846234
0,0,0.48614788
0,0,0.48330602
0,0,0.47899136
0,0,0.49589217
0,0,0.49511445
0,0,0.49130383
0,0,0.49755758
0,0,0.50590855
0,0,0.52437186
0,0,0.5338777
0,0,0.5222603
0,0,0.5290346
0,0,0.5281928
0,0,0.5281624
0,0,0.53404564
0,0,0.5151606
0,0,0.51817155
0,0,0.500813
0,0,0.50645226
0,0,0.48918986
0,0,0.49807346
0,0,0.49906018
0,0,0.5027261
0,0,0.49047652
0,0,0.5088174
0,0,0.5196338
0,0,0.5229183
0,0,0.51471573
0,0,0.523605
0,0,0.5198094
0,0,0.5109784
0,0,0.503873
0,0,0.5002488
0,0,0.4868555
0,0,0.48272914
0,0,0.48121086
0,0,0.48317412
0,0,0.49487
0,0,0.50626254
0,0,0.5132269
0,0,0.52926874
0,0,0.5264761
0,0,0.52841324
0,0,0.5258033
0,0,0.51832217
0,0,0.5162235
0,0,0.49906132
0,0,0.5059906
0,0,0.5034777
0,0,0.5075014
0,0,0.52536047
0,0,0.5318252
0,0,0.5189164
0,0,0.5271428
0,0,0.514228
0,0,0.5194437
0,0,0.50240815
0,0,0.5086673
0,0,0.51583433
0,0,0.5244676
0,0,0.535184
0,0,0.53387797
0,0,0.5329342
0,0,0.5171004
0,0,0.5312426
0,0,0.5187785
0,0,0.5347115
0,0,0.5163551
0,0,0.5163077
0,0,0.5122627
0,0,0.51331216
0,0,0.51695013
0,0,0.50137305
0,0,0.5006155
0,0,0.51105857
0,0,0.5005747
0,0,0.49744064
0,0,0.48811206
0,0,0.46827838
0,0,0.4701419
0,0,0.4792455
0,0,0.49020135
0,0,0.4918256
0,0,0.52007204
0,0,0.52089995
0,0,0.5408882
0,0,0.5449641
0,0,0.5333779
0,0,0.5343314
0,0,0.5215646
0,0,0.51741284
0,0,0.50107056
0,0,0.5034258
0,0,0.5151786
0,0,0.51210344
0,0,0.5245621
0,0,0.51575017
0,0,0.51729536
0,0,0.50823903
0,0,0.49876684
0,0,0.48555052
0,0,0.49884218
0,0,0.49651083
0,0,0.49136874
0,0,0.49748808
0,0,0.5046324
0,0,0.5048702
0,0,0.51578355
0,0,0.5063515
0,0,0.5105567
0,0,0.5077162
0,0,0.49141666
0,0,0.4932876
0,0,0.48939157
0,0,0.48910412
0,0,0.4824593
0,0,0.50122225
0,0,0.50961566
0,0,0.51435834
0,0,0.51414394
0,0,0.5193891
0,0,0.49955848
0,0,0.5053459
0,0,0.51073176
0,0,0.49661818
0,0,0.5127796
0,0,0.5084076
0,0,0.5167284
0,0,0.52136815
0,0,0.5272082
0,0,0.52854484
0,0,0.5202605
0,0,0.50187117
0,0,0.5018544
0,0,0.5029346
0,0,0.5011607
0,0,0.5003722
0,0,0.52847075
0,0,0.53416204
0,0,0.5238935
0,0,0.5380234
0,0,0.5215301
0,0,0.5213941
0,0,0.5192248
0,0,0.51277184
0,0,0.51764584
0,0,0.51373726
0,0,0.5002728
0,0,0.498448
0,0,0.50256836
0,0,0.48501316
0,0,0.47781706
0,0,0.48500755
0,0,0.48702148
0,0,0.4928641
0,0,0.49454525
0,0,0.50573635
0,0,0.51492286
0,0,0.5288469
0,0,0.5173006
0,0,0.50892043
0,0,0.50629425
0,0,0.48900062
0,0,0.49734017
0,0,0.49118242
0,0,0.48222607
0,0,0.48375702
0,0,0.5033207
0,0,0.49717093
0,0,0.5007048
0,0,0.50740075
0,0,0.5027781
0,0,0.5002465
0,0,0.51324975
0,0,0.51389295
0,0,0.51507646
0,0,0.51379204
0,0,0.5117222
0,0,0.50695044
0,0,0.5086063
0,0,0.50741184
0,0,0.50772446
0,0,0.5079507
0,0,0.4903953
0,0,0.48112464
0,0,0.46514618
0,0,0.4615915
0,0,0.452038
0,0,0.4703321
0,0,0.47716004
0,0,0.4918214
0,0,0.4981486
0,0,0.51049936
0,0,0.5155724
0,0,0.5114201
0,0,0.52555776
0,0,0.5281558
0,0,0.53125066
0,0,0.52873
0,0,0.5250091
0,0,0.53006667
0,0,0.529531
0,0,0.5111753
0,0,0.51904356
0,0,0.5211022
0,0,0.5337783
0,0,0.5232638
0,0,0.5209319
0,0,0.5176747
0,0,0.52645093
0,0,0.5108147
0,0,0.5188576
0,0,0.52598095
0,0,0.50986725
0,0,0.5204921
0,0,0.50954205
0,0,0.50954956
0,0,0.5025107
0,0,0.499053
0,0,0.50091046
0,0,0.5089785
0,0,0.5174302
0,0,0.4986229
0,0,0.50042295
0,0,0.48047101
0,0,0.48614043
0,0,0.48720744
0,0,0.4958723
0,0,0.5104723
0,0,0.52216053
0,0,0.531918
0,0,0.5230981
0,0,0.52146286
0,0,0.51246256
0,0,0.51313305
0,0,0.5245777
0,0,0.5104081
0,0,0.51539016
0,0,0.53306127
0,0,0.50996846
0,0,0.49087006
0,0,0.48059213
0,0,0.48739725
0,0,0.47688845
0,0,0.4884627
0,0,0.50484866
0,0,0.5117177
0,0,0.52769935
0,0,0.5191303
0,0,0.49881455
0,0,0.5152669
0,0,0.5050755
0,0,0.4964926
0,0,0.5139509
0,0,0.53087884
0,0,0.5257708
0,0,0.5242058
0,0,0.5211511
0,0,0.52334124
0,0,0.5005338
0,0,0.49534395
0,0,0.4956386
0,0,0.48080838
0,0,0.4719407
0,0,0.49766126
0,0,0.48884013
0,0,0.49261934
0,0,0.51188695
0,0,0.5022486
0,0,0.494332
0,0,0.50568616
0,0,0.49191403
0,0,0.48471165
0,0,0.4847017
0,0,0.48469844
0,0,0.50033915
0,0,0.5053594
0,0,0.5106398
0,0,0.5038849
0,0,0.522626
0,0,0.5117118
0,0,0.51508904
0,0,0.51450956
0,0,0.49169952
0,0,0.47925612
0,0,0.48349994
0,0,0.48290363
0,0,0.48220488
0,0,0.4983294
0,0,0.4943448
0,0,0.50086826
0,0,0.50237656
0,0,0.5161033
0,0,0.5203804
0,0,0.52665085
0,0,0.53786224
0,0,0.53254896
0,0,0.5280344
0,0,0.51324075
0,0,0.52010506
0,0,0.50997835
0,0,0.50629264
0,0,0.5038173
0,0,0.50063753
0,0,0.51964325
0,0,0.5169574
0,0,0.51702195
0,0,0.5216957
0,0,0.52497274
0,0,0.5227247
0,0,0.52060544
0,0,0.53265715
0,0,0.5251972
0,0,0.5097837
0,0,0.5062636
0,0,0.48929024
0,0,0.48836485
0,0,0.4845355
0,0,0.48641
0,0,0.5046009
0,0,0.51262605
0,0,0.5115049
0,0,0.51362944
0,0,0.5275953
0,0,0.5266089
0,0,0.5306187
0,0,0.5188378
0,0,0.5064917
0,0,0.5160021
0,0,0.5136516
0,0,0.52507067
0,0,0.504301
0,0,0.50866324
0,0,0.5082964
0,0,0.51051027
0,0,0.51417935
0,0,0.5268063
0,0,0.53385323
0,0,0.5293607
0,0,0.53190637
0,0,0.51864713
0,0,0.51545644
0,0,0.5314641
0,0,0.5238174
0,0,0.5240047
0,0,0.5268916
0,0,0.5134546
0,0,0.51347184
0,0,0.5120053
0,0,0.5162837
0,0,0.524963
0,0,0.5304344
0,0,0.5303006
0,0,0.52376056
0,0,0.5271142
0,0,0.53168035
0,0,0.5168357
0,0,0.50793827
0,0,0.50099915
0,0,0.50583196
0,0,0.5037393
0,0,0.5006814
0,0,0.50281334
0,0,0.52554756
0,0,0.52609783
0,0,0.523288
0,0,0.5030338
0,0,0.49778068
0,0,0.49095735
0,0,0.48962545
0,0,0.48157948
0,0,0.476885
0,0,0.48724496
0,0,0.47843054
0,0,0.4719663
0,0,0.46576545
0,0,0.47429553
0,0,0.48024058
0,0,0.50400466
0,0,0.52006644
0,0,0.5228124
0,0,0.5145804
0,0,0.51416063
0,0,0.50649685
0,0,0.49467748
0,0,0.48463324
0,0,0.47915664
0,0,0.49652293
0,0,0.5032693
0,0,0.48877302
0,0,0.48406768
0,0,0.47394562
0,0,0.4725913
0,0,0.4709247
0,0,0.4722313
0,0,0.49135107
0,0,0.50645447
0,0,0.50831926
0,0,0.51723295
0,0,0.5052273
0,0,0.5150635
0,0,0.510054
0,0,0.5121586
0,0,0.5064622
0,0,0.5142918
0,0,0.5031077
0,0,0.5195747
0,0,0.52677375
0,0,0.51548475
0,0,0.5088788
0,0,0.50662196
0,0,0.50342554
0,0,0.4886478
0,0,0.47878504
0,0,0.47857368
0,0,0.47307867
0,0,0.4887794
0,0,0.49803904
0,0,0.4991134
0,0,0.5232129
0,0,0.53225
0,0,0.52592546
0,0,0.52226806
0,0,0.52851945
0,0,0.5170045
0,0,0.50896144
0,0,0.51840836
0,0,0.5016987
0,0,0.48878002
0,0,0.49634308
0,0,0.4974069
0,0,0.49059752
0,0,0.522089
0,0,0.52991384
0,0,0.53069943
0,0,0.522963
0,0,0.5259957
0,0,0.5251778
0,0,0.5221216
0,0,0.511117
0,0,0.51279473
0,0,0.50181556
0,0,0.51380813
0,0,0.50556076
0,0,0.49570432
0,0,0.49985275
0,0,0.5119397
0,0,0.5144111
0,0,0.5007037
0,0,0.49249372
0,0,0.49612162
0,0,0.47646758
0,0,0.46425682
0,0,0.458289
0,0,0.4727169
0,0,0.48522344
0,0,0.49344102
0,0,0.50079894
0,0,0.50659597
0,0,0.49586788
0,0,0.4842124
0,0,0.48572603
0,0,0.48208973
0,0,0.48090082
0,0,0.4800561
0,0,0.4966443
0,0,0.49716845
0,0,0.491659
0,0,0.49728203
0,0,0.49875364
0,0,0.47997415
0,0,0.4912823
0,0,0.4930218
0,0,0.4978776
0,0,0.51230985
0,0,0.5020607
0,0,0.5063613
0,0,0.4949711
0,0,0.4964263
0,0,0.4860869
0,0,0.49655014
0,0,0.5056367
0,0,0.50661385
0,0,0.50367445
0,0,0.50817096
0,0,0.5072308
0,0,0.5082113
0,0,0.5131025
0,0,0.50828874
0,0,0.5033084
0,0,0.5092877
0,0,0.5033437
0,0,0.47906587
0,0,0.48175046
0,0,0.4876084
0,0,0.4859183
0,0,0.49073613
0,0,0.5070577
0,0,0.5025443
0,0,0.49934098
0,0,0.49863687
0,0,0.4962957
0,0,0.52211505
0,0,0.5090654
0,0,0.5153768
0,0,0.50690526
0,0,0.5146636
0,0,0.5139325
0,0,0.5192668
0,0,0.5001248
0,0,0.50023097
0,0,0.498623
0,0,0.48963082
0,0,0.5022177
0,0,0.49085248
0,0,0.5172033
0,0,0.5051195
0,0,0.5140478
0,0,0.5163741
0,0,0.5164739
0,0,0.51420987
0,0,0.5068264
0,0,0.50237167
0,0,0.5110937
0,0,0.518706
0,0,0.50664455
0,0,0.50104
0,0,0.49091488
0,0,0.49180266
0,0,0.4899272
0,0,0.48697314
0,0,0.5077654
0,0,0.5124068
0,0,0.5148812
0,0,0.5099738
0,0,0.5147549
0,0,0.50493735
0,0,0.51356333
0,0,0.5032128
0,0,0.49851525
0,0,0.5017487
0,0,0.51252437
0,0,0.493688
0,0,0.49360257
0,0,0.48678035
0,0,0.47702968
0,0,0.47770616
0,0,0.4687696
0,0,0.4733235
0,0,0.48856753
0,0,0.49157894
0,0,0.51390475
0,0,0.5255709
0,0,0.5256358
0,0,0.5227975
0,0,0.5337495
0,0,0.5183737
0,0,0.51513493
0,0,0.5191892
0,0,0.5073181
0,0,0.49215022
0,0,0.4970068
0,0,0.48773825
0,0,0.49729836
0,0,0.49673486
0,0,0.5182837
0,0,0.5146185
0,0,0.5108291
0,0,0.51960564
0,0,0.5336018
0,0,0.5250069
0,0,0.5185425
0,0,0.50654197
0,0,0.50107443
0,0,0.49576345
0,0,0.5023527
0,0,0.49255276
0,0,0.49974835
0,0,0.4929299
0,0,0.50203335
0,0,0.5089335
0,0,0.49280122
0,0,0.49322024
0,0,0.5070907
0,0,0.49059033
0,0,0.49421763
0,0,0.48164436
0,0,0.49832436
0,0,0.49241814
0,0,0.4902411
0,0,0.51194924
0,0,0.507053
0,0,0.52255
0,0,0.51533073
0,0,0.49974453
0,0,0.5079593
0,0,0.5100351
0,0,0.5113674
0,0,0.51092756
0,0,0.5100942
0,0,0.53117436
0,0,0.5414131
0,0,0.5374311
0,0,0.5297367
0,0,0.52584153
0,0,0.5394129
0,0,0.5233605
0,0,0.5216729
0,0,0.523781
0,0,0.51359844
0,0,0.5172274
0,0,0.5162417
0,0,0.50012106
0,0,0.51260287
0,0,0.5290587
0,0,0.51632595
0,0,0.52542317
0,0,0.52253956
0,0,0.5192453
0,0,0.5269808
0,0,0.5317602
0,0,0.52439886
0,0,0.5092889
0,0,0.5154529
0,0,0.510659
0,0,0.5209638
0,0,0.50951874
0,0,0.5089559
0,0,0.5094307
0,0,0.49828193
0,0,0.5049108
0,0,0.5044251
0,0,0.49778682
0,0,0.51268524
0,0,0.5271139
0,0,0.5249958
0,0,0.51927525
0,0,0.53209805
0,0,0.5332276
0,0,0.516824
0,0,0.51597214
0,0,0.51867217
0,0,0.5074377
0,0,0.49458474
0,0,0.5133403
0,0,0.52670646
0,0,0.52066207
0,0,0.5147238
0,0,0.5233897
0,0,0.5177553
0,0,0.51246977
0,0,0.5148799
0,0,0.49078023
0,0,0.502592
0,0,0.50798434
0,0,0.4983712
0,0,0.49076253
0,0,0.51254976
0,0,0.5075434
0,0,0.49815065
0,0,0.5205719
0,0,0.51718265
0,0,0.52145356
0,0,0.50588304
0,0,0.5167105
0,0,0.5172988
0,0,0.49501854
0,0,0.50092113
0,0,0.5062281
0,0,0.49779215
0,0,0.52061826
0,0,0.5275401
0,0,0.52570224
0,0,0.5159113
0,0,0.50089383
0,0,0.50094306
0,0,0.51777583
0,0,0.5089168
0,0,0.5143176
0,0,0.51806325
0,0,0.51518786
0,0,0.5101163
0,0,0.51733375
0,0,0.50793064
0,0,0.5072664
0,0,0.5044166
0,0,0.5160595
0,0,0.5031407
0,0,0.5052771
0,0,0.5107374
0,0,0.51796603
0,0,0.51628035
0,0,0.530456
0,0,0.535507
0,0,0.51076156
0,0,0.5214891
0,0,0.5240068
0,0,0.5147224
0,0,0.49925083
0,0,0.5056931
0,0,0.49568382
0,0,0.5099869
0,0,0.5049754
0,0,0.50933474
0,0,0.51153654
0,0,0.5120426
0,0,0.50942165
0,0,0.49858958
0,0,0.5014594
0,0,0.5175254
0,0,0.51685715
0,0,0.50770473
0,0,0.49939433
0,0,0.5244399
0,0,0.52446544
0,0,0.51468563
0,0,0.5067817
0,0,0.52254546
0,0,0.5111253
0,0,0.5159692
0,0,0.53270936
0,0,0.5353988
0,0,0.5337564
0,0,0.52996486
0,0,0.5271531
0,0,0.52256316
0,0,0.5370498
0,0,0.5289743
0,0,0.5175621
0,0,0.50674504
0,0,0.48354447
0,0,0.48432496
0,0,0.47758606
0,0,0.48278257
0,0,0.4832055
0,0,0.50254744
0,0,0.51086605
0,0,0.49912417
0,0,0.5212513
0,0,0.52739686
0,0,0.5305042
0,0,0.52188814
0,0,0.52789944
0,0,0.5260818
0,0,0.5214478
0,0,0.51957756
0,0,0.51356703
0,0,0.51415104
0,0,0.52423006
0,0,0.51146406
0,0,0.5146046
0,0,0.5262144
0,0,0.52460325
0,0,0.5229318
0,0,0.52373254
0,0,0.5300859
0,0,0.5207992
0,0,0.5181889
0,0,0.5182089
0,0,0.507595
0,0,0.50021845
0,0,0.5036163
0,0,0.5139196
0,0,0.5091802
0,0,0.5015637
0,0,0.5051976
0,0,0.5042496
0,0,0.5224684
0,0,0.5322455
0,0,0.52914876
0,0,0.51179874
0,0,0.51642776
0,0,0.5031649
0,0,0.48805544
0,0,0.47392386
0,0,0.47788107
0,0,0.48724914
0,0,0.46844077
0,0,0.5019047
0,0,0.5093509
0,0,0.5007567
0,0,0.5129405
0,0,0.5169804
0,0,0.5114631
0,0,0.5044577
0,0,0.50182885
0,0,0.50257766
0,0,0.50848114
0,0,0.49977955
0,0,0.4925847
0,0,0.48591393
0,0,0.48915675
0,0,0.5042989
0,0,0.503311
0,0,0.5205773
0,0,0.52770215
0,0,0.5169228
0,0,0.5122398
0,0,0.52056783
0,0,0.5188903
0,0,0.5019153
0,0,0.49089006
0,0,0.5037311
0,0,0.50329745
0,0,0.48853528
0,0,0.49513763
0,0,0.51909757
0,0,0.5122978
0,0,0.5141246
0,0,0.53484184
0,0,0.5314296
0,0,0.52231765
0,0,0.51981145
0,0,0.5294169
0,0,0.51690567
0,0,0.52865046
0,0,0.52608234
0,0,0.50315166
0,0,0.5007344
0,0,0.49764827
0,0,0.47962222
0,0,0.47433206
0,0,0.48417136
0,0,0.4900311
0,0,0.4874663
0,0,0.51317585
0,0,0.506804
0,0,0.51239
0,0,0.51347375
0,0,0.51735383
0,0,0.5178166
0,0,0.519734
0,0,0.51354915
0,0,0.52275556
0,0,0.5257565
0,0,0.52700865
0,0,0.5035905
0,0,0.5022279
0,0,0.505803
0,0,0.49607673
0,0,0.48543027
0,0,0.47156164
0,0,0.4735121
0,0,0.4584205
0,0,0.4869543
0,0,0.47905493
0,0,0.4897598
0,0,0.4999181
0,0,0.52407634
0,0,0.5065936
0,0,0.5133815
0,0,0.52235353
0,0,0.5353372
0,0,0.532768
0,0,0.5301755
0,0,0.52118236
0,0,0.50961524
0,0,0.49942273
0,0,0.5059191
0,0,0.51185447
0,0,0.50695527
0,0,0.51901877
0,0,0.5071869
0,0,0.49892217
0,0,0.4977853
0,0,0.5008972
0,0,0.5088933
0,0,0.5144423
0,0,0.5122595
0,0,0.5229802
0,0,0.51542723
0,0,0.5077955
0,0,0.50748825
0,0,0.49878523
0,0,0.49919426
0,0,0.51238173
0,0,0.5190221
0,0,0.5388451
0,0,0.54965657
0,0,0.53451246
0,0,0.5293717
0,0,0.5117339
0,0,0.5058687
0,0,0.4783221
0,0,0.47660324
0,0,0.46962368
0,0,0.47376457
0,0,0.47332123
0,0,0.47881675
0,0,0.48596865
0,0,0.4892888
0,0,0.49661782
0,0,0.49690965
0,0,0.49392658
0,0,0.5034682
0,0,0.49206176
0,0,0.5014187
0,0,0.49928463
0,0,0.5143766
0,0,0.50688016
0,0,0.50162655
0,0,0.50040156
0,0,0.5153717
0,0,0.5113103
0,0,0.5327795
0,0,0.5390435
0,0,0.52010864
0,0,0.5244374
0,0,0.50473106
0,0,0.48797384
0,0,0.49897453
0,0,0.49688822
0,0,0.5108085
0,0,0.49687985
0,0,0.5117277
0,0,0.49966097
0,0,0.50524527
0,0,0.51021385
0,0,0.50683165
0,0,0.5014263
0,0,0.5049811
0,0,0.50841177
0,0,0.51114845
0,0,0.49951315
0,0,0.5028304
0,0,0.4903929
0,0,0.4909697
0,0,0.48668954
0,0,0.48980895
0,0,0.48290354
0,0,0.4727763
0,0,0.46323246
0,0,0.47635236
0,0,0.47556052
0,0,0.4743178
0,0,0.48051125
0,0,0.48447147
0,0,0.48518786
0,0,0.49345404
0,0,0.4963617
0,0,0.4958965
0,0,0.4874368
0,0,0.4884282
0,0,0.4918233
0,0,0.4945438
0,0,0.49941096
0,0,0.51645017
0,0,0.504277
0,0,0.50525755
0,0,0.521309
0,0,0.51291746
0,0,0.51520914
0,0,0.50825083
0,0,0.4990451
0,0,0.4995132
0,0,0.51035154
0,0,0.5153272
0,0,0.51591307
0,0,0.5219213
0,0,0.5345777
0,0,0.5373068
0,0,0.5397341
0,0,0.5247517
0,0,0.51576966
0,0,0.511471
0,0,0.49973455
0,0,0.5028015
0,0,0.49563333
0,0,0.4884637
0,0,0.50013316
0,0,0.5012529
0,0,0.5051714
0,0,0.49424222
0,0,0.5056294
0,0,0.49790984
0,0,0.48791707
0,0,0.51208115
0,0,0.5097289
0,0,0.5226623
0,0,0.5153849
0,0,0.52126193
0,0,0.50933224
0,0,0.5220348
0,0,0.50077915
0,0,0.5040629
0,0,0.50595915
0,0,0.4925889
0,0,0.48776865
0,0,0.48958635
0,0,0.50028116
0,0,0.48362142
0,0,0.49786174
0,0,0.4992155
0,0,0.49154174
0,0,0.49781448
0,0,0.50177556
0,0,0.5071233
0,0,0.49334317
0,0,0.49186787
0,0,0.50079215
0,0,0.49622253
0,0,0.4956366
0,0,0.51590323
0,0,0.5125238
0,0,0.51042986
0,0,0.5122156
0,0,0.51709384
0,0,0.5099687
0,0,0.4973686
0,0,0.50075686
0,0,0.511379
0,0,0.52126414
0,0,0.5108002
0,0,0.51488435
0,0,0.52408844
0,0,0.5129715
0,0,0.52187544
0,0,0.5150462
0,0,0.51656985
0,0,0.5008987
0,0,0.5040414
0,0,0.50784194
0,0,0.50093985
0,0,0.5306118
0,0,0.51942295
0,0,0.51085985
0,0,0.52539736
0,0,0.5192331
0,0,0.50003886
0,0,0.5125232
0,0,0.49358103
0,0,0.49662182
0,0,0.47755843
0,0,0.49505967
0,0,0.4876461
0,0,0.48648044
0,0,0.48853937
0,0,0.4946227
0,0,0.49892253
0,0,0.5297083
0,0,0.5254511
0,0,0.5260736
0,0,0.52181107
0,0,0.5376297
0,0,0.51558244
0,0,0.5043439
0,0,0.50092137
0,0,0.49267167
0,0,0.48365182
0,0,0.49894604
0,0,0.50062996
0,0,0.49986455
0,0,0.48485035
0,0,0.48988828
0,0,0.4939516
0,0,0.48904434
0,0,0.47736156
0,0,0.47465307
0,0,0.47280946
0,0,0.4782429
0,0,0.4726135
0,0,0.4883146
0,0,0.48561108
0,0,0.48572052
0,0,0.48597708
0,0,0.5014718
0,0,0.4949829
0,0,0.4887941
0,0,0.49396938
0,0,0.5072864
0,0,0.5136177
0,0,0.4955366
0,0,0.5219973
0,0,0.5250697
0,0,0.5000449
0,0,0.50455314
0,0,0.50735
0,0,0.48613012
0,0,0.48428172
0,0,0.49094808
0,0,0.4897047
0,0,0.48041132
0,0,0.4691378
0,0,0.4794825
0,0,0.4774697
0,0,0.4844086
0,0,0.48160735
0,0,0.51427674
0,0,0.50826627
0,0,0.5049399
0,0,0.5109618
0,0,0.49882272
0,0,0.5011559
0,0,0.5139531
0,0,0.5159705
0,0,0.5073223
0,0,0.50691205
0,0,0.50835186
0,0,0.5060816
0,0,0.5095573
0,0,0.5245548
0,0,0.51549566
0,0,0.53107905
0,0,0.53148526
0,0,0.5106845
0,0,0.5014019
0,0,0.4840548
0,0,0.4838355
0,0,0.473857
0,0,0.4763259
0,0,0.4816383
0,0,0.4908435
0,0,0.49178416
0,0,0.49591938
0,0,0.51184916
0,0,0.500949
0,0,0.5162572
0,0,0.5051389
0,0,0.50843406
0,0,0.50800353
0,0,0.5021419
0,0,0.51517755
0,0,0.5090393
0,0,0.50000834
0,0,0.5063292
0,0,0.5080459
0,0,0.50528204
0,0,0.50864166
0,0,0.5056709
0,0,0.51248044
0,0,0.5023019
0,0,0.4971701
0,0,0.49302167
0,0,0.48507255
0,0,0.49207217
0,0,0.48483402
0,0,0.47974527
0,0,0.49143773
0,0,0.4941289
0,0,0.50698984
0,0,0.50933963
0,0,0.5055312
0,0,0.50952655
0,0,0.52086115
0,0,0.5077944
0,0,0.51453257
0,0,0.51010376
0,0,0.51208925
0,0,0.50811976
0,0,0.50445515
0,0,0.5026005
0,0,0.49042013
0,0,0.48408493
0,0,0.48473665
0,0,0.4866525
0,0,0.4885828
0,0,0.4926565
0,0,0.49646488
0,0,0.51855236
0,0,0.5162202
0,0,0.5198358
0,0,0.51981777
0,0,0.5258908
0,0,0.510717
0,0,0.50743526
0,0,0.49788043
0,0,0.50624686
0,0,0.49378133
0,0,0.48457542
0,0,0.4764209
0,0,0.51273143
0,0,0.49702612
0,0,0.5080219
0,0,0.5112581
0,0,0.5252098
0,0,0.52160233
0,0,0.5187575
0,0,0.50537014
0,0,0.49490032
0,0,0.4969091
0,0,0.49851176
0,0,0.50146794
0,0,0.5017662
0,0,0.4963766
0,0,0.48057264
0,0,0.4997415
0,0,0.5118567
0,0,0.514028
0,0,0.51695865
0,0,0.5100991
0,0,0.50857586
0,0,0.51898986
0,0,0.50803477
0,0,0.5018348
0,0,0.5132143
0,0,0.48841724
0,0,0.48489377
0,0,0.48060057
0,0,0.48504433
0,0,0.49008188
0,0,0.5232882
0,0,0.52901566
0,0,0.5281768
0,0,0.5358204
0,0,0.53227067
0,0,0.5440367
0,0,0.5292921
0,0,0.5358914
0,0,0.5186844
0,0,0.52586716
0,0,0.5133596
0,0,0.50941515
0,0,0.5094188
0,0,0.51594466
0,0,0.5030647
0,0,0.5127134
0,0,0.5221683
0,0,0.52430046
0,0,0.51243716
0,0,0.5067708
0,0,0.5028209
0,0,0.4889973
0,0,0.4898869
0,0,0.4969446
0,0,0.48998913
0,0,0.49487275
0,0,0.49490675
0,0,0.49639484
0,0,0.5173811
0,0,0.51456547
0,0,0.5264701
0,0,0.5214639
0,0,0.5097221
0,0,0.49285403
0,0,0.4879114
0,0,0.4760771
0,0,0.47407943
0,0,0.4779809
0,0,0.50943863
0,0,0.49787784
0,0,0.49975044
0,0,0.49791554
0,0,0.5158864
0,0,0.49706835
0,0,0.50817996
0,0,0.50799215
0,0,0.502438
0,0,0.49441856
0,0,0.5265242
0,0,0.51435685
0,0,0.51237553
0,0,0.5028326
0,0,0.51352096
0,0,0.5082808
0,0,0.49451476
0,0,0.51151335
0,0,0.5132876
0,0,0.512026
0,0,0.51948124
0,0,0.5245434
0,0,0.51268244
0,0,0.51630163
0,0,0.5202226
0,0,0.4994432
0,0,0.49703968
0,0,0.50205296
0,0,0.48938733
0,0,0.50646627
0,0,0.5232488
0,0,0.5181845
0,0,0.5237631
0,0,0.5319935
0,0,0.5284307
0,0,0.5370981
0,0,0.53132
0,0,0.52996176
0,0,0.5303081
0,0,0.5295215
0,0,0.51125634
0,0,0.49882463
0,0,0.5220513
0,0,0.51563
0,0,0.50979346
0,0,0.5110627
0,0,0.515021
0,0,0.5038819
0,0,0.4994864
0,0,0.51014495
0,0,0.49934378
0,0,0.49380195
0,0,0.5020697
0,0,0.4966981
0,0,0.5044446
0,0,0.48932892
0,0,0.49537605
0,0,0.50973576
0,0,0.5020258
0,0,0.505485
0,0,0.5218868
0,0,0.50889385
0,0,0.5198605
0,0,0.5307189
0,0,0.52223796
0,0,0.5296607
0,0,0.5241066
0,0,0.5302643
0,0,0.5433157
0,0,0.52382594
0,0,0.5243748
0,0,0.5211862
0,0,0.5226676
0,0,0.5209655
0,0,0.51927865
0,0,0.5099362
0,0,0.5082507
0,0,0.5028174
0,0,0.4937182
0,0,0.4980779
0,0,0.5047116
0,0,0.5048711
0,0,0.4987448
0,0,0.5121089
0,0,0.51598907
0,0,0.5155035
0,0,0.522663
0,0,0.51784533
0,0,0.5115697
0,0,0.51524204
0,0,0.5205512
0,0,0.5327656
0,0,0.52222884
0,0,0.5162921
0,0,0.5060232
0,0,0.4999745
0,0,0.5017338
0,0,0.5136706
0,0,0.5088486
0,0,0.4922223
0,0,0.5048788
0,0,0.51174396
0,0,0.5015871
0,0,0.50726813
0,0,0.5019777
0,0,0.5080488
0,0,0.49988523
0,0,0.5076013
0,0,0.5041101
0,0,0.5172424
0,0,0.518285
0,0,0.5203266
0,0,0.52522683
0,0,0.5300507
0,0,0.53933585
0,0,0.52198124
0,0,0.5195787
0,0,0.51202196
0,0,0.50847435
0,0,0.5155018
0,0,0.5235546
0,0,0.5279344
0,0,0.51482326
0,0,0.5174347
0,0,0.5155718
0,0,0.5062465
0,0,0.50713235
0,0,0.49610078
0,0,0.502258
0,0,0.49006596
0,0,0.48110756
0,0,0.4978336
0,0,0.50525934
0,0,0.4934679
0,0,0.49506178
0,0,0.48645335
0,0,0.50780207
0,0,0.5147415
0,0,0.52212465
0,0,0.52615964
0,0,0.52963173
0,0,0.5235509
0,0,0.50772065
0,0,0.51712
0,0,0.5094516
0,0,0.49836445
0,0,0.5073227
0,0,0.48761082
0,0,0.47829324
0,0,0.49215668
0,0,0.49330506
0,0,0.484406
0,0,0.48436502
0,0,0.5136084
0,0,0.51609457
0,0,0.51333195
0,0,0.5056907
0,0,0.5118251
0,0,0.50451666
0,0,0.49859634
0,0,0.5013192
0,0,0.5047367
0,0,0.51390725
0,0,0.51662433
0,0,0.52724403
0,0,0.51860374
0,0,0.5174427
0,0,0.5237781
0,0,0.5208301
0,0,0.51201624
0,0,0.51405406
0,0,0.53130746
0,0,0.5307436
0,0,0.5136788
0,0,0.50613916
0,0,0.5119738
0,0,0.502676
0,0,0.4962198
0,0,0.4889744
0,0,0.49146318
0,0,0.48513338
0,0,0.4843456
0,0,0.5150321
0,0,0.52351314
0,0,0.5157242
0,0,0.51509863
0,0,0.5319693
0,0,0.5227852
0,0,0.5158494
0,0,0.520471
0,0,0.5233131
0,0,0.5129955
0,0,0.5036255
0,0,0.5039593
0,0,0.49667245
0,0,0.48840347
0,0,0.48539314
0,0,0.48600107
0,0,0.48465967
0,0,0.4847618
0,0,0.48713654
0,0,0.48931924
0,0,0.51277626
0,0,0.5086466
0,0,0.4992403
0,0,0.50026625
0,0,0.5199384
0,0,0.53038144
0,0,0.5199617
0,0,0.514534
0,0,0.50804627
0,0,0.51209706
0,0,0.50061065
0,0,0.48955166
0,0,0.4936957
0,0,0.4897646
0,0,0.48417455
0,0,0.49850923
0,0,0.48369208
0,0,0.49522206
0,0,0.48085436
0,0,0.48077554
0,0,0.48178926
0,0,0.50031507
0,0,0.49271947
0,0,0.50731033
0,0,0.5091467
0,0,0.50253975
0,0,0.4991024
0,0,0.4925796
0,0,0.49251512
0,0,0.519842
0,0,0.5141963
0,0,0.5121364
0,0,0.5128692
0,0,0.5296756
0,0,0.526499
0,0,0.5137575
0,0,0.5123459
0,0,0.50370234
0,0,0.4857784
0,0,0.48258606
0,0,0.48231646
0,0,0.5041532
0,0,0.48586467
0,0,0.5050403
0,0,0.4875709
0,0,0.47894266
0,0,0.46768418
0,0,0.48612872
0,0,0.47687626
0,0,0.49088907
0,0,0.51074815
0,0,0.51298773
0,0,0.516243
0,0,0.5097504
0,0,0.52053016
0,0,0.51779175
0,0,0.50751454
0,0,0.52293134
0,0,0.51989233
0,0,0.5200672
0,0,0.5167871
0,0,0.51303136
0,0,0.49291205
0,0,0.49170145
0,0,0.49286103
0,0,0.48866984
0,0,0.49267942
0,0,0.49611786
0,0,0.49544293
0,0,0.500582
0,0,0.5050526
0,0,0.50711405
0,0,0.49654844
0,0,0.5059286
0,0,0.49065238
0,0,0.48751244
0,0,0.48179817
0,0,0.4984507
0,0,0.49706858
0,0,0.4863393
0,0,0.5035097
0,0,0.5131662
0,0,0.51093113
0,0,0.5113198
0,0,0.49639305
0,0,0.49999636
0,0,0.5011792
0,0,0.5035744
0,0,0.51148653
0,0,0.5167469
0,0,0.5063999
0,0,0.50180244
0,0,0.49816936
0,0,0.48819962
0,0,0.4761746
0,0,0.4749569
0,0,0.46917537
0,0,0.4769923
0,0,0.48533362
0,0,0.50124425
0,0,0.48958635
0,0,0.49241796
0,0,0.49887446
0,0,0.50153893
0,0,0.51582676
0,0,0.5171661
0,0,0.53902835
0,0,0.53129673
0,0,0.5332263
0,0,0.54074943
0,0,0.53945714
0,0,0.5280507
0,0,0.52352715
0,0,0.52959305
0,0,0.5059295
0,0,0.48448512
0,0,0.4735004
0,0,0.47498363
0,0,0.48435527
0,0,0.49638754
0,0,0.50216615
0,0,0.5134813
0,0,0.5217393
0,0,0.5139941
0,0,0.5218842
0,0,0.52579415
0,0,0.5149461
0,0,0.50616324
0,0,0.5096305
0,0,0.50333196
0,0,0.49297044
0,0,0.4959104
0,0,0.48909327
0,0,0.48970607
0,0,0.50739473
0,0,0.4988441
0,0,0.4832153
0,0,0.5003317
0,0,0.5028078
0,0,0.50278485
0,0,0.49931768
0,0,0.5217358
0,0,0.52958155
0,0,0.51860255
0,0,0.5142836
0,0,0.5180255
0,0,0.51625013
0,0,0.5227213
0,0,0.5110598
0,0,0.51762277
0,0,0.5056406
0,0,0.52451307
0,0,0.50118667
0,0,0.5091144
0,0,0.5028911
0,0,0.50063336
0,0,0.48142058
0,0,0.48323095
0,0,0.47408715
0,0,0.46871105
0,0,0.4634561
0,0,0.47547835
0,0,0.4857334
0,0,0.48494714
0,0,0.51202863
0,0,0.51294094
0,0,0.49449447
0,0,0.49712333
0,0,0.50007844
0,0,0.48325434
0,0,0.4776822
0,0,0.4719466
0,0,0.4965092
0,0,0.48265824
0,0,0.49691448
0,0,0.50689447
0,0,0.51695734
0,0,0.5151662
0,0,0.49971917
0,0,0.49557877
0,0,0.48796725
0,0,0.4907437
0,0,0.48145488
0,0,0.47006327
0,0,0.48059824
0,0,0.48094004
0,0,0.48798633
0,0,0.49185786
0,0,0.5079982
0,0,0.49802935
0,0,0.5000769
0,0,0.5055687
0,0,0.49590588
0,0,0.5104845
0,0,0.50416076
0,0,0.51047105
0,0,0.5185725
0,0,0.5278821
0,0,0.5236841
0,0,0.5251163
0,0,0.52583027
0,0,0.53247815
0,0,0.5256056
0,0,0.5263296
0,0,0.5237706
0,0,0.51452816
0,0,0.5107642
0,0,0.48811775
0,0,0.50205934
0,0,0.50984967
0,0,0.5032351
0,0,0.50821024
0,0,0.49956152
0,0,0.50581115
0,0,0.5226858
0,0,0.5160808
0,0,0.51288044
0,0,0.5108258
0,0,0.51783407
0,0,0.51584774
0,0,0.5190453
0,0,0.52588606
0,0,0.51430213
0,0,0.50348955
0,0,0.49208808
0,0,0.48885015
0,0,0.4862783
0,0,0.4899642
0,0,0.51121217
0,0,0.5061065
0,0,0.49847716
0,0,0.49219066
0,0,0.50429624
0,0,0.47914818
0,0,0.4902017
0,0,0.49888515
0,0,0.483081
0,0,0.49477202
0,0,0.51098007
0,0,0.51582
0,0,0.5178928
0,0,0.52148044
0,0,0.51383513
0,0,0.50287366
0,0,0.48031157
0,0,0.4708635
0,0,0.47387332
0,0,0.48460525
0,0,0.47190258
0,0,0.4724864
0,0,0.5035521
0,0,0.49412036
0,0,0.48752916
0,0,0.50161767
0,0,0.505761
0,0,0.50044954
0,0,0.5074603
0,0,0.5132053
0,0,0.50536144
0,0,0.5140923
0,0,0.50592387
0,0,0.5035582
0,0,0.49789938
0,0,0.5078692
0,0,0.5186613
0,0,0.5134668
0,0,0.51453847
0,0,0.5003188
0,0,0.49827287
0,0,0.4937697
0,0,0.48745844
0,0,0.48800847
0,0,0.484091
0,0,0.48568457
0,0,0.5001904
0,0,0.5025769
0,0,0.5083805
0,0,0.51781154
0,0,0.5056944
0,0,0.4950593
0,0,0.49721313
0,0,0.49709657
0,0,0.48759106
0,0,0.51895213
0,0,0.5155903
0,0,0.5107578
0,0,0.5017766
0,0,0.50927925
0,0,0.5079659
0,0,0.49877912
0,0,0.5117203
0,0,0.5101039
0,0,0.5328087
0,0,0.5263124
0,0,0.5303925
0,0,0.5291488
0,0,0.5192311
0,0,0.5221438
0,0,0.52120596
0,0,0.5107524
0,0,0.4979076
0,0,0.49045414
0,0,0.4926385
0,0,0.47571835
0,0,0.48468316
0,0,0.4883893
0,0,0.4981735
0,0,0.51509947
0,0,0.52820003
0,0,0.5134377
0,0,0.5315811
0,0,0.5083294
0,0,0.5148897
0,0,0.5139577
0,0,0.51020116
0,0,0.49881062
0,0,0.5133521
0,0,0.51696116
0,0,0.51828253
0,0,0.50827426
0,0,0.51476485
0,0,0.53102505
0,0,0.5330253
0,0,0.5218129
0,0,0.52738786
0,0,0.53441906
0,0,0.5389898
0,0,0.53238976
0,0,0.5379325
0,0,0.5275914
0,0,0.5214571
0,0,0.5144269
0,0,0.5183997
0,0,0.5118482
0,0,0.5194794
0,0,0.50391674
0,0,0.50283307
0,0,0.5161866
0,0,0.5063293
0,0,0.5195353
0,0,0.53371435
0,0,0.53886414
0,0,0.51218253
0,0,0.50965285
0,0,0.49875274
0,0,0.50621074
0,0,0.50498277
0,0,0.5207719
0,0,0.5339144
0,0,0.524347
0,0,0.5248759
0,0,0.5150598
0,0,0.5221675
0,0,0.50253356
0,0,0.5091836
0,0,0.5075046
0,0,0.50608206
0,0,0.4927835
0,0,0.50667655
0,0,0.49417904
0,0,0.49727938
0,0,0.49422324
0,0,0.48343724
0,0,0.4721685
0,0,0.49390966
0,0,0.48118955
0,0,0.47681695
0,0,0.4903358
0,0,0.4765398
0,0,0.48665464
0,0,0.48139122
0,0,0.47261328
0,0,0.46714625
0,0,0.48573104
0,0,0.49624413
0,0,0.4972722
0,0,0.5027178
0,0,0.5083345
0,0,0.5187212
0,0,0.51082945
0,0,0.5086431
0,0,0.5059485
0,0,0.49969417
0,0,0.49361804
0,0,0.49183303
0,0,0.49354368
0,0,0.49847415
0,0,0.50524974
0,0,0.50024563
0,0,0.51146495
0,0,0.5199526
0,0,0.5368112
0,0,0.54278016
0,0,0.53558695
0,0,0.53009903
0,0,0.53461146
0,0,0.51648384
0,0,0.515876
0,0,0.52140385
0,0,0.5153936
0,0,0.5175899
0,0,0.52572215
0,0,0.5235859
0,0,0.51853085
0,0,0.50352657
0,0,0.5189449
0,0,0.51711816
0,0,0.5112901
0,0,0.51863587
0,0,0.5172155
0,0,0.50733835
0,0,0.522359
0,0,0.518598
0,0,0.52085155
0,0,0.509309
0,0,0.49666992
0,0,0.4934743
0,0,0.49415165
0,0,0.48869023
0,0,0.48104107
0,0,0.4865722
0,0,0.4839153
0,0,0.5022256
0,0,0.5002579
0,0,0.5100517
0,0,0.502623
0,0,0.5065272
0,0,0.5112895
0,0,0.5288594
0,0,0.5174761
0,0,0.5211869
0,0,0.52697927
0,0,0.5201101
0,0,0.5279243
0,0,0.535107
0,0,0.53209037
0,0,0.5298454
0,0,0.531892
0,0,0.5167941
0,0,0.5115832
0,0,0.515535
0,0,0.5012385
0,0,0.5090329
0,0,0.51231754
0,0,0.5224765
0,0,0.50842696
0,0,0.5214799
0,0,0.5195133
0,0,0.49697784
0,0,0.4823656
0,0,0.471868
0,0,0.47416058
0,0,0.48776704
0,0,0.4892951
0,0,0.49769172
0,0,0.5052121
0,0,0.5164894
0,0,0.51181674
0,0,0.50161064
0,0,0.49944046
0,0,0.48915932
0,0,0.49620008
0,0,0.5004295
0,0,0.5017678
0,0,0.49322006
0,0,0.49403596
0,0,0.48884663
0,0,0.4814592
0,0,0.48252055
0,0,0.47714457
0,0,0.48228547
0,0,0.48070368
0,0,0.49102247
0,0,0.4912121
0,0,0.4861094
0,0,0.50419986
0,0,0.48618317
0,0,0.49432725
0,0,0.4916723
0,0,0.49800646
0,0,0.4996506
0,0,0.5011414
0,0,0.5069824
0,0,0.49083525
0,0,0.48319182
0,0,0.48412225
0,0,0.49668586
0,0,0.5041838
0,0,0.49346814
0,0,0.5046437
0,0,0.5024326
0,0,0.4994225
0,0,0.50871074
0,0,0.4886917
0,0,0.4908052
0,0,0.49659988
0,0,0.4867623
0,0,0.47268087
0,0,0.46663263
0,0,0.49501604
0,0,0.5040427
0,0,0.5006129
0,0,0.51682913
0,0,0.52333295
0,0,0.5217876
0,0,0.5177673
0,0,0.51006854
0,0,0.5011854
0,0,0.4922769
0,0,0.47568235
0,0,0.48600727
0,0,0.49203447
0,0,0.51304793
0,0,0.51462847
0,0,0.53124595
0,0,0.53176934
0,0,0.53137475
0,0,0.53877175
0,0,0.52045417
0,0,0.5199288
0,0,0.5221266
0,0,0.5273792
0,0,0.5249004
0,0,0.5268388
0,0,0.5443741
0,0,0.5235299
0,0,0.5143371
0,0,0.5126423
0,0,0.52168757
0,0,0.50258255
0,0,0.50640845
0,0,0.5231831
0,0,0.533917
0,0,0.51923335
0,0,0.5232021
0,0,0.5067221
0,0,0.4991838
0,0,0.501687
0,0,0.4863278
0,0,0.4787568
0,0,0.48780665
0,0,0.50266725
0,0,0.48651916
0,0,0.48936462
0,0,0.48139232
0,0,0.5041726
0,0,0.5173025
0,0,0.5261955
0,0,0.52800393
0,0,0.5239753
0,0,0.5187423
0,0,0.5193982
0,0,0.51119673
0,0,0.4868441
0,0,0.49928987
0,0,0.5069145
0,0,0.4979364
0,0,0.49449435
0,0,0.5015657
0,0,0.511846
0,0,0.52032554
0,0,0.5203902
0,0,0.5251961
0,0,0.5163503
0,0,0.5091333
0,0,0.5168774
0,0,0.5208156
0,0,0.52134
0,0,0.5122966
0,0,0.50250053
0,0,0.510027
0,0,0.49910408
0,0,0.5032887
0,0,0.5011695
0,0,0.49296853
0,0,0.4923148
0,0,0.5017531
0,0,0.49431112
0,0,0.4913707
0,0,0.5083542
0,0,0.50967985
0,0,0.49090752
0,0,0.49471235
0,0,0.49832243
0,0,0.48892835
0,0,0.4802454
0,0,0.500657
0,0,0.49815917
0,0,0.48808992
0,0,0.51237285
0,0,0.5408186
0,0,0.5349141
0,0,0.52731043
0,0,0.51531756
0,0,0.5384887
0,0,0.53537774
0,0,0.524008
0,0,0.53361267
0,0,0.5272113
0,0,0.53233516
0,0,0.5328344
0,0,0.52864915
0,0,0.5271497
0,0,0.51968056
0,0,0.522197
0,0,0.51581913
0,0,0.5074937
0,0,0.48887295
0,0,0.48432317
0,0,0.4810382
0,0,0.4780594
0,0,0.4695687
0,0,0.4735905
0,0,0.4928172
0,0,0.49415463
0,0,0.5037437
0,0,0.51637423
0,0,0.5129488
0,0,0.50817513
0,0,0.50207716
0,0,0.48979285
0,0,0.48128176
0,0,0.47446266
0,0,0.48928332
0,0,0.49002978
0,0,0.5018095
0,0,0.52976507
0,0,0.528888
0,0,0.5414213
0,0,0.543461
0,0,0.5128514
0,0,0.52217054
0,0,0.5118385
0,0,0.49888882
0,0,0.49204567
0,0,0.4946965
0,0,0.48874527
0,0,0.48661804
0,0,0.50616235
0,0,0.5143423
0,0,0.51795256
0,0,0.51020014
0,0,0.51766807
0,0,0.51705277
0,0,0.519131
0,0,0.503865
0,0,0.4972978
0,0,0.5004376
0,0,0.4949258
0,0,0.5071904
0,0,0.50070846
0,0,0.49612355
0,0,0.50853795
0,0,0.51092976
0,0,0.51577693
0,0,0.5094894
0,0,0.5059776
0,0,0.50026923
0,0,0.5041049
0,0,0.5033323
0,0,0.5055584
0,0,0.49706417
0,0,0.50804365
0,0,0.5091203
0,0,0.5158022
0,0,0.5266431
0,0,0.52202684
0,0,0.5151657
0,0,0.51708686
0,0,0.5065989
0,0,0.51207274
0,0,0.51885295
0,0,0.5228441
0,0,0.5113883
0,0,0.5274213
0,0,0.530735
0,0,0.54411614
0,0,0.5258336
0,0,0.5382381
0,0,0.53792256
0,0,0.53245795
0,0,0.5316428
0,0,0.5204754
0,0,0.5204186
0,0,0.51306415
0,0,0.50433767
0,0,0.49657667
0,0,0.49697682
0,0,0.4919078
0,0,0.50172484
0,0,0.4893572
0,0,0.50078726
0,0,0.487633
0,0,0.49230197
0,0,0.5038708
0,0,0.5075619
0,0,0.48720127
0,0,0.50239676
0,0,0.50806224
0,0,0.51613736
0,0,0.49836576
0,0,0.49077702
0,0,0.4855573
0,0,0.48330346
0,0,0.4772638
0,0,0.48126352
0,0,0.48131493
0,0,0.48758367
0,0,0.476526
0,0,0.4933574
0,0,0.49441984
0,0,0.49051678
0,0,0.4938448
0,0,0.48694924
0,0,0.48934624
0,0,0.4875861
0,0,0.49137446
0,0,0.5103601
0,0,0.50876796
0,0,0.51533675
0,0,0.49538174
0,0,0.5022185
0,0,0.49492308
0,0,0.49118623
0,0,0.4883403
0,0,0.5077368
0,0,0.50131863
0,0,0.530087
0,0,0.5192591
0,0,0.51521426
0,0,0.531512
0,0,0.5362842
0,0,0.5265702
0,0,0.52224624
0,0,0.5190309
0,0,0.51543546
0,0,0.522222
0,0,0.5223815
0,0,0.50878567
0,0,0.5081455
0,0,0.52026516
0,0,0.5113721
0,0,0.50953853
0,0,0.51394314
0,0,0.5212417
0,0,0.50967944
0,0,0.50206447
0,0,0.5038127
0,0,0.48402745
0,0,0.46879792
0,0,0.4823706
0,0,0.49478048
0,0,0.49904528
0,0,0.50752217
0,0,0.5160543
0,0,0.51934856
0,0,0.5251468
0,0,0.52569497
0,0,0.5264487
0,0,0.5146022
0,0,0.5175984
0,0,0.50722975
0,0,0.50521755
0,0,0.5102939
0,0,0.5038043
0,0,0.49481082
0,0,0.5012183
0,0,0.49927697
0,0,0.49908224
0,0,0.4868321
0,0,0.5009866
0,0,0.50196207
0,0,0.50956607
0,0,0.49665856
0,0,0.4902986
0,0,0.49254194
0,0,0.49831903
0,0,0.48255172
0,0,0.5060086
0,0,0.50491154
0,0,0.5123265
0,0,0.5025782
0,0,0.51335377
0,0,0.50252444
0,0,0.50971043
0,0,0.50616664
0,0,0.5179716
0,0,0.50362426
0,0,0.49595776
0,0,0.501791
0,0,0.4886819
0,0,0.4883179
0,0,0.51967466
0,0,0.50294405
0,0,0.51678824
0,0,0.5080457
0,0,0.49989137
0,0,0.48143288
0,0,0.48925215
0,0,0.4888898
0,0,0.4950875
0,0,0.49087098
0,0,0.50194484
0,0,0.5038105
0,0,0.49895623
0,0,0.48473305
0,0,0.48208237
0,0,0.48616123
0,0,0.48495165
0,0,0.49632904
0,0,0.4964074
0,0,0.49706724
0,0,0.5151847
0,0,0.50360364
0,0,0.49458998
0,0,0.49013388
0,0,0.48780376
0,0,0.49254274
0,0,0.50618213
0,0,0.4882539
0,0,0.49145052
0,0,0.49161336
0,0,0.48178935
0,0,0.50544864
0,0,0.50379306
0,0,0.50067604
0,0,0.505266
0,0,0.5152875
0,0,0.48927596
0,0,0.4997855
0,0,0.50769794
0,0,0.50924206
0,0,0.5116309
0,0,0.5220787
0,0,0.5240684
0,0,0.5154574
0,0,0.5147284
0,0,0.50661063
0,0,0.50896174
0,0,0.50625354
0,0,0.50294626
0,0,0.4883937
0,0,0.48359054
0,0,0.4797021
0,0,0.47040704
0,0,0.46498343
0,0,0.45913988
0,0,0.45778105
0,0,0.46901175
0,0,0.46808264
0,0,0.47764707
0,0,0.4949085
0,0,0.50843835
0,0,0.52310276
0,0,0.5142657
0,0,0.5143527
0,0,0.49870482
0,0,0.48659173
0,0,0.4814286
0,0,0.48226023
0,0,0.48208585
0,0,0.47248042
0,0,0.48719278
0,0,0.4918086
0,0,0.49084064
0,0,0.50151134
0,0,0.49992377
0,0,0.49841455
0,0,0.51906765
0,0,0.5168848
0,0,0.52224386
0,0,0.52135456
0,0,0.5275077
0,0,0.5194853
0,0,0.52628726
0,0,0.5171881
0,0,0.50224495
0,0,0.49382156
0,0,0.4954228
0,0,0.4808516
0,0,0.48311016
0,0,0.508921
0,0,0.52043116
0,0,0.51410425
0,0,0.5234313
0,0,0.5199619
0,0,0.51256895
0,0,0.5104858
0,0,0.51576126
0,0,0.50299954
0,0,0.4981774
0,0,0.50185645
0,0,0.4935072
0,0,0.49270615
0,0,0.51593375
0,0,0.51678944
0,0,0.5111717
0,0,0.5069631
0,0,0.49321416
0,0,0.47414637
0,0,0.47548148
0,0,0.46979505
0,0,0.49088314
0,0,0.50206715
0,0,0.52051854
0,0,0.5187814
0,0,0.50109565
0,0,0.50616276
0,0,0.5088956
0,0,0.50229573
0,0,0.50678706
0,0,0.50437766
0,0,0.50991046
0,0,0.51487124
0,0,0.5156318
0,0,0.50778776
0,0,0.49558407
0,0,0.49150446
0,0,0.5078527
0,0,0.51068014
0,0,0.49543265
0,0,0.5157138
0,0,0.5233015
0,0,0.51751626
0,0,0.5039257
0,0,0.5043468
0,0,0.48640475
0,0,0.4703458
0,0,0.47392783
0,0,0.47492447
0,0,0.48611555
0,0,0.49668097
0,0,0.51505
0,0,0.5178154
0,0,0.5183236
0,0,0.51192665
0,0,0.52248216
0,0,0.5228413
0,0,0.51496685
0,0,0.5131015
0,0,0.51001173
0,0,0.51650965
0,0,0.5211045
0,0,0.51905465
0,0,0.51502806
0,0,0.5157918
0,0,0.5253065
0,0,0.5088375
0,0,0.50503767
0,0,0.5009216
0,0,0.4857605
0,0,0.48363608
0,0,0.48936358
0,0,0.48555446
0,0,0.48341492
0,0,0.499618
0,0,0.49781898
0,0,0.48748916
0,0,0.49737102
0,0,0.4785751
0,0,0.48804078
0,0,0.4847371
0,0,0.48004678
0,0,0.48891288
0,0,0.50649375
0,0,0.49962947
0,0,0.50124484
0,0,0.5156298
0,0,0.52320975
0,0,0.51359963
0,0,0.51220644
0,0,0.5122134
0,0,0.52071923
0,0,0.5205938
0,0,0.5130678
0,0,0.52909476
0,0,0.5313788
0,0,0.5275074
0,0,0.53509724
0,0,0.52001786
0,0,0.5150902
0,0,0.5180278
0,0,0.51598287
0,0,0.4921788
0,0,0.5166992
0,0,0.5203636
0,0,0.51564246
0,0,0.50499034
0,0,0.5125821
0,0,0.52519864
0,0,0.5078473
0,0,0.52757883
0,0,0.5258304
0,0,0.5222492
0,0,0.5110851
0,0,0.522759
0,0,0.51090056
0,0,0.5161375
0,0,0.5123355
0,0,0.51864016
0,0,0.52018553
0,0,0.5281546
0,0,0.5263784
0,0,0.5110069
0,0,0.5221522
0,0,0.5164738
0,0,0.51031643
0,0,0.5106777
0,0,0.49833024
0,0,0.48843947
0,0,0.49780726
0,0,0.48945943
0,0,0.4968069
0,0,0.50104487
0,0,0.51112944
0,0,0.50345683
0,0,0.5040303
0,0,0.51078606
0,0,0.50953865
0,0,0.50022113
0,0,0.5164564
0,0,0.5114354
0,0,0.48375005
0,0,0.49415213
0,0,0.5114972
0,0,0.5092575
0,0,0.49981946
0,0,0.51344854
0,0,0.5149196
0,0,0.51520157
0,0,0.51265395
0,0,0.5186945
0,0,0.5231755
0,0,0.53059304
0,0,0.5288807
0,0,0.51852703
0,0,0.5258491
0,0,0.50875133
0,0,0.5032605
0,0,0.50060135
0,0,0.49484333
0,0,0.48234975
0,0,0.48852366
0,0,0.50762564
0,0,0.4984861
0,0,0.49854025
0,0,0.5107616
0,0,0.51022005
0,0,0.495756
0,0,0.5188422
0,0,0.50485235
0,0,0.50987816
0,0,0.5180024
0,0,0.509502
0,0,0.5166619
0,0,0.5137981
0,0,0.5085947
0,0,0.5003313
0,0,0.50795966
0,0,0.5001341
0,0,0.48904943
0,0,0.49368957
0,0,0.50360817
0,0,0.4927132
0,0,0.5084554
0,0,0.52353215
0,0,0.51595753
0,0,0.52921015
0,0,0.5144139
0,0,0.51856863
0,0,0.5158261
0,0,0.5117751
0,0,0.50984293
0,0,0.5164432
0,0,0.50128454
0,0,0.50714576
0,0,0.4786613
0,0,0.4849736
0,0,0.47068763
0,0,0.4964383
0,0,0.52412033
0,0,0.52339315
0,0,0.52159464
0,0,0.5117335
0,0,0.52074283
0,0,0.51231277
0,0,0.5113964
0,0,0.5028042
0,0,0.50768423
0,0,0.48254603
0,0,0.49215347
0,0,0.48763695
0,0,0.48629573
0,0,0.49121585
0,0,0.517664
0,0,0.5280953
0,0,0.5401498
0,0,0.54686725
0,0,0.5404042
0,0,0.5397678
0,0,0.5185247
0,0,0.5280768
0,0,0.51351786
0,0,0.50046706
0,0,0.49938586
0,0,0.52351564
0,0,0.5201714
0,0,0.5174259
0,0,0.52856183
0,0,0.531631
0,0,0.5184454
0,0,0.52791846
0,0,0.51427954
0,0,0.50654525
0,0,0.4917226
0,0,0.5047618
0,0,0.4947562
0,0,0.5032909
0,0,0.49698642
0,0,0.4981465
0,0,0.49870104
0,0,0.5001196
0,0,0.4980457
0,0,0.48629352
0,0,0.48062745
0,0,0.48457086
0,0,0.48737568
0,0,0.47903532
0,0,0.48434973
0,0,0.4950043
0,0,0.48672268
0,0,0.48909894
0,0,0.5055625
0,0,0.49984986
0,0,0.51102316
0,0,0.49152237
0,0,0.4892993
0,0,0.49662435
0,0,0.50106394
0,0,0.50896126
0,0,0.51583266
0,0,0.49522403
0,0,0.49780148
0,0,0.5027939
0,0,0.51919174
0,0,0.5231242
0,0,0.52675396
0,0,0.5073514
0,0,0.50859135
0,0,0.5124937
0,0,0.5022196
0,0,0.5041365
0,0,0.52324164
0,0,0.5045959
0,0,0.49642116
0,0,0.5246973
0,0,0.53823227
0,0,0.5354543
0,0,0.5364144
0,0,0.5296441
0,0,0.5259964
0,0,0.5255569
0,0,0.5357328
0,0,0.52493864
0,0,0.52695435
0,0,0.5223733
0,0,0.5287816
0,0,0.5250046
0,0,0.5182707
0,0,0.5198501
0,0,0.5072799
0,0,0.5204848
0,0,0.51278013
0,0,0.49991822
0,0,0.4910465
0,0,0.50006145
0,0,0.49751532
0,0,0.48782888
0,0,0.49173376
0,0,0.49900812
0,0,0.5053936
0,0,0.4949487
0,0,0.5024079
0,0,0.50620013
0,0,0.5083885
0,0,0.5110406
0,0,0.519637
0,0,0.51817644
0,0,0.50523186
0,0,0.5070773
0,0,0.49755204
0,0,0.4964734
0,0,0.49499616
0,0,0.5025545
0,0,0.48982045
0,0,0.51307744
0,0,0.5222813
0,0,0.5232495
0,0,0.53131324
0,0,0.5274812
0,0,0.52471834
0,0,0.51089334
0,0,0.5100718
0,0,0.5095751
0,0,0.5204288
0,0,0.50717497
0,0,0.52466595
0,0,0.53507155
0,0,0.5369287
0,0,0.53028435
0,0,0.5182575
0,0,0.5262188
0,0,0.51363325
0,0,0.5004324
0,0,0.50059307
0,0,0.49552748
0,0,0.4726964
0,0,0.46408924
0,0,0.46906346
0,0,0.47078753
0,0,0.48683274
0,0,0.48458207
0,0,0.50102323
0,0,0.51916367
0,0,0.5090909
0,0,0.5014962
0,0,0.49871868
0,0,0.491323
0,0,0.4948354
0,0,0.4957879
0,0,0.5092481
0,0,0.51071274
0,0,0.50155926
0,0,0.504799
0,0,0.5106266
0,0,0.5096437
0,0,0.5164328
0,0,0.52079344
0,0,0.5334467
0,0,0.5244756
0,0,0.5049496
0,0,0.49657395
0,0,0.5037494
0,0,0.50113314
0,0,0.48955098
0,0,0.49902594
0,0,0.50915897
0,0,0.5045252
0,0,0.49525678
0,0,0.50412536
0,0,0.49912357
0,0,0.48610675
0,0,0.4896036
0,0,0.497348
0,0,0.49237415
0,0,0.48981643
0,0,0.49203867
0,0,0.4959091
0,0,0.49564627
0,0,0.48950753
0,0,0.49938387
0,0,0.5022694
0,0,0.51334673
0,0,0.497773
0,0,0.4889078
0,0,0.49181077
0,0,0.48997068
0,0,0.47340393
0,0,0.4636591
0,0,0.47076148
0,0,0.46459386
0,0,0.49011773
0,0,0.49479938
0,0,0.50568736
0,0,0.5176543
0,0,0.52194744
0,0,0.50868726
0,0,0.5009137
0,0,0.5054992
0,0,0.49135575
0,0,0.47907025
0,0,0.49116832
0,0,0.49738577
0,0,0.50678635
0,0,0.5043683
0,0,0.51649153
0,0,0.52534956
0,0,0.5079416
0,0,0.49571955
0,0,0.5196658
0,0,0.5079826
0,0,0.5141468
0,0,0.50956386
0,0,0.51298344
0,0,0.50493836
0,0,0.5094332
0,0,0.5067863
0,0,0.4989115
0,0,0.49913985
0,0,0.5046687
0,0,0.5167704
0,0,0.5158329
0,0,0.51869863
0,0,0.512878
0,0,0.5044098
0,0,0.49931785
0,0,0.49119496
0,0,0.50547975
0,0,0.50886846
0,0,0.51254123
0,0,0.498189
0,0,0.49615508
0,0,0.5054072
0,0,0.5098749
0,0,0.5141623
0,0,0.5156258
0,0,0.52755076
0,0,0.5180884
0,0,0.5132358
0,0,0.5153883
0,0,0.51145405
0,0,0.5221592
0,0,0.5048567
0,0,0.5033532
0,0,0.49803987
0,0,0.48887396
0,0,0.4990606
0,0,0.49581638
0,0,0.5136911
0,0,0.5230022
0,0,0.5241117
0,0,0.5181105
0,0,0.521297
0,0,0.5163838
0,0,0.51748765
0,0,0.52163225
0,0,0.51085216
0,0,0.5087561
0,0,0.5173681
0,0,0.5099988
0,0,0.5137271
0,0,0.4944604
0,0,0.49892703
0,0,0.4995863
0,0,0.5135678
0,0,0.5124179
0,0,0.5109376
0,0,0.51870334
0,0,0.53400904
0,0,0.53665906
0,0,0.5270485
0,0,0.52929354
0,0,0.5273367
0,0,0.5286459
0,0,0.52613884
0,0,0.5311582
0,0,0.5373483
0,0,0.52000684
0,0,0.51704013
0,0,0.5086462
0,0,0.48302856
0,0,0.46397465
0,0,0.4752677
0,0,0.4635134
0,0,0.47466853
0,0,0.47926742
0,0,0.48497158
0,0,0.49560547
0,0,0.5028634
0,0,0.49542257
0,0,0.49458367
0,0,0.5210347
0,0,0.52245617
0,0,0.5162068
0,0,0.5093016
0,0,0.50611776
0,0,0.5093562
0,0,0.5146827
0,0,0.5099709
0,0,0.52537936
0,0,0.51528347
0,0,0.51647675
0,0,0.50630856
0,0,0.50110924
0,0,0.4897016
0,0,0.4857842
0,0,0.4862702
0,0,0.46803316
0,0,0.479422
0,0,0.49803567
0,0,0.5072235
0,0,0.5026308
0,0,0.51052845
0,0,0.5085242
0,0,0.5296016
0,0,0.51662654
0,0,0.5058748
0,0,0.51652133
0,0,0.5064852
0,0,0.497685
0,0,0.49782386
0,0,0.51093614
0,0,0.5006431
0,0,0.5020312
0,0,0.5128592
0,0,0.5001677
0,0,0.49488133
0,0,0.50290614
0,0,0.4958478
0,0,0.4951104
0,0,0.5002268
0,0,0.51341546
0,0,0.5236859
0,0,0.5280268
0,0,0.5301202
0,0,0.5344554
0,0,0.52588
0,0,0.5319764
0,0,0.5340079
0,0,0.517762
0,0,0.5117625
0,0,0.50498337
0,0,0.50045365
0,0,0.5081674
0,0,0.51059705
0,0,0.49643132
0,0,0.49812657
0,0,0.5173748
0,0,0.50325656
0,0,0.49479097
0,0,0.5052989
0,0,0.4963956
0,0,0.50574994
0,0,0.507075
0,0,0.4990048
0,0,0.50610536
0,0,0.50012463
0,0,0.5094823
0,0,0.5249633
0,0,0.5191396
0,0,0.52185524
0,0,0.51625943
0,0,0.5042014
0,0,0.50727904
0,0,0.5040327
0,0,0.5005439
0,0,0.49702752
0,0,0.4940065
0,0,0.4968416
0,0,0.50546026
0,0,0.49389133
0,0,0.50745094
0,0,0.514309
0,0,0.5160067
0,0,0.53057826
0,0,0.52962697
0,0,0.5320715
0,0,0.51788807
0,0,0.50754833
0,0,0.4991139
0,0,0.49845526
0,0,0.4954715
0,0,0.5071702
0,0,0.48513034
0,0,0.4895578
0,0,0.49158978
0,0,0.4792737
0,0,0.5007224
0,0,0.5171468
0,0,0.51434976
0,0,0.53116155
0,0,0.5225466
0,0,0.5216919
0,0,0.51431537
0,0,0.5055863
0,0,0.4980239
0,0,0.51056343
0,0,0.5013131
0,0,0.5020409
0,0,0.51756865
0,0,0.52232176
0,0,0.51645976
0,0,0.5279432
0,0,0.52391535
0,0,0.51833105
0,0,0.5218694
0,0,0.50677055
0,0,0.51761585
0,0,0.5036699
0,0,0.51443386
0,0,0.52000785
0,0,0.53012854
0,0,0.5265202
0,0,0.53212076
0,0,0.5282347
0,0,0.5275499
0,0,0.53922737
0,0,0.5261713
0,0,0.5160177
0,0,0.5196808
0,0,0.5202673
0,0,0.5107217
0,0,0.4872538
0,0,0.51130384
0,0,0.5060949
0,0,0.49003434
0,0,0.5082622
0,0,0.5031113
0,0,0.50373244
0,0,0.50264394
0,0,0.506221
0,0,0.51630855
0,0,0.51940656
0,0,0.5200685
0,0,0.52182525
0,0,0.5233078
0,0,0.5169359
0,0,0.5153701
0,0,0.52275974
0,0,0.5166618
0,0,0.50838494
0,0,0.5004842
0,0,0.49079219
0,0,0.48646927
0,0,0.47742882
0,0,0.48344344
0,0,0.47781995
0,0,0.49173304
0,0,0.49054706
0,0,0.5141498
0,0,0.52527696
0,0,0.5368901
0,0,0.5275703
0,0,0.52782613
0,0,0.52996415
0,0,0.5272962
0,0,0.5162703
0,0,0.5288862
0,0,0.52277416
0,0,0.5448925
0,0,0.5345684
0,0,0.5361064
0,0,0.5328653
0,0,0.53606457
0,0,0.5313755
0,0,0.5180861
0,0,0.5090964
0,0,0.50522685
0,0,0.49567902
0,0,0.48250923
0,0,0.4862561
0,0,0.5018817
0,0,0.50851774
0,0,0.509762
0,0,0.5289354
0,0,0.52284616
0,0,0.5268578
0,0,0.51163864
0,0,0.49975532
0,0,0.5127102
0,0,0.5005485
0,0,0.49162844
0,0,0.4954316
0,0,0.50593793
0,0,0.5188412
0,0,0.5096101
0,0,0.5184595
0,0,0.50593936
0,0,0.51105815
0,0,0.518617
0,0,0.5137978
0,0,0.52031046
0,0,0.52380675
0,0,0.5131608
0,0,0.49852332
0,0,0.51040083
0,0,0.50808144
0,0,0.49686056
0,0,0.51701826
0,0,0.5236978
0,0,0.51142645
0,0,0.50245464
0,0,0.5026382
0,0,0.4890078
0,0,0.4887637
0,0,0.49785668
0,0,0.50802994
0,0,0.5259369
0,0,0.5176587
0,0,0.51134205
0,0,0.5174194
0,0,0.52824557
0,0,0.5172024
0,0,0.50952715
0,0,0.50384766
0,0,0.5113197
0,0,0.505609
0,0,0.5048027
0,0,0.5327144
0,0,0.51182705
0,0,0.5131736
0,0,0.5115718
0,0,0.50288373
0,0,0.5102783
0,0,0.5187701
0,0,0.5066759
0,0,0.51079345
0,0,0.510864
0,0,0.51485544
0,0,0.5257623
0,0,0.52246076
0,0,0.5308432
0,0,0.5376297
0,0,0.53643245
0,0,0.527549
0,0,0.5268487
0,0,0.52389723
0,0,0.50556064
0,0,0.5277156
0,0,0.5241813
0,0,0.534203
0,0,0.5240354
0,0,0.5268728
0,0,0.5255015
0,0,0.5192995
0,0,0.5038616
0,0,0.5167423
0,0,0.5091515
0,0,0.50783193
0,0,0.51085037
0,0,0.51497877
0,0,0.5070814
0,0,0.5258943
0,0,0.5213298
0,0,0.52360755
0,0,0.5322911
0,0,0.53702825
0,0,0.53292197
0,0,0.52799344
0,0,0.5243684
0,0,0.5213943
0,0,0.5102616
0,0,0.5137419
0,0,0.5037043
0,0,0.49389565
0,0,0.5064832
0,0,0.52333784
0,0,0.51113176
0,0,0.5182524
0,0,0.5077866
0,0,0.51192874
0,0,0.49346697
0,0,0.49337927
0,0,0.48636073
0,0,0.49621412
0,0,0.5015101
0,0,0.50153327
0,0,0.50778115
0,0,0.50435275
0,0,0.50922185
0,0,0.5098528
0,0,0.5063552
0,0,0.5299207
0,0,0.51337445
0,0,0.5154573
0,0,0.5088512
0,0,0.49979976
0,0,0.5135372
0,0,0.5102108
0,0,0.50921506
0,0,0.5154924
0,0,0.51188534
0,0,0.5153061
0,0,0.4998353
0,0,0.49095434
0,0,0.48009458
0,0,0.47974265
0,0,0.4848734
0,0,0.49011233
0,0,0.49188605
0,0,0.50931895
0,0,0.5111583
0,0,0.50611955
0,0,0.50992805
0,0,0.51006913
0,0,0.5080606
0,0,0.50480235
0,0,0.50647736
0,0,0.5264763
0,0,0.517682
0,0,0.51208425
0,0,0.5086744
0,0,0.49434504
0,0,0.48960066
0,0,0.50544643
0,0,0.5084564
0,0,0.50738174
0,0,0.5137086
0,0,0.5140386
0,0,0.5089948
0,0,0.4875379
0,0,0.48605886
0,0,0.48560685
0,0,0.48164108
0,0,0.5082147
0,0,0.5053398
0,0,0.5014406
0,0,0.5035298
0,0,0.49806157
0,0,0.49573603
0,0,0.49806193
0,0,0.504868
0,0,0.5047764
0,0,0.5219163
0,0,0.5207996
0,0,0.51723886
0,0,0.50489354
0,0,0.4869192
0,0,0.47909695
0,0,0.499708
0,0,0.507632
0,0,0.53037053
0,0,0.5190976
0,0,0.5288131
0,0,0.5249125
0,0,0.5234892
0,0,0.5242266
0,0,0.51385474
0,0,0.52109843
0,0,0.50477093
0,0,0.5208121
0,0,0.50387
0,0,0.50062793
0,0,0.5082711
0,0,0.51895726
0,0,0.5075277
0,0,0.507136
0,0,0.51966274
0,0,0.5150909
0,0,0.517301
0,0,0.5169893
0,0,0.5088682
0,0,0.5240507
0,0,0.5251243
0,0,0.5213317
0,0,0.5133802
0,0,0.5228587
0,0,0.51675856
0,0,0.51242644
0,0,0.51848507
0,0,0.5254394
0,0,0.5307813
0,0,0.51487625
0,0,0.5165212
0,0,0.5114133
0,0,0.50695777
0,0,0.50334656
0,0,0.49864006
0,0,0.49736312
0,0,0.4945942
0,0,0.5007697
0,0,0.49891356
0,0,0.5143636
0,0,0.49663395
0,0,0.49822298
0,0,0.50649995
0,0,0.5096712
0,0,0.5080171
0,0,0.5096596
0,0,0.5140374
0,0,0.5148727
0,0,0.5205071
0,0,0.523998
0,0,0.51105875
0,0,0.5026176
0,0,0.5086143
0,0,0.5095121
0,0,0.50968367
0,0,0.51550716
0,0,0.5013568
0,0,0.50549424
0,0,0.49857542
0,0,0.49760315
0,0,0.5026979
0,0,0.51134163
0,0,0.5194345
0,0,0.5349378
0,0,0.52868783
0,0,0.51953554
0,0,0.5315407
0,0,0.52970874
0,0,0.54383457
0,0,0.5291859
0,0,0.52500325
0,0,0.52010345
0,0,0.5069989
0,0,0.5106895
0,0,0.5201035
0,0,0.5203063
0,0,0.50995266
0,0,0.517823
0,0,0.50922495
0,0,0.52732587
0,0,0.5297496
0,0,0.5198905
0,0,0.49880266
0,0,0.512773
0,0,0.48813984
0,0,0.48289597
0,0,0.4715737
0,0,0.48433536
0,0,0.49508247
0,0,0.505082
0,0,0.49549496
0,0,0.5016619
0,0,0.4988353
0,0,0.4980299
0,0,0.48897132
0,0,0.503295
0,0,0.5215201
0,0,0.522268
0,0,0.5022508
0,0,0.50962555
0,0,0.5003326
0,0,0.49932665
0,0,0.49950743
0,0,0.5031329
0,0,0.50471056
0,0,0.5111296
0,0,0.4909886
0,0,0.48734426
0,0,0.509089
0,0,0.523892
0,0,0.5116649
0,0,0.52363586
0,0,0.5189864
0,0,0.523244
0,0,0.5254522
0,0,0.51997614
0,0,0.5141147
0,0,0.5267099
0,0,0.5076832
0,0,0.50296116
0,0,0.51256853
0,0,0.5119477
0,0,0.50454634
0,0,0.49349996
0,0,0.48926568
0,0,0.48873377
0,0,0.48139432
0,0,0.475078
0,0,0.47940558
0,0,0.48633468
0,0,0.50362897
0,0,0.4875577
0,0,0.5062338
0,0,0.51158494
0,0,0.51984197
0,0,0.5119176
0,0,0.5138073
0,0,0.5144671
0,0,0.5107252
0,0,0.49867263
0,0,0.5021231
0,0,0.50883305
0,0,0.50314635
0,0,0.4976243
0,0,0.5019671
0,0,0.52089787
0,0,0.4984425
0,0,0.5170459
0,0,0.5294065
0,0,0.5211821
0,0,0.52273816
0,0,0.51754254
0,0,0.52114075
0,0,0.5135695
0,0,0.510627
0,0,0.5185649
0,0,0.5244305
0,0,0.5307807
0,0,0.5368586
0,0,0.50821733
0,0,0.51159394
0,0,0.5227216
0,0,0.52200454
0,0,0.52519405
0,0,0.5212234
0,0,0.52986836
0,0,0.5255513
0,0,0.5211849
0,0,0.51080614
0,0,0.5019782
0,0,0.50627357
0,0,0.50100416
0,0,0.5065352
0,0,0.50294083
0,0,0.5187926
0,0,0.5145952
0,0,0.5073069
0,0,0.50730723
0,0,0.50116986
0,0,0.48934817
0,0,0.48907405
0,0,0.49065703
0,0,0.48586568
0,0,0.49771264
0,0,0.49350727
0,0,0.51039195
0,0,0.5287929
0,0,0.5250439
0,0,0.52890766
0,0,0.5265845
0,0,0.52210766
0,0,0.5157062
0,0,0.5105636
0,0,0.48934257
0,0,0.48485252
0,0,0.49161795
0,0,0.50912374
0,0,0.49743944
0,0,0.50550073
0,0,0.49824473
0,0,0.517174
0,0,0.50144273
0,0,0.51380515
0,0,0.49850288
0,0,0.5089361
0,0,0.5071716
0,0,0.51724637
0,0,0.5272855
0,0,0.53393424
0,0,0.5223791
0,0,0.51947314
0,0,0.5301558
0,0,0.5114074
0,0,0.50258726
0,0,0.5160706
0,0,0.5346877
0,0,0.5366133
0,0,0.5284757
0,0,0.52158564
0,0,0.5180247
0,0,0.51736885
0,0,0.5164505
0,0,0.50511295
0,0,0.5046268
0,0,0.5111686
0,0,0.51791716
0,0,0.51616126
0,0,0.51332986
0,0,0.5202943
0,0,0.52728087
0,0,0.51496917
0,0,0.51410633
0,0,0.5151477
0,0,0.5134661
0,0,0.5105134
0,0,0.51616544
0,0,0.5140795
0,0,0.50269705
0,0,0.49344665
0,0,0.501243
0,0,0.4855177
0,0,0.4913256
0,0,0.49758664
0,0,0.4987005
0,0,0.5084826
0,0,0.521019
0,0,0.51554626
0,0,0.5206537
0,0,0.52184063
0,0,0.5137073
0,0,0.50204885
0,0,0.49545226
0,0,0.49211857
0,0,0.5110748
0,0,0.5130009
0,0,0.5165517
0,0,0.5052422
0,0,0.5035099
0,0,0.5032707
0,0,0.5016749
0,0,0.5016542
0,0,0.50233024
0,0,0.5021918
0,0,0.4780433
0,0,0.48438346
0,0,0.4974214
0,0,0.5001102
0,0,0.47484738
0,0,0.49885857
0,0,0.5172435
0,0,0.5139906
0,0,0.5040287
0,0,0.51555526
0,0,0.51871467
0,0,0.5113432
0,0,0.50399673
0,0,0.50191015
0,0,0.4936017
0,0,0.49512413
0,0,0.4853466
0,0,0.5037277
0,0,0.50199306
0,0,0.4908858
0,0,0.4914459
0,0,0.48986587
0,0,0.48699602
0,0,0.49335083
0,0,0.48437467
0,0,0.517564
0,0,0.5010383
0,0,0.4908765
0,0,0.4944254
0,0,0.5098709
0,0,0.52417684
0,0,0.5214871
0,0,0.5212871
0,0,0.5216088
0,0,0.51702577
0,0,0.51024365
0,0,0.49639118
0,0,0.4919467
0,0,0.5107596
0,0,0.49497777
0,0,0.4980508
0,0,0.51972663
0,0,0.5165099
0,0,0.51381165
0,0,0.49728152
0,0,0.5009931
0,0,0.51208186
0,0,0.49584427
0,0,0.48416466
0,0,0.48372945
0,0,0.49341613
0,0,0.50104195
0,0,0.5043241
0,0,0.51131624
0,0,0.5114964
0,0,0.51423997
0,0,0.517164
0,0,0.50744617
0,0,0.50231194
0,0,0.49837902
0,0,0.50114304
0,0,0.49912897
0,0,0.5021588
0,0,0.50550085
0,0,0.51001173
0,0,0.5199571
0,0,0.51420754
0,0,0.5240893
0,0,0.5206011
0,0,0.5195398
0,0,0.517292
0,0,0.5173925
0,0,0.5179226
0,0,0.519858
0,0,0.52402514
0,0,0.5147755
0,0,0.51304156
0,0,0.49407524
0,0,0.49924263
0,0,0.49844676
0,0,0.5129586
0,0,0.5157228
0,0,0.5175369
0,0,0.5123733
0,0,0.51406294
0,0,0.5061044
0,0,0.5122302
0,0,0.5087314
0,0,0.51885897
0,0,0.50639147
0,0,0.51453996
0,0,0.5203455
0,0,0.5112805
0,0,0.49012014
0,0,0.48781425
0,0,0.49272832
0,0,0.4757404
0,0,0.47821677
0,0,0.48928505
0,0,0.49499902
0,0,0.49619856
0,0,0.495602
0,0,0.4965776
0,0,0.49607974
0,0,0.48134086
0,0,0.48124596
0,0,0.48627752
0,0,0.4919745
0,0,0.50652206
0,0,0.51767343
0,0,0.5200561
0,0,0.5073318
0,0,0.5040906
0,0,0.50935423
0,0,0.49970907
0,0,0.50829077
0,0,0.49076632
0,0,0.4940133
0,0,0.50416416
0,0,0.50242746
0,0,0.50087386
0,0,0.4887098
0,0,0.49272317
0,0,0.5029387
0,0,0.5128368
0,0,0.5191047
0,0,0.50499356
0,0,0.50845784
0,0,0.5136626
0,0,0.50495076
0,0,0.49283764
0,0,0.5051777
0,0,0.5107072
0,0,0.5254854
0,0,0.51783556
0,0,0.52198905
0,0,0.52179253
0,0,0.5152437
0,0,0.52639914
0,0,0.52252895
0,0,0.5180292
0,0,0.524038
0,0,0.5112789
0,0,0.50997305
0,0,0.5145328
0,0,0.5169167
0,0,0.5024933
0,0,0.5060138
0,0,0.52176964
0,0,0.5109656
0,0,0.51766
0,0,0.5174449
0,0,0.5085184
0,0,0.51601565
0,0,0.52093136
0,0,0.5014874
0,0,0.49075943
0,0,0.5108913
0,0,0.51571757
0,0,0.5173963
0,0,0.50437766
0,0,0.5010499
0,0,0.49791068
0,0,0.49414107
0,0,0.48997837
0,0,0.49149394
0,0,0.5338977
0,0,0.55283636
0,0,0.5615567
0,0,0.5822803
0,0,0.5859792
0,1,0.590587
0,1,0.5908499
0,0,0.5864169
0,1,0.5902731
0,1,0.59011066
0,1,0.5944657
0,1,0.5921333
0,1,0.59401876
0,1,0.5934098
0,1,0.59305453
0,1,0.5926934
0,1,0.5908906
0,1,0.59252155
0,1,0.59304905
0,1,0.5928387
0,1,0.59160763
0,1,0.5915056
0,1,0.59000593
0,1,0.5910579
1,1,0.58921957
1,1,0.589751
1,1,0.5895346
1,1,0.58921987
1,1,0.5891577
1,1,0.5886788
0,1,0.58879566
0,0,0.5880099
0,0,0.58665025
0,0,0.56855893
0,0,0.54149234
0,0,0.5367892
0,0,0.5382489
0,0,0.5329867
0,0,0.52693045
0,0,0.51938087
0,0,0.50695145
0,0,0.51914
0,0,0.50531864
0,0,0.4983991
0,0,0.49135217
0,0,0.50474113
0,0,0.5002107
0,0,0.5029931
0,0,0.50335455
0,0,0.52150154
0,0,0.5243368
0,0,0.53080165
0,0,0.51275617
0,0,0.5040536
0,0,0.49023172
0,0,0.48473474
0,0,0.4821146
0,0,0.46618876
0,0,0.48802447
0,0,0.49040407
0,0,0.4988353
0,0,0.511957
0,0,0.5279748
0,0,0.5128207
0,0,0.49971288
0,0,0.49012083
0,0,0.49374762
0,0,0.48794818
0,0,0.49365288
0,0,0.4943279
0,0,0.5085441
0,0,0.5078117
0,0,0.5129848
0,0,0.5231745
0,0,0.53280973
0,0,0.52305335
0,0,0.527829
0,0,0.5192016
0,0,0.5134409
0,0,0.5151971
0,0,0.51259124
0,0,0.52537686
0,0,0.5167884
0,0,0.5170461
0,0,0.5222727
0,0,0.5112309
0,0,0.50151724
0,0,0.5066809
0,0,0.5014013
0,0,0.51485527
0,0,0.5036937
0,0,0.50409645
0,0,0.50963616
0,0,0.5179961
0,0,0.52555203
0,0,0.52552134
0,0,0.52326846
0,0,0.5165685
0,0,0.5081719
0,0,0.5091663
0,0,0.4821896
0,0,0.47949103
0,0,0.4666244
0,0,0.46787012
0,0,0.46268582
0,0,0.4712721
0,0,0.47198492
0,0,0.4912448
0,0,0.5000864
0,0,0.4982007
0,0,0.5018728
0,0,0.5075457
0,0,0.51492375
0,0,0.51181656
0,0,0.51156044
0,0,0.4996424
0,0,0.5143415
0,0,0.5055674
0,0,0.513893
0,0,0.50526464
0,0,0.5079053
0,0,0.5101597
0,0,0.51504666
0,0,0.5289245
0,0,0.5326388
0,0,0.53014636
0,0,0.52027106
0,0,0.53219324
0,0,0.512677
0,0,0.49477878
0,0,0.48823002
0,0,0.4749903
0,0,0.47128636
0,0,0.47144708
0,0,0.48255363
0,0,0.49966857
0,0,0.5048295
0,0,0.522982
0,0,0.5134053
0,0,0.5331698
0,0,0.5263298
0,0,0.53489995
0,0,0.5225329
0,0,0.5074856
0,0,0.48660946
0,0,0.5075408
0,0,0.50887495
0,0,0.503809
0,0,0.5140363
0,0,0.51575696
0,0,0.4973736
0,0,0.49475396
0,0,0.49240258
0,0,0.49957287
0,0,0.49753687
0,0,0.48867986
0,0,0.50344104
0,0,0.51957285
0,0,0.5119583
0,0,0.51307726
0,0,0.51449203
0,0,0.5189262
0,0,0.50879574
0,0,0.5094835
0,0,0.5084069
0,0,0.4969855
0,0,0.51679176
0,0,0.5198319
0,0,0.5157889
0,0,0.50605446
0,0,0.5038596
0,0,0.49821422
0,0,0.5097556
0,0,0.5032622
0,0,0.49856585
0,0,0.49312496
0,0,0.49249625
0,0,0.4897923
0,0,0.48884547
0,0,0.5031462
0,0,0.49766013
0,0,0.48804504
0,0,0.48543826
0,0,0.48369867
0,0,0.49659505
0,0,0.4943711
0,0,0.4902457
0,0,0.49538255
0,0,0.50086814
0,0,0.49785796
0,0,0.49347806
0,0,0.50069416
0,0,0.49903935
0,0,0.48591477
0,0,0.47698146
0,0,0.48458245
0,0,0.4649421
0,0,0.46881315
0,0,0.4780965
0,0,0.49232826
0,0,0.47541267
0,0,0.49159825
0,0,0.5028761
0,0,0.50789285
0,0,0.52597225
0,0,0.52453357
0,0,0.52788603
0,0,0.5086296
0,0,0.5210928
0,0,0.5231143
0,0,0.53063416
0,0,0.52207524
0,0,0.5293259
0,0,0.53032833
0,0,0.51392025
0,0,0.5126442
0,0,0.5033783
0,0,0.5089174
0,0,0.50139487
0,0,0.5175466
0,0,0.5123174
0,0,0.510464
0,0,0.50084645
0,0,0.49364325
0,0,0.4803443
0,0,0.46394116
0,0,0.4696972
0,0,0.47011447
0,0,0.4636706
0,0,0.4942897
0,0,0.48710486
0,0,0.47890636
0,0,0.48707262
0,0,0.5067778
0,0,0.5009351
0,0,0.4733485
0,0,0.48336366
0,0,0.49198437
0,0,0.47906554
0,0,0.49754626
0,0,0.5035945
0,0,0.5223952
0,0,0.49999642
0,0,0.49683502
0,0,0.4962319
0,0,0.50409496
0,0,0.49485204
0,0,0.49099073
0,0,0.49177268
0,0,0.49724844
0,0,0.49141026
0,0,0.50926477
0,0,0.49114618
0,0,0.50583935
0,0,0.5149485
0,0,0.5030583
0,0,0.5010785
0,0,0.50536436
0,0,0.5076537
0,0,0.5022575
0,0,0.5040061
0,0,0.49134618
0,0,0.50561035
0,0,0.50478673
0,0,0.5066548
0,0,0.52176094
0,0,0.5103217
0,0,0.5144943
0,0,0.5096072
0,0,0.51558167
0,0,0.5184278
0,0,0.5109181
0,0,0.5123368
0,0,0.5118496
0,0,0.5229091
0,0,0.49193642
0,0,0.5077382
0,0,0.5005447
0,0,0.49401495
0,0,0.48195788
0,0,0.4866675
0,0,0.49666533
0,0,0.4814918
0,0,0.4852336
0,0,0.4974427
0,0,0.51359004
0,0,0.49739215
0,0,0.50791675
0,0,0.50868696
0,0,0.52304614
0,0,0.5163663
0,0,0.5105452
0,0,0.50367665
0,0,0.5041978
0,0,0.4985834
0,0,0.49795225
0,0,0.49320957
0,0,0.5009252
0,0,0.502712
0,0,0.48761645
0,0,0.49057484
0,0,0.48033738
0,0,0.48450807
0,0,0.47980514
0,0,0.48479232
0,0,0.46928278
0,0,0.49734172
0,0,0.50938493
0,0,0.51277155
0,0,0.5150006
0,0,0.52044994
0,0,0.50276893
0,0,0.51439875
0,0,0.5167822
0,0,0.5213579
0,0,0.5122574
0,0,0.5264669
0,0,0.5233327
0,0,0.5116716
0,0,0.5095551
0,0,0.5070844
0,0,0.50341845
0,0,0.5047758
0,0,0.4999283
0,0,0.49410638
0,0,0.4977076
0,0,0.49720263
0,0,0.48937786
0,0,0.47567454
0,0,0.4763607
0,0,0.48023602
0,0,0.4847385
0,0,0.49679157
0,0,0.5032635
0,0,0.503865
0,0,0.49725723
0,0,0.5043821
0,0,0.50019664
0,0,0.5018746
0,0,0.49266934
0,0,0.493309
0,0,0.4873223
0,0,0.47965822
0,0,0.47743937
0,0,0.4799826
0,0,0.47837365
0,0,0.49336448
0,0,0.48264632
0,0,0.49614012
0,0,0.48708093
0,0,0.51293814
0,0,0.51273996
0,0,0.5063943
0,0,0.5153542
0,0,0.51792526
0,0,0.50938535
0,0,0.5095511
0,0,0.5058541
0,0,0.49992543
0,0,0.49963602
0,0,0.51837784
0,0,0.52912974
0,0,0.5341297
0,0,0.5369568
0,0,0.5344415
0,0,0.51416695
0,0,0.521709
0,0,0.51334625
0,0,0.51486343
0,0,0.50902176
0,0,0.49501434
0,0,0.4953199
0,0,0.48170936
0,0,0.49089563
0,0,0.48902473
0,0,0.5022478
0,0,0.49786872
0,0,0.5037753
0,0,0.50045246
0,0,0.48043078
0,0,0.49172223
0,0,0.49797097
0,0,0.5052877
0,0,0.4996818
0,0,0.51783913
0,0,0.51274014
0,0,0.49661607
0,0,0.50464445
0,0,0.50979143
0,0,0.49099326
0,0,0.4894071
0,0,0.50382584
0,0,0.51996005
0,0,0.5126476
0,0,0.5203712
0,0,0.5326098
0,0,0.5342372
0,0,0.52820396
0,0,0.5319284
0,0,0.53355277
0,0,0.52574986
0,0,0.51894236
0,0,0.5132565
0,0,0.5137203
0,0,0.50537646
0,0,0.51157516
0,0,0.5102185
0,0,0.5177763
0,0,0.5085426
0,0,0.5105176
0,0,0.51134276
0,0,0.5032198
0,0,0.4940844
0,0,0.4989071
0,0,0.47973385
0,0,0.48582882
0,0,0.4807779
0,0,0.470515
0,0,0.47241792
0,0,0.4855148
0,0,0.49428654
0,0,0.52513355
0,0,0.52083826
0,0,0.5147033
0,0,0.5122328
0,0,0.5041182
0,0,0.5172811
0,0,0.5218435
0,0,0.52819127
0,0,0.53893816
0,0,0.5368862
0,0,0.5421354
0,0,0.5366243
0,0,0.53108186
0,0,0.52303255
0,0,0.53127646
0,0,0.5233557
0,0,0.5110677
0,0,0.49942285
0,0,0.51541257
0,0,0.52183765
0,0,0.52677596
0,0,0.52419585
0,0,0.53505176
0,0,0.5388618
0,0,0.5053712
0,0,0.5041762
0,0,0.514858
0,0,0.5230209
0,0,0.52859575
0,0,0.51951295
0,0,0.51715726
0,0,0.50800085
0,0,0.47741765
0,0,0.46266344
0,0,0.46102405
0,0,0.45364425
0,0,0.46482837
0,0,0.47602284
0,0,0.47336227
0,0,0.47342885
0,0,0.49315542
0,0,0.5019944
0,0,0.5208431
0,0,0.5236549
0,0,0.5175951
0,0,0.5244702
0,0,0.52974486
0,0,0.5265269
0,0,0.5248653
0,0,0.5311499
0,0,0.537694
0,0,0.54295737
0,0,0.5386456
0,0,0.5447524
0,0,0.52040166
0,0,0.53269356
0,0,0.5246698
0,0,0.5291769
0,0,0.50515574
0,0,0.5113845
0,0,0.5082116
0,0,0.5071484
0,0,0.50013655
0,0,0.5110807
0,0,0.5189679
0,0,0.5109058
0,0,0.5150193
0,0,0.5240822
0,0,0.51290935
0,0,0.50343204
0,0,0.5090172
0,0,0.5122166
0,0,0.5127723
0,0,0.5127424
0,0,0.5141257
0,0,0.51307935
0,0,0.5177825
0,0,0.507887
0,0,0.5113647
0,0,0.5228579
0,0,0.52696794
0,0,0.5156337
0,0,0.4899502
0,0,0.49118716
0,0,0.49291918
0,0,0.490015
0,0,0.4872906
0,0,0.49898094
0,0,0.49238855
0,0,0.505462
0,0,0.50653654
0,0,0.51614785
0,0,0.5087783
0,0,0.52264047
0,0,0.5174744
0,0,0.5182517
0,0,0.5164728
0,0,0.5182206
0,0,0.5093362
0,0,0.4919981
0,0,0.48934236
0,0,0.4957843
0,0,0.4899724
0,0,0.49188283
0,0,0.50879186
0,0,0.501665
0,0,0.5118167
0,0,0.5130496
0,0,0.5232729
0,0,0.52682865
0,0,0.5368213
0,0,0.5290696
0,0,0.52820355
0,0,0.5393892
0,0,0.5247709
0,0,0.5171923
0,0,0.50277126
0,0,0.5035915
0,0,0.5007128
0,0,0.4932776
0,0,0.4886407
0,0,0.51272446
0,0,0.51602226
0,0,0.51280576
0,0,0.5103676
0,0,0.51635325
0,0,0.5032025
0,0,0.50737286
0,0,0.50118333
0,0,0.50191677
0,0,0.51555276
0,0,0.5204535
0,0,0.51350933
0,0,0.5186073
0,0,0.5307377
0,0,0.51612896
0,0,0.51680887
0,0,0.5160636
0,0,0.51130384
0,0,0.50901127
0,0,0.5211871
0,0,0.5182
0,0,0.5241393
0,0,0.5162815
0,0,0.5141965
0,0,0.5174051
0,0,0.5182174
0,0,0.51175994
0,0,0.5315693
0,0,0.5300057
0,0,0.5233444
0,0,0.5104924
0,0,0.50500596
0,0,0.49420848
0,0,0.4747445
0,0,0.48203593
0,0,0.4720854
0,0,0.48201582
0,0,0.48396245
0,0,0.48165658
0,0,0.48948118
0,0,0.4797844
0,0,0.48300323
0,0,0.48334935
0,0,0.49565768
0,0,0.48507968
0,0,0.5180046
0,0,0.5115528
0,0,0.5220472
0,0,0.5299287
0,0,0.5356892
0,0,0.5286371
0,0,0.51630807
0,0,0.51259494
0,0,0.509651
0,0,0.5167185
0,0,0.5206524
0,0,0.5360087
0,0,0.5260338
0,0,0.523207
0,0,0.5270489
0,0,0.5287727
0,0,0.5206515
0,0,0.51948434
0,0,0.52465403
0,0,0.5268108
0,0,0.52704096
0,0,0.49921328
0,0,0.51561666
0,0,0.51595235
0,0,0.506232
0,0,0.5156214
0,0,0.5161402
0,0,0.5070272
0,0,0.504992
0,0,0.5054132
0,0,0.4957904
0,0,0.49795702
0,0,0.49213162
0,0,0.5031026
0,0,0.49369875
0,0,0.4828278
0,0,0.48546994
0,0,0.4964262
0,0,0.49689364
0,0,0.50610286
0,0,0.5138732
0,0,0.5144738
0,0,0.5174139
0,0,0.5236694
0,0,0.53190786
0,0,0.5165898
0,0,0.5092289
0,0,0.5147476
0,0,0.5092645
0,0,0.51626134
0,0,0.49505782
0,0,0.49734667
0,0,0.4798741
0,0,0.47910273
0,0,0.47303975
0,0,0.4839197
0,0,0.4897008
0,0,0.5126926
0,0,0.5035224
0,0,0.50770634
0,0,0.5133331
0,0,0.52453685
0,0,0.520847
0,0,0.4988906
0,0,0.5048753
0,0,0.49669087
0,0,0.47421536
0,0,0.4758166
0,0,0.47860196
0,0,0.5150488
0,0,0.52737206
0,0,0.53678507
0,0,0.52680993
0,0,0.52638197
0,0,0.5300753
0,0,0.5092933
0,0,0.52126265
0,0,0.5159754
0,0,0.5254419
0,0,0.51233894
0,0,0.50814897
0,0,0.49845424
0,0,0.4935024
0,0,0.5007602
0,0,0.51132506
0,0,0.49633962
0,0,0.49980766
0,0,0.5005996
0,0,0.5047184
0,0,0.49966145
0,0,0.5168645
0,0,0.5340496
0,0,0.5286267
0,0,0.5231942
0,0,0.5259323
0,0,0.5123894
0,0,0.5199377
0,0,0.5177538
0,0,0.51293707
0,0,0.48746967
0,0,0.49521628
0,0,0.5123653
0,0,0.5177986
0,0,0.518223
0,0,0.50937295
0,0,0.50550294
0,0,0.4875939
0,0,0.4754249
0,0,0.4922312
0,0,0.5179112
0,0,0.5148718
0,0,0.52737004
0,0,0.5162484
0,0,0.5304914
0,0,0.51945645
0,0,0.50594664
0,0,0.49822983
0,0,0.48727039
0,0,0.49856314
0,0,0.510055
0,0,0.5109053
0,0,0.5141419
0,0,0.5137676
0,0,0.52461207
0,0,0.51594484
0,0,0.50403607
0,0,0.5012628
0,0,0.50975496
0,0,0.5227414
0,0,0.53295237
0,0,0.5471548
0,0,0.53831047
0,0,0.52256453
0,0,0.53764975
0,0,0.5330842
0,0,0.53421146
0,0,0.5157108
0,0,0.52155334
0,0,0.5337703
0,0,0.52159035
0,0,0.51484495
0,0,0.51311773
0,0,0.5204684
0,0,0.52327883
0,0,0.5368047
0,0,0.52165395
0,0,0.52238613
0,0,0.52098626
0,0,0.53513616
0,0,0.53260916
0,0,0.531227
0,0,0.5153087
0,0,0.51898485
0,0,0.507219
0,0,0.49898675
0,0,0.48752314
0,0,0.48982152
0,0,0.48724586
0,0,0.4991109
0,0,0.50789183
0,0,0.5095578
0,0,0.5111757
0,0,0.51381874
0,0,0.4935135
0,0,0.49609658
0,0,0.49407238
0,0,0.49004284
0,0,0.50100815
0,0,0.50158536
0,0,0.5120802
0,0,0.53034776
0,0,0.53572005
0,0,0.5307475
0,0,0.5097236
0,0,0.5039358
0,0,0.5009721
0,0,0.49104908
0,0,0.48562148
0,0,0.49393815
0,0,0.5067998
0,0,0.50621367
0,0,0.49404085
0,0,0.48004282
0,0,0.47577858
0,0,0.46000248
0,0,0.46054813
0,0,0.45570555
0,0,0.4631037
0,0,0.4675915
0,0,0.46945074
0,0,0.46981123
0,0,0.47398505
0,0,0.48835668
0,0,0.4789151
0,0,0.4964802
0,0,0.51789194
0,0,0.5250221
0,0,0.5184353
0,0,0.5183021
0,0,0.5075246
0,0,0.5028457
0,0,0.50530857
0,0,0.5124813
0,0,0.51591605
0,0,0.5204554
0,0,0.5248909
0,0,0.53344345
0,0,0.52385473
0,0,0.5175761
0,0,0.5159895
0,0,0.5197997
0,0,0.5252686
0,0,0.5065478
0,0,0.51311177
0,0,0.49923554
0,0,0.50217736
0,0,0.48995993
0,0,0.49853867
0,0,0.49180824
0,0,0.48874795
0,0,0.49112916
0,0,0.50387007
0,0,0.5148239
0,0,0.5178686
0,0,0.51986873
0,0,0.5126668
0,0,0.50861853
0,0,0.51486915
0,0,0.5086877
0,0,0.4979379
0,0,0.5139323
0,0,0.5140192
0,0,0.5140432
0,0,0.51915824
0,0,0.51715314
0,0,0.5332618
0,0,0.53860927
0,0,0.5361554
0,0,0.52311814
0,0,0.53200984
0,0,0.5328285
0,0,0.50745124
0,0,0.5013741
0,0,0.52028
0,0,0.5266304
0,0,0.5218035
0,0,0.522401
0,0,0.51233405
0,0,0.49978396
0,0,0.49347168
0,0,0.4977627
0,0,0.49340433
0,0,0.48071623
0,0,0.4888257
0,0,0.4923885
0,0,0.5020882
0,0,0.51075655
0,0,0.51287305
0,0,0.51446086
0,0,0.51329947
0,0,0.5090664
0,0,0.50809616
0,0,0.4932421
0,0,0.50379974
0,0,0.5091586
0,0,0.49403548
0,0,0.482778
0,0,0.4952956
0,0,0.48787883
0,0,0.49350077
0,0,0.52442527
0,0,0.5269903
0,0,0.524367
0,0,0.52826136
0,0,0.5192424
0,0,0.52436095
0,0,0.49654657
0,0,0.5125578
0,0,0.50829947
0,0,0.5149815
0,0,0.49945974
0,0,0.49005106
0,0,0.4697636
0,0,0.4802596
0,0,0.482672
0,0,0.48307717
0,0,0.48980144
0,0,0.5075403
0,0,0.5049371
0,0,0.5056148
0,0,0.51193744
0,0,0.5157302
0,0,0.4972526
0,0,0.4859655
0,0,0.4810406
0,0,0.50225747
0,0,0.5016955
0,0,0.5008735
0,0,0.5169796
0,0,0.51593256
0,0,0.51828206
0,0,0.50745714
0,0,0.51384455
0,0,0.5045634
0,0,0.5032781
0,0,0.48342705
0,0,0.46617123
0,0,0.46972457
0,0,0.4781925
0,0,0.4809759
0,0,0.49787772
0,0,0.49341688
0,0,0.5028105
0,0,0.49632564
0,0,0.49369007
0,0,0.47928828
0,0,0.472668
0,0,0.48429045
0,0,0.48938116
0,0,0.5060405
0,0,0.5074591
0,0,0.51035553
0,0,0.51499844
0,0,0.5231777
0,0,0.5134561
0,0,0.5168795
0,0,0.5185665
0,0,0.5311454
0,0,0.5328044
0,0,0.5338662
0,0,0.5228096
0,0,0.5240291
0,0,0.5194576
0,0,0.51310045
0,0,0.51650125
0,0,0.5158077
0,0,0.50856525
0,0,0.5084027
0,0,0.5204627
0,0,0.528575
0,0,0.5081795
0,0,0.5235054
0,0,0.52701
0,0,0.52273256
0,0,0.51277924
0,0,0.5033146
0,0,0.5098997
0,0,0.5066781
0,0,0.5049435
0,0,0.52677065
0,0,0.52908266
0,0,0.5374923
0,0,0.518449
0,0,0.5121647
0,0,0.50274205
0,0,0.50977236
0,0,0.5193894
0,0,0.5282728
0,0,0.52230823
0,0,0.5227297
0,0,0.5289531
0,0,0.5239184
0,0,0.52348024
0,0,0.5155989
0,0,0.5141942
0,0,0.50753623
0,0,0.51543146
0,0,0.50356245
0,0,0.48806998
0,0,0.47414494
0,0,0.48002964
0,0,0.485995
0,0,0.4902158
0,0,0.4879266
0,0,0.49829105
0,0,0.4878518
0,0,0.47337785
0,0,0.49616787
0,0,0.50892913
0,0,0.52806365
0,0,0.52484226
0,0,0.5125011
0,0,0.50113565
0,0,0.5090065
0,0,0.5124253
0,0,0.50799954
0,0,0.52301365
0,0,0.5251514
0,0,0.5192821
0,0,0.5246807
0,0,0.5302761
0,0,0.52005345
0,0,0.49999762
0,0,0.49926782
0,0,0.50472546
0,0,0.5068686
0,0,0.50556564
0,0,0.5255038
0,0,0.5260901
0,0,0.5381159
0,0,0.5326492
0,0,0.52684075
0,0,0.52089477
0,0,0.51511943
0,0,0.4923331
0,0,0.48480287
0,0,0.5106584
0,0,0.5048526
0,0,0.49705186
0,0,0.50633097
0,0,0.4964164
0,0,0.48772827
0,0,0.4993546
0,0,0.5179269
0,0,0.51596725
0,0,0.5093986
0,0,0.50202364
0,0,0.5064939
0,0,0.5036806
0,0,0.50382173
0,0,0.51896745
0,0,0.5128462
0,0,0.50290674
0,0,0.5049127
0,0,0.4898285
0,0,0.4934655
0,0,0.493911
0,0,0.49467093
0,0,0.5227884
0,0,0.5016941
0,0,0.5043318
0,0,0.4983988
0,0,0.5006201
0,0,0.49564904
0,0,0.49096325
0,0,0.48567176
0,0,0.48243174
0,0,0.49681643
0,0,0.4994557
0,0,0.49901894
0,0,0.52908576
0,0,0.51501733
0,0,0.5246445
0,0,0.52680266
0,0,0.52108324
0,0,0.51925457
0,0,0.51788354
0,0,0.51899505
0,0,0.5073606
0,0,0.50197196
0,0,0.49699178
0,0,0.5162513
0,0,0.52256894
0,0,0.51536334
0,0,0.51914334
0,0,0.5315099
0,0,0.51119375
0,0,0.49996603
0,0,0.5054967
0,0,0.49155372
0,0,0.51289046
0,0,0.51778233
0,0,0.51761574
0,0,0.5180858
0,0,0.5214825
0,0,0.5183308
0,0,0.51401776
0,0,0.51733744
0,0,0.5183857
0,0,0.52131814
0,0,0.5245529
0,0,0.5073235
0,0,0.50801986
0,0,0.51318896
0,0,0.5259191
0,0,0.52290183
0,0,0.5098745
0,0,0.50611883
0,0,0.5172299
0,0,0.51132476
0,0,0.5086901
0,0,0.51672405
0,0,0.51996255
0,0,0.5241409
0,0,0.5125682
0,0,0.5189592
0,0,0.53154016
0,0,0.5207608
0,0,0.49976623
0,0,0.50057566
0,0,0.5089216
0,0,0.5016912
0,0,0.5119966
0,0,0.51360303
0,0,0.5087123
0,0,0.5052814
0,0,0.49128932
0,0,0.49937886
0,0,0.50931466
0,0,0.53310066
0,0,0.53896195
0,0,0.5464516
0,0,0.53296936
0,0,0.5349957
0,0,0.5313441
0,0,0.52912974
0,0,0.531834
0,0,0.5009806
0,0,0.5014404
0,0,0.49144176
0,0,0.4901757
0,0,0.4901631
0,0,0.49795035
0,0,0.49009722
0,0,0.5071916
0,0,0.4980442
0,0,0.4766251
0,0,0.47328252
0,0,0.48629895
0,0,0.49352887
0,0,0.49745876
0,0,0.5042879
0,0,0.50111383
0,0,0.5061861
0,0,0.48985052
0,0,0.49588895
0,0,0.4891447
0,0,0.5059309
0,0,0.50028175
0,0,0.49873003
0,0,0.4972972
0,0,0.4816796
0,0,0.49275824
0,0,0.49598768
0,0,0.4989877
0,0,0.49871323
0,0,0.49589926
0,0,0.51580125
0,0,0.5160274
0,0,0.52045715
0,0,0.5080449
0,0,0.5049363
0,0,0.5036919
0,0,0.491667
0,0,0.50220346
0,0,0.4961508
0,0,0.49662206
0,0,0.50597936
0,0,0.515544
0,0,0.5005093
0,0,0.51599294
0,0,0.5102386
0,0,0.50150627
0,0,0.49591005
0,0,0.4991599
0,0,0.48429614
0,0,0.4820876
0,0,0.48464984
0,0,0.502694
0,0,0.48820308
0,0,0.49947625
0,0,0.49909207
0,0,0.49867007
0,0,0.5055944
0,0,0.51087284
0,0,0.50724226
0,0,0.5090027
0,0,0.50139916
0,0,0.48895696
0,0,0.50163966
0,0,0.5034345
0,0,0.49123812
0,0,0.49230492
0,0,0.49981183
0,0,0.49935973
0,0,0.488288
0,0,0.5080225
0,0,0.51920366
0,0,0.51222
0,0,0.51045144
0,0,0.52275074
0,0,0.5216866
0,0,0.5263646
0,0,0.5374563
0,0,0.5359243
0,0,0.52958494
0,0,0.5343655
0,0,0.5269897
0,0,0.52231205
0,0,0.50574964
0,0,0.5285356
0,0,0.5209245
0,0,0.5229633
0,0,0.5158555
0,0,0.51499903
0,0,0.51769793
0,0,0.50981903
0,0,0.51118064
0,0,0.5088127
0,0,0.4982625
0,0,0.49587616
0,0,0.4886293
0,0,0.47916064
0,0,0.49383715
0,0,0.4974528
0,0,0.47715494
0,0,0.49686268
0,0,0.50377053
0,0,0.49692565
0,0,0.49477282
0,0,0.5051931
0,0,0.5158267
0,0,0.5114638
0,0,0.5088663
0,0,0.5263133
0,0,0.5215187
0,0,0.5332979
0,0,0.5285521
0,0,0.5294647
0,0,0.50684047
0,0,0.50993896
0,0,0.5001842
0,0,0.5097788
0,0,0.5011827
0,0,0.5108736
0,0,0.50722605
0,0,0.4987035
0,0,0.48424283
0,0,0.4896442
0,0,0.48344532
0,0,0.47863048
0,0,0.48879832
0,0,0.49990252
0,0,0.49689656
0,0,0.5075688
0,0,0.5120391
0,0,0.51875335
0,0,0.5182508
0,0,0.51283854
0,0,0.5223298
0,0,0.50448453
0,0,0.5149858
0,0,0.5275502
0,0,0.50780505
0,0,0.51803136
0,0,0.5244084
0,0,0.5170846
0,0,0.52365136
0,0,0.51561403
0,0,0.5126299
0,0,0.5030565
0,0,0.512942
0,0,0.50515085
0,0,0.5130211
0,0,0.504864
0,0,0.49141768
0,0,0.5111426
0,0,0.5189631
0,0,0.50553304
0,0,0.50717425
0,0,0.52249515
0,0,0.51063496
0,0,0.5150672
0,0,0.5234373
0,0,0.5144405
0,0,0.50299114
0,0,0.5005787
0,0,0.5078988
0,0,0.4956079
0,0,0.4956516
0,0,0.48275024
0,0,0.5042308
0,0,0.5041511
0,0,0.49737304
0,0,0.50299424
0,0,0.51496047
0,0,0.50637966
0,0,0.5044984
0,0,0.4938028
0,0,0.49648243
0,0,0.5129396
0,0,0.5119434
0,0,0.50983304
0,0,0.51757526
0,0,0.5262463
0,0,0.522715
0,0,0.50925
0,0,0.5294201
0,0,0.5086897
0,0,0.5032061
0,0,0.5002978
0,0,0.4984002
0,0,0.49480972
0,0,0.49061835
0,0,0.50186217
0,0,0.50407916
0,0,0.5053116
0,0,0.4930656
0,0,0.5036835
0,0,0.49469334
0,0,0.49648285
0,0,0.5142105
0,0,0.52046895
0,0,0.53006023
0,0,0.5295093
0,0,0.52012783
0,0,0.5097119
0,0,0.5026417
0,0,0.5087528
0,0,0.5088183
0,0,0.4973366
0,0,0.48633853
0,0,0.47779322
0,0,0.48237893
0,0,0.49243313
0,0,0.49580535
0,0,0.51914203
0,0,0.51879305
0,0,0.51927805
0,0,0.5040873
0,0,0.50759476
0,0,0.49741727
0,0,0.48892674
0,0,0.4871603
0,0,0.493564
0,0,0.5048757
0,0,0.4965308
0,0,0.5020779
0,0,0.5083159
0,0,0.50125104
0,0,0.49691895
0,0,0.49835443
0,0,0.46964344
0,0,0.47015646
0,0,0.4879072
0,0,0.50352985
0,0,0.49656326
0,0,0.5129415
0,0,0.51575595
0,0,0.51881886
0,0,0.51510197
0,0,0.5051017
0,0,0.5089987
0,0,0.51076776
0,0,0.4985713
0,0,0.508532
0,0,0.4949418
0,0,0.50791514
0,0,0.5248446
0,0,0.5041129
0,0,0.5007505
0,0,0.515743
0,0,0.5091073
0,0,0.4981567
0,0,0.4991768
0,0,0.51197195
0,0,0.5146502
0,0,0.5115982
0,0,0.5245908
0,0,0.52844197
0,0,0.5083197
0,0,0.5212271
0,0,0.5131809
0,0,0.50350565
0,0,0.5234905
0,0,0.5216016
0,0,0.5163206
0,0,0.51178724
0,0,0.50934166
0,0,0.5033149
0,0,0.49417984
0,0,0.50271326
0,0,0.5094183
0,0,0.5238398
0,0,0.5331056
0,0,0.5330259
0,0,0.5319494
0,0,0.54110837
0,0,0.5318203
0,0,0.5201727
0,0,0.50214964
0,0,0.51512635
0,0,0.51295054
0,0,0.49818167
0,0,0.50354594
0,0,0.50857776
0,0,0.5197384
0,0,0.5045691
0,0,0.5176114
0,0,0.5132583
0,0,0.5194975
0,0,0.5144063
0,0,0.5051877
0,0,0.50884616
0,0,0.51099753
0,0,0.51499826
0,0,0.500778
0,0,0.5003248
0,0,0.48357418
0,0,0.47009963
0,0,0.46108323
0,0,0.4718547
0,0,0.47086966
0,0,0.48284715
0,0,0.49287742
0,0,0.5067743
0,0,0.5004989
0,0,0.5116182
0,0,0.50013447
0,0,0.51382244
0,0,0.52152014
0,0,0.5245948
0,0,0.52292204
0,0,0.5127372
0,0,0.5277912
0,0,0.52050793
0,0,0.52635604
0,0,0.5341185
0,0,0.5189662
0,0,0.5260444
0,0,0.53047365
0,0,0.524986
0,0,0.52116495
0,0,0.5082154
0,0,0.50549746
0,0,0.51210606
0,0,0.51464504
0,0,0.51106465
0,0,0.5153979
0,0,0.5090719
0,0,0.513695
0,0,0.5145988
0,0,0.5083122
0,0,0.5128869
0,0,0.51908445
0,0,0.5230181
0,0,0.5095872
0,0,0.49607655
0,0,0.48159707
0,0,0.48634157
0,0,0.5012077
0,0,0.5006476
0,0,0.50229377
0,0,0.5128801
0,0,0.51878655
0,0,0.51081276
0,0,0.5002289
0,0,0.49861577
0,0,0.4956369
0,0,0.48724735
0,0,0.4788449
0,0,0.4775376
0,0,0.48767766
0,0,0.4745333
0,0,0.48920605
0,0,0.48542038
0,0,0.49185959
0,0,0.50622743
0,0,0.51470375
0,0,0.4972174
0,0,0.5018124
0,0,0.48330227
0,0,0.50062984
0,0,0.4939626
0,0,0.49687892
0,0,0.49389577
0,0,0.49934748
0,0,0.4795425
0,0,0.47430298
0,0,0.48297536
0,0,0.47798494
0,0,0.48488796
0,0,0.48990613
0,0,0.47932214
0,0,0.48040998
0,0,0.48346767
0,0,0.49023637
0,0,0.46855932
0,0,0.49033988
0,0,0.49454704
0,0,0.49277613
0,0,0.49173304
0,0,0.51759857
0,0,0.50714225
0,0,0.52729344
0,0,0.5058803
0,0,0.49680763
0,0,0.5070485
0,0,0.50863427
0,0,0.51115847
0,0,0.52179796
0,0,0.51395935
0,0,0.50432354
0,0,0.49437988
0,0,0.4699866
0,0,0.47164938
0,0,0.46171662
0,0,0.47246775
0,0,0.4725381
0,0,0.48811495
0,0,0.48971418
0,0,0.4736722
0,0,0.47900847
0,0,0.48513916
0,0,0.4975164
0,0,0.49294242
0,0,0.5058939
0,0,0.52321666
0,0,0.52638936
0,0,0.5280185
0,0,0.52411747
0,0,0.5202922
0,0,0.5176982
0,0,0.50325316
0,0,0.5183826
0,0,0.51549006
0,0,0.5354866
0,0,0.5354168
0,0,0.5301132
0,0,0.532039
0,0,0.5273734
0,0,0.5280764
0,0,0.5006301
0,0,0.5014383
0,0,0.49771747
0,0,0.4888783
0,0,0.48383415
0,0,0.49431288
0,0,0.49245915
0,0,0.49333063
0,0,0.46949857
0,0,0.48503098
0,0,0.48874533
0,0,0.4883014
0,0,0.48356438
0,0,0.5136624
0,0,0.5216616
0,0,0.507677
0,0,0.5152618
0,0,0.51755625
0,0,0.5167611
0,0,0.5048663
0,0,0.5090459
0,0,0.5126857
0,0,0.514311
0,0,0.50183326
0,0,0.5083576
0,0,0.49323606
0,0,0.48809832
0,0,0.48329815
0,0,0.48546934
0,0,0.48869237
0,0,0.49740142
0,0,0.49611622
0,0,0.5122351
0,0,0.5207907
0,0,0.50915605
0,0,0.5065395
0,0,0.5113352
0,0,0.51601475
0,0,0.5236265
0,0,0.5138287
0,0,0.52614933
0,0,0.5188674
0,0,0.513285
0,0,0.50349945
0,0,0.4927968
0,0,0.4663623
0,0,0.46947426
0,0,0.47695324
0,0,0.4747114
0,0,0.47841725
0,0,0.47651374
0,0,0.48356912
0,0,0.46851555
0,0,0.47736526
0,0,0.46162271
0,0,0.47719428
0,0,0.48243818
0,0,0.49268815
0,0,0.5018153
0,0,0.5222785
0,0,0.50841445
0,0,0.52080625
0,0,0.5041326
0,0,0.49912807
0,0,0.49730504
0,0,0.49678287
0,0,0.49198028
0,0,0.5111399
0,0,0.49067178
0,0,0.4981045
0,0,0.5018749
0,0,0.4937946
0,0,0.49916223
0,0,0.49397162
0,0,0.50989527
0,0,0.5088304
0,0,0.5191346
0,0,0.5154496
0,0,0.51452386
0,0,0.51333994
0,0,0.51879436
0,0,0.5164285
0,0,0.5157786
0,0,0.5045484
0,0,0.51074827
0,0,0.5091782
0,0,0.51583916
0,0,0.51434344
0,0,0.51923627
0,0,0.51666695
0,0,0.50526536
0,0,0.5048129
0,0,0.51637053
0,0,0.5286933
0,0,0.52179796
0,0,0.51608974
0,0,0.51289004
0,0,0.51295215
0,0,0.518797
0,0,0.50828797
0,0,0.5220863
0,0,0.5270675
0,0,0.5012048
0,0,0.49316108
0,0,0.514531
0,0,0.52214766
0,0,0.5158315
0,0,0.5054581
0,0,0.51100683
0,0,0.5000592
0,0,0.49191004
0,0,0.5103174
0,0,0.52431995
0,0,0.50793076
0,0,0.5020144
0,0,0.49368915
0,0,0.4826558
0,0,0.4755382
0,0,0.48758572
0,0,0.48966032
0,0,0.49629945
0,0,0.5100682
0,0,0.525876
0,0,0.51371014
0,0,0.53135604
0,0,0.5218277
0,0,0.5120758
0,0,0.5069176
0,0,0.5127444
0,0,0.51161116
0,0,0.51530546
0,0,0.52885693
0,0,0.5168104
0,0,0.5268302
0,0,0.51726985
0,0,0.5038593
0,0,0.49815586
0,0,0.49594605
0,0,0.49472088
0,0,0.5012881
0,0,0.50654644
0,0,0.51187867
0,0,0.5093959
0,0,0.52791315
0,0,0.52573663
0,0,0.52901506
0,0,0.53209865
0,0,0.52073705
0,0,0.5295111
0,0,0.5312609
0,0,0.5086067
0,0,0.50284165
0,0,0.5032987
0,0,0.4920119
0,0,0.4924752
0,0,0.5083699
0,0,0.50950336
0,0,0.5005914
0,0,0.5063661
0,0,0.5117102
0,0,0.52580374
0,0,0.51058054
0,0,0.5159642
0,0,0.52190024
0,0,0.51559085
0,0,0.5119176
0,0,0.51130617
0,0,0.51789695
0,0,0.51927435
0,0,0.5090379
0,0,0.51321834
0,0,0.5110089
0,0,0.511647
0,0,0.51277846
0,0,0.49940252
0,0,0.5031714
0,0,0.50760204
0,0,0.505202
0,0,0.5098296
0,0,0.4982335
0,0,0.5045724
0,0,0.5076694
0,0,0.5027788
0,0,0.5013543
0,0,0.50502545
0,0,0.49590552
0,0,0.49087602
0,0,0.49607733
0,0,0.48552635
0,0,0.49771985
0,0,0.506985
0,0,0.51389873
0,0,0.51356727
0,0,0.51732486
0,0,0.5077754
0,0,0.4971641
0,0,0.50041777
0,0,0.50360847
0,0,0.5020313
0,0,0.51435554
0,0,0.50958985
0,0,0.50602114
0,0,0.51829004
0,0,0.5202483
0,0,0.5205632
0,0,0.52309954
0,0,0.52555066
0,0,0.5311057
0,0,0.5323628
0,0,0.52780414
0,0,0.5263488
0,0,0.5198333
0,0,0.5230029
0,0,0.5075719
0,0,0.5210087
0,0,0.5156264
0,0,0.4990673
0,0,0.48999876
0,0,0.49387616
0,0,0.49589738
0,0,0.49640316
0,0,0.49097234
0,0,0.48006436
0,0,0.47666857
0,0,0.47181085
0,0,0.48829025
0,0,0.48286772
0,0,0.48970234
0,0,0.513892
0,0,0.52744204
0,0,0.52131826
0,0,0.514998
0,0,0.52857566
0,0,0.5282442
0,0,0.51051486
0,0,0.5188541
0,0,0.5176324
0,0,0.50971407
0,0,0.5063831
0,0,0.5004901
0,0,0.49803975
0,0,0.48252448
0,0,0.4820435
0,0,0.4821324
0,0,0.48657712
0,0,0.48244295
0,0,0.4893314
0,0,0.4873847
0,0,0.5008103
0,0,0.4970511
0,0,0.49829695
0,0,0.506221
0,0,0.5284268
0,0,0.5185955
0,0,0.53551865
0,0,0.53077096
0,0,0.5106014
0,0,0.49598417
0,0,0.51376253
0,0,0.5072674
0,0,0.4902424
0,0,0.5090521
0,0,0.5386496
0,0,0.5146251
0,0,0.5298688
0,0,0.51642823
0,0,0.5054666
0,0,0.49593595
0,0,0.4985039
0,0,0.5074912
0,0,0.5125721
0,0,0.5135867
0,0,0.5106263
0,0,0.50994503
0,0,0.51910555
0,0,0.50532633
0,0,0.49909207
0,0,0.5008353
0,0,0.52476496
0,0,0.539067
0,0,0.5285322
0,0,0.5334605
0,0,0.5358586
0,0,0.53700715
0,0,0.51976013
0,0,0.51656187
0,0,0.51761734
0,0,0.51285565
0,0,0.5269769
0,0,0.5187651
0,0,0.51369333
0,0,0.5243139
0,0,0.51743966
0,0,0.5070519
0,0,0.5007635
0,0,0.47999886
0,0,0.499228
0,0,0.50224227
0,0,0.500483
0,0,0.49994576
0,0,0.51381665
0,0,0.5003381
0,0,0.5206632
0,0,0.51877016
0,0,0.5260952
0,0,0.51523364
0,0,0.5174093
0,0,0.51658493
0,0,0.518864
0,0,0.51447207
0,0,0.5071696
0,0,0.5028039
0,0,0.4944546
0,0,0.49204895
0,0,0.49741378
0,0,0.49411103
0,0,0.5056592
0,0,0.51256067
0,0,0.506826
0,0,0.4946335
0,0,0.49992037
0,0,0.49354264
0,0,0.47401246
0,0,0.46865985
0,0,0.47053254
0,0,0.47747624
0,0,0.4798878
0,0,0.49051827
0,0,0.4953017
0,0,0.5078921
0,0,0.5165301
0,0,0.5124393
0,0,0.5173824
0,0,0.52577806
0,0,0.50669533
0,0,0.5094442
0,0,0.5179238
0,0,0.5143827
0,0,0.5246325
0,0,0.51272315
0,0,0.528201
0,0,0.5290027
0,0,0.53622454
0,0,0.5383187
0,0,0.51996046
0,0,0.51071906
0,0,0.5110876
0,0,0.5161762
0,0,0.5034948
0,0,0.50005275
0,0,0.49301043
0,0,0.49838933
0,0,0.5033621
0,0,0.49713022
0,0,0.4935394
0,0,0.4863693
0,0,0.50539887
0,0,0.5122881
0,0,0.51619023
0,0,0.5262712
0,0,0.5214069
0,0,0.50989074
0,0,0.5204582
0,0,0.52935
0,0,0.5293019
0,0,0.5281361
0,0,0.51663417
0,0,0.51206064
0,0,0.50975883
0,0,0.50823224
0,0,0.49986675
0,0,0.5078961
0,0,0.5069513
0,0,0.5085289
0,0,0.52078146
0,0,0.52762467
0,0,0.5243023
0,0,0.5280806
0,0,0.5390203
0,0,0.5349624
0,0,0.52965546
0,0,0.52296233
0,0,0.5116433
0,0,0.5200408
0,0,0.49003774
0,0,0.49557212
0,0,0.48138332
0,0,0.49315506
0,0,0.48541686
0,0,0.50705284
0,0,0.4947523
0,0,0.49786907
0,0,0.5010953
0,0,0.51052725
0,0,0.515237
0,0,0.5080232
0,0,0.51612025
0,0,0.50119686
0,0,0.5080403
0,0,0.4868984
0,0,0.49797854
0,0,0.49168712
0,0,0.5207848
0,0,0.5195048
0,0,0.5345599
0,0,0.53368014
0,0,0.52739304
0,0,0.5184494
0,0,0.5231199
0,0,0.5349429
0,0,0.53457433
0,0,0.511239
0,0,0.5108587
0,0,0.51572365
0,0,0.5031136
0,0,0.5017999
0,0,0.49711508
0,0,0.49609265
0,0,0.5067747
0,0,0.49364644
0,0,0.49595314
0,0,0.5209355
0,0,0.5263784
0,0,0.5228506
0,0,0.5065192
0,0,0.5024384
0,0,0.48241076
0,0,0.47938678
0,0,0.46942544
0,0,0.47092
0,0,0.49159986
0,0,0.49784303
0,0,0.5013431
0,0,0.50858206
0,0,0.5073536
0,0,0.5023562
0,0,0.4986051
0,0,0.4849707
0,0,0.4788554
0,0,0.47052783
0,0,0.47478116
0,0,0.48685777
0,0,0.50515336
0,0,0.49595824
0,0,0.50807405
0,0,0.516889
0,0,0.5276974
0,0,0.51285905
0,0,0.5193555
0,0,0.5184089
0,0,0.5108424
0,0,0.51263857
0,0,0.5355959
0,0,0.5306944
0,0,0.52997535
0,0,0.52287996
0,0,0.5306674
0,0,0.5191922
0,0,0.51768833
0,0,0.509008
0,0,0.50196195
0,0,0.48919538
0,0,0.493983
0,0,0.49640435
0,0,0.47926906
0,0,0.48638195
0,0,0.4835504
0,0,0.48098394
0,0,0.48546612
0,0,0.47417334
0,0,0.48922056
0,0,0.48742864
0,0,0.4922401
0,0,0.5077846
0,0,0.51211846
0,0,0.52056086
0,0,0.51718515
0,0,0.5247444
0,0,0.5157763
0,0,0.508934
0,0,0.51413196
0,0,0.5095382
0,0,0.5056272
0,0,0.5197908
0,0,0.5164761
0,0,0.5268025
0,0,0.5215952
0,0,0.516289
0,0,0.50948143
0,0,0.5136988
0,0,0.52942085
0,0,0.53620106
0,0,0.51751155
0,0,0.5186715
0,0,0.51884377
0,0,0.5036635
0,0,0.4966811
0,0,0.49654257
0,0,0.49679935
0,0,0.50136375
0,0,0.5107813
0,0,0.49625158
0,0,0.50305176
0,0,0.48713258
0,0,0.46805182
0,0,0.47052124
0,0,0.4879613
0,0,0.4778505
0,0,0.48338002
0,0,0.5150097
0,0,0.49618372
0,0,0.51320434
0,0,0.50989974
0,0,0.5118643
0,0,0.5133676
0,0,0.51400393
0,0,0.5153677
0,0,0.5168227
0,0,0.53095526
0,0,0.51508474
0,0,0.5203353
0,0,0.5106629
0,0,0.5183101
0,0,0.51175696
0,0,0.5098566
0,0,0.50065076
0,0,0.5135695
0,0,0.50167024
0,0,0.49349245
0,0,0.50492954
0,0,0.5043439
0,0,0.50592583
0,0,0.50926995
0,0,0.51190513
0,0,0.5239925
0,0,0.52521724
0,0,0.5288335
0,0,0.5270615
0,0,0.53799826
0,0,0.5353089
0,0,0.5152194
0,0,0.5177622
0,0,0.51977605
0,0,0.52900475
0,0,0.526076
0,0,0.5196921
0,0,0.5168746
0,0,0.5123232
0,0,0.5070988
0,0,0.5015885
0,0,0.50269926
0,0,0.49083272
0,0,0.4782454
0,0,0.49710447
0,0,0.47575483
0,0,0.4765846
0,0,0.47214383
0,0,0.48939112
0,0,0.48154405
0,0,0.5051419
0,0,0.5151202
0,0,0.5174994
0,0,0.52127194
0,0,0.5151914
0,0,0.506656
0,0,0.4975714
0,0,0.50686127
0,0,0.5007353
0,0,0.4934657
0,0,0.49566987
0,0,0.50330746
0,0,0.50359666
0,0,0.50254345
0,0,0.5029184
0,0,0.4916511
0,0,0.49699855
0,0,0.49776343
0,0,0.49560428
0,0,0.51255816
0,0,0.5145214
0,0,0.5127297
0,0,0.49441606
0,0,0.50949425
0,0,0.5010434
0,0,0.48933744
0,0,0.5004927
0,0,0.5074509
0,0,0.4994193
0,0,0.50325227
0,0,0.49870268
0,0,0.50109106
0,0,0.49939787
0,0,0.50971586
0,0,0.5088731
0,0,0.51151806
0,0,0.5055868
0,0,0.5174942
0,0,0.51978433
0,0,0.52754855
0,0,0.5290404
0,0,0.51014477
0,0,0.51602715
0,0,0.5217429
0,0,0.5167242
0,0,0.53069496
0,0,0.5215445
0,0,0.51951516
0,0,0.5237568
0,0,0.50911576
0,0,0.50585
0,0,0.5157921
0,0,0.5213478
0,0,0.53199303
0,0,0.52652967
0,0,0.5327192
0,0,0.53124225
0,0,0.5315658
0,0,0.5186217
0,0,0.52548057
0,0,0.51665753
0,0,0.5143367
0,0,0.50483966
0,0,0.4993106
0,0,0.49097258
0,0,0.49263394
0,0,0.5053679
0,0,0.49772337
0,0,0.48214403
0,0,0.5029904
0,0,0.48627234
0,0,0.49616277
0,0,0.49036825
0,0,0.51838434
0,0,0.51233923
0,0,0.49920553
0,0,0.4979135
0,0,0.5154701
0,0,0.51385766
0,0,0.5004398
0,0,0.5164354
0,0,0.5089644
0,0,0.5048068
0,0,0.5115841
0,0,0.5043401
0,0,0.50987
0,0,0.51077676
0,0,0.5164521
0,0,0.5015504
0,0,0.50669736
0,0,0.5075627
0,0,0.520645
0,0,0.50894135
0,0,0.50216424
0,0,0.5150189
0,0,0.5195355
0,0,0.50531435
0,0,0.5118451
0,0,0.5171183
0,0,0.51196194
0,0,0.5129016
0,0,0.50602096
0,0,0.49961334
0,0,0.5124697
0,0,0.49516582
0,0,0.5024946
0,0,0.49004546
0,0,0.4860003
0,0,0.49396795
0,0,0.49212447
0,0,0.49041685
0,0,0.5015785
0,0,0.50646573
0,0,0.50249666
0,0,0.5062003
0,0,0.49853167
0,0,0.5098819
0,0,0.5062181
0,0,0.5053886
0,0,0.5106369
0,0,0.5188173
0,0,0.5302936
0,0,0.53452206
0,0,0.53456527
0,0,0.52736574
0,0,0.54189205
0,0,0.53435194
0,0,0.53396255
0,0,0.5293979
0,0,0.5233952
0,0,0.5258514
0,0,0.5262408
0,0,0.5270166
0,0,0.50824094
0,0,0.49902105
0,0,0.4991219
0,0,0.51189274
0,0,0.4934127
0,0,0.5068528
0,0,0.51554704
0,0,0.5192361
0,0,0.5173122
0,0,0.51257855
0,0,0.5136665
0,0,0.5060631
0,0,0.49654305
0,0,0.50806195
0,0,0.5051533
0,0,0.5092393
0,0,0.50736815
0,0,0.51769865
0,0,0.5077846
0,0,0.507104
0,0,0.50490457
0,0,0.50562394
0,0,0.49639237
0,0,0.4962658
0,0,0.5065942
0,0,0.4984056
0,0,0.49917287
0,0,0.50798273
0,0,0.51716495
0,0,0.51269543
0,0,0.52220947
0,0,0.5151508
0,0,0.5106819
0,0,0.5085557
0,0,0.5054153
0,0,0.5301616
0,0,0.5172823
0,0,0.5200569
0,0,0.5374998
0,0,0.51987374
0,0,0.5126831
0,0,0.52412933
0,0,0.5234228
0,0,0.529466
0,0,0.52039546
0,0,0.51288134
0,0,0.50195843
0,0,0.5002129
0,0,0.49359062
0,0,0.48772496
0,0,0.4989534
0,0,0.49932992
0,0,0.49415487
0,0,0.50441724
0,0,0.50202197
0,0,0.4968217
0,0,0.48869205
0,0,0.47753218
0,0,0.49651253
0,0,0.49830714
0,0,0.5146037
0,0,0.50259227
0,0,0.49911952
0,0,0.50864327
0,0,0.5186477
0,0,0.50382876
0,0,0.50399625
0,0,0.51177204
0,0,0.51090336
0,0,0.5016315
0,0,0.51223254
0,0,0.5004674
0,0,0.50859565
0,0,0.50015384
0,0,0.49816674
0,0,0.4923638
0,0,0.48988292
0,0,0.4903381
0,0,0.48121056
0,0,0.5101226
0,0,0.50304776
0,0,0.49902785
0,0,0.5094083
0,0,0.5289552
0,0,0.5168591
0,0,0.5147129
0,0,0.5171527
0,0,0.5169634
0,0,0.5089438
0,0,0.49857914
0,0,0.50022423
0,0,0.5062892
0,0,0.49525458
0,0,0.49631003
0,0,0.51430166
0,0,0.52283514
0,0,0.5201219
0,0,0.510707
0,0,0.52465755
0,0,0.5331221
0,0,0.534778
0,0,0.523618
0,0,0.5330655
0,0,0.5198165
0,0,0.50954664
0,0,0.49677664
0,0,0.51491153
0,0,0.51171803
0,0,0.5174179
0,0,0.521844
0,0,0.5339813
0,0,0.53558
0,0,0.52571774
0,0,0.5273078
0,0,0.5198559
0,0,0.52162194
0,0,0.5143199
0,0,0.52114886
0,0,0.5266102
0,0,0.528998
0,0,0.5108647
0,0,0.52070785
0,0,0.51971734
0,0,0.5098211
0,0,0.5046478
0,0,0.52526766
0,0,0.5276094
0,0,0.5154524
0,0,0.5138813
0,0,0.5192359
0,0,0.516325
0,0,0.50932884
0,0,0.4983747
0,0,0.5077393
0,0,0.50667775
0,0,0.50806916
0,0,0.508062
0,0,0.5064972
0,0,0.5127757
0,0,0.5123685
0,0,0.50441056
0,0,0.48992023
0,0,0.49308938
0,0,0.48970184
0,0,0.4914792
0,0,0.48412696
0,0,0.48908284
0,0,0.5003546
0,0,0.49052837
0,0,0.49881762
0,0,0.50221425
0,0,0.5085132
0,0,0.51474994
0,0,0.5234558
0,0,0.52624786
0,0,0.5203276
0,0,0.50499517
0,0,0.49873233
0,0,0.48973775
0,0,0.50356376
0,0,0.5139877
0,0,0.52166057
0,0,0.51568407
0,0,0.51363426
0,0,0.5173087
0,0,0.5037754
0,0,0.50711787
0,0,0.50040877
0,0,0.5092954
0,0,0.5141289
0,0,0.5243229
0,0,0.5194082
0,0,0.5075765
0,0,0.49475777
0,0,0.48875296
0,0,0.50132024
0,0,0.49053767
0,0,0.4930524
0,0,0.4955613
0,0,0.5014578
0,0,0.5150438
0,0,0.5089021
0,0,0.51730627
0,0,0.5319447
0,0,0.5313214
0,0,0.5364677
0,0,0.52785045
0,0,0.52891713
0,0,0.54082364
0,0,0.53116196
0,0,0.523316
0,0,0.5243852
0,0,0.522064
0,0,0.52796614
0,0,0.5255928
0,0,0.5140206
0,0,0.51215976
0,0,0.522873
0,0,0.4998322
0,0,0.5057011
0,0,0.5112643
0,0,0.5026219
0,0,0.4926844
0,0,0.49819002
0,0,0.502348
0,0,0.5056758
0,0,0.51605326
0,0,0.52121615
0,0,0.50579077
0,0,0.50843424
0,0,0.5150198
0,0,0.53281695
0,0,0.5129344
0,0,0.50494313
0,0,0.47881988
0,0,0.4737458
0,0,0.46764883
0,0,0.46123388
0,0,0.4758673
0,0,0.4897573
0,0,0.52045083
0,0,0.5184737
0,0,0.52907366
0,0,0.52254885
0,0,0.51059645
0,0,0.5067904
0,0,0.50923276
0,0,0.5074398
0,0,0.5168917
0,0,0.51729137
0,0,0.5162439
0,0,0.5213426
0,0,0.5099944
0,0,0.5133547
0,0,0.5148272
0,0,0.5166348
0,0,0.5074278
0,0,0.5165817
0,0,0.5163369
0,0,0.5244827
0,0,0.52695966
0,0,0.53085023
0,0,0.52242243
0,0,0.5212303
0,0,0.5083391
0,0,0.5065425
0,0,0.49691537
0,0,0.48544478
0,0,0.47445977
0,0,0.4991978
0,0,0.48650357
0,0,0.49032652
0,0,0.49661148
0,0,0.50039643
0,0,0.5044662
0,0,0.50402385
0,0,0.5095866
0,0,0.5001294
0,0,0.50795317
0,0,0.5088606
0,0,0.5183298
0,0,0.51998335
0,0,0.5057848
0,0,0.51123095
0,0,0.500818
0,0,0.48453125
0,0,0.48350173
0,0,0.49270535
0,0,0.4921135
0,0,0.5062744
0,0,0.52186257
0,0,0.5192619
0,0,0.5183869
0,0,0.5203499
0,0,0.51542056
0,0,0.5135703
0,0,0.5005787
0,0,0.51025784
0,0,0.50305754
0,0,0.5199824
0,0,0.5386609
0,0,0.5214509
0,0,0.51899993
0,0,0.5203349
0,0,0.52881986
0,0,0.51272994
0,0,0.50918615
0,0,0.5093694
0,0,0.511832
0,0,0.5103251
0,0,0.5174638
0,0,0.51229453
0,0,0.50797224
0,0,0.4982075
0,0,0.4930663
0,0,0.5078175
0,0,0.5103795
0,0,0.511343
0,0,0.5208725
0,0,0.5168134
0,0,0.50989133
0,0,0.521461
0,0,0.52531856
0,0,0.5417709
0,0,0.52696824
0,0,0.52128756
0,0,0.50127834
0,0,0.4933066
0,0,0.4848095
0,0,0.49340788
0,0,0.49297056
0,0,0.47793207
0,0,0.47907203
0,0,0.48202607
0,0,0.50491166
0,0,0.4931089
0,0,0.50799227
0,0,0.49608552
0,0,0.5163721
0,0,0.4975662
0,0,0.48935628
0,0,0.49859136
0,0,0.50481975
0,0,0.49263462
0,0,0.5109758
0,0,0.5157954
0,0,0.5121441
0,0,0.5231435
0,0,0.5209479
0,0,0.5130934
0,0,0.5144763
0,0,0.5205499
0,0,0.52072036
0,0,0.5173511
0,0,0.5237684
0,0,0.5218414
0,0,0.5040881
0,0,0.5129457
0,0,0.51280254
0,0,0.5215444
0,0,0.5260576
0,0,0.5342344
0,0,0.51476896
0,0,0.49339402
0,0,0.489561
0,0,0.47568598
0,0,0.4771819
0,0,0.48187172
0,0,0.5147903
0,0,0.5206439
0,0,0.5242632
0,0,0.526727
0,0,0.5324809
0,0,0.52261823
0,0,0.51711917
0,0,0.52217346
0,0,0.51678616
0,0,0.5202595
0,0,0.5277862
0,0,0.52083755
0,0,0.5243905
0,0,0.5166864
0,0,0.5035836
0,0,0.5227974
0,0,0.5102077
0,0,0.50917417
0,0,0.5113025
0,0,0.51775956
0,0,0.5104045
0,0,0.53286994
0,0,0.52137625
0,0,0.5029734
0,0,0.50908136
0,0,0.5191375
0,0,0.5258825
0,0,0.52212805
0,0,0.51102155
0,0,0.5160779
0,0,0.51471156
0,0,0.52304024
0,0,0.5208065
0,0,0.5251134
0,0,0.5251517
0,0,0.52393603
0,0,0.5286313
0,0,0.5148124
0,0,0.5170278
0,0,0.5102116
0,0,0.5161801
0,0,0.512809
0,0,0.5007649
0,0,0.49565256
0,0,0.50165236
0,0,0.4950172
0,0,0.48810497
0,0,0.47729927
0,0,0.48478296
0,0,0.4918218
0,0,0.49088982
0,0,0.49282378
0,0,0.5060669
0,0,0.50901955
0,0,0.5121323
0,0,0.5156097
0,0,0.5079069
0,0,0.51774454
0,0,0.5177361
0,0,0.5129129
0,0,0.5190244
0,0,0.5193306
0,0,0.5151399
0,0,0.52164716
0,0,0.5200228
0,0,0.5202738
0,0,0.507877
0,0,0.49080732
0,0,0.4850031
0,0,0.4722541
0,0,0.47818947
0,0,0.4906118
0,0,0.5059067
0,0,0.52308744
0,0,0.506429
0,0,0.49401733
0,0,0.5122372
0,0,0.5132399
0,0,0.5115017
0,0,0.5066314
0,0,0.5249431
0,0,0.5232089
0,0,0.52915573
0,0,0.5250108
0,0,0.5147107
0,0,0.5159064
0,0,0.5137053
0,0,0.50799346
0,0,0.51114637
0,0,0.5098824
0,0,0.515786
0,0,0.51692426
0,0,0.521515
0,0,0.5096328
0,0,0.49931175
0,0,0.49713346
0,0,0.47595888
0,0,0.47513193
0,0,0.4837689
0,0,0.48275724
0,0,0.476286
0,0,0.47719723
0,0,0.48201007
0,0,0.4827859
0,0,0.49720734
0,0,0.5132184
0,0,0.5198428
0,0,0.5252077
0,0,0.52364886
0,0,0.5268812
0,0,0.53765434
0,0,0.53267556
0,0,0.53641206
0,0,0.51225394
0,0,0.53156507
0,0,0.52377576
0,0,0.5164002
0,0,0.51832724
0,0,0.51837295
0,0,0.5272331
0,0,0.51434654
0,0,0.5081214
0,0,0.49836546
0,0,0.5058459
0,0,0.48924896
0,0,0.48840916
0,0,0.48927683
0,0,0.49351326
0,0,0.49334735
0,0,0.49868923
0,0,0.5062159
0,0,0.5121935
0,0,0.5060433
0,0,0.50297284
0,0,0.49435866
0,0,0.49587867
0,0,0.51230574
0,0,0.52348435
0,0,0.51383555
0,0,0.5239782
0,0,0.52315754
0,0,0.52601385
0,0,0.525838
0,0,0.5215999
0,0,0.51975036
0,0,0.5315388
0,0,0.5150655
0,0,0.5076451
0,0,0.51122415
0,0,0.5189125
0,0,0.50912046
0,0,0.48862514
0,0,0.48103523
0,0,0.49849108
0,0,0.4753457
0,0,0.48492023
0,0,0.48889294
0,0,0.4868879
0,0,0.4910078
0,0,0.50539964
0,0,0.5147345
0,0,0.5131939
0,0,0.5147836
0,0,0.5198523
0,0,0.5261105
0,0,0.5333145
0,0,0.51592547
0,0,0.520986
0,0,0.50518376
0,0,0.5124742
0,0,0.50931114
0,0,0.5217504
0,0,0.5126371
0,0,0.5168086
0,0,0.5117799
0,0,0.5199116
0,0,0.51650953
0,0,0.5157281
0,0,0.5172235
0,0,0.52331144
0,0,0.50532526
0,0,0.49694768
0,0,0.49883553
0,0,0.48456258
0,0,0.4994677
0,0,0.49631083
0,0,0.49419713
0,0,0.51296335
0,0,0.5211111
0,0,0.5064155
0,0,0.4955576
0,0,0.5014327
0,0,0.49494815
0,0,0.49698672
0,0,0.5151981
0,0,0.5331262
0,0,0.5162377
0,0,0.50638545
0,0,0.50015825
0,0,0.48972732
0,0,0.49139982
0,0,0.47903734
0,0,0.4856128
0,0,0.4873877
0,0,0.4972373
0,0,0.49475425
0,0,0.49336743
0,0,0.51074827
0,0,0.50207657
0,0,0.49290022
0,0,0.4948686
0,0,0.49790514
0,0,0.50776136
0,0,0.50462145
0,0,0.50237125
0,0,0.50123054
0,0,0.49358445
0,0,0.49867883
0,0,0.503049
0,0,0.5066685
0,0,0.5090401
0,0,0.51130694
0,0,0.4968133
0,0,0.5117043
0,0,0.51362985
0,0,0.5106644
0,0,0.518675
0,0,0.52202773
0,0,0.50306267
0,0,0.5136175
0,0,0.5185354
0,0,0.51424134
0,0,0.5217916
0,0,0.5211044
0,0,0.50979966
0,0,0.5090575
0,0,0.5129762
0,0,0.5241466
0,0,0.51754445
0,0,0.5164485
0,0,0.5253067
0,0,0.52508765
0,0,0.5185371
0,0,0.5270602
0,0,0.5110842
0,0,0.51402134
0,0,0.5105301
0,0,0.5214862
0,0,0.5029674
0,0,0.5014803
0,0,0.49375835
0,0,0.5040397
0,0,0.48347464
0,0,0.49426556
0,0,0.47856763
0,0,0.47546315
0,0,0.48225436
0,0,0.47293538
0,0,0.46609187
0,0,0.46523833
0,0,0.47015843
0,0,0.4743069
0,0,0.48002556
0,0,0.4739
0,0,0.47994217
0,0,0.47502774
0,0,0.48023254
0,0,0.48424655
0,0,0.49054903
0,0,0.4960826
0,0,0.4961396
0,0,0.500723
0,0,0.50435346
0,0,0.49629533
0,0,0.47429946
0,0,0.48629114
0,0,0.4921276
0,0,0.4894413
0,0,0.5057817
0,0,0.5095834
0,0,0.5192583
0,0,0.52760464
0,0,0.5214072
0,0,0.5225459
0,0,0.521954
0,0,0.52085143
0,0,0.52642936
0,0,0.51997876
0,0,0.52173054
0,0,0.53271306
0,0,0.52737963
0,0,0.5260902
0,0,0.52011055
0,0,0.515642
0,0,0.519994
0,0,0.5159042
0,0,0.5171572
0,0,0.51916367
0,0,0.52846223
0,0,0.535886
0,0,0.5187277
0,0,0.5234713
0,0,0.51724356
0,0,0.5034953
0,0,0.5004841
0,0,0.49085668
0,0,0.4828993
0,0,0.49798244
0,0,0.50801396
0,0,0.5082709
0,0,0.5228239
0,0,0.49617532
0,0,0.5006635
0,0,0.5014778
0,0,0.5114577
0,0,0.5093562
0,0,0.5144661
0,0,0.5313822
0,0,0.5179
0,0,0.5202062
0,0,0.5164163
0,0,0.52029794
0,0,0.5239689
0,0,0.5216853
0,0,0.52025324
0,0,0.5277156
0,0,0.52405363
0,0,0.5247891
0,0,0.5133613
0,0,0.51643234
0,0,0.5136918
0,0,0.50002056
0,0,0.5083401
0,0,0.50253946
0,0,0.49542475
0,0,0.5135193
0,0,0.51482
0,0,0.4966907
0,0,0.5035697
0,0,0.5187795
0,0,0.522781
0,0,0.52423316
0,0,0.52131295
0,0,0.5345953
0,0,0.53589106
0,0,0.5210999
0,0,0.5310063
0,0,0.5311321
0,0,0.5375064
0,0,0.5214396
0,0,0.5218204
0,0,0.5147668
0,0,0.526614
0,0,0.5202542
0,0,0.5177107
0,0,0.53401375
0,0,0.5180122
0,0,0.51156974
0,0,0.5076821
0,0,0.5134854
0,0,0.49171996
0,0,0.4847028
0,0,0.4812621
0,0,0.46987048
0,0,0.47371513
0,0,0.48367268
0,0,0.4830791
0,0,0.49111938
0,0,0.498895
0,0,0.48625362
0,0,0.48500457
0,0,0.47894758
0,0,0.48069432
0,0,0.47600037
0,0,0.46472347
0,0,0.44833755
0,0,0.45514342
0,0,0.46054843
0,0,0.46739003
0,0,0.4723701
0,0,0.47882184
0,0,0.49631155
0,0,0.4969591
0,0,0.5165638
0,0,0.51070625
0,0,0.5223926
0,0,0.50542885
0,0,0.51190907
0,0,0.52238667
0,0,0.5179117
0,0,0.5036335
0,0,0.5055006
0,0,0.507427
0,0,0.50584906
0,0,0.50070816
0,0,0.49018428
0,0,0.50333315
0,0,0.5032917
0,0,0.5112655
0,0,0.51966935
0,0,0.5356684
0,0,0.51246834
0,0,0.51582855
0,0,0.50058615
0,0,0.5230373
0,0,0.5324885
0,0,0.5230272
0,0,0.5035222
0,0,0.50486654
0,0,0.50214136
0,0,0.503243
0,0,0.48595107
0,0,0.49428722
0,0,0.47954056
0,0,0.4811063
0,0,0.4761772
0,0,0.47490275
0,0,0.4820526
0,0,0.48094532
0,0,0.48647395
0,0,0.4871887
0,0,0.50163424
0,0,0.4981077
0,0,0.51380885
0,0,0.5152166
0,0,0.5060201
0,0,0.49706152
0,0,0.5099103
0,0,0.48279002
0,0,0.4797671
0,0,0.48056036
0,0,0.47614077
0,0,0.47670475
0,0,0.46573058
0,0,0.4645361
0,0,0.4738669
0,0,0.47584707
0,0,0.4957748
0,0,0.4820066
0,0,0.50456357
0,0,0.5182937
0,0,0.5269238
0,0,0.5391512
0,0,0.52438587
0,0,0.53274024
0,0,0.5191672
0,0,0.52536356
0,0,0.5113821
0,0,0.5074316
0,0,0.49532816
0,0,0.4869577
0,0,0.49167472
0,0,0.4801004
0,0,0.49214664
0,0,0.4941768
0,0,0.5055194
0,0,0.48951688
0,0,0.5095483
0,0,0.5081632
0,0,0.5063316
0,0,0.5036826
0,0,0.49608132
0,0,0.49465162
0,0,0.4964182
0,0,0.50231713
0,0,0.5091025
0,0,0.5163063
0,0,0.5064388
0,0,0.49591315
0,0,0.50799423
0,0,0.47927442
0,0,0.4739507
0,0,0.49511483
0,0,0.48329827
0,0,0.47944328
0,0,0.48098698
0,0,0.5061331
0,0,0.49933997
0,0,0.50635666
0,0,0.5000047
0,0,0.5160728
0,0,0.50618345
0,0,0.5311207
0,0,0.5106545
0,0,0.51751167
0,0,0.50406134
0,0,0.50433517
0,0,0.51559055
0,0,0.49562618
0,0,0.48735484
0,0,0.4770929
0,0,0.47324082
0,0,0.45801005
0,0,0.47511664
0,0,0.48187554
0,0,0.4892532
0,0,0.48670292
0,0,0.50090986
0,0,0.5038587
0,0,0.50069267
0,0,0.5157806
0,0,0.51199186
0,0,0.5217936
0,0,0.5280177
0,0,0.5254919
0,0,0.5184565
0,0,0.5258995
0,0,0.51507956
0,0,0.5178884
0,0,0.50650537
0,0,0.51006764
0,0,0.5057242
0,0,0.5048007
0,0,0.5008769
0,0,0.49588314
0,0,0.49161628
0,0,0.50461954
0,0,0.488727
0,0,0.49036893
0,0,0.5068948
0,0,0.51298994
0,0,0.50258416
0,0,0.50332767
0,0,0.5095088
0,0,0.5185105
0,0,0.5169723
0,0,0.50929624
0,0,0.520794
0,0,0.5249691
0,0,0.5192693
0,0,0.5049346
0,0,0.5069938
0,0,0.50957865
0,0,0.5009877
0,0,0.5140935
0,0,0.5217122
0,0,0.50741166
0,0,0.50254077
0,0,0.49556494
0,0,0.48038557
0,0,0.46859863
0,0,0.4723891
0,0,0.47708794
0,0,0.483464
0,0,0.49508947
0,0,0.5018889
0,0,0.5014425
0,0,0.49811077
0,0,0.5000607
0,0,0.49006894
0,0,0.47706208
0,0,0.49000722
0,0,0.49589574
0,0,0.4966731
0,0,0.5024829
0,0,0.4929886
0,0,0.50844795
0,0,0.49888098
0,0,0.5080422
0,0,0.5131889
0,0,0.5263787
0,0,0.5219083
0,0,0.5270192
0,0,0.5195615
0,0,0.51996285
0,0,0.52744925
0,0,0.50902873
0,0,0.5047762
0,0,0.49912968
0,0,0.509578
0,0,0.51177806
0,0,0.5123201
0,0,0.514555
0,0,0.50663626
0,0,0.5075787
0,0,0.50511146
0,0,0.514615
0,0,0.51548254
0,0,0.51807326
0,0,0.5273874
0,0,0.5142237
0,0,0.5139003
0,0,0.49141988
0,0,0.5057155
0,0,0.50774324
0,0,0.51721543
0,0,0.5226152
0,0,0.52117175
0,0,0.51856035
0,0,0.509088
0,0,0.51318294
0,0,0.51399875
0,0,0.5135297
0,0,0.5086929
0,0,0.4982413
0,0,0.50425947
0,0,0.4859192
0,0,0.46749693
0,0,0.47204933
0,0,0.47405082
0,0,0.4942819
0,0,0.48451093
0,0,0.4855095
0,0,0.48407343
0,0,0.48240012
0,0,0.46573016
0,0,0.46804252
0,0,0.47689956
0,0,0.468442
0,0,0.47829095
0,0,0.4802231
0,0,0.5059391
0,0,0.49639013
0,0,0.5112549
0,0,0.51055926
0,0,0.51560324
0,0,0.5074638
0,0,0.50770354
0,0,0.5218905
0,0,0.5056729
0,0,0.50200135
0,0,0.4986645
0,0,0.5125735
0,0,0.5213371
0,0,0.5168352
0,0,0.4960001
0,0,0.5057206
0,0,0.50260717
0,0,0.5091617
0,0,0.5115182
0,0,0.5127956
0,0,0.51972014
0,0,0.5101477
0,0,0.5064616
0,0,0.4959789
0,0,0.5069728
0,0,0.5087143
0,0,0.5090119
0,0,0.49943468
0,0,0.49898508
0,0,0.49720758
0,0,0.49586782
0,0,0.5000193
0,0,0.5001688
0,0,0.49668568
0,0,0.49451917
0,0,0.502612
0,0,0.5177054
0,0,0.49884564
0,0,0.5062982
0,0,0.49897665
0,0,0.49860582
0,0,0.49797395
0,0,0.50548685
0,0,0.50722957
0,0,0.5258121
0,0,0.50788134
0,0,0.51901025
0,0,0.4913668
0,0,0.5203801
0,0,0.4881214
0,0,0.5006706
0,0,0.47844988
0,0,0.48823854
0,0,0.48563245
0,0,0.48636362
0,0,0.49433616
0,0,0.52160805
0,0,0.5178027
0,0,0.51329774
0,0,0.5060182
0,0,0.51041216
0,0,0.5064733
0,0,0.50357926
0,0,0.48499078
0,0,0.4856578
0,0,0.47948274
0,0,0.47529334
0,0,0.48278642
0,0,0.5123588
0,0,0.5125806
0,0,0.5193398
0,0,0.51473075
0,0,0.52536666
0,0,0.5207236
0,0,0.5189595
0,0,0.50950867
0,0,0.5039183
0,0,0.50468975
0,0,0.50847304
0,0,0.50764716
0,0,0.51372474
0,0,0.5155601
0,0,0.5135599
0,0,0.51522326
0,0,0.52156526
0,0,0.5028069
0,0,0.49391356
0,0,0.5035899
0,0,0.49967656
0,0,0.5001006
0,0,0.5061981
0,0,0.51241165
0,0,0.52920413
0,0,0.53328365
0,0,0.5322277
0,0,0.53619933
0,0,0.5163017
0,0,0.51019204
0,0,0.50269645
0,0,0.50376594
0,0,0.4950147
0,0,0.49936303
0,0,0.5013746
0,0,0.52640915
0,0,0.5362854
0,0,0.5222051
0,0,0.51672685
0,0,0.50788575
0,0,0.5088106
0,0,0.4862368
0,0,0.47935143
0,0,0.47867647
0,0,0.47896641
0,0,0.49509335
0,0,0.4969079
0,0,0.5003494
0,0,0.49362627
0,0,0.49795714
0,0,0.49908093
0,0,0.51055604
0,0,0.495956
0,0,0.50519407
0,0,0.49710152
0,0,0.5060549
0,0,0.48948678
0,0,0.4853695
0,0,0.500125
0,0,0.5088303
0,0,0.49884564
0,0,0.48714387
0,0,0.48251253
0,0,0.50440073
0,0,0.50359356
0,0,0.49244803
0,0,0.48634076
0,0,0.48542145
0,0,0.47996756
0,0,0.49189147
0,0,0.492877
0,0,0.4960359
0,0,0.5205131
0,0,0.5236651
0,0,0.5108294
0,0,0.5013437
0,0,0.49768287
0,0,0.5018652
0,0,0.4949182
0,0,0.49413654
0,0,0.5070449
0,0,0.5223436
0,0,0.5200397
0,0,0.5221597
0,0,0.5122441
0,0,0.51763356
0,0,0.5233663
0,0,0.53540415
0,0,0.52560323
0,0,0.51302
0,0,0.5176894
0,0,0.51676375
0,0,0.51165414
0,0,0.50089705
0,0,0.52121806
0,0,0.5180596
0,0,0.5160865
0,0,0.52034456
0,0,0.5240732
0,0,0.5321939
0,0,0.52076566
0,0,0.51624596
0,0,0.5122601
0,0,0.51204383
0,0,0.50648314
0,0,0.51441395
0,0,0.50551325
0,0,0.4967415
0,0,0.4934791
0,0,0.49962738
0,0,0.49879625
0,0,0.5059887
0,0,0.49588186
0,0,0.5117009
0,0,0.49514547
0,0,0.496219
0,0,0.4961919
0,0,0.4943453
0,0,0.5078905
0,0,0.51846737
0,0,0.5177784
0,0,0.5194305
0,0,0.52266026
0,0,0.51905775
0,0,0.515974
0,0,0.5091807
0,0,0.5101507
0,0,0.5032688
0,0,0.50023085
0,0,0.499577
0,0,0.50973374
0,0,0.52198374
0,0,0.51901704
0,0,0.5259431
0,0,0.52175164
0,0,0.50856656
0,0,0.49264908
0,0,0.49781874
0,0,0.5056174
0,0,0.4917479
0,0,0.50313824
0,0,0.5199702
0,0,0.5155659
0,0,0.51028407
0,0,0.50275344
0,0,0.5112561
0,0,0.525742
0,0,0.51406455
0,0,0.49886224
0,0,0.49896443
0,0,0.49891612
0,0,0.49779215
0,0,0.50404024
0,0,0.52136606
0,0,0.53803384
0,0,0.51708716
0,0,0.5136448
0,0,0.52845246
0,0,0.53290546
0,0,0.52727705
0,0,0.50932187
0,0,0.52201504
0,0,0.5172838
0,0,0.5082318
0,0,0.5051695
0,0,0.51510525
0,0,0.51407236
0,0,0.51879704
0,0,0.5168769
0,0,0.5130807
0,0,0.5232958
0,0,0.53693295
0,0,0.52180445
0,0,0.5163613
0,0,0.5236904
0,0,0.5177101
0,0,0.52547145
0,0,0.5129601
0,0,0.5181713
0,0,0.5166413
0,0,0.52398956
0,0,0.51714045
0,0,0.52567583
0,0,0.5145736
0,0,0.50610137
0,0,0.5111186
0,0,0.5129576
0,0,0.5124007
0,0,0.5162554
0,0,0.53057706
0,0,0.5245973
0,0,0.52120286
0,0,0.53213495
0,0,0.53800297
0,0,0.52604437
0,0,0.53108704
0,0,0.538777
0,0,0.53802156
0,0,0.53211284
0,0,0.53448665
0,0,0.5459643
0,0,0.5431952
0,0,0.5272315
0,0,0.5356724
0,0,0.52247006
0,0,0.51954526
0,0,0.5067153
0,0,0.511447
0,0,0.51428574
0,0,0.5018491
0,0,0.5005086
0,0,0.504574
0,0,0.50590134
0,0,0.50163203
0,0,0.49411312
0,0,0.49391228
0,0,0.48679268
0,0,0.4855764
0,0,0.4880419
0,0,0.5009936
0,0,0.51504064
0,0,0.52138954
0,0,0.5198037
0,0,0.5143101
0,0,0.51220053
0,0,0.4963785
0,0,0.49769694
0,0,0.5152277
0,0,0.5109178
0,0,0.5167859
0,0,0.5238147
0,0,0.50934863
0,0,0.508635
0,0,0.52154315
0,0,0.51653177
0,0,0.5188846
0,0,0.5218368
0,0,0.5392214
0,0,0.52855337
0,0,0.53407156
0,0,0.532329
0,0,0.5267712
0,0,0.51966107
0,0,0.50690264
0,0,0.4876965
0,0,0.48358506
0,0,0.4850938
0,0,0.46630454
0,0,0.48744145
0,0,0.4893214
0,0,0.4910336
0,0,0.5035377
0,0,0.5019595
0,0,0.49659643
0,0,0.48967576
0,0,0.5014297
0,0,0.4844192
0,0,0.49177077
0,0,0.507472
0,0,0.5080988
0,0,0.51038784
0,0,0.5211547
0,0,0.51030064
0,0,0.51156664
0,0,0.48489243
0,0,0.48330772
0,0,0.4875995
0,0,0.50370663
0,0,0.49512097
0,0,0.5136239
0,0,0.50267136
0,0,0.50791675
0,0,0.49854395
0,0,0.49964452
0,0,0.5017711
0,0,0.5147018
0,0,0.511506
0,0,0.50978625
0,0,0.5139408
0,0,0.5249793
0,0,0.51630205
0,0,0.48845482
0,0,0.5024005
0,0,0.48259217
0,0,0.49110386
0,0,0.49534237
0,0,0.5133154
0,0,0.48953167
0,0,0.48868856
0,0,0.4770101
0,0,0.47490463
0,0,0.46194226
0,0,0.48227873
0,0,0.48507255
0,0,0.4842337
0,0,0.50832397
0,0,0.52586305
0,0,0.5076303
0,0,0.50527453
0,0,0.50763506
0,0,0.5050218
0,0,0.49460524
0,0,0.50463295
0,0,0.5033117
0,0,0.51469404
0,0,0.52920043
0,0,0.51231366
0,0,0.51146364
0,0,0.5027441
0,0,0.5135525
0,0,0.4918499
0,0,0.48596436
0,0,0.4891146
0,0,0.4956462
0,0,0.4866652
0,0,0.4924832
0,0,0.4960777
0,0,0.49561575
0,0,0.47816482
0,0,0.48288396
0,0,0.48697048
0,0,0.5151664
0,0,0.51636505
0,0,0.5238916
0,0,0.5163903
0,0,0.5196828
0,0,0.4939113
0,0,0.4859503
0,0,0.49046302
0,0,0.49969912
0,0,0.50787884
0,0,0.4984104
0,0,0.5064443
0,0,0.498493
0,0,0.508139
0,0,0.5161476
0,0,0.534014
0,0,0.52797234
0,0,0.53238714
0,0,0.5268065
0,0,0.5324975
0,0,0.51841164
0,0,0.50680596
0,0,0.52313966
0,0,0.51141024
0,0,0.5029991
0,0,0.5016071
0,0,0.49682784
0,0,0.5126573
0,0,0.5112001
0,0,0.5181279
0,0,0.5064486
0,0,0.50457907
0,0,0.49048352
0,0,0.49467164
0,0,0.47864532
0,0,0.48416018
0,0,0.48452452
0,0,0.49202123
0,0,0.49666992
0,0,0.5076023
0,0,0.51585984
0,0,0.49710694
0,0,0.5143812
0,0,0.5015915
0,0,0.49962643
0,0,0.50169694
0,0,0.5052689
0,0,0.5135427
0,0,0.50712943
0,0,0.5260213
0,0,0.5307336
0,0,0.5225329
0,0,0.5306538
0,0,0.52767456
0,0,0.5309157
0,0,0.52170044
0,0,0.506289
0,0,0.4996146
0,0,0.50025916
0,0,0.48827702
0,0,0.49014378
0,0,0.5005033
0,0,0.50661534
0,0,0.49849984
0,0,0.5142695
0,0,0.5093875
0,0,0.5128493
0,0,0.5008418
0,0,0.514129
0,0,0.5059903
0,0,0.49515823
0,0,0.5086608
0,0,0.50797284
0,0,0.5194928
0,0,0.51094437
0,0,0.50403255
0,0,0.5027214
0,0,0.5047156
0,0,0.4943509
0,0,0.49389693
0,0,0.501326
0,0,0.49938658
0,0,0.5057024
0,0,0.5249504
0,0,0.51191896
0,0,0.5057084
0,0,0.49266657
0,0,0.4989021
0,0,0.48651984
0,0,0.51588374
0,0,0.5103384
0,0,0.50310045
0,0,0.5025143
0,0,0.5056483
0,0,0.50914043
0,0,0.5160218
0,0,0.51749706
0,0,0.52776873
0,0,0.5262906
0,0,0.52806956
0,0,0.5229009
0,0,0.5245583
0,0,0.5156718
0,0,0.517641
0,0,0.50175923
0,0,0.5019604
0,0,0.49303505
0,0,0.509838
0,0,0.517405
0,0,0.5113912
0,0,0.5262273
0,0,0.5243502
0,0,0.5182573
0,0,0.5294071
0,0,0.52349454
0,0,0.52145416
0,0,0.5092486
0,0,0.49886787
0,0,0.51617455
0,0,0.4894185
0,0,0.47507837
0,0,0.47665384
0,0,0.48883682
0,0,0.5063027
0,0,0.5202476
0,0,0.53335196
0,0,0.51718646
0,0,0.5247714
0,0,0.52791184
0,0,0.5268728
0,0,0.5121645
0,0,0.51151663
0,0,0.5270604
0,0,0.50956976
0,0,0.51123905
0,0,0.49159104
0,0,0.4987359
0,0,0.48375458
0,0,0.4755004
0,0,0.46749768
0,0,0.5005178
0,0,0.49639636
0,0,0.48878133
0,0,0.50752723
0,0,0.51877564
0,0,0.51532465
0,0,0.51824594
0,0,0.5174851
0,0,0.5251067
0,0,0.517614
0,0,0.49720937
0,0,0.481102
0,0,0.4763126
0,0,0.47689196
0,0,0.47903335
0,0,0.5137598
0,0,0.5144825
0,0,0.52460784
0,0,0.51356477
0,0,0.5143573
0,0,0.5049772
0,0,0.5018767
0,0,0.49542397
0,0,0.496585
0,0,0.49429747
0,0,0.5018436
0,0,0.51202726
0,0,0.5171628
0,0,0.5105733
0,0,0.5098293
0,0,0.5201442
0,0,0.5135032
0,0,0.509339
0,0,0.5130897
0,0,0.5182327
0,0,0.5328287
0,0,0.5364558
0,0,0.527713
0,0,0.5278514
0,0,0.52442783
0,0,0.51775986
0,0,0.52181345
0,0,0.51527524
0,0,0.52233934
0,0,0.516316
0,0,0.49068147
0,0,0.49054122
0,0,0.49083278
0,0,0.4914441
0,0,0.49195948
0,0,0.49239415
0,0,0.5265405
0,0,0.50629026
0,0,0.51187986
0,0,0.5238349
0,0,0.5073831
0,0,0.5081664
0,0,0.5160382
0,0,0.5076799
0,0,0.510386
0,0,0.5064295
0,0,0.48958647
0,0,0.5053103
0,0,0.496235
0,0,0.4917816
0,0,0.49740806
0,0,0.48690152
0,0,0.48078716
0,0,0.47252175
0,0,0.47095442
0,0,0.49147943
0,0,0.5145325
0,0,0.5125465
0,0,0.5028572
0,0,0.5166559
0,0,0.5086119
0,0,0.52101827
0,0,0.52255386
0,0,0.51255274
0,0,0.5154832
0,0,0.513724
0,0,0.5265892
0,0,0.5110975
0,0,0.50853556
0,0,0.508532
0,0,0.5136221
0,0,0.5016288
0,0,0.5033467
0,0,0.49275303
0,0,0.49296963
0,0,0.47906685
0,0,0.4688651
0,0,0.48678735
0,0,0.49346122
0,0,0.49527627
0,0,0.48123935
0,0,0.50722885
0,0,0.49996626
0,0,0.4884876
0,0,0.49509287
0,0,0.50449157
0,0,0.49820238
0,0,0.49683142
0,0,0.50585157
0,0,0.49603507
0,0,0.49356756
0,0,0.49647528
0,0,0.4980061
0,0,0.505122
0,0,0.51864094
0,0,0.5082944
0,0,0.5217154
0,0,0.5172372
0,0,0.5144062
0,0,0.5214724
0,0,0.5120031
0,0,0.52137065
0,0,0.5171033
0,0,0.52303255
0,0,0.5194994
0,0,0.5207527
0,0,0.511109
0,0,0.51253426
0,0,0.4942169
0,0,0.48136842
0,0,0.48390582
0,0,0.48579797
0,0,0.49761567
0,0,0.5011303
0,0,0.50203377
0,0,0.52175385
0,0,0.5157296
0,0,0.5179616
0,0,0.5035485
0,0,0.49993443
0,0,0.4840024
0,0,0.48946774
0,0,0.50095624
0,0,0.5023315
0,0,0.49571058
0,0,0.518518
0,0,0.5022311
0,0,0.49248874
0,0,0.5028333
0,0,0.5009864
0,0,0.4988079
0,0,0.5078933
0,0,0.5058005
0,0,0.5124537
0,0,0.51968056
0,0,0.5037462
0,0,0.50577533
0,0,0.5014912
0,0,0.49607944
0,0,0.48643237
0,0,0.5050697
0,0,0.5151045
0,0,0.52892715
0,0,0.516165
0,0,0.51107985
0,0,0.5101084
0,0,0.5009062
0,0,0.4936594
0,0,0.5146981
0,0,0.5074543
0,0,0.51083905
0,0,0.50950575
0,0,0.50448257
0,0,0.5152207
0,0,0.5227958
0,0,0.52314204
0,0,0.5241269
0,0,0.5265852
0,0,0.5245401
0,0,0.52150667
0,0,0.5148216
0,0,0.50718206
0,0,0.50505525
0,0,0.51440704
0,0,0.5235947
0,0,0.51734036
0,0,0.51639146
0,0,0.5106771
0,0,0.5054411
0,0,0.49836278
0,0,0.4905163
0,0,0.50070536
0,0,0.49268925
0,0,0.4792234
0,0,0.49150494
0,0,0.50365716
0,0,0.48236626
0,0,0.4899785
0,0,0.49044245
0,0,0.5117666
0,0,0.49334034
0,0,0.52656376
0,0,0.52223635
0,0,0.5129124
0,0,0.5098209
0,0,0.5179322
0,0,0.5013811
0,0,0.5001764
0,0,0.48466635
0,0,0.48626667
0,0,0.49153057
0,0,0.4993948
0,0,0.51099896
0,0,0.50440997
0,0,0.508474
0,0,0.50511914
0,0,0.4920728
0,0,0.483155
0,0,0.47690207
0,0,0.4711557
0,0,0.46353808
0,0,0.4699414
0,0,0.46538967
0,0,0.46044096
0,0,0.473243
0,0,0.49186218
0,0,0.49610454
0,0,0.50939906
0,0,0.5195135
0,0,0.52483326
0,0,0.50579727
0,0,0.49144053
0,0,0.47675964
0,0,0.49448746
0,0,0.49053457
0,0,0.48569244
0,0,0.48864183
0,0,0.47945797
0,0,0.48277885
0,0,0.49417046
0,0,0.50296354
0,0,0.4997505
0,0,0.5034784
0,0,0.52101815
0,0,0.51583356
0,0,0.5238939
0,0,0.52752274
0,0,0.51978695
0,0,0.511917
0,0,0.51864797
0,0,0.5277505
0,0,0.51606834
0,0,0.51797825
0,0,0.5086485
0,0,0.52488756
0,0,0.5167483
0,0,0.50738835
0,0,0.5030334
0,0,0.49498793
0,0,0.47825173
0,0,0.46992585
0,0,0.46824974
0,0,0.48057386
0,0,0.4916922
0,0,0.50590813
0,0,0.49828956
0,0,0.50525665
0,0,0.49906513
0,0,0.4994039
0,0,0.496803
0,0,0.52333814
0,0,0.5158621
0,0,0.5297713
0,0,0.52748215
0,0,0.5266087
0,0,0.5136203
0,0,0.51155764
0,0,0.49614528
0,0,0.49431783
0,0,0.4800981
0,0,0.4760234
0,0,0.49605474
0,0,0.5064531
0,0,0.5032861
0,0,0.49154836
0,0,0.5131236
0,0,0.5135482
0,0,0.5021864
0,0,0.5134651
0,0,0.50754297
0,0,0.5151647
0,0,0.49792776
0,0,0.49602827
0,0,0.5011175
0,0,0.4945108
0,0,0.49428245
0,0,0.48741058
0,0,0.5030151
0,0,0.48582566
0,0,0.5086548
0,0,0.52290535
0,0,0.50984347
0,0,0.506627
0,0,0.49121532
0,0,0.50058615
0,0,0.48504764
0,0,0.4806014
0,0,0.49718595
0,0,0.5069444
0,0,0.5136946
0,0,0.51950616
0,0,0.5304414
0,0,0.52359194
0,0,0.52236056
0,0,0.53253955
0,0,0.5225271
0,0,0.4976302
0,0,0.49795258
0,0,0.4951595
0,0,0.49524006
0,0,0.49975836
0,0,0.4977053
0,0,0.49953884
0,0,0.50211763
0,0,0.50390404
0,0,0.48057216
0,0,0.48482922
0,0,0.4977769
0,0,0.48810825
0,0,0.49142247
0,0,0.4825358
0,0,0.49021912
0,0,0.49671376
0,0,0.51274997
0,0,0.5216404
0,0,0.51807624
0,0,0.5007915
0,0,0.49266228
0,0,0.49679145
0,0,0.48442593
0,0,0.5138063
0,0,0.5215159
0,0,0.5106566
0,0,0.51092184
0,0,0.5024039
0,0,0.50563
0,0,0.5107055
0,0,0.5073073
0,0,0.4999609
0,0,0.5049072
0,0,0.4922936
0,0,0.48301652
0,0,0.4794295
0,0,0.47948536
0,0,0.47444484
0,0,0.48120278
0,0,0.48511362
0,0,0.48066908
0,0,0.48479167
0,0,0.49176368
0,0,0.50914866
0,0,0.5198179
0,0,0.5192079
0,0,0.5204483
0,0,0.5234279
0,0,0.5250621
0,0,0.50689095
0,0,0.51405805
0,0,0.5125482
0,0,0.5050633
0,0,0.5013357
0,0,0.49692518
0,0,0.50486255
0,0,0.4987799
0,0,0.51275545
0,0,0.5161198
0,0,0.5247873
0,0,0.5240641
0,0,0.52526575
0,0,0.52488935
0,0,0.52317554
0,0,0.51169413
0,0,0.5078579
0,0,0.52171147
0,0,0.50801456
0,0,0.51656985
0,0,0.51410455
0,0,0.5296084
0,0,0.5241094
0,0,0.5111086
0,0,0.50818706
0,0,0.49070063
0,0,0.48513404
0,0,0.48572418
0,0,0.50135595
0,0,0.49485525
0,0,0.4930033
0,0,0.49081555
0,0,0.49927405
0,0,0.50565666
0,0,0.5110546
0,0,0.5002572
0,0,0.5146099
0,0,0.5110015
0,0,0.505831
0,0,0.49763456
0,0,0.49791387
0,0,0.49227014
0,0,0.4821835
0,0,0.48238698
0,0,0.48510778
0,0,0.48917672
0,0,0.49296546
0,0,0.51553106
0,0,0.5077724
0,0,0.50472194
0,0,0.51474035
0,0,0.5151262
0,0,0.51242274
0,0,0.5186295
0,0,0.5226238
0,0,0.51628053
0,0,0.5157997
0,0,0.511533
0,0,0.5061581
0,0,0.50052404
0,0,0.49907598
0,0,0.49851763
0,0,0.49967822
0,0,0.5052199
0,0,0.4984608
0,0,0.5038908
0,0,0.4979963
0,0,0.5025799
0,0,0.49408904
0,0,0.49969476
0,0,0.49159935
0,0,0.49018267
0,0,0.51825434
0,0,0.5279015
0,0,0.52273434
0,0,0.5311562
0,0,0.51751506
0,0,0.51881427
0,0,0.51477885
0,0,0.5088733
0,0,0.49337044
0,0,0.50838655
0,0,0.5017527
0,0,0.5127758
0,0,0.5033431
0,0,0.5166061
0,0,0.51194906
0,0,0.51207787
0,0,0.5116076
0,0,0.51976377
0,0,0.5164549
0,0,0.52024746
0,0,0.51956475
0,0,0.5369344
0,0,0.521425
0,0,0.51563126
0,0,0.51943636
0,0,0.5081111
0,0,0.49789318
0,0,0.4937458
0,0,0.488264
0,0,0.4829955
0,0,0.49672574
0,0,0.50213355
0,0,0.5083796
0,0,0.5067694
0,0,0.51825213
0,0,0.51662534
0,0,0.5085084
0,0,0.5044296
0,0,0.50468475
0,0,0.5243802
0,0,0.5079242
0,0,0.5132122
0,0,0.5166273
0,0,0.5184151
0,0,0.5115484
0,0,0.5126236
0,0,0.5057467
0,0,0.4997979
0,0,0.49988046
0,0,0.4858972
0,0,0.48212817
0,0,0.4998038
0,0,0.48044968
0,0,0.49354425
0,0,0.4963409
0,0,0.50707644
0,0,0.50020653
0,0,0.50145054
0,0,0.5039369
0,0,0.49667633
0,0,0.49052224
0,0,0.4811638
0,0,0.47984067
0,0,0.48874706
0,0,0.47252065
0,0,0.4760934
0,0,0.47731745
0,0,0.47558036
0,0,0.47635502
0,0,0.48674563
0,0,0.4957908
0,0,0.4910497
0,0,0.49852556
0,0,0.49606135
0,0,0.4983822
0,0,0.51278156
0,0,0.49958372
0,0,0.5106456
0,0,0.4793901
0,0,0.5012535
0,0,0.49642166
0,0,0.505656
0,0,0.50564736
0,0,0.51931244
0,0,0.506997
0,0,0.5105564
0,0,0.51369745
0,0,0.49484444
0,0,0.50395685
0,0,0.521422
0,0,0.50681746
0,0,0.5058576
0,0,0.5166904
0,0,0.513368
0,0,0.5077878
0,0,0.51635796
0,0,0.5219195
0,0,0.52062637
0,0,0.52149534
0,0,0.5231547
0,0,0.51216567
0,0,0.51097035
0,0,0.50321233
0,0,0.51771206
0,0,0.52750677
0,0,0.5106495
0,0,0.5219971
0,0,0.52413124
0,0,0.50918746
0,0,0.50799274
0,0,0.5221352
0,0,0.51085865
0,0,0.5119329
0,0,0.5018362
0,0,0.5131405
0,0,0.51149595
0,0,0.5116761
0,0,0.4945152
0,0,0.51430595
0,0,0.5160961
0,0,0.5135882
0,0,0.5216858
0,0,0.5255738
0,0,0.515838
0,0,0.51908994
0,0,0.5166612
0,0,0.53449166
0,0,0.5136651
0,0,0.51392543
0,0,0.5107885
0,0,0.5154178
0,0,0.519041
0,0,0.51220465
0,0,0.50963193
0,0,0.5214807
0,0,0.5284176
0,0,0.53063774
0,0,0.5254785
0,0,0.52018017
0,0,0.52614003
0,0,0.5108113
0,0,0.49807587
0,0,0.4949058
0,0,0.51469547
0,0,0.5128791
0,0,0.5129738
0,0,0.50832546
0,0,0.49907446
0,0,0.51017976
0,0,0.51688117
0,0,0.5199901
0,0,0.5321512
0,0,0.53335786
0,0,0.5335431
0,0,0.5373236
0,0,0.53761935
0,0,0.50723654
0,0,0.512311
0,0,0.50536656
0,0,0.49860713
0,0,0.50309074
0,0,0.5007672
0,0,0.5158592
0,0,0.5194822
0,0,0.5161446
0,0,0.5041265
0,0,0.52037
0,0,0.5095207
0,0,0.51224566
0,0,0.51876104
0,0,0.52256215
0,0,0.50973684
0,0,0.5165885
0,0,0.50656277
0,0,0.51436347
0,0,0.49711365
0,0,0.50847894
0,0,0.5062069
0,0,0.5049008
0,0,0.51115155
0,0,0.5360638
0,0,0.5291655
0,0,0.5273897
0,0,0.513903
0,0,0.5251366
0,0,0.5077815
0,0,0.49059945
0,0,0.48685133
0,0,0.49604964
0,0,0.50107014
0,0,0.527964
0,0,0.5408607
0,0,0.53676516
0,0,0.54144484
0,0,0.53577226
0,0,0.52978665
0,0,0.5319757
0,0,0.51893604
0,0,0.50914943
0,0,0.52210635
0,0,0.51909405
0,0,0.52512574
0,0,0.51599354
0,0,0.49903905
0,0,0.50201225
0,0,0.49966347
0,0,0.49932083
0,0,0.5098953
0,0,0.51696736
0,0,0.5250598
0,0,0.53323543
0,0,0.51911855
0,0,0.51593435
0,0,0.50701344
0,0,0.5069585
0,0,0.49923187
0,0,0.5233192
0,0,0.5175122
0,0,0.51080596
0,0,0.51041514
0,0,0.4989309
0,0,0.48627064
0,0,0.47766882
0,0,0.47621882
0,0,0.468155
0,0,0.45713484
0,0,0.46818346
0,0,0.47194844
0,0,0.48128733
0,0,0.4903153
0,0,0.52178645
0,0,0.50913364
0,0,0.5203401
0,0,0.5105916
0,0,0.51361644
0,0,0.5062978
0,0,0.507902
0,0,0.5029159
0,0,0.5048792
0,0,0.5113969
0,0,0.50520056
0,0,0.49423185
0,0,0.48152962
0,0,0.47375375
0,0,0.48379686
0,0,0.47527498
0,0,0.4665367
0,0,0.47126752
0,0,0.4846785
0,0,0.49487224
0,0,0.509803
0,0,0.50452256
0,0,0.49265674
0,0,0.49558333
0,0,0.5018843
0,0,0.50104344
0,0,0.500436
0,0,0.49563473
0,0,0.50232106
0,0,0.5041264
0,0,0.5029194
0,0,0.49599513
0,0,0.50699526
0,0,0.51698977
0,0,0.506646
0,0,0.50952625
0,0,0.5127774
0,0,0.5120195
0,0,0.49776864
0,0,0.50339377
0,0,0.4873359
0,0,0.50055325
0,0,0.48814496
0,0,0.50562614
0,0,0.49379876
0,0,0.5061561
0,0,0.49925372
0,0,0.5002756
0,0,0.48906875
0,0,0.49507657
0,0,0.49443337
0,0,0.49934456
0,0,0.48971406
0,0,0.5127458
0,0,0.50263447
0,0,0.5105606
0,0,0.5141478
0,0,0.50880283
0,0,0.49996948
0,0,0.506493
0,0,0.5026194
0,0,0.5014041
0,0,0.48721653
0,0,0.4809343
0,0,0.46948534
0,0,0.47359607
0,0,0.48514
0,0,0.48498544
0,0,0.48469317
0,0,0.48284522
0,0,0.48535344
0,0,0.5042396
0,0,0.4894505
0,0,0.49436903
0,0,0.49182937
0,0,0.50184584
0,0,0.49981064
0,0,0.5056411
0,0,0.51899785
0,0,0.5200488
0,0,0.49920982
0,0,0.5096262
0,0,0.5005443
0,0,0.49577802
0,0,0.5057178
0,0,0.51673394
0,0,0.50942653
0,0,0.511087
0,0,0.50883985
0,0,0.5000638
0,0,0.4943533
0,0,0.49260038
0,0,0.49473238
0,0,0.5050558
0,0,0.4992094
0,0,0.50189936
0,0,0.5134328
0,0,0.49477223
0,0,0.49720594
0,0,0.4974024
0,0,0.50012803
0,0,0.48492602
0,0,0.48017538
0,0,0.495525
0,0,0.49580407
0,0,0.4864224
0,0,0.50015765
0,0,0.50825614
0,0,0.5249931
0,0,0.5239407
0,0,0.5221221
0,0,0.5318098
0,0,0.52528846
0,0,0.5143247
0,0,0.5178511
0,0,0.51324874
0,0,0.519201
0,0,0.51743466
0,0,0.52940476
0,0,0.5244517
0,0,0.51515454
0,0,0.5191344
0,0,0.50703657
0,0,0.51272845
0,0,0.50996995
0,0,0.4967624
0,0,0.50778574
0,0,0.51023793
0,0,0.51250595
0,0,0.50346524
0,0,0.5046638
0,0,0.50324446
0,0,0.50017685
0,0,0.50075054
0,0,0.5136228
0,0,0.5127499
0,0,0.509173
0,0,0.5151491
0,0,0.5196378
0,0,0.5074651
0,0,0.511346
0,0,0.50726235
0,0,0.49423492
0,0,0.5049291
0,0,0.49850222
0,0,0.49581143
0,0,0.49123374
0,0,0.49912587
0,0,0.49266154
0,0,0.48547715
0,0,0.4904171
0,0,0.49662465
0,0,0.48066896
0,0,0.48055547
0,0,0.48822713
0,0,0.49821427
0,0,0.48875833
0,0,0.51048124
0,0,0.512952
0,0,0.49347898
0,0,0.50236917
0,0,0.5053974
0,0,0.51645327
0,0,0.51773703
0,0,0.5333397
0,0,0.52664924
0,0,0.536531
0,0,0.52753955
0,0,0.5113616
0,0,0.50407016
0,0,0.49631265
0,0,0.50445724
0,0,0.5096976
0,0,0.50325626
0,0,0.52394325
0,0,0.513869
0,0,0.5126163
0,0,0.5122687
0,0,0.5122173
0,0,0.48824137
0,0,0.5027236
0,0,0.50445783
0,0,0.50479716
0,0,0.5116075
0,0,0.5226269
0,0,0.5048127
0,0,0.49629056
0,0,0.4946834
0,0,0.48068252
0,0,0.47601876
0,0,0.45261875
0,0,0.45694107
0,0,0.4447866
0,0,0.4503822
0,0,0.45429233
0,0,0.46895185
0,0,0.47621888
0,0,0.4977215
0,0,0.49924678
0,0,0.5248019
0,0,0.5393938
0,0,0.52504
0,0,0.5269486
0,0,0.5257098
0,0,0.5376536
0,0,0.5286318
0,0,0.51230633
0,0,0.52015215
0,0,0.52540046
0,0,0.5188685
0,0,0.51244813
0,0,0.5202579
0,0,0.51735157
0,0,0.49857587
0,0,0.5046408
0,0,0.49678487
0,0,0.49909773
0,0,0.502294
0,0,0.50499105
0,0,0.49657372
0,0,0.5030932
0,0,0.49581295
0,0,0.49907464
0,0,0.51663405
0,0,0.53390115
0,0,0.51349777
0,0,0.5133541
0,0,0.51124775
0,0,0.5080419
0,0,0.48821267
0,0,0.50155157
0,0,0.4906549
0,0,0.4767466
0,0,0.48046222
0,0,0.49996388
0,0,0.5007322
0,0,0.51107544
0,0,0.5199777
0,0,0.5271096
0,0,0.5297768
0,0,0.5253055
0,0,0.519129
0,0,0.52815676
0,0,0.5243807
0,0,0.52249444
0,0,0.5155097
0,0,0.5159376
0,0,0.50020987
0,0,0.50105035
0,0,0.4974729
0,0,0.4926305
0,0,0.49413967
0,0,0.50304353
0,0,0.49981225
0,0,0.5127213
0,0,0.5196264
0,0,0.53444546
0,0,0.52265507
0,0,0.5194713
0,0,0.49926248
0,0,0.49205947
0,0,0.48667622
0,0,0.47980502
0,0,0.48138604
0,0,0.47204873
0,0,0.4793935
0,0,0.47919384
0,0,0.4940572
0,0,0.49125987
0,0,0.51438665
0,0,0.5201249
0,0,0.5072119
0,0,0.49885607
0,0,0.51834893
0,0,0.50969666
0,0,0.50737894
0,0,0.5072111
0,0,0.52406013
0,0,0.5202553
0,0,0.505543
0,0,0.4820271
0,0,0.47209564
0,0,0.47966358
0,0,0.4852198
0,0,0.4743595
0,0,0.47674003
0,0,0.48928538
0,0,0.5152322
0,0,0.5246637
0,0,0.5324482
0,0,0.5389304
0,0,0.5395142
0,0,0.52819574
0,0,0.53288275
0,0,0.51734084
0,0,0.50950676
0,0,0.49761903
0,0,0.49941584
0,0,0.5200026
0,0,0.5158741
0,0,0.52288103
0,0,0.52151865
0,0,0.5236136
0,0,0.5097003
0,0,0.49463093
0,0,0.49421456
0,0,0.48568636
0,0,0.49187636
0,0,0.5018716
0,0,0.50923276
0,0,0.5207426
0,0,0.52981436
0,0,0.5287883
0,0,0.5173683
0,0,0.5256235
0,0,0.5217975
0,0,0.51253444
0,0,0.5135203
0,0,0.51392
0,0,0.5265008
0,0,0.51404065
0,0,0.51624066
0,0,0.5128658
0,0,0.5242272
0,0,0.514691
0,0,0.50452334
0,0,0.48931277
0,0,0.49519813
0,0,0.4955147
0,0,0.49039164
0,0,0.5023625
0,0,0.5083042
0,0,0.5102065
0,0,0.5051508
0,0,0.51084185
0,0,0.51167697
0,0,0.5087172
0,0,0.5053755
0,0,0.5194566
0,0,0.51529515
0,0,0.51311016
0,0,0.53350693
0,0,0.52423453
0,0,0.5308396
0,0,0.533177
0,0,0.5312738
0,0,0.5262672
0,0,0.53335077
0,0,0.5230654
0,0,0.5222146
0,0,0.51657313
0,0,0.5278581
0,0,0.513301
0,0,0.5155736
0,0,0.5060579
0,0,0.5002411
0,0,0.49142632
0,0,0.5151725
0,0,0.5210202
0,0,0.52655643
0,0,0.52979493
0,0,0.52151203
0,0,0.5292671
0,0,0.5187988
0,0,0.51957816
0,0,0.51745874
0,0,0.5109086
0,0,0.50215185
0,0,0.48907623
0,0,0.48205325
0,0,0.48310733
0,0,0.50459707
0,0,0.51253223
0,0,0.51895726
0,0,0.52981895
0,0,0.51196355
0,0,0.49967876
0,0,0.4962864
0,0,0.4990366
0,0,0.49886438
0,0,0.49726382
0,0,0.5127241
0,0,0.50959617
0,0,0.504693
0,0,0.5116628
0,0,0.5178183
0,0,0.5067278
0,0,0.4952361
0,0,0.49832112
0,0,0.50105006
0,0,0.5030825
0,0,0.49490884
0,0,0.5023507
0,0,0.5096799
0,0,0.52252024
0,0,0.5217512
0,0,0.520776
0,0,0.5108338
0,0,0.510518
0,0,0.50962126
0,0,0.5139122
0,0,0.50827616
0,0,0.509811
0,0,0.5013294
0,0,0.4948918
0,0,0.47544873
0,0,0.4731557
0,0,0.4656506
0,0,0.4747249
0,0,0.48445478
0,0,0.50843024
0,0,0.49431148
0,0,0.5121075
0,0,0.5107333
0,0,0.508234
0,0,0.49613318
0,0,0.49929285
0,0,0.5010367
0,0,0.5055499
0,0,0.50003546
0,0,0.504693
0,0,0.50646645
0,0,0.5103475
0,0,0.51304173
0,0,0.5146706
0,0,0.5044836
0,0,0.49360955
0,0,0.49059206
0,0,0.4999171
0,0,0.49208245
0,0,0.49868637
0,0,0.49603403
0,0,0.5014854
0,0,0.50144804
0,0,0.50186807
0,0,0.5010888
0,0,0.50444365
0,0,0.5083023
0,0,0.49976432
0,0,0.5020731
0,0,0.50790536
0,0,0.5031183
0,0,0.50406784
0,0,0.49882284
0,0,0.50045425
0,0,0.48185125
0,0,0.4753458
0,0,0.48660383
0,0,0.49092615
0,0,0.48617116
0,0,0.50310445
0,0,0.4996737
0,0,0.48948935
0,0,0.5030886
0,0,0.5140701
0,0,0.5198177
0,0,0.5183717
0,0,0.5218016
0,0,0.5237088
0,0,0.5277312
0,0,0.5234509
0,0,0.51472914
0,0,0.5273425
0,0,0.52833843
0,0,0.53162193
0,0,0.5390484
0,0,0.5386683
0,0,0.5282868
0,0,0.5183635
0,0,0.5263644
0,0,0.5385283
0,0,0.5399717
0,0,0.52844316
0,0,0.5191738
0,0,0.51518744
0,0,0.514423
0,0,0.5139679
0,0,0.514644
0,0,0.5156579
0,0,0.49395525
0,0,0.49286947
0,0,0.50515014
0,0,0.49278072
0,0,0.48407862
0,0,0.4991389
0,0,0.49733517
0,0,0.5020523
0,0,0.48955432
0,0,0.49282002
0,0,0.5117639
0,0,0.4990941
0,0,0.49728116
0,0,0.48777914
0,0,0.49707395
0,0,0.50733835
0,0,0.49864772
0,0,0.49473092
0,0,0.49846235
0,0,0.48878807
0,0,0.50519806
0,0,0.5188581
0,0,0.5123024
0,0,0.50241464
0,0,0.49375278
0,0,0.4939366
0,0,0.48173282
0,0,0.49094808
0,0,0.5030795
0,0,0.51856375
0,0,0.51383156
0,0,0.51252174
0,0,0.50619817
0,0,0.5104928
0,0,0.49965698
0,0,0.49587053
0,0,0.4838855
0,0,0.49639505
0,0,0.5070333
0,0,0.5090896
0,0,0.5072685
0,0,0.5006711
0,0,0.5021819
0,0,0.48785296
0,0,0.48368675
0,0,0.46951482
0,0,0.47214916
0,0,0.49514887
0,0,0.50501007
0,0,0.5060469
0,0,0.51040214
0,0,0.50788194
0,0,0.5016977
0,0,0.5215214
0,0,0.52163786
0,0,0.5227004
0,0,0.5224132
0,0,0.5071776
0,0,0.510124
0,0,0.5160731
0,0,0.507436
0,0,0.510932
0,0,0.51443493
0,0,0.50434893
0,0,0.52343297
0,0,0.5288913
0,0,0.52545476
0,0,0.54203457
0,0,0.5404821
0,0,0.5253864
0,0,0.5257
0,0,0.52443635
0,0,0.50526136
0,0,0.49862194
0,0,0.50261307
0,0,0.50921047
0,0,0.502338
0,0,0.50733286
0,0,0.5051639
0,0,0.51562965
0,0,0.5086909
0,0,0.50410205
0,0,0.49703258
0,0,0.49511275
0,0,0.4829518
0,0,0.4889671
0,0,0.49447685
0,0,0.49379364
0,0,0.49477807
0,0,0.4985897
0,0,0.47980252
0,0,0.50433016
0,0,0.5084588
0,0,0.51789343
0,0,0.52430356
0,0,0.52298427
0,0,0.5208606
0,0,0.51545393
0,0,0.5251649
0,0,0.532197
0,0,0.5194783
0,0,0.511844
0,0,0.52474463
0,0,0.5164071
0,0,0.5086953
0,0,0.50452435
0,0,0.5007172
0,0,0.51068985
0,0,0.5117033
0,0,0.4906654
0,0,0.50736976
0,0,0.5091414
0,0,0.5166938
0,0,0.53266656
0,0,0.5331021
0,0,0.5237699
0,0,0.5240707
0,0,0.51337117
0,0,0.51176536
0,0,0.4868564
0,0,0.48942772
0,0,0.49470082
0,0,0.48778284
0,0,0.50260925
0,0,0.5206961
0,0,0.50980103
0,0,0.5219377
0,0,0.5161161
0,0,0.51147807
0,0,0.4945711
0,0,0.4935596
0,0,0.4808882
0,0,0.4791162
0,0,0.47489786
0,0,0.48416242
0,0,0.4862616
0,0,0.4817079
0,0,0.4934162
0,0,0.4986677
0,0,0.50717103
0,0,0.48932397
0,0,0.48136637
0,0,0.49056262
0,0,0.4891746
0,0,0.47680643
0,0,0.4808669
0,0,0.4870768
0,0,0.49808288
0,0,0.49466044
0,0,0.49616987
0,0,0.5153282
0,0,0.5123302
0,0,0.5253847
0,0,0.52718663
0,0,0.51458573
0,0,0.50146526
0,0,0.507455
0,0,0.4978238
0,0,0.4880964
0,0,0.4879836
0,0,0.509123
0,0,0.5074427
0,0,0.50937337
0,0,0.52170324
0,0,0.50833875
0,0,0.50941163
0,0,0.5243929
0,0,0.52557164
0,0,0.5323577
0,0,0.53083795
0,0,0.53390694
0,0,0.5249825
0,0,0.521313
0,0,0.52204365
0,0,0.51789576
0,0,0.49460444
0,0,0.49573696
0,0,0.49895844
0,0,0.503093
0,0,0.48776853
0,0,0.49349734
0,0,0.49084324
0,0,0.49704248
0,0,0.49855414
0,0,0.50159043
0,0,0.5227131
0,0,0.52652186
0,0,0.5222976
0,0,0.5183647
0,0,0.5042442
0,0,0.50211257
0,0,0.50100124
0,0,0.4981226
0,0,0.49048328
0,0,0.4911187
0,0,0.50546455
0,0,0.5026615
0,0,0.50782853
0,0,0.5130484
0,0,0.51420254
0,0,0.5272415
0,0,0.5101881
0,0,0.5203485
0,0,0.5279354
0,0,0.526711
0,0,0.5097092
0,0,0.4951532
0,0,0.5037159
0,0,0.4964168
0,0,0.5065114
0,0,0.5034514
0,0,0.49894747
0,0,0.5107784
0,0,0.51816076
0,0,0.50350565
0,0,0.5088653
0,0,0.52895
0,0,0.52127784
0,0,0.53347564
0,0,0.5146363
0,0,0.5084981
0,0,0.5103286
0,0,0.5133957
0,0,0.50581217
0,0,0.5010287
0,0,0.5010416
0,0,0.49848458
0,0,0.492304
0,0,0.4923605
0,0,0.49863592
0,0,0.5166569
0,0,0.5278647
0,0,0.5288794
0,0,0.5254085
0,0,0.5226595
0,0,0.51132965
0,0,0.5192649
0,0,0.5066642
0,0,0.5126325
0,0,0.50465125
0,0,0.50281054
0,0,0.49637133
0,0,0.4897685
0,0,0.4972788
0,0,0.49282563
0,0,0.5051432
0,0,0.51431084
0,0,0.5141801
0,0,0.51345927
0,0,0.5092624
0,0,0.5005945
0,0,0.50851774
0,0,0.49323514
0,0,0.47429332
0,0,0.4823841
0,0,0.46841207
0,0,0.46992928
0,0,0.4838112
0,0,0.49700505
0,0,0.49887252
0,0,0.5242809
0,0,0.52150184
0,0,0.4971106
0,0,0.48924327
0,0,0.50744766
0,0,0.51748323
0,0,0.50722396
0,0,0.52588725
0,0,0.5324366
0,0,0.5312476
0,0,0.4993763
0,0,0.49713993
0,0,0.5187074
0,0,0.5174008
0,0,0.50738615
0,0,0.49204302
0,0,0.50842154
0,0,0.4903351
0,0,0.5010813
0,0,0.49413863
0,0,0.51236284
0,0,0.4820907
0,0,0.487105
0,0,0.48400643
0,0,0.4931807
0,0,0.48858115
0,0,0.49342084
0,0,0.5192794
0,0,0.5119202
0,0,0.50909233
0,0,0.5021105
0,0,0.49631846
0,0,0.4905123
0,0,0.48807958
0,0,0.48572463
0,0,0.48975742
0,0,0.48521188
0,0,0.48798463
0,0,0.4878609
0,0,0.5044278
0,0,0.48794955
0,0,0.50422394
0,0,0.5119776
0,0,0.5011578
0,0,0.50741744
0,0,0.5230174
0,0,0.5152846
0,0,0.50718635
0,0,0.52068895
0,0,0.52721906
0,0,0.5216777
0,0,0.5180663
0,0,0.5129129
0,0,0.5231173
0,0,0.51358217
0,0,0.51196647
0,0,0.5191197
0,0,0.5055298
0,0,0.5152381
0,0,0.51349646
0,0,0.51464945
0,0,0.5118972
0,0,0.50574005
0,0,0.5114614
0,0,0.49811718
0,0,0.49577123
0,0,0.49122673
0,0,0.49989942
0,0,0.5083401
0,0,0.5178158
0,0,0.50852305
0,0,0.5001727
0,0,0.510566
0,0,0.51651025
0,0,0.5160786
0,0,0.52250654
0,0,0.5157863
0,0,0.5181188
0,0,0.5087759
0,0,0.5174988
0,0,0.5187979
0,0,0.5102964
0,0,0.5012479
0,0,0.49616733
0,0,0.49859372
0,0,0.4737207
0,0,0.47480115
0,0,0.47773108
0,0,0.48696187
0,0,0.48037347
0,0,0.4879417
0,0,0.48784387
0,0,0.48741308
0,0,0.50350165
0,0,0.48601633
0,0,0.4918782
0,0,0.50283265
0,0,0.5220124
0,0,0.5209278
0,0,0.52269155
0,0,0.52543527
0,0,0.51737195
0,0,0.52154654
0,0,0.52740455
0,0,0.516025
0,0,0.49923685
0,0,0.51032484
0,0,0.51256996
0,0,0.49945438
0,0,0.51105326
0,0,0.49456444
0,0,0.4914283
0,0,0.49070284
0,0,0.49358281
0,0,0.48049018
0,0,0.4793692
0,0,0.49143657
0,0,0.47968432
0,0,0.4797264
0,0,0.47581407
0,0,0.4804255
0,0,0.49898842
0,0,0.5052616
0,0,0.50633776
0,0,0.50886124
0,0,0.5075279
0,0,0.5087891
0,0,0.49478063
0,0,0.5016368
0,0,0.4983821
0,0,0.49189493
0,0,0.49693084
0,0,0.50579184
0,0,0.50736046
0,0,0.5152083
0,0,0.5132334
0,0,0.51923525
0,0,0.49761203
0,0,0.50813323
0,0,0.5011059
0,0,0.49555802
0,0,0.47785452
0,0,0.4790488
0,0,0.50358593
0,0,0.5015971
0,0,0.5042305
0,0,0.51095927
0,0,0.51407605
0,0,0.5201007
0,0,0.50456667
0,0,0.5073807
0,0,0.50914085
0,0,0.5077758
0,0,0.497428
0,0,0.504712
0,0,0.5176266
0,0,0.52292275
0,0,0.5128264
0,0,0.50678295
0,0,0.48673353
0,0,0.4936208
0,0,0.4998
0,0,0.5167803
0,0,0.509461
0,0,0.5137087
0,0,0.5248906
0,0,0.52615047
0,0,0.5077992
0,0,0.5042199
0,0,0.52262425
0,0,0.52441365
0,0,0.5254927
0,0,0.5152461
0,0,0.50831705
0,0,0.5024326
0,0,0.50218487
0,0,0.50001097
0,0,0.49850133
0,0,0.48433778
0,0,0.5004655
0,0,0.51343966
0,0,0.5191583
0,0,0.5294294
0,0,0.53200644
0,0,0.5382616
0,0,0.5394852
0,0,0.52571505
0,0,0.52790827
0,0,0.53326017
0,0,0.53869283
0,0,0.5246566
0,0,0.52000695
0,0,0.5160217
0,0,0.5205784
0,0,0.52572596
0,0,0.50688857
0,0,0.5200174
0,0,0.50530964
0,0,0.51568276
0,0,0.50655365
0,0,0.52496684
0,0,0.5122533
0,0,0.5193725
0,0,0.49918902
0,0,0.49398392
0,0,0.48816195
0,0,0.5049904
0,0,0.4930165
0,0,0.5076807
0,0,0.52238977
0,0,0.5205674
0,0,0.52186346
0,0,0.5196503
0,0,0.51746726
0,0,0.49956122
0,0,0.4910963
0,0,0.4949822
0,0,0.49514347
0,0,0.49527714
0,0,0.49854407
0,0,0.47922072
0,0,0.48201653
0,0,0.48526528
0,0,0.50560886
0,0,0.4910492
0,0,0.49382702
0,0,0.49211696
0,0,0.48339802
0,0,0.4700906
0,0,0.48684782
0,0,0.48494226
0,0,0.49618953
0,0,0.5090025
0,0,0.52485853
0,0,0.5208282
0,0,0.52331203
0,0,0.51868606
0,0,0.5089942
0,0,0.49085075
0,0,0.5046244
0,0,0.50655
0,0,0.5031469
0,0,0.5038781
0,0,0.5119388
0,0,0.5305191
0,0,0.52656645
0,0,0.5190728
0,0,0.5135167
0,0,0.5255784
0,0,0.50177467
0,0,0.4965748
0,0,0.48615757
0,0,0.4697076
0,0,0.47125772
0,0,0.48910177
0,0,0.50752664
0,0,0.51462185
0,0,0.5025239
0,0,0.51318616
0,0,0.5198166
0,0,0.5275837
0,0,0.50998783
0,0,0.5142005
0,0,0.5149836
0,0,0.4914512
0,0,0.4993225
0,0,0.50156564
0,0,0.51732147
0,0,0.5118683
0,0,0.5132047
0,0,0.5198854
0,0,0.517536
0,0,0.5139981
0,0,0.5016594
0,0,0.5053281
0,0,0.51619184
0,0,0.50404066
0,0,0.51075363
0,0,0.51198614
0,0,0.4976527
0,0,0.50215703
0,0,0.5048699
0,0,0.49132368
0,0,0.47806564
0,0,0.493492
0,0,0.48724353
0,0,0.4836295
0,0,0.50606525
0,0,0.5162866
0,0,0.5079006
0,0,0.5271658
0,0,0.50989306
0,0,0.4931144
0,0,0.49535996
0,0,0.49992037
0,0,0.50793093
0,0,0.5253059
0,0,0.52166
0,0,0.5249553
0,0,0.514686
0,0,0.5112624
0,0,0.5017864
0,0,0.49325678
0,0,0.49882782
0,0,0.49697122
0,0,0.48716646
0,0,0.49745527
0,0,0.51154894
0,0,0.51556367
0,0,0.51196176
0,0,0.51332974
0,0,0.5220357
0,0,0.5320354
0,0,0.5197027
0,0,0.5135272
0,0,0.52783895
0,0,0.5365112
0,0,0.5217498
0,0,0.512961
0,0,0.515058
0,0,0.5082102
0,0,0.50319487
0,0,0.4856504
0,0,0.48747486
0,0,0.50239223
0,0,0.51062435
0,0,0.49881524
0,0,0.510608
0,0,0.52062
0,0,0.51008403
0,0,0.53342444
0,0,0.5216519
0,0,0.52758473
0,0,0.5323845
0,0,0.54574656
0,0,0.52036273
0,0,0.52729887
0,0,0.5255623
0,0,0.5203041
0,0,0.52682203
0,0,0.531617
0,0,0.5212975
0,0,0.51732904
0,0,0.5213815
0,0,0.5152849
0,0,0.52316415
0,0,0.52077997
0,0,0.52068317
0,0,0.4896066
0,0,0.48728186
0,0,0.4872127
0,0,0.47270873
0,0,0.47183028
0,0,0.48871526
0,0,0.48189116
0,0,0.4846108
0,0,0.4765933
0,0,0.47944552
0,0,0.48552734
0,0,0.48666558
0,0,0.48507518
0,0,0.4860245
0,0,0.50551987
0,0,0.4926771
0,0,0.4832525
0,0,0.48654115
0,0,0.5027811
0,0,0.51233774
0,0,0.5172385
0,0,0.5245436
0,0,0.52056724
0,0,0.52389026
0,0,0.5066713
0,0,0.5108495
0,0,0.5000214
0,0,0.5044117
0,0,0.48473933
0,0,0.4985897
0,0,0.5074916
0,0,0.5145191
0,0,0.52591425
0,0,0.53425556
0,0,0.5170627
0,0,0.52354
0,0,0.52621204
0,0,0.5244567
0,0,0.521188
0,0,0.51261085
0,0,0.50967443
0,0,0.52326393
0,0,0.5233992
0,0,0.51901436
0,0,0.52907574
0,0,0.52062947
0,0,0.5205586
0,0,0.51670307
0,0,0.51649994
0,0,0.50723255
0,0,0.50356084
0,0,0.4817137
0,0,0.47159418
0,0,0.4794191
0,0,0.4785889
0,0,0.48223904
0,0,0.48902047
0,0,0.49833182
0,0,0.49333018
0,0,0.4949656
0,0,0.49876934
0,0,0.51966614
0,0,0.5094104
0,0,0.5087523
0,0,0.52019525
0,0,0.52485853
0,0,0.52617997
0,0,0.52644753
0,0,0.5142536
0,0,0.510111
0,0,0.50691265
0,0,0.52155465
0,0,0.49856728
0,0,0.50008005
0,0,0.5030666
0,0,0.49603155
0,0,0.4891218
0,0,0.49032858
0,0,0.5038914
0,0,0.4793418
0,0,0.4746982
0,0,0.47805843
0,0,0.4911218
0,0,0.49153644
0,0,0.50768334
0,0,0.517943
0,0,0.5379766
0,0,0.5359443
0,0,0.5368104
0,0,0.53362745
0,0,0.51321477
0,0,0.5203208
0,0,0.51561666
0,0,0.49167967
0,0,0.49384785
0,0,0.49766493
0,0,0.49781647
0,0,0.4948888
0,0,0.50474167
0,0,0.49402583
0,0,0.4937034
0,0,0.50353515
0,0,0.5094092
0,0,0.5241326
0,0,0.52743083
0,0,0.52150315
0,0,0.50873464
0,0,0.48417047
0,0,0.47655863
0,0,0.46566206
0,0,0.51389474
0,0,0.5039751
0,0,0.5190704
0,0,0.5188444
0,0,0.53009576
0,0,0.51684475
0,0,0.5183336
0,0,0.5198479
0,0,0.50972915
0,0,0.5094929
0,0,0.5077878
0,0,0.49886644
0,0,0.5009725
0,0,0.5025591
0,0,0.48973945
0,0,0.49868008
0,0,0.49076402
0,0,0.50365895
0,0,0.49982154
0,0,0.49453586
0,0,0.47801855
0,0,0.47629043
0,0,0.4989339
0,0,0.48952386
0,0,0.5012867
0,0,0.5175006
0,0,0.5159354
0,0,0.5147816
0,0,0.51046485
0,0,0.5185457
0,0,0.50342315
0,0,0.51278764
0,0,0.52554417
0,0,0.5090387
0,0,0.51551884
0,0,0.50372475
0,0,0.51475513
0,0,0.5256957
0,0,0.5297227
0,0,0.5258559
0,0,0.5230043
0,0,0.5223921
0,0,0.51513124
0,0,0.51128143
0,0,0.51702416
0,0,0.5166268
0,0,0.52163565
0,0,0.51239246
0,0,0.51891524
0,0,0.50044936
0,0,0.5012564
0,0,0.5254882
0,0,0.529415
0,0,0.52555215
0,0,0.52779144
0,0,0.5336037
0,0,0.51949316
0,0,0.502936
0,0,0.5019355
0,0,0.49138868
0,0,0.47488683
0,0,0.48896903
0,0,0.49694628
0,0,0.49904528
0,0,0.49970955
0,0,0.50646114
0,0,0.5030357
0,0,0.50862956
0,0,0.5106546
0,0,0.5262501
0,0,0.50675267
0,0,0.50106657
0,0,0.5172282
0,0,0.5080407
0,0,0.5065942
0,0,0.49273822
0,0,0.49956778
0,0,0.488249
0,0,0.49025303
0,0,0.5012489
0,0,0.5255838
0,0,0.533081
0,0,0.53818977
0,0,0.53077704
0,0,0.5268325
0,0,0.50687593
0,0,0.49985102
0,0,0.5024098
0,0,0.5067882
0,0,0.5007596
0,0,0.5027626
0,0,0.49688745
0,0,0.50677955
0,0,0.5068145
0,0,0.51111746
0,0,0.5068669
0,0,0.50470793
0,0,0.48382884
0,0,0.49494523
0,0,0.4851484
0,0,0.5001109
0,0,0.51591843
0,0,0.50889784
0,0,0.50893044
0,0,0.52272546
0,0,0.5085905
0,0,0.49509603
0,0,0.48235977
0,0,0.47401717
0,0,0.4669329
0,0,0.4902999
0,0,0.49141315
0,0,0.5114066
0,0,0.5241712
0,0,0.52596223
0,0,0.52574855
0,0,0.514583
0,0,0.5052217
0,0,0.49955586
0,0,0.4968084
0,0,0.48362428
0,0,0.49215502
0,0,0.5188222
0,0,0.5279423
0,0,0.5234263
0,0,0.5291449
0,0,0.5281277
0,0,0.5240221
0,0,0.503248
0,0,0.51301885
0,0,0.5080672
0,0,0.5117901
0,0,0.5126015
0,0,0.5125563
0,0,0.5158148
0,0,0.51187545
0,0,0.51174617
0,0,0.49859798
0,0,0.51142615
0,0,0.5013518
0,0,0.49018794
0,0,0.5079274
0,0,0.50243664
0,0,0.4929242
0,0,0.4905667
0,0,0.49949613
0,0,0.47871602
0,0,0.4820217
0,0,0.4990023
0,0,0.4874879
0,0,0.48451972
0,0,0.47948152
0,0,0.49738625
0,0,0.49240953
0,0,0.4917719
0,0,0.49068055
0,0,0.51156014
0,0,0.50139374
0,0,0.48946285
0,0,0.49108008
0,0,0.49204814
0,0,0.49753162
0,0,0.50064784
0,0,0.5060052
0,0,0.51208925
0,0,0.53285104
0,0,0.5170156
0,0,0.509558
0,0,0.5089763
0,0,0.5051149
0,0,0.49391693
0,0,0.49760315
0,0,0.50293946
0,0,0.4957536
0,0,0.49952266
0,0,0.49922094
0,0,0.52073133
0,0,0.5173585
0,0,0.5284191
0,0,0.5289801
0,0,0.52234966
0,0,0.5217852
0,0,0.51542634
0,0,0.52179384
0,0,0.5197036
0,0,0.53321487
0,0,0.54092264
0,0,0.53158563
0,0,0.5380865
0,0,0.53091913
0,0,0.52528715
0,0,0.5300002
0,0,0.52072
0,0,0.52273303
0,0,0.5275815
0,0,0.5238025
0,0,0.53197896
0,0,0.50924814
0,0,0.5151431
0,0,0.52731186
0,0,0.50566924
0,0,0.5063098
0,0,0.50713676
0,0,0.50223607
0,0,0.4893673
0,0,0.4715737
0,0,0.4800653
0,0,0.47026333
0,0,0.47211727
0,0,0.47417536
0,0,0.50112844
0,0,0.5136226
0,0,0.5147918
0,0,0.5194182
0,0,0.52438116
0,0,0.5059639
0,0,0.4816359
0,0,0.47502655
0,0,0.4644588
0,0,0.4729279
0,0,0.47039622
0,0,0.48050442
0,0,0.4802871
0,0,0.4928662
0,0,0.47966984
0,0,0.48716414
0,0,0.49934164
0,0,0.51524657
0,0,0.503871
0,0,0.5048427
0,0,0.49676004
0,0,0.5061629
0,0,0.48842
0,0,0.5150055
0,0,0.5233134
0,0,0.52886975
0,0,0.5354506
0,0,0.52663344
0,0,0.5323402
0,0,0.52529526
0,0,0.5269928
0,0,0.5165214
0,0,0.51000917
0,0,0.50256944
0,0,0.49470973
0,0,0.4926499
0,0,0.48586848
0,0,0.51953137
0,0,0.50640607
0,0,0.51513386
0,0,0.51655245
0,0,0.51146877
0,0,0.50840634
0,0,0.5009309
0,0,0.5065794
0,0,0.49873766
0,0,0.49581695
0,0,0.5028528
0,0,0.499643
0,0,0.4861597
0,0,0.49628463
0,0,0.49857777
0,0,0.49536753
0,0,0.5093276
0,0,0.50918806
0,0,0.5040542
0,0,0.49976456
0,0,0.5065195
0,0,0.49719426
0,0,0.48134014
0,0,0.4732478
0,0,0.48757416
0,0,0.50560033
0,0,0.49943593
0,0,0.5238512
0,0,0.5120224
0,0,0.52595395
0,0,0.5141882
0,0,0.5300713
0,0,0.52197695
0,0,0.52780294
0,0,0.5254211
0,0,0.525103
0,0,0.50621134
0,0,0.5170042
0,0,0.51472145
0,0,0.52001506
0,0,0.5161175
0,0,0.513454
0,0,0.5053166
0,0,0.5120656
0,0,0.5019871
0,0,0.50283104
0,0,0.49015954
0,0,0.47331226
0,0,0.4606074
0,0,0.4630368
0,0,0.47140837
0,0,0.466092
0,0,0.4894449
0,0,0.49263775
0,0,0.5080638
0,0,0.49497145
0,0,0.50369436
0,0,0.5031907
0,0,0.5032761
0,0,0.48369113
0,0,0.48307788
0,0,0.47308698
0,0,0.49627197
0,0,0.4793992
0,0,0.48056984
0,0,0.48944435
0,0,0.4846514
0,0,0.47371703
0,0,0.46940815
0,0,0.4754532
0,0,0.48678392
0,0,0.49764934
0,0,0.5028608
0,0,0.5127204
0,0,0.5243022
0,0,0.5242565
0,0,0.5301241
0,0,0.53159076
0,0,0.5225555
0,0,0.52063316
0,0,0.51453173
0,0,0.507423
0,0,0.49904755
0,0,0.50886405
0,0,0.51030034
0,0,0.5074725
0,0,0.50762933
0,0,0.5031469
0,0,0.50876725
0,0,0.5051627
0,0,0.5180646
0,0,0.51170474
0,0,0.50957316
0,0,0.50415504
0,0,0.49536493
0,0,0.49180558
0,0,0.50508726
0,0,0.4978631
0,0,0.47995505
0,0,0.5032045
0,0,0.50983584
0,0,0.5144794
0,0,0.5119408
0,0,0.5225719
0,0,0.5233316
0,0,0.52064127
0,0,0.51460344
0,0,0.5115041
0,0,0.508256
0,0,0.4955729
0,0,0.477321
0,0,0.48073718
0,0,0.46514678
0,0,0.4768499
0,0,0.4712815
0,0,0.48236215
0,0,0.49289915
0,0,0.49978527
0,0,0.4818467
0,0,0.50880194
0,0,0.49447814
0,0,0.5157852
0,0,0.50777364
0,0,0.5029191
0,0,0.4902473
0,0,0.51131195
0,0,0.49982804
0,0,0.4944479
0,0,0.5135007
0,0,0.51692194
0,0,0.51717734
0,0,0.50533193
0,0,0.51662266
0,0,0.51405674
0,0,0.5271081
0,0,0.53241795
0,0,0.5032603
0,0,0.49965847
0,0,0.48753628
0,0,0.48672873
0,0,0.4755437
0,0,0.4864548
0,0,0.48292622
0,0,0.49001065
0,0,0.48475406
0,0,0.5034014
0,0,0.50164944
0,0,0.53455937
0,0,0.5272936
0,0,0.52126247
0,0,0.52216583
0,0,0.51465976
0,0,0.50189954
0,0,0.5164486
0,0,0.523461
0,0,0.5293609
0,0,0.51735187
0,0,0.52561796
0,0,0.52017444
0,0,0.508095
0,0,0.49375957
0,0,0.5084319
0,0,0.49941096
0,0,0.50404567
0,0,0.5270532
0,0,0.53416985
0,0,0.544765
0,0,0.5435172
0,0,0.53370804
0,0,0.5228719
0,0,0.5195301
0,0,0.52459824
0,0,0.5220544
0,0,0.53242666
0,0,0.53490335
0,0,0.5276193
0,0,0.5264605
0,0,0.50990605
0,0,0.5225653
0,0,0.5090394
0,0,0.50117844
0,0,0.49379006
0,0,0.5109158
0,0,0.5176776
0,0,0.5216313
0,0,0.51068705
0,0,0.51576084
0,0,0.51837665
0,0,0.5172225
0,0,0.5188482
0,0,0.51636016
0,0,0.51603866
0,0,0.52686316
0,0,0.52844995
0,0,0.5119499
0,0,0.5052719
0,0,0.51571727
0,0,0.5207858
0,0,0.5156115
0,0,0.52395445
0,0,0.5154703
0,0,0.5136999
0,0,0.5266317
0,0,0.52390593
0,0,0.5150196
0,0,0.50729203
0,0,0.50647557
0,0,0.50083673
0,0,0.47472182
0,0,0.47595328
0,0,0.47012365
0,0,0.47619557
0,0,0.49179953
0,0,0.5063504
0,0,0.50145483
0,0,0.50031155
0,0,0.5197302
0,0,0.51029027
0,0,0.5184101
0,0,0.5048451
0,0,0.52033615
0,0,0.51525646
0,0,0.518306
0,0,0.52904713
0,0,0.50566864
0,0,0.51885474
0,0,0.5139094
0,0,0.50920665
0,0,0.5088256
0,0,0.5108302
0,0,0.5115268
0,0,0.50631815
0,0,0.49767348
0,0,0.5036313
0,0,0.49341294
0,0,0.48940355
0,0,0.49699715
0,0,0.50571316
0,0,0.49552712
0,0,0.5118533
0,0,0.5144755
0,0,0.5106652
0,0,0.52867085
0,0,0.5358552
0,0,0.5369176
0,0,0.5300477
0,0,0.5174147
0,0,0.5100807
0,0,0.5090903
0,0,0.5094986
0,0,0.5035283
0,0,0.51282805
0,0,0.5222169
0,0,0.5115468
0,0,0.51676065
0,0,0.51974195
0,0,0.53595096
0,0,0.5244448
0,0,0.5224622
0,0,0.5095356
0,0,0.49997008
0,0,0.49250862
0,0,0.4804411
0,0,0.47945258
0,0,0.47776362
0,0,0.4890314
0,0,0.5000538
0,0,0.52625257
0,0,0.51470256
0,0,0.51247543
0,0,0.50849444
0,0,0.49638143
0,0,0.46938068
0,0,0.4636831
0,0,0.47164536
0,0,0.48300052
0,0,0.46921957
0,0,0.4877203
0,0,0.4823636
0,0,0.47488242
0,0,0.4776816
0,0,0.4837817
0,0,0.4647256
0,0,0.4803255
0,0,0.4833152
0,0,0.49736908
0,0,0.49315685
0,0,0.5096152
0,0,0.5149466
0,0,0.51877236
0,0,0.517524
0,0,0.5109492
0,0,0.512408
0,0,0.5185416
0,0,0.51068383
0,0,0.51755655
0,0,0.53350353
0,0,0.52563167
0,0,0.5407892
0,0,0.53258973
0,0,0.5345723
0,0,0.5184608
0,0,0.51015806
0,0,0.5190075
0,0,0.5224172
0,0,0.51845056
0,0,0.49645647
0,0,0.5120945
0,0,0.5247993
0,0,0.51233447
0,0,0.5234031
0,0,0.534007
0,0,0.53658634
0,0,0.542125
0,0,0.51818395
0,0,0.5286541
0,0,0.5137907
0,0,0.5149871
0,0,0.50202537
0,0,0.5095474
0,0,0.49633244
0,0,0.50108135
0,0,0.5130074
0,0,0.54214555
0,0,0.5208907
0,0,0.5135716
0,0,0.52532125
0,0,0.52129424
0,0,0.5187974
0,0,0.5086965
0,0,0.5116883
0,0,0.5043011
0,0,0.4897497
0,0,0.48652637
0,0,0.48956728
0,0,0.49211857
0,0,0.4984758
0,0,0.49994206
0,0,0.4978458
0,0,0.48785636
0,0,0.49252713
0,0,0.4871948
0,0,0.47735146
0,0,0.4877683
0,0,0.47861174
0,0,0.49164867
0,0,0.51228875
0,0,0.5156454
0,0,0.52334505
0,0,0.529324
0,0,0.52892774
0,0,0.52878636
0,0,0.5195317
0,0,0.52066606
0,0,0.5201365
0,0,0.5205911
0,0,0.5233889
0,0,0.50842696
0,0,0.5113032
0,0,0.53027874
0,0,0.5284932
0,0,0.5226837
0,0,0.5206785
0,0,0.5328393
0,0,0.52346
0,0,0.51143676
0,0,0.52187717
0,0,0.526104
0,0,0.5114974
0,0,0.50471216
0,0,0.5265282
0,0,0.53228724
0,0,0.5195347
0,0,0.51049244
0,0,0.52093166
0,0,0.51167154
0,0,0.49266592
0,0,0.48772645
0,0,0.4946881
0,0,0.49282628
0,0,0.4976413
0,0,0.50786126
0,0,0.5103024
0,0,0.5155943
0,0,0.5208617
0,0,0.534375
0,0,0.5172042
0,0,0.504284
0,0,0.49264193
0,0,0.49396613
0,0,0.49350578
0,0,0.48172674
0,0,0.47765806
0,0,0.48575658
0,0,0.49435383
0,0,0.4847054
0,0,0.49756318
0,0,0.5056139
0,0,0.5077658
0,0,0.53135604
0,0,0.5334981
0,0,0.53137314
0,0,0.5297797
0,0,0.53009915
0,0,0.50496286
0,0,0.51045674
0,0,0.5099951
0,0,0.49429235
0,0,0.48999542
0,0,0.50139683
0,0,0.5073272
0,0,0.49809563
0,0,0.49929243
0,0,0.5165453
0,0,0.5031759
0,0,0.5109867
0,0,0.5214241
0,0,0.51575714
0,0,0.5306543
0,0,0.52311337
0,0,0.50914997
0,0,0.5239216
0,0,0.53559333
0,0,0.52915496
0,0,0.51824945
0,0,0.5179756
0,0,0.50787145
0,0,0.50651675
0,0,0.5138758
0,0,0.5057159
0,0,0.51481974
0,0,0.52084064
0,0,0.5070339
0,0,0.5039794
0,0,0.521722
0,0,0.53235817
0,0,0.5327331
0,0,0.5378172
0,0,0.54335535
0,0,0.5306271
0,0,0.51868427
0,0,0.5281135
0,0,0.5266614
0,0,0.50764465
0,0,0.5029362
0,0,0.50406426
0,0,0.49586266
0,0,0.4769269
0,0,0.49095416
0,0,0.4906475
0,0,0.49718383
0,0,0.49504548
0,0,0.5182292
0,0,0.51537496
0,0,0.5246868
0,0,0.5245873
0,0,0.5250438
0,0,0.5293263
0,0,0.53511006
0,0,0.52174044
0,0,0.5340046
0,0,0.51369387
0,0,0.4987352
0,0,0.4897454
0,0,0.49018246
0,0,0.48312125
0,0,0.48936817
0,0,0.48369196
0,0,0.49531937
0,0,0.50672907
0,0,0.48782605
0,0,0.47215122
0,0,0.46636406
0,0,0.47562674
0,0,0.47073188
0,0,0.475241
0,0,0.46810374
0,0,0.48699582
0,0,0.48020297
0,0,0.47753528
0,0,0.48264092
0,0,0.49682182
0,0,0.5105867
0,0,0.49866846
0,0,0.49898022
0,0,0.50971633
0,0,0.4990877
0,0,0.5105556
0,0,0.50653327
0,0,0.5001371
0,0,0.4944533
0,0,0.48963523
0,0,0.50206715
0,0,0.49431577
0,0,0.5096855
0,0,0.5045449
0,0,0.522564
0,0,0.52706784
0,0,0.5285415
0,0,0.53273684
0,0,0.5188048
0,0,0.52350414
0,0,0.52346975
0,0,0.5210834
0,0,0.5060805
0,0,0.50074536
0,0,0.5136221
0,0,0.49576667
0,0,0.4953526
0,0,0.500558
0,0,0.50349545
0,0,0.48212686
0,0,0.49266067
0,0,0.50050557
0,0,0.51397955
0,0,0.5143222
0,0,0.5216938
0,0,0.51473117
0,0,0.5031583
0,0,0.52028894
0,0,0.52216625
0,0,0.50019884
0,0,0.5167711
0,0,0.5128101
0,0,0.51683354
0,0,0.49222004
0,0,0.4861223
0,0,0.47864643
0,0,0.4724977
0,0,0.472942
0,0,0.47406733
0,0,0.4912597
0,0,0.5046552
0,0,0.5106073
0,0,0.49991953
0,0,0.5185094
0,0,0.5032321
0,0,0.49115983
0,0,0.50058955
0,0,0.49937588
0,0,0.50314736
0,0,0.5122083
0,0,0.51118094
0,0,0.5131024
0,0,0.5027529
0,0,0.50896776
0,0,0.5267529
0,0,0.5214935
0,0,0.53125095
0,0,0.53421044
0,0,0.5304032
0,0,0.5260943
0,0,0.5357071
0,0,0.5247438
0,0,0.51642
0,0,0.5140796
0,0,0.5300091
0,0,0.5163005
0,0,0.51009196
0,0,0.5153195
0,0,0.5180896
0,0,0.5158628
0,0,0.5163529
0,0,0.5190408
0,0,0.50638473
0,0,0.5059259
0,0,0.49327412
0,0,0.5097335
0,0,0.50749063
0,0,0.49801782
0,0,0.5043164
0,0,0.51171595
0,0,0.50890535
0,0,0.50078356
0,0,0.51628184
0,0,0.5164144
0,0,0.5380928
0,0,0.52340287
0,0,0.5252018
0,0,0.5301098
0,0,0.52991736
0,0,0.5352922
0,0,0.51983696
0,0,0.52690333
0,0,0.5163988
0,0,0.5057584
0,0,0.49099338
0,0,0.48430333
0,0,0.48843777
0,0,0.4921863
0,0,0.4927072
0,0,0.49279195
0,0,0.4917371
0,0,0.49211106
0,0,0.50024897
0,0,0.49964038
0,0,0.48752072
0,0,0.48932835
0,0,0.48929462
0,0,0.4869814
0,0,0.48004958
0,0,0.48642978
0,0,0.4835933
0,0,0.4908032
0,0,0.4919257
0,0,0.49695617
0,0,0.49977824
0,0,0.49109215
0,0,0.4961219
0,0,0.50594383
0,0,0.52013123
0,0,0.5193949
0,0,0.5030636
0,0,0.5063388
0,0,0.5076885
0,0,0.49904156
0,0,0.49940783
0,0,0.5004552
0,0,0.49402997
0,0,0.48951933
0,0,0.5007969
0,0,0.49394113
0,0,0.4734097
0,0,0.4778861
0,0,0.4640722
0,0,0.474868
0,0,0.49475247
0,0,0.5060149
0,0,0.5166098
0,0,0.51016784
0,0,0.51877725
0,0,0.51820767
0,0,0.5046775
0,0,0.50626594
0,0,0.51885927
0,0,0.52881193
0,0,0.52077734
0,0,0.52195376
0,0,0.5127297
0,0,0.5047934
0,0,0.500165
0,0,0.51252633
0,0,0.5233139
0,0,0.5154441
0,0,0.504524
0,0,0.5075476
0,0,0.52186924
0,0,0.5109893
0,0,0.51962155
0,0,0.5127585
0,0,0.51309645
0,0,0.5234333
0,0,0.52338135
0,0,0.511684
0,0,0.5221888
0,0,0.5217047
0,0,0.51449037
0,0,0.5280901
0,0,0.51591384
0,0,0.5178087
0,0,0.5267065
0,0,0.5210906
0,0,0.5338716
0,0,0.52591336
0,0,0.52475035
0,0,0.5177392
0,0,0.5101859
0,0,0.50954115
0,0,0.50158894
0,0,0.48770267
0,0,0.4880286
0,0,0.5067518
0,0,0.50772977
0,0,0.51342016
0,0,0.53336203
0,0,0.5234367
0,0,0.5234632
0,0,0.51924664
0,0,0.5152698
0,0,0.50940126
0,0,0.503168
0,0,0.5049402
0,0,0.4960146
0,0,0.5031981
0,0,0.49848172
0,0,0.50335187
0,0,0.51242983
0,0,0.5169941
0,0,0.51278454
0,0,0.510011
0,0,0.5070352
0,0,0.50565636
0,0,0.51406354
0,0,0.5110049
0,0,0.4938622
0,0,0.5226714
0,0,0.5085773
0,0,0.50761676
0,0,0.48520604
0,0,0.4910075
0,0,0.48426494
0,0,0.48725134
0,0,0.4974882
0,0,0.52123857
0,0,0.5240238
0,0,0.52742046
0,0,0.52687484
0,0,0.5191013
0,0,0.5208363
0,0,0.5098381
0,0,0.5035508
0,0,0.5136217
0,0,0.52058536
0,0,0.514807
0,0,0.51844513
0,0,0.5150043
0,0,0.5150341
0,0,0.5132169
0,0,0.5264962
0,0,0.5308169
0,0,0.52705425
0,0,0.5118629
0,0,0.51536983
0,0,0.49854618
0,0,0.4971047
0,0,0.5001064
0,0,0.49386027
0,0,0.4672533
0,0,0.47848192
0,0,0.48530188
0,0,0.4805382
0,0,0.48454368
0,0,0.4919708
0,0,0.48802698
0,0,0.48476264
0,0,0.4866412
0,0,0.4898877
0,0,0.47849977
0,0,0.48847753
0,0,0.4782702
0,0,0.47496018
0,0,0.477671
0,0,0.46993217
0,0,0.4632364
0,0,0.47622982
0,0,0.4721725
0,0,0.46980137
0,0,0.47325513
0,0,0.47309983
0,0,0.47231525
0,0,0.47441253
0,0,0.47941208
0,0,0.4694563
0,0,0.47660136
0,0,0.46816036
0,0,0.46725184
0,0,0.47773772
0,0,0.4970281
0,0,0.4935689
0,0,0.503961
0,0,0.5109412
0,0,0.5155963
0,0,0.5083261
0,0,0.51534975
0,0,0.51073426
0,0,0.4953264
0,0,0.49748847
0,0,0.4964618
0,0,0.49548087
0,0,0.48786214
0,0,0.49397066
0,0,0.49875
0,0,0.511346
0,0,0.50010484
0,0,0.5026891
0,0,0.5098735
0,0,0.50887793
0,0,0.5070577
0,0,0.50359017
0,0,0.5006308
0,0,0.50566924
0,0,0.50532037
0,0,0.5007811
0,0,0.4932007
0,0,0.5097701
0,0,0.5112122
0,0,0.5263195
0,0,0.52089816
0,0,0.5129381
0,0,0.527373
0,0,0.5257777
0,0,0.5222828
0,0,0.5094911
0,0,0.523517
0,0,0.50738233
0,0,0.5063269
0,0,0.5105042
0,0,0.5131763
0,0,0.5159544
0,0,0.51005065
0,0,0.52551097
0,0,0.52520967
0,0,0.5178851
0,0,0.5077964
0,0,0.50404954
0,0,0.5064828
0,0,0.5160329
0,0,0.5138992
0,0,0.50440234
0,0,0.50723344
0,0,0.5085946
0,0,0.50735784
0,0,0.51183033
0,0,0.50570834
0,0,0.5026867
0,0,0.4991883
0,0,0.5072065
0,0,0.49981683
0,0,0.5076759
0,0,0.51243734
0,0,0.50629926
0,0,0.50725895
0,0,0.49426755
0,0,0.50614405
0,0,0.5096914
0,0,0.50125366
0,0,0.5252408
0,0,0.51922077
0,0,0.5188276
0,0,0.5062521
0,0,0.5155552
0,0,0.5044161
0,0,0.50032663
0,0,0.5033904
0,0,0.48945805
0,0,0.5030044
0,0,0.5057243
0,0,0.49601167
0,0,0.5170376
0,0,0.5072066
0,0,0.5123003
0,0,0.5183813
0,0,0.53373045
0,0,0.5309534
0,0,0.528158
0,0,0.53273755
0,0,0.5290197
0,0,0.5203024
0,0,0.53752977
0,0,0.5246634
0,0,0.51825535
0,0,0.5155938
0,0,0.5194986
0,0,0.52264476
0,0,0.509473
0,0,0.5064368
0,0,0.49239168
0,0,0.47386873
0,0,0.48458162
0,0,0.48866552
0,0,0.4927498
0,0,0.50965846
0,0,0.5156968
0,0,0.5118713
0,0,0.52607435
0,0,0.51498395
0,0,0.5146564
0,0,0.51739156
0,0,0.5105534
0,0,0.5008263
0,0,0.5045652
0,0,0.5070012
0,0,0.5206615
0,0,0.5214727
0,0,0.53521466
0,0,0.5069133
0,0,0.50312483
0,0,0.48982283
0,0,0.4952231
0,0,0.4808787
0,0,0.4815164
0,0,0.48867998
0,0,0.49888727
0,0,0.4971992
0,0,0.5056458
0,0,0.4943265
0,0,0.50405926
0,0,0.516116
0,0,0.508515
0,0,0.4978718
0,0,0.49139893
0,0,0.49755347
0,0,0.4985258
0,0,0.50867134
0,0,0.52243364
0,0,0.51564825
0,0,0.5183993
0,0,0.51793313
0,0,0.51024336
0,0,0.4963724
0,0,0.48210922
0,0,0.47709376
0,0,0.49570385
0,0,0.4940298
0,0,0.49519604
0,0,0.5147073
0,0,0.51147145
0,0,0.51298714
0,0,0.5157326
0,0,0.51244915
0,0,0.52587646
0,0,0.5372812
0,0,0.52594644
0,0,0.52570623
0,0,0.53935385
0,0,0.52345294
0,0,0.5161237
0,0,0.51025766
0,0,0.52309585
0,0,0.5367886
0,0,0.5249892
0,0,0.52427787
0,0,0.5201757
0,0,0.49653056
0,0,0.47406116
0,0,0.47521466
0,0,0.47014993
0,0,0.49783432
0,0,0.5111813
0,0,0.5173491
0,0,0.5133399
0,0,0.5300882
0,0,0.525377
0,0,0.5321427
0,0,0.53246045
0,0,0.5238186
0,0,0.5194139
0,0,0.52233523
0,0,0.50563896
0,0,0.50335723
0,0,0.5075604
0,0,0.5185491
0,0,0.5075373
0,0,0.5123466
0,0,0.5092617
0,0,0.516665
0,0,0.5025858
0,0,0.48650843
0,0,0.4838927
0,0,0.47710887
0,0,0.47992462
0,0,0.47692582
0,0,0.49526954
0,0,0.48624977
0,0,0.4840376
0,0,0.4865284
0,0,0.4834371
0,0,0.4822396
0,0,0.4762245
0,0,0.49239022
0,0,0.47719538
0,0,0.47709703
0,0,0.4915438
0,0,0.48594427
0,0,0.48744717
0,0,0.49189234
0,0,0.49670428
0,0,0.49930373
0,0,0.50461155
0,0,0.50398314
0,0,0.5201285
0,0,0.51962525
0,0,0.53485
0,0,0.5255105
0,0,0.51878864
0,0,0.5142309
0,0,0.51100713
0,0,0.505553
0,0,0.50845444
0,0,0.51570004
0,0,0.5120236
0,0,0.5193562
0,0,0.5159831
0,0,0.5249518
0,0,0.5374435
0,0,0.5191978
0,0,0.5222554
0,0,0.5063291
0,0,0.5154676
0,0,0.49933746
0,0,0.5036101
0,0,0.49401698
0,0,0.50392556
0,0,0.50274605
0,0,0.50523627
0,0,0.5075479
0,0,0.50891507
0,0,0.50569266
0,0,0.5127937
0,0,0.51277286
0,0,0.49513575
0,0,0.51554424
0,0,0.52271473
0,0,0.5117754
0,0,0.52361745
0,0,0.5285177
0,0,0.51581275
0,0,0.5006314
0,0,0.5026986
0,0,0.50345963
0,0,0.4963665
0,0,0.49216938
0,0,0.5148426
0,0,0.5085986
0,0,0.5187265
0,0,0.50702125
0,0,0.5212536
0,0,0.5189054
0,0,0.50701046
0,0,0.5143753
0,0,0.5140103
0,0,0.50632894
0,0,0.51556003
0,0,0.50423115
0,0,0.5040771
0,0,0.48900157
0,0,0.4827957
0,0,0.48586068
0,0,0.4840633
0,0,0.48754594
0,0,0.49070534
0,0,0.49598324
0,0,0.48888108
0,0,0.48189598
0,0,0.490312
0,0,0.50315225
0,0,0.49891338
0,0,0.4989769
0,0,0.48621324
0,0,0.502693
0,0,0.48911974
0,0,0.48706746
0,0,0.46471086
0,0,0.4901041
0,0,0.48417786
0,0,0.47621417
0,0,0.4881382
0,0,0.48439112
0,0,0.48826286
0,0,0.48428386
0,0,0.49546683
0,0,0.49408403
0,0,0.5058163
0,0,0.52000976
0,0,0.49534652
0,0,0.5072287
0,0,0.5130442
0,0,0.4946193
0,0,0.496107
0,0,0.5011738
0,0,0.49726826
0,0,0.49823955
0,0,0.50146735
0,0,0.48783985
0,0,0.49326548
0,0,0.505238
0,0,0.48936793
0,0,0.4838951
0,0,0.48962128
0,0,0.49176154
0,0,0.48939055
0,0,0.49183765
0,0,0.5035909
0,0,0.4931441
0,0,0.4944343
0,0,0.4951515
0,0,0.49174723
0,0,0.48967484
0,0,0.5011989
0,0,0.4962488
0,0,0.51778543
0,0,0.5240985
0,0,0.5325704
0,0,0.5186143
0,0,0.5142528
0,0,0.5090718
0,0,0.506638
0,0,0.5034174
0,0,0.50755936
0,0,0.508683
0,0,0.5041396
0,0,0.49780053
0,0,0.51189095
0,0,0.51301867
0,0,0.5113424
0,0,0.51392055
0,0,0.50917345
0,0,0.49442893
0,0,0.49323225
0,0,0.4887855
0,0,0.48949254
0,0,0.5051141
0,0,0.5205976
0,0,0.5202562
0,0,0.5224913
0,0,0.5230092
0,0,0.5091639
0,0,0.5002223
0,0,0.5075031
0,0,0.49440598
0,0,0.49365863
0,0,0.49999487
0,0,0.49006528
0,0,0.51033944
0,0,0.51418346
0,0,0.50851095
0,0,0.5141204
0,0,0.50779176
0,0,0.5331944
0,0,0.5380953
0,0,0.5351461
0,0,0.5269365
0,0,0.51648694
0,0,0.51575005
0,0,0.53230464
0,0,0.5218222
0,0,0.50277925
0,0,0.49799877
0,0,0.49153695
0,0,0.49062282
0,0,0.48774812
0,0,0.4820352
0,0,0.5005525
0,0,0.49028686
0,0,0.49557003
0,0,0.49510443
0,0,0.5060206
0,0,0.50694734
0,0,0.51083803
0,0,0.5104778
0,0,0.5085334
0,0,0.51015806
0,0,0.51540494
0,0,0.51468724
0,0,0.5240019
0,0,0.52130306
0,0,0.511313
0,0,0.507336
0,0,0.50957084
0,0,0.5205315
0,0,0.5219497
0,0,0.5314733
0,0,0.5127818
0,0,0.50617856
0,0,0.49814036
0,0,0.49251407
0,0,0.47779116
0,0,0.48849487
0,0,0.4875911
0,0,0.49903852
0,0,0.51346487
0,0,0.52038383
0,0,0.50403
0,0,0.509895
0,0,0.507724
0,0,0.5146853
0,0,0.5220166
0,0,0.5194948
0,0,0.51007956
0,0,0.5239359
0,0,0.5085797
0,0,0.49353868
0,0,0.49579152
0,0,0.4943364
0,0,0.4833357
0,0,0.4940562
0,0,0.50643
0,0,0.49913794
0,0,0.50434774
0,0,0.5093184
0,0,0.49541825
0,0,0.5009944
0,0,0.52302444
0,0,0.5158979
0,0,0.5312293
0,0,0.5073883
0,0,0.5048539
0,0,0.5121547
0,0,0.49556744
0,0,0.4992948
0,0,0.51073295
0,0,0.52634615
0,0,0.5270866
0,0,0.53064525
0,0,0.5317913
0,0,0.51522577
0,0,0.51361406
0,0,0.5082317
0,0,0.51638716
0,0,0.5265199
0,0,0.51508564
0,0,0.5210132
0,0,0.5210882
0,0,0.5128455
0,0,0.503355
0,0,0.5040553
0,0,0.49403524
0,0,0.49796447
0,0,0.49015358
0,0,0.49359688
0,0,0.4891049
0,0,0.4886598
0,0,0.49613795
0,0,0.49856955
0,0,0.49794397
0,0,0.51093346
0,0,0.50779796
0,0,0.50613827
0,0,0.49851146
0,0,0.50297064
0,0,0.5041141
0,0,0.5183734
0,0,0.5123055
0,0,0.5126573
0,0,0.51445967
0,0,0.51102126
0,0,0.50368387
0,0,0.49727917
0,0,0.48980826
0,0,0.47742352
0,0,0.46758085
0,0,0.4649021
0,0,0.4571967
0,0,0.46015736
0,0,0.4659349
0,0,0.4661219
0,0,0.4652638
0,0,0.47191232
0,0,0.47603917
0,0,0.48452356
0,0,0.48013625
0,0,0.5027569
0,0,0.49477106
0,0,0.50505143
0,0,0.5020044
0,0,0.4950613
0,0,0.5007607
0,0,0.5186592
0,0,0.51013577
0,0,0.5067858
0,0,0.51968443
0,0,0.5093329
0,0,0.51427704
0,0,0.52229106
0,0,0.5210921
0,0,0.51155907
0,0,0.522079
0,0,0.51218516
0,0,0.50598586
0,0,0.5129516
0,0,0.5062704
0,0,0.49989298
0,0,0.49793267
0,0,0.48371413
0,0,0.48833996
0,0,0.49582374
0,0,0.5058273
0,0,0.49688634
0,0,0.49583548
0,0,0.51614344
0,0,0.5127051
0,0,0.517424
0,0,0.51129436
0,0,0.52745765
0,0,0.53212863
0,0,0.52692276
0,0,0.52867234
0,0,0.5238249
0,0,0.5277842
0,0,0.52317107
0,0,0.51158154
0,0,0.51654583
0,0,0.51240265
0,0,0.505021
0,0,0.5021145
0,0,0.5236066
0,0,0.52119166
0,0,0.52219766
0,0,0.5414972
0,0,0.5246534
0,0,0.52245927
0,0,0.5381152
0,0,0.5299827
0,0,0.5206173
0,0,0.5270781
0,0,0.5169587
0,0,0.5178839
0,0,0.52886814
0,0,0.5155313
0,0,0.5059088
0,0,0.48799083
0,0,0.49729908
0,0,0.48323467
0,0,0.49670509
0,0,0.50551414
0,0,0.50818753
0,0,0.5096089
0,0,0.49959084
0,0,0.5004211
0,0,0.5054315
0,0,0.5044009
0,0,0.504866
0,0,0.5200924
0,0,0.52441216
0,0,0.5343726
0,0,0.5242867
0,0,0.53058434
0,0,0.5349691
0,0,0.52687126
0,0,0.5098267
0,0,0.50415283
0,0,0.5007756
0,0,0.4893624
0,0,0.50609154
0,0,0.5045921
0,0,0.5000305
0,0,0.503603
0,0,0.5121206
0,0,0.5170039
0,0,0.5017755
0,0,0.502529
0,0,0.48858956
0,0,0.4822204
0,0,0.4726766
0,0,0.4849975
0,0,0.47050086
0,0,0.4812305
0,0,0.4795573
0,0,0.48849067
0,0,0.4819942
0,0,0.48291492
0,0,0.4847429
0,0,0.5115995
0,0,0.5200188
0,0,0.535715
0,0,0.534221
0,0,0.5257805
0,0,0.5263018
0,0,0.51113373
0,0,0.49827814
0,0,0.51969624
0,0,0.51442176
0,0,0.4988117
0,0,0.50250006
0,0,0.50698227
0,0,0.5043654
0,0,0.50639075
0,0,0.5125412
0,0,0.50534064
0,0,0.5109377
0,0,0.5109557
0,0,0.5029194
0,0,0.49015588
0,0,0.48853585
0,0,0.48345992
0,0,0.4917163
0,0,0.48167053
0,0,0.48087752
0,0,0.4812443
0,0,0.4988391
0,0,0.4938632
0,0,0.4954714
0,0,0.49898902
0,0,0.50518024
0,0,0.49205616
0,0,0.5034068
0,0,0.4937822
0,0,0.48762438
0,0,0.49077243
0,0,0.50030226
0,0,0.5095749
0,0,0.5083535
0,0,0.49962476
0,0,0.51082534
0,0,0.5083173
0,0,0.51572824
0,0,0.52128017
0,0,0.532714
0,0,0.53070307
0,0,0.52066326
0,0,0.5308519
0,0,0.5353853
0,0,0.52215165
0,0,0.5132225
0,0,0.51638347
0,0,0.51215786
0,0,0.50371575
0,0,0.4971186
0,0,0.50078815
0,0,0.5091613
0,0,0.5177388
0,0,0.50715166
0,0,0.49737385
0,0,0.4967811
0,0,0.49292937
0,0,0.48753992
0,0,0.48975495
0,0,0.5179017
0,0,0.52972966
0,0,0.52832985
0,0,0.51841015
0,0,0.517881
0,0,0.51291066
0,0,0.51568586
0,0,0.51888454
0,0,0.5274865
0,0,0.53439903
0,0,0.52331734
0,0,0.52548796
0,0,0.52495533
0,0,0.5256246
0,0,0.5196255
0,0,0.52250177
0,0,0.50404775
0,0,0.48105195
0,0,0.48871538
0,0,0.49630296
0,0,0.5098838
0,0,0.5179649
0,0,0.5168215
0,0,0.5123314
0,0,0.52236396
0,0,0.511433
0,0,0.5135011
0,0,0.50794667
0,0,0.5246967
0,0,0.5352423
0,0,0.53574795
0,0,0.53377056
0,0,0.54115343
0,0,0.5290059
0,0,0.5213577
0,0,0.5148724
0,0,0.49466848
0,0,0.49684972
0,0,0.5155077
0,0,0.51350766
0,0,0.5180674
0,0,0.5295808
0,0,0.5160093
0,0,0.52257544
0,0,0.5194739
0,0,0.5164397
0,0,0.50384235
0,0,0.498129
0,0,0.49947008
0,0,0.49783492
0,0,0.49654245
0,0,0.49466854
0,0,0.5001228
0,0,0.51110405
0,0,0.51360434
0,0,0.50829357
0,0,0.50697714
0,0,0.51242167
0,0,0.50500673
0,0,0.50770247
0,0,0.5146941
0,0,0.51135284
0,0,0.5084947
0,0,0.5074155
0,0,0.5193362
0,0,0.4987519
0,0,0.48866597
0,0,0.48832425
0,0,0.516288
0,0,0.5272461
0,0,0.5247242
0,0,0.5312951
0,0,0.5273951
0,0,0.52059704
0,0,0.5158485
0,0,0.50343806
0,0,0.51941407
0,0,0.515873
0,0,0.52829
0,0,0.5445654
0,0,0.53951335
0,0,0.5284871
0,0,0.5329377
0,0,0.528273
0,0,0.52479005
0,0,0.52151835
0,0,0.5239422
0,0,0.50824195
0,0,0.51536953
0,0,0.5061949
0,0,0.51236314
0,0,0.5187527
0,0,0.5178075
0,0,0.50957584
0,0,0.5213546
0,0,0.5302888
0,0,0.53323394
0,0,0.5360425
0,0,0.5335372
0,0,0.526906
0,0,0.5208829
0,0,0.5197727
0,0,0.5023245
0,0,0.495378
0,0,0.50755167
0,0,0.5110248
0,0,0.5049924
0,0,0.5146735
0,0,0.5165782
0,0,0.50286585
0,0,0.50806224
0,0,0.5196186
0,0,0.5008912
0,0,0.49304345
0,0,0.5022884
0,0,0.48740906
0,0,0.48820677
0,0,0.47722167
0,0,0.47157302
0,0,0.47140422
0,0,0.49152896
0,0,0.48625395
0,0,0.4891121
0,0,0.50061333
0,0,0.49604493
0,0,0.5010545
0,0,0.51263785
0,0,0.51247364
0,0,0.516103
0,0,0.52176315
0,0,0.5114937
0,0,0.51438046
0,0,0.5107319
0,0,0.5091603
0,0,0.49809706
0,0,0.48736647
0,0,0.48102778
0,0,0.4725985
0,0,0.47009683
0,0,0.46247432
0,0,0.46744952
0,0,0.4979393
0,0,0.49487627
0,0,0.4979831
0,0,0.50402987
0,0,0.49305797
0,0,0.47854006
0,0,0.483367
0,0,0.49290556
0,0,0.48852038
0,0,0.48864752
0,0,0.48767415
0,0,0.49184966
0,0,0.49028066
0,0,0.5018112
0,0,0.4818116
0,0,0.49725503
0,0,0.4945992
0,0,0.49099797
0,0,0.49008784
0,0,0.49937272
0,0,0.48848146
0,0,0.49407122
0,0,0.4995331
0,0,0.497517
0,0,0.48870024
0,0,0.5100102
0,0,0.5143789
0,0,0.5160408
0,0,0.5088803
0,0,0.49673617
0,0,0.502098
0,0,0.5037661
0,0,0.49343273
0,0,0.4823879
0,0,0.47378796
0,0,0.47926414
0,0,0.4878105
0,0,0.4918597
0,0,0.49700144
0,0,0.50751966
0,0,0.50869316
0,0,0.50752103
0,0,0.5211686
0,0,0.49629217
0,0,0.49849868
0,0,0.4889003
0,0,0.4926763
0,0,0.50404775
0,0,0.50791293
0,0,0.510372
0,0,0.49525714
0,0,0.50417024
0,0,0.51339716
0,0,0.5023677
0,0,0.5041464
0,0,0.5201246
0,0,0.52130854
0,0,0.5180865
0,0,0.52453494
0,0,0.5188475
0,0,0.52610934
0,0,0.5169094
0,0,0.51588446
0,0,0.499015
0,0,0.51764125
0,0,0.50607574
0,0,0.5106557
0,0,0.5230351
0,0,0.5166079
0,0,0.51494414
0,0,0.51978344
0,0,0.51929677
0,0,0.51892066
0,0,0.52225876
0,0,0.52912575
0,0,0.54275376
0,0,0.53751564
0,0,0.5238313
0,0,0.52708125
0,0,0.53005725
0,0,0.52090985
0,0,0.521515
0,0,0.5099706
0,0,0.51717114
0,0,0.52186596
0,0,0.5116769
0,0,0.510719
0,0,0.5179746
0,0,0.51351994
0,0,0.5097263
0,0,0.5309662
0,0,0.53395134
0,0,0.5342926
0,0,0.52397066
0,0,0.50928676
0,0,0.5024617
0,0,0.48796222
0,0,0.49339893
0,0,0.51191103
0,0,0.5144545
0,0,0.5240469
0,0,0.51657796
0,0,0.5304177
0,0,0.5325367
0,0,0.51854205
0,0,0.5432657
0,0,0.5379348
0,0,0.52464056
0,0,0.5280415
0,0,0.54446405
0,0,0.52851605
0,0,0.5229545
0,0,0.5249934
0,0,0.511589
0,0,0.5143772
0,0,0.50365806
0,0,0.50712454
0,0,0.49668968
0,0,0.496801
0,0,0.5114981
0,0,0.51304543
0,0,0.51226217
0,0,0.5229985
0,0,0.5148882
0,0,0.5038161
0,0,0.50651467
0,0,0.51138014
0,0,0.5071736
0,0,0.49609435
0,0,0.5049564
0,0,0.5124539
0,0,0.50550544
0,0,0.5103316
0,0,0.5061929
0,0,0.49225888
0,0,0.4899757
0,0,0.48408374
0,0,0.48748055
0,0,0.47409526
0,0,0.46870324
0,0,0.45742714
0,0,0.46525103
0,0,0.47682148
0,0,0.48164862
0,0,0.487625
0,0,0.5009123
0,0,0.5004475
0,0,0.49844483
0,0,0.49691743
0,0,0.51340914
0,0,0.50673616
0,0,0.5180256
0,0,0.503086
0,0,0.50040394
0,0,0.48835787
0,0,0.5083632
0,0,0.52140814
0,0,0.5257012
0,0,0.5267988
0,0,0.524191
0,0,0.5307585
0,0,0.5311492
0,0,0.5258693
0,0,0.52772534
0,0,0.5389934
0,0,0.5205335
0,0,0.5183644
0,0,0.5023975
0,0,0.5063919
0,0,0.49948964
0,0,0.49425018
0,0,0.4847503
0,0,0.5003652
0,0,0.51015294
0,0,0.5193132
0,0,0.53605986
0,0,0.5260277
0,0,0.51397264
0,0,0.50158536
0,0,0.5115767
0,0,0.4934451
0,0,0.48913372
0,0,0.49251541
0,0,0.4962819
0,0,0.49249685
0,0,0.51188797
0,0,0.5117105
0,0,0.5255077
0,0,0.5297526
0,0,0.54297256
0,0,0.5270962
0,0,0.52287656
0,0,0.5286698
0,0,0.5103054
0,0,0.49458694
0,0,0.4848027
0,0,0.47071788
0,0,0.47970247
0,0,0.49541274
0,0,0.5120875
0,0,0.5136827
0,0,0.5108666
0,0,0.5293014
0,0,0.5277038
0,0,0.52967036
0,0,0.526639
0,0,0.5359899
0,0,0.5308242
0,0,0.5186469
0,0,0.5260717
0,0,0.52059704
0,0,0.5334459
0,0,0.5159287
0,0,0.5167511
0,0,0.4953625
0,0,0.5115469
0,0,0.49615002
0,0,0.49171582
0,0,0.48239535
0,0,0.48274657
0,0,0.48775354
0,0,0.498569
0,0,0.49654797
0,0,0.49827707
0,0,0.5125889
0,0,0.50811374
0,0,0.49961585
0,0,0.49544036
0,0,0.49978313
0,0,0.49334282
0,0,0.48939225
0,0,0.49319506
0,0,0.5015594
0,0,0.5198666
0,0,0.5089851
0,0,0.5096868
0,0,0.5089599
0,0,0.5105929
0,0,0.50020695
0,0,0.49386707
0,0,0.5024754
0,0,0.5159959
0,0,0.5181873
0,0,0.50739837
0,0,0.5079281
0,0,0.5072131
0,0,0.49495727
0,0,0.491373
0,0,0.5190162
0,0,0.5112384
0,0,0.51309866
0,0,0.51228756
0,0,0.51120746
0,0,0.5061089
0,0,0.50454885
0,0,0.5186247
0,0,0.4998971
0,0,0.5213754
0,0,0.5132452
0,0,0.5150858
0,0,0.5012285
0,0,0.51537895
0,0,0.4954797
0,0,0.49142426
0,0,0.4851079
0,0,0.5062558
0,0,0.5061582
0,0,0.51604736
0,0,0.51664156
0,0,0.5329647
0,0,0.51654774
0,0,0.52346087
0,0,0.5177606
0,0,0.52161336
0,0,0.5025558
0,0,0.50026447
0,0,0.50330037
0,0,0.50481874
0,0,0.5018576
0,0,0.5047904
0,0,0.5137718
0,0,0.5064368
0,0,0.50756603
0,0,0.4826089
0,0,0.48725078
0,0,0.4787649
0,0,0.4838846
0,0,0.47210526
0,0,0.48868212
0,0,0.49621472
0,0,0.49722916
0,0,0.48045424
0,0,0.49265024
0,0,0.48630163
0,0,0.48859718
0,0,0.47469258
0,0,0.47690812
0,0,0.49043876
0,0,0.4911299
0,0,0.4869076
0,0,0.4831174
0,0,0.4836037
0,0,0.49018794
0,0,0.49371645
0,0,0.50168115
0,0,0.5100792
0,0,0.51807237
0,0,0.5243548
0,0,0.5235322
0,0,0.5216208
0,0,0.534183
0,0,0.5273358
0,0,0.5223762
0,0,0.5195075
0,0,0.5283109
0,0,0.5217043
0,0,0.5316263
0,0,0.53081816
0,0,0.5127018
0,0,0.51745534
0,0,0.5150203
0,0,0.52512455
0,0,0.52265596
0,0,0.5229836
0,0,0.5253517
0,0,0.5165372
0,0,0.5178566
0,0,0.5213539
0,0,0.531015
0,0,0.5263772
0,0,0.5319664
0,0,0.52351654
0,0,0.5148103
0,0,0.50850564
0,0,0.49685338
0,0,0.50278556
0,0,0.507131
0,0,0.5149164
0,0,0.5213502
0,0,0.52596766
0,0,0.54012805
0,0,0.50888526
0,0,0.51294553
0,0,0.51388323
0,0,0.51403344
0,0,0.5035493
0,0,0.5064453
0,0,0.4875024
0,0,0.48201087
0,0,0.4789267
0,0,0.48234257
0,0,0.49842617
0,0,0.4878669
0,0,0.50525737
0,0,0.5056482
0,0,0.5144246
0,0,0.5156599
0,0,0.50701594
0,0,0.5064751
0,0,0.50984174
0,0,0.5180498
0,0,0.5025115
0,0,0.492526
0,0,0.49619165
0,0,0.50571525
0,0,0.5033781
0,0,0.50093186
0,0,0.5131893
0,0,0.508123
0,0,0.506813
0,0,0.502584
0,0,0.5108391
0,0,0.50226486
0,0,0.5267442
0,0,0.52910644
0,0,0.52201444
0,0,0.5270877
0,0,0.532879
0,0,0.5378283
0,0,0.52924407
0,0,0.5235238
0,0,0.50615203
0,0,0.5083299
0,0,0.5056528
0,0,0.49568054
0,0,0.4840633
0,0,0.4975544
0,0,0.507815
0,0,0.5236294
0,0,0.5199047
0,0,0.5279851
0,0,0.5049986
0,0,0.5111425
0,0,0.5041413
0,0,0.5011661
0,0,0.48666626
0,0,0.50333434
0,0,0.4939438
0,0,0.491463
0,0,0.4817234
0,0,0.5125465
0,0,0.5157294
0,0,0.5064694
0,0,0.51591045
0,0,0.52565175
0,0,0.5251534
0,0,0.52733195
0,0,0.52266246
0,0,0.51988286
0,0,0.51238245
0,0,0.50272715
0,0,0.50138974
0,0,0.48861223
0,0,0.4978978
0,0,0.49696028
0,0,0.49714926
0,0,0.49846953
0,0,0.4977723
0,0,0.49078494
0,0,0.4923726
0,0,0.48445737
0,0,0.49041528
0,0,0.49817634
0,0,0.49722245
0,0,0.50970215
0,0,0.49720734
0,0,0.49855876
0,0,0.5043521
0,0,0.5196646
0,0,0.5177252
0,0,0.52067494
0,0,0.5301175
0,0,0.5270498
0,0,0.5294751
0,0,0.535333
0,0,0.52974766
0,0,0.5318227
0,0,0.5210566
0,0,0.50625193
0,0,0.4912647
0,0,0.48254064
0,0,0.49030188
0,0,0.4963095
0,0,0.50469035
0,0,0.5239633
0,0,0.52106154
0,0,0.5169197
0,0,0.5093526
0,0,0.49781117
0,0,0.48797423
0,0,0.48628536
0,0,0.48880532
0,0,0.49752718
0,0,0.5083321
0,0,0.51568705
0,0,0.5010406
0,0,0.5045955
0,0,0.49532247
0,0,0.50657326
0,0,0.50957865
0,0,0.50741994
0,0,0.5109842
0,0,0.5227914
0,0,0.51692754
0,0,0.51945794
0,0,0.5299348
0,0,0.52106106
0,0,0.5088343
0,0,0.5124746
0,0,0.50250137
0,0,0.5098348
0,0,0.5070494
0,0,0.53415877
0,0,0.5371319
0,0,0.54652685
0,0,0.52615595
0,0,0.5372181
0,0,0.53574926
0,0,0.5319397
0,0,0.5125392
0,0,0.5205823
0,0,0.51288486
0,0,0.51222163
0,0,0.5266604
0,0,0.52395517
0,0,0.5274145
0,0,0.5264464
0,0,0.526898
0,0,0.51600915
0,0,0.50189155
0,0,0.51138717
0,0,0.50950605
0,0,0.5051077
0,0,0.50693905
0,0,0.50477993
0,0,0.492264
0,0,0.50116646
0,0,0.48713744
0,0,0.46898478
0,0,0.48308975
0,0,0.4759937
0,0,0.47915906
0,0,0.5086126
0,0,0.5156391
0,0,0.5059409
0,0,0.514517
0,0,0.5045667
0,0,0.48784545
0,0,0.48594093
0,0,0.49186558
0,0,0.47995898
0,0,0.49407727
0,0,0.4762698
0,0,0.4894216
0,0,0.48358384
0,0,0.49137628
0,0,0.48668015
0,0,0.49731365
0,0,0.48267913
0,0,0.50659174
0,0,0.506545
0,0,0.49510565
0,0,0.499472
0,0,0.49393985
0,0,0.50280285
0,0,0.5056694
0,0,0.5118258
0,0,0.5234603
0,0,0.52852803
0,0,0.52253014
0,0,0.5291333
0,0,0.5235311
0,0,0.52598155
0,0,0.5179501
0,0,0.5205665
0,0,0.5176892
0,0,0.51096
0,0,0.5028764
0,0,0.5222295
0,0,0.51127154
0,0,0.51042205
0,0,0.5061428
0,0,0.51262474
0,0,0.51283085
0,0,0.5144601
0,0,0.5060981
0,0,0.5086267
0,0,0.52187043
0,0,0.53624016
0,0,0.52172303
0,0,0.52029055
0,0,0.516114
0,0,0.5073766
0,0,0.48245782
0,0,0.4743623
0,0,0.49551493
0,0,0.49575886
0,0,0.49148172
0,0,0.49554673
0,0,0.5024225
0,0,0.50639486
0,0,0.495131
0,0,0.50130844
0,0,0.5040798
0,0,0.52208847
0,0,0.50491226
0,0,0.51443136
0,0,0.52390873
0,0,0.51105094
0,0,0.50802815
0,0,0.49348578
0,0,0.50251853
0,0,0.48584884
0,0,0.48439106
0,0,0.49664852
0,0,0.4838841
0,0,0.49790424
0,0,0.50312644
0,0,0.5097538
0,0,0.5100749
0,0,0.5198506
0,0,0.5116903
0,0,0.4964959
0,0,0.49562114
0,0,0.4979453
0,0,0.49250868
0,0,0.50374097
0,0,0.50926894
0,0,0.5143842
0,0,0.5287421
0,0,0.54299915
0,0,0.5308601
0,0,0.5294688
0,0,0.527231
0,0,0.5328143
0,0,0.5305323
0,0,0.51690835
0,0,0.5154793
0,0,0.51647663
0,0,0.5222964
0,0,0.5141416
0,0,0.5062625
0,0,0.49583325
0,0,0.5145128
0,0,0.50558966
0,0,0.5041256
0,0,0.5092685
0,0,0.51204044
0,0,0.51610845
0,0,0.52078414
0,0,0.5191437
0,0,0.50880486
0,0,0.49491784
0,0,0.48778185
0,0,0.49053618
0,0,0.49665046
0,0,0.5101837
0,0,0.51881725
0,0,0.5141664
0,0,0.51429415
0,0,0.5110665
0,0,0.494283
0,0,0.4948571
0,0,0.493928
0,0,0.48604697
0,0,0.47451735
0,0,0.48350975
0,0,0.48884752
0,0,0.5012459
0,0,0.51689315
0,0,0.5235188
0,0,0.52466124
0,0,0.5231672
0,0,0.51520383
0,0,0.5070498
0,0,0.5030572
0,0,0.49848053
0,0,0.48145467
0,0,0.51352906
0,0,0.51195306
0,0,0.51130694
0,0,0.5066076
0,0,0.5198253
0,0,0.5130818
0,0,0.5298054
0,0,0.52730006
0,0,0.5113816
0,0,0.5184929
0,0,0.5273427
0,0,0.5176413
0,0,0.51858073
0,0,0.5093677
0,0,0.49625653
0,0,0.49935746
0,0,0.50793713
0,0,0.52042305
0,0,0.51191574
0,0,0.51521224
0,0,0.5263114
0,0,0.5104078
0,0,0.50300324
0,0,0.49929944
0,0,0.49479267
0,0,0.48868588
0,0,0.4895454
0,0,0.49299866
0,0,0.50385255
0,0,0.5330509
0,0,0.52382
0,0,0.52904016
0,0,0.49791625
0,0,0.50159454
0,0,0.479415
0,0,0.5132307
0,0,0.50745666
0,0,0.5236441
0,0,0.51680726
0,0,0.5259899
0,0,0.5211555
0,0,0.5139403
0,0,0.50119334
0,0,0.5065587
0,0,0.49686196
0,0,0.4943661
0,0,0.4977293
0,0,0.4985559
0,0,0.4904133
0,0,0.4808097
0,0,0.4849918
0,0,0.49631435
0,0,0.51235974
0,0,0.5087058
0,0,0.5123729
0,0,0.50602156
0,0,0.5179697
0,0,0.51270396
0,0,0.5007717
0,0,0.48838624
0,0,0.48632148
0,0,0.46886525
0,0,0.4826046
0,0,0.49754524
0,0,0.4951146
0,0,0.49890348
0,0,0.49914032
0,0,0.4850767
0,0,0.48655945
0,0,0.5029475
0,0,0.49207088
0,0,0.48591533
0,0,0.51891637
0,0,0.5349388
0,0,0.5201376
0,0,0.5245767
0,0,0.53504187
0,0,0.5192503
0,0,0.5274804
0,0,0.5142761
0,0,0.5106375
0,0,0.514048
0,0,0.51267236
0,0,0.5170617
0,0,0.53029025
0,0,0.5161804
0,0,0.50236344
0,0,0.48709172
0,0,0.48423985
0,0,0.47512272
0,0,0.47292215
0,0,0.48276502
0,0,0.49137163
0,0,0.48412415
0,0,0.494766
0,0,0.49422002
0,0,0.5112458
0,0,0.4950595
0,0,0.49299976
0,0,0.4823285
0,0,0.4724855
0,0,0.45145556
0,0,0.44506273
0,0,0.4497559
0,0,0.4687006
0,0,0.47074276
0,0,0.48410124
0,0,0.51090336
0,0,0.5059324
0,0,0.5014721
0,0,0.51612365
0,0,0.52461505
0,0,0.52368915
0,0,0.5113983
0,0,0.50021076
0,0,0.48863333
0,0,0.47749874
0,0,0.48915562
0,0,0.49100935
0,0,0.48673302
0,0,0.499521
0,0,0.51409537
0,0,0.5113969
0,0,0.49968442
0,0,0.4838827
0,0,0.48610517
0,0,0.4856902
0,0,0.48638105
0,0,0.49426463
0,0,0.50189245
0,0,0.49966013
0,0,0.5057024
0,0,0.5064735
0,0,0.49154496
0,0,0.50463957
0,0,0.5019798
0,0,0.4933604
0,0,0.49817327
0,0,0.5073218
0,0,0.5068972
0,0,0.50614274
0,0,0.5155462
0,0,0.52064836
0,0,0.51129144
0,0,0.5140372
0,0,0.5067343
0,0,0.50185823
0,0,0.4904486
0,0,0.48131377
0,0,0.492725
0,0,0.4974416
0,0,0.5094408
0,0,0.50479937
0,0,0.5215555
0,0,0.51890975
0,0,0.5132151
0,0,0.519472
0,0,0.5237803
0,0,0.524429
0,0,0.5253605
0,0,0.5155535
0,0,0.5046895
0,0,0.5208995
0,0,0.5038592
0,0,0.5085435
0,0,0.5224199
0,0,0.5181959
0,0,0.52460295
0,0,0.53511333
0,0,0.5329559
0,0,0.53208876
0,0,0.5254961
0,0,0.54383236
0,0,0.52648556
0,0,0.52607054
0,0,0.5148323
0,0,0.52746135
0,0,0.5196864
0,0,0.5105961
0,0,0.5037027
0,0,0.5059604
0,0,0.500147
0,0,0.49936983
0,0,0.5010496
0,0,0.5075124
0,0,0.51207715
0,0,0.50689304
0,0,0.5138593
0,0,0.50628686
0,0,0.5173414
0,0,0.5207464
0,0,0.5140506
0,0,0.5061107
0,0,0.5014742
0,0,0.5267032
0,0,0.5289549
0,0,0.51867676
0,0,0.5060373
0,0,0.5108045
0,0,0.516299
0,0,0.50942767
0,0,0.51733804
0,0,0.51432556
0,0,0.5231597
0,0,0.51841414
0,0,0.51670104
0,0,0.51023364
0,0,0.51513743
0,0,0.5106105
0,0,0.51452607
0,0,0.50870997
0,0,0.50738317
0,0,0.496908
0,0,0.49353978
0,0,0.49161583
0,0,0.4971476
0,0,0.50444055
0,0,0.4984188
0,0,0.5167221
0,0,0.5139222
0,0,0.5238752
0,0,0.5274308
0,0,0.52096283
0,0,0.50655216
0,0,0.52411664
0,0,0.5217398
0,0,0.504847
0,0,0.50124377
0,0,0.51151586
0,0,0.5079249
0,0,0.5069717
0,0,0.51045746
0,0,0.50165147
0,0,0.5180853
0,0,0.532103
0,0,0.54341114
0,0,0.5402633
0,0,0.5267497
0,0,0.5189914
0,0,0.5322706
0,0,0.52459806
0,0,0.5170127
0,0,0.5092823
0,0,0.4989534
0,0,0.5024529
0,0,0.5094453
0,0,0.50257033
0,0,0.48979962
0,0,0.49096727
0,0,0.48570067
0,0,0.47342178
0,0,0.48502117
0,0,0.4834751
0,0,0.49754697
0,0,0.5105985
0,0,0.51232463
0,0,0.5109894
0,0,0.511156
0,0,0.5156079
0,0,0.51363856
0,0,0.5100763
0,0,0.50549763
0,0,0.5010263
0,0,0.50852674
0,0,0.50528723
0,0,0.49502006
0,0,0.49271297
0,0,0.47186732
0,0,0.48561248
0,0,0.4885984
0,0,0.4974548
0,0,0.49220648
0,0,0.51006496
0,0,0.5170022
0,0,0.5202465
0,0,0.5279642
0,0,0.52757657
0,0,0.52481776
0,0,0.52589774
0,0,0.51155037
0,0,0.53088903
0,0,0.52463335
0,0,0.5121339
0,0,0.5283553
0,0,0.5194646
0,0,0.5201953
0,0,0.5163287
0,0,0.50737995
0,0,0.50875974
0,0,0.51810604
0,0,0.49754223
0,0,0.50073147
0,0,0.49721253
0,0,0.5055313
0,0,0.50821376
0,0,0.49856693
0,0,0.5192919
0,0,0.5089622
0,0,0.5016363
0,0,0.4959956
0,0,0.4785713
0,0,0.47827268
0,0,0.48238584
0,0,0.5043284
0,0,0.50931436
0,0,0.5284511
0,0,0.52616864
0,0,0.5121284
0,0,0.52924573
0,0,0.53076446
0,0,0.52703106
0,0,0.5182106
0,0,0.51265955
0,0,0.5203046
0,0,0.52449304
0,0,0.52052665
0,0,0.52410436
0,0,0.52211756
0,0,0.52786314
0,0,0.5322231
0,0,0.51128745
0,0,0.5158704
0,0,0.49867433
0,0,0.48751494
0,0,0.488215
0,0,0.47849086
0,0,0.48194447
0,0,0.49242225
0,0,0.49458233
0,0,0.5028506
0,0,0.5066258
0,0,0.51019156
0,0,0.525889
0,0,0.526099
0,0,0.5294559
0,0,0.5305815
0,0,0.5249267
0,0,0.50280696
0,0,0.49616677
0,0,0.49625298
0,0,0.48758888
0,0,0.49768588
0,0,0.50952977
0,0,0.5144584
0,0,0.5058028
0,0,0.4939538
0,0,0.4829504
0,0,0.48359963
0,0,0.47818094
0,0,0.4642677
0,0,0.48651758
0,0,0.49917704
0,0,0.5090879
0,0,0.52196383
0,0,0.52270883
0,0,0.5167994
0,0,0.5230356
0,0,0.5162979
0,0,0.50711423
0,0,0.50041485
0,0,0.50062466
0,0,0.49593788
0,0,0.48829186
0,0,0.4953667
0,0,0.5022616
0,0,0.4958445
0,0,0.48959157
0,0,0.5036562
0,0,0.5071031
0,0,0.48645258
0,0,0.50827146
0,0,0.5233979
0,0,0.5132162
0,0,0.5190705
0,0,0.5179026
0,0,0.53384626
0,0,0.53033006
0,0,0.5241176
0,0,0.5190396
0,0,0.531492
0,0,0.52994496
0,0,0.52242273
0,0,0.50896937
0,0,0.5089247
0,0,0.5078736
0,0,0.50076747
0,0,0.5016289
0,0,0.51135546
0,0,0.509383
0,0,0.5186737
0,0,0.50873965
0,0,0.4987327
0,0,0.49805292
0,0,0.48898202
0,0,0.4853786
0,0,0.49170065
0,0,0.5115434
0,0,0.5041595
0,0,0.52893364
0,0,0.52276856
0,0,0.53004634
0,0,0.5248068
0,0,0.5258306
0,0,0.52432364
0,0,0.536954
0,0,0.52833223
0,0,0.5097672
0,0,0.5123836
0,0,0.5099372
0,0,0.49580967
0,0,0.4949148
0,0,0.51450825
0,0,0.5039519
0,0,0.51019967
0,0,0.5030535
0,0,0.4923885
0,0,0.4801591
0,0,0.4823564
0,0,0.4772134
0,0,0.46849558
0,0,0.47902295
0,0,0.48222685
0,0,0.49085605
0,0,0.48733836
0,0,0.49958965
0,0,0.5047856
0,0,0.51493627
0,0,0.5192653
0,0,0.5302169
0,0,0.52507466
0,0,0.5265283
0,0,0.5186498
0,0,0.528456
0,0,0.5114531
0,0,0.504365
0,0,0.52577674
0,0,0.5158093
0,0,0.50858533
0,0,0.5248195
0,0,0.51254094
0,0,0.5047625
0,0,0.5069117
0,0,0.50000954
0,0,0.48905432
0,0,0.492601
0,0,0.4939159
0,0,0.498942
0,0,0.51113975
0,0,0.51374674
0,0,0.5247395
0,0,0.51113546
0,0,0.5020702
0,0,0.50785583
0,0,0.498796
0,0,0.51815677
0,0,0.4994582
0,0,0.5204709
0,0,0.5293242
0,0,0.5209827
0,0,0.5076894
0,0,0.504483
0,0,0.49574316
0,0,0.49169096
0,0,0.49430948
0,0,0.5077473
0,0,0.5099577
0,0,0.5082449
0,0,0.5270494
0,0,0.52113366
0,0,0.51667684
0,0,0.5201063
0,0,0.5019852
0,0,0.5041614
0,0,0.5065879
0,0,0.50337845
0,0,0.4975439
0,0,0.51663303
0,0,0.5030105
0,0,0.5085331
0,0,0.5109073
0,0,0.51375973
0,0,0.5086921
0,0,0.51068634
0,0,0.51472926
0,0,0.50685036
0,0,0.5001133
0,0,0.51508677
0,0,0.5200073
0,0,0.5264346
0,0,0.5345195
0,0,0.5288181
0,0,0.5208053
0,0,0.52583313
0,0,0.5162242
0,0,0.51048636
0,0,0.51843613
0,0,0.5301001
0,0,0.5376561
0,0,0.5422466
0,0,0.5454891
0,0,0.5369351
0,0,0.53133315
0,0,0.52757394
0,0,0.52895534
0,0,0.52103066
0,0,0.52045166
0,0,0.5304856
0,0,0.5201347
0,0,0.5032708
0,0,0.5204397
0,0,0.5173444
0,0,0.510195
0,0,0.5021295
0,0,0.5033699
0,0,0.49270973
0,0,0.4777863
0,0,0.48450696
0,0,0.4916817
0,0,0.5012699
0,0,0.50708574
0,0,0.50852025
0,0,0.49959013
0,0,0.5016713
0,0,0.49803796
0,0,0.49895683
0,0,0.50293297
0,0,0.5071111
0,0,0.5102972
0,0,0.5056662
0,0,0.5284528
0,0,0.5171171
0,0,0.5077955
0,0,0.49612826
0,0,0.48395786
0,0,0.47787184
0,0,0.49549446
0,0,0.51276296
0,0,0.49413827
0,0,0.506021
0,0,0.50812614
0,0,0.50262886
0,0,0.5022933
0,0,0.49108776
0,0,0.48451692
0,0,0.5090553
0,0,0.49921587
0,0,0.51195705
0,0,0.5234636
0,0,0.52212554
0,0,0.5126361
0,0,0.50067705
0,0,0.49927703
0,0,0.49334642
0,0,0.49699873
0,0,0.4787042
0,0,0.4935711
0,0,0.4945831
0,0,0.49795958
0,0,0.49226657
0,0,0.5065138
0,0,0.4966443
0,0,0.50686747
0,0,0.5045233
0,0,0.5133542
0,0,0.50994307
0,0,0.51144814
0,0,0.5106967
0,0,0.5174946
0,0,0.5200352
0,0,0.5094505
0,0,0.5090941
0,0,0.498227
0,0,0.48869386
0,0,0.4715735
0,0,0.4702667
0,0,0.4785631
0,0,0.4931858
0,0,0.4916674
0,0,0.49176303
0,0,0.49847355
0,0,0.49632365
0,0,0.49068284
0,0,0.508559
0,0,0.53098947
0,0,0.5182548
0,0,0.50754154
0,0,0.50890917
0,0,0.51665336
0,0,0.5212639
0,0,0.5366531
0,0,0.518936
0,0,0.52518976
0,0,0.50603926
0,0,0.49501014
0,0,0.48669586
0,0,0.4772376
0,0,0.46729225
0,0,0.4675281
0,0,0.4713023
0,0,0.46143472
0,0,0.47593924
0,0,0.48052105
0,0,0.47629675
0,0,0.4880965
0,0,0.49424168
0,0,0.5065292
0,0,0.51244384
0,0,0.5099196
0,0,0.5062641
0,0,0.50864124
0,0,0.49085036
0,0,0.49285632
0,0,0.5017415
0,0,0.4932323
0,0,0.4950612
0,0,0.4948298
0,0,0.5124536
0,0,0.52559423
0,0,0.53467166
0,0,0.51555455
0,0,0.5195128
0,0,0.5048227
0,0,0.4950017
0,0,0.49388716
0,0,0.48499084
0,0,0.49056435
0,0,0.49119422
0,0,0.51198095
0,0,0.49978527
0,0,0.49980208
0,0,0.49906987
0,0,0.4891943
0,0,0.49541917
0,0,0.501247
0,0,0.5058509
0,0,0.5177598
0,0,0.5251268
0,0,0.5349893
0,0,0.533997
0,0,0.537354
0,0,0.53227323
0,0,0.53448945
0,0,0.5251343
0,0,0.5314837
0,0,0.51961195
0,0,0.5061318
0,0,0.49730727
0,0,0.49673104
0,0,0.49815634
0,0,0.53163815
0,0,0.5594967
0,0,0.55214846
0,0,0.58388823
0,0,0.5884596
0,0,0.5876345
0,0,0.58722866
0,1,0.59038156
0,1,0.5916639
0,1,0.59559065
0,1,0.5948824
0,1,0.59313816
0,1,0.59514296
0,1,0.5952143
0,1,0.59121525
0,1,0.5925294
0,1,0.59027296
0,1,0.591913
0,1,0.59109455
0,1,0.59198606
0,1,0.5916894
0,1,0.5916273
0,1,0.59037524
0,1,0.58979946
1,1,0.5894845
1,1,0.5891827
1,1,0.5887364
1,1,0.5899827
1,1,0.5889407
1,1,0.5893112
0,0,0.58853364
0,0,0.5854715
0,1,0.59011966
0,0,0.5759023
0,0,0.55054146
0,0,0.5391008
0,0,0.52957594
0,0,0.5179268
0,0,0.5088911
0,0,0.50475824
0,0,0.5032847
0,0,0.4951783
0,0,0.5023704
0,0,0.5158167
0,0,0.49825373
0,0,0.51045793
0,0,0.5170671
0,0,0.52627987
0,0,0.5103358
0,0,0.5209483
0,0,0.5094614
0,0,0.5214524
0,0,0.5066421
0,0,0.5007576
0,0,0.49236104
0,0,0.49300557
0,0,0.484875
0,0,0.49385306
0,0,0.4872962
0,0,0.4783303
0,0,0.4757
0,0,0.4637608
0,0,0.46389788
0,0,0.46415222
0,0,0.46545595
0,0,0.4735503
0,0,0.4914863
0,0,0.48737553
0,0,0.48656803
0,0,0.48356295
0,0,0.4740433
0,0,0.46162525
0,0,0.47903296
0,0,0.47740275
0,0,0.4901137
0,0,0.500428
0,0,0.506053
0,0,0.5104492
0,0,0.5040012
0,0,0.49827054
0,0,0.5189252
0,0,0.515663
0,0,0.50795865
0,0,0.49395165
0,0,0.5067444
0,0,0.520723
0,0,0.5061823
0,0,0.5161625
0,0,0.50440395
0,0,0.52877325
0,0,0.50956684
0,0,0.512687
0,0,0.5152758
0,0,0.51653343
0,0,0.5080835
0,0,0.49089843
0,0,0.48740283
0,0,0.479359
0,0,0.4801492
0,0,0.49673274
0,0,0.4994504
0,0,0.5133313
0,0,0.5277382
0,0,0.51393557
0,0,0.51163757
0,0,0.52239317
0,0,0.50800616
0,0,0.49916455
0,0,0.509326
0,0,0.5087871
0,0,0.5097142
0,0,0.51591814
0,0,0.5047037
0,0,0.51210886
0,0,0.50256103
0,0,0.49703807
0,0,0.49780762
0,0,0.48693937
0,0,0.49081802
0,0,0.48960066
0,0,0.495308
0,0,0.4862182
0,0,0.5045639
0,0,0.48867124
0,0,0.5011244
0,0,0.50412023
0,0,0.50115657
0,0,0.48564696
0,0,0.4949521
0,0,0.49326947
0,0,0.48584926
0,0,0.49389663
0,0,0.49107754
0,0,0.4863352
0,0,0.5068562
0,0,0.4911459
0,0,0.49553418
0,0,0.49291396
0,0,0.5003561
0,0,0.5009343
0,0,0.49385697
0,0,0.5029713
0,0,0.5315255
0,0,0.52108735
0,0,0.5132962
0,0,0.5181893
0,0,0.5281624
0,0,0.51672006
0,0,0.5260662
0,0,0.5249013
0,0,0.51961863
0,0,0.52330935
0,0,0.5151741
0,0,0.49416244
0,0,0.490428
0,0,0.4997018
0,0,0.5126039
0,0,0.51286614
0,0,0.51815724
0,0,0.52086055
0,0,0.5334257
0,0,0.51229376
0,0,0.5090146
0,0,0.5107779
0,0,0.5009405
0,0,0.49153748
0,0,0.48655584
0,0,0.4917561
0,0,0.499609
0,0,0.51415
0,0,0.52022636
0,0,0.52436256
0,0,0.51105267
0,0,0.516158
0,0,0.5161856
0,0,0.5134435
0,0,0.5137867
0,0,0.5128235
0,0,0.5155505
0,0,0.51737046
0,0,0.5071115
0,0,0.5025216
0,0,0.49392658
0,0,0.50514585
0,0,0.49688846
0,0,0.49080893
0,0,0.48118064
0,0,0.49113157
0,0,0.48272568
0,0,0.5008112
0,0,0.5005428
0,0,0.49878415
0,0,0.49104682
0,0,0.47998694
0,0,0.4802933
0,0,0.47607374
0,0,0.4835079
0,0,0.4933324
0,0,0.5104007
0,0,0.5180117
0,0,0.52257085
0,0,0.5178577
0,0,0.525516
0,0,0.5144892
0,0,0.5075377
0,0,0.4975181
0,0,0.5071359
0,0,0.50484926
0,0,0.5088612
0,0,0.5107258
0,0,0.5097085
0,0,0.5086345
0,0,0.5090196
0,0,0.5009822
0,0,0.50445175
0,0,0.5254022
0,0,0.5227794
0,0,0.5248593
0,0,0.52366394
0,0,0.52218586
0,0,0.5178612
0,0,0.5181863
0,0,0.5090023
0,0,0.518455
0,0,0.5346802
0,0,0.52761185
0,0,0.5253807
0,0,0.53702414
0,0,0.5323574
0,0,0.522538
0,0,0.51764524
0,0,0.5134819
0,0,0.5248737
0,0,0.5167688
0,0,0.514246
0,0,0.5048143
0,0,0.5246946
0,0,0.52372557
0,0,0.51966065
0,0,0.5127395
0,0,0.5121553
0,0,0.5193263
0,0,0.52218145
0,0,0.53085876
0,0,0.5251117
0,0,0.5327137
0,0,0.51362056
0,0,0.5211828
0,0,0.50719476
0,0,0.5040058
0,0,0.5032416
0,0,0.500598
0,0,0.49491322
0,0,0.48149776
0,0,0.4828825
0,0,0.48900667
0,0,0.47966012
0,0,0.4929074
0,0,0.51093316
0,0,0.50477594
0,0,0.5074251
0,0,0.509451
0,0,0.51215786
0,0,0.5105158
0,0,0.50327843
0,0,0.51263267
0,0,0.50546736
0,0,0.5220305
0,0,0.5157972
0,0,0.5154631
0,0,0.507281
0,0,0.5115284
0,0,0.4991788
0,0,0.49644837
0,0,0.5054768
0,0,0.518564
0,0,0.5141819
0,0,0.5208368
0,0,0.5222815
0,0,0.5335914
0,0,0.5198284
0,0,0.5102769
0,0,0.5125612
0,0,0.50907373
0,0,0.48879278
0,0,0.47827747
0,0,0.47294316
0,0,0.4856157
0,0,0.4728092
0,0,0.47801486
0,0,0.4802037
0,0,0.4843089
0,0,0.5055834
0,0,0.51074976
0,0,0.5028594
0,0,0.4930947
0,0,0.5163343
0,0,0.50638986
0,0,0.5105462
0,0,0.5316607
0,0,0.536358
0,0,0.53479326
0,0,0.5267667
0,0,0.5222593
0,0,0.5073307
0,0,0.51667243
0,0,0.50180894
0,0,0.50227153
0,0,0.49784863
0,0,0.5124805
0,0,0.50426024
0,0,0.5150761
0,0,0.4999618
0,0,0.49913236
0,0,0.48693803
0,0,0.4960995
0,0,0.4861889
0,0,0.48037896
0,0,0.48561913
0,0,0.51100296
0,0,0.5127818
0,0,0.50729036
0,0,0.5110862
0,0,0.5042144
0,0,0.50607646
0,0,0.5168052
0,0,0.5255189
0,0,0.5147658
0,0,0.5297068
0,0,0.5321915
0,0,0.5256693
0,0,0.5234729
0,0,0.51432675
0,0,0.5161648
0,0,0.5103878
0,0,0.5068948
0,0,0.50120413
0,0,0.50754905
0,0,0.5120011
0,0,0.4938305
0,0,0.49319595
0,0,0.49222335
0,0,0.4972646
0,0,0.49086407
0,0,0.4971155
0,0,0.4835346
0,0,0.47069564
0,0,0.47469527
0,0,0.47668156
0,0,0.497358
0,0,0.5183998
0,0,0.50949526
0,0,0.51201767
0,0,0.50994587
0,0,0.4940438
0,0,0.49153897
0,0,0.4924637
0,0,0.48621258
0,0,0.4892751
0,0,0.50301397
0,0,0.49773508
0,0,0.5002911
0,0,0.505628
0,0,0.5132149
0,0,0.51502216
0,0,0.5096441
0,0,0.5134852
0,0,0.5301797
0,0,0.5276873
0,0,0.52138555
0,0,0.52368855
0,0,0.52340406
0,0,0.5173095
0,0,0.51994884
0,0,0.5310271
0,0,0.53873277
0,0,0.53850615
0,0,0.5342604
0,0,0.52223015
0,0,0.50989807
0,0,0.5185786
0,0,0.50955415
0,0,0.5087247
0,0,0.5019806
0,0,0.49933285
0,0,0.5046115
0,0,0.4896123
0,0,0.49063945
0,0,0.48685727
0,0,0.49275598
0,0,0.5097258
0,0,0.48569477
0,0,0.5061017
0,0,0.5113001
0,0,0.5052728
0,0,0.50951284
0,0,0.5156232
0,0,0.5099415
0,0,0.51371235
0,0,0.50611883
0,0,0.5092632
0,0,0.5166511
0,0,0.52460426
0,0,0.53228045
0,0,0.52853495
0,0,0.52711385
0,0,0.52490735
0,0,0.51174796
0,0,0.5079091
0,0,0.52297693
0,0,0.5036752
0,0,0.5103978
0,0,0.5146299
0,0,0.5125502
0,0,0.50680345
0,0,0.5226647
0,0,0.528181
0,0,0.5178629
0,0,0.5236238
0,0,0.5169067
0,0,0.5112004
0,0,0.5017968
0,0,0.5099811
0,0,0.5017643
0,0,0.49627042
0,0,0.4922624
0,0,0.4899881
0,0,0.4937318
0,0,0.49641857
0,0,0.51473874
0,0,0.49769172
0,0,0.49896953
0,0,0.5030816
0,0,0.49751532
0,0,0.50330323
0,0,0.5157229
0,0,0.50675833
0,0,0.51068604
0,0,0.5097196
0,0,0.518279
0,0,0.513237
0,0,0.52051836
0,0,0.51792645
0,0,0.50931066
0,0,0.51242065
0,0,0.49856135
0,0,0.5004341
0,0,0.5078833
0,0,0.5239473
0,0,0.51457596
0,0,0.51403916
0,0,0.50276434
0,0,0.4908395
0,0,0.49345902
0,0,0.49644712
0,0,0.487459
0,0,0.48861814
0,0,0.5048974
0,0,0.4908488
0,0,0.49960685
0,0,0.5004142
0,0,0.5216215
0,0,0.51212734
0,0,0.5121234
0,0,0.5098309
0,0,0.51654553
0,0,0.51012754
0,0,0.5075603
0,0,0.49881893
0,0,0.5262857
0,0,0.51359457
0,0,0.5038961
0,0,0.4986256
0,0,0.51579386
0,0,0.4952575
0,0,0.50576013
0,0,0.49491328
0,0,0.5020058
0,0,0.5184159
0,0,0.49982673
0,0,0.49907362
0,0,0.50243753
0,0,0.5231545
0,0,0.514768
0,0,0.53860146
0,0,0.515362
0,0,0.5252204
0,0,0.52105844
0,0,0.52579874
0,0,0.5131949
0,0,0.5215923
0,0,0.5064803
0,0,0.48997882
0,0,0.48072252
0,0,0.48886806
0,0,0.48690987
0,0,0.49997532
0,0,0.5004529
0,0,0.50612724
0,0,0.5057522
0,0,0.5101365
0,0,0.51558256
0,0,0.5043639
0,0,0.5013608
0,0,0.48481318
0,0,0.48277792
0,0,0.47506186
0,0,0.48580754
0,0,0.49252725
0,0,0.5085304
0,0,0.5088138
0,0,0.5260098
0,0,0.5265717
0,0,0.5266933
0,0,0.51556206
0,0,0.5122233
0,0,0.5105611
0,0,0.50497735
0,0,0.49203306
0,0,0.48304662
0,0,0.4918312
0,0,0.48067692
0,0,0.4741505
0,0,0.47398084
0,0,0.47744426
0,0,0.4728866
0,0,0.4795427
0,0,0.4739817
0,0,0.48743895
0,0,0.4891157
0,0,0.502678
0,0,0.5236893
0,0,0.5194625
0,0,0.5224884
0,0,0.53105783
0,0,0.5127806
0,0,0.51474756
0,0,0.51974165
0,0,0.49990836
0,0,0.48914582
0,0,0.48309276
0,0,0.4876668
0,0,0.48023358
0,0,0.49767065
0,0,0.4989734
0,0,0.51740193
0,0,0.5097519
0,0,0.53278625
0,0,0.5249971
0,0,0.53504574
0,0,0.5194267
0,0,0.5342911
0,0,0.53744566
0,0,0.5307351
0,0,0.5339818
0,0,0.5444043
0,0,0.54588675
0,0,0.5371974
0,0,0.5305338
0,0,0.52298087
0,0,0.5086929
0,0,0.5110523
0,0,0.4902393
0,0,0.4983197
0,0,0.4949182
0,0,0.49007523
0,0,0.49414113
0,0,0.51253164
0,0,0.5143894
0,0,0.51065373
0,0,0.50832176
0,0,0.506114
0,0,0.50762975
0,0,0.5233761
0,0,0.5320507
0,0,0.53002167
0,0,0.51635724
0,0,0.52309
0,0,0.51572245
0,0,0.5098077
0,0,0.5101337
0,0,0.49559867
0,0,0.5001168
0,0,0.49706334
0,0,0.4866665
0,0,0.4965314
0,0,0.4931523
0,0,0.5153378
0,0,0.5153726
0,0,0.51411235
0,0,0.53015333
0,0,0.5317117
0,0,0.5374013
0,0,0.5323071
0,0,0.5211191
0,0,0.5158747
0,0,0.5075972
0,0,0.51622224
0,0,0.5192546
0,0,0.5116903
0,0,0.5065999
0,0,0.49765027
0,0,0.4871368
0,0,0.49122614
0,0,0.48770943
0,0,0.4879492
0,0,0.4981484
0,0,0.49012002
0,0,0.50115067
0,0,0.5090551
0,0,0.52262145
0,0,0.52712387
0,0,0.51485336
0,0,0.52600074
0,0,0.5134219
0,0,0.50164354
0,0,0.5085599
0,0,0.504149
0,0,0.49326345
0,0,0.48781154
0,0,0.49915314
0,0,0.4944968
0,0,0.5026515
0,0,0.5043832
0,0,0.4971966
0,0,0.5185445
0,0,0.5392155
0,0,0.5402211
0,0,0.5388856
0,0,0.54053044
0,0,0.51874346
0,0,0.5134279
0,0,0.50305873
0,0,0.4996868
0,0,0.48851287
0,0,0.48959464
0,0,0.48945108
0,0,0.4831367
0,0,0.49399802
0,0,0.49152532
0,0,0.50070786
0,0,0.498235
0,0,0.4924319
0,0,0.50132596
0,0,0.49638695
0,0,0.5045845
0,0,0.49380422
0,0,0.49735367
0,0,0.48724687
0,0,0.47518677
0,0,0.4731333
0,0,0.46873537
0,0,0.48496342
0,0,0.49088717
0,0,0.4885592
0,0,0.4909243
0,0,0.47922447
0,0,0.4716459
0,0,0.47421294
0,0,0.4837192
0,0,0.48701197
0,0,0.4981896
0,0,0.5080028
0,0,0.5113218
0,0,0.5114326
0,0,0.5095891
0,0,0.5167465
0,0,0.5170941
0,0,0.50448024
0,0,0.50935864
0,0,0.51001
0,0,0.50941867
0,0,0.5068195
0,0,0.49866793
0,0,0.49967512
0,0,0.49643978
0,0,0.4961325
0,0,0.49104407
0,0,0.49927086
0,0,0.5087102
0,0,0.51808035
0,0,0.5185663
0,0,0.5139353
0,0,0.52775747
0,0,0.5212017
0,0,0.51442724
0,0,0.5027882
0,0,0.50778204
0,0,0.50987214
0,0,0.49253756
0,0,0.4967912
0,0,0.49494237
0,0,0.50262606
0,0,0.4902433
0,0,0.49009356
0,0,0.49270892
0,0,0.48688293
0,0,0.49479547
0,0,0.4919273
0,0,0.50831515
0,0,0.49018613
0,0,0.49019185
0,0,0.50558245
0,0,0.49742714
0,0,0.49197993
0,0,0.50591713
0,0,0.51343733
0,0,0.49987546
0,0,0.50942516
0,0,0.50581616
0,0,0.5064167
0,0,0.50672907
0,0,0.51424235
0,0,0.5216918
0,0,0.5404651
0,0,0.5445204
0,0,0.53604186
0,0,0.5333556
0,0,0.5374076
0,0,0.5253293
0,0,0.51598006
0,0,0.5182198
0,0,0.50482035
0,0,0.5082238
0,0,0.50728023
0,0,0.5080546
0,0,0.5069353
0,0,0.4926694
0,0,0.49008885
0,0,0.49233833
0,0,0.4916522
0,0,0.4844652
0,0,0.50904703
0,0,0.51871836
0,0,0.52874106
0,0,0.5109551
0,0,0.5058219
0,0,0.510444
0,0,0.51064104
0,0,0.50373334
0,0,0.51109797
0,0,0.50964904
0,0,0.5020215
0,0,0.5059903
0,0,0.4940217
0,0,0.5039187
0,0,0.5190816
0,0,0.52315986
0,0,0.53318
0,0,0.529872
0,0,0.5254226
0,0,0.5169014
0,0,0.5130927
0,0,0.5250216
0,0,0.52399284
0,0,0.50969934
0,0,0.51870316
0,0,0.51637906
0,0,0.5093537
0,0,0.5128232
0,0,0.4928484
0,0,0.47983727
0,0,0.49589473
0,0,0.48682985
0,0,0.49534512
0,0,0.50035226
0,0,0.5107455
0,0,0.4945291
0,0,0.47724083
0,0,0.4834266
0,0,0.47931716
0,0,0.47942185
0,0,0.4829051
0,0,0.47918347
0,0,0.5006162
0,0,0.5197384
0,0,0.50279415
0,0,0.504792
0,0,0.50504494
0,0,0.5033879
0,0,0.48657006
0,0,0.47660497
0,0,0.46753493
0,0,0.46636614
0,0,0.48409805
0,0,0.50213814
0,0,0.49655575
0,0,0.50680834
0,0,0.4993445
0,0,0.50944936
0,0,0.5122296
0,0,0.5036775
0,0,0.5152642
0,0,0.51106983
0,0,0.50948197
0,0,0.5191839
0,0,0.5136535
0,0,0.5171348
0,0,0.51777244
0,0,0.5272892
0,0,0.52869993
0,0,0.5266465
0,0,0.52369714
0,0,0.52525884
0,0,0.51286983
0,0,0.5073852
0,0,0.5035978
0,0,0.49093193
0,0,0.5006467
0,0,0.5132544
0,0,0.5028861
0,0,0.48125845
0,0,0.48839852
0,0,0.47707683
0,0,0.47306573
0,0,0.47622198
0,0,0.4949134
0,0,0.512297
0,0,0.52168185
0,0,0.5282662
0,0,0.51773804
0,0,0.51426756
0,0,0.5021408
0,0,0.5000736
0,0,0.50629014
0,0,0.5236948
0,0,0.5139328
0,0,0.5070735
0,0,0.5165005
0,0,0.51681924
0,0,0.5159801
0,0,0.50401604
0,0,0.5138186
0,0,0.51053125
0,0,0.51588213
0,0,0.5067193
0,0,0.5053412
0,0,0.5127137
0,0,0.51343185
0,0,0.51910776
0,0,0.51584387
0,0,0.524732
0,0,0.523622
0,0,0.5235478
0,0,0.5319702
0,0,0.5074618
0,0,0.5099369
0,0,0.51796323
0,0,0.51552707
0,0,0.5164395
0,0,0.5342914
0,0,0.51685846
0,0,0.51789266
0,0,0.5094859
0,0,0.51542085
0,0,0.52683836
0,0,0.50374436
0,0,0.51870203
0,0,0.5148041
0,0,0.50801104
0,0,0.5075811
0,0,0.50336313
0,0,0.5172146
0,0,0.5128761
0,0,0.5271858
0,0,0.52819985
0,0,0.5141169
0,0,0.5211917
0,0,0.52423716
0,0,0.5081741
0,0,0.50739884
0,0,0.5097203
0,0,0.5167542
0,0,0.5222214
0,0,0.51574796
0,0,0.518425
0,0,0.5179475
0,0,0.5238049
0,0,0.503415
0,0,0.5090538
0,0,0.51088995
0,0,0.4975867
0,0,0.5007294
0,0,0.4914888
0,0,0.4922037
0,0,0.48465654
0,0,0.48440987
0,0,0.48060906
0,0,0.4914989
0,0,0.4764526
0,0,0.49790183
0,0,0.51064914
0,0,0.5098734
0,0,0.51505494
0,0,0.5036055
0,0,0.48636097
0,0,0.4765086
0,0,0.46410856
0,0,0.4667924
0,0,0.4728589
0,0,0.48343217
0,0,0.48196498
0,0,0.50611037
0,0,0.5133878
0,0,0.5146251
0,0,0.504333
0,0,0.51418597
0,0,0.5032641
0,0,0.4958384
0,0,0.4853812
0,0,0.5018638
0,0,0.49152538
0,0,0.4877708
0,0,0.48061162
0,0,0.49980327
0,0,0.5253711
0,0,0.51684517
0,0,0.5204337
0,0,0.50811124
0,0,0.5070829
0,0,0.5047759
0,0,0.5111196
0,0,0.51688087
0,0,0.52938086
0,0,0.5259618
0,0,0.5223535
0,0,0.5217695
0,0,0.51799124
0,0,0.5208728
0,0,0.5307471
0,0,0.50668156
0,0,0.50401485
0,0,0.51292485
0,0,0.50531596
0,0,0.5007319
0,0,0.5111138
0,0,0.51220345
0,0,0.5258634
0,0,0.51262885
0,0,0.50859016
0,0,0.5029335
0,0,0.47701922
0,0,0.48400187
0,0,0.4911693
0,0,0.507305
0,0,0.5200285
0,0,0.51691955
0,0,0.5095233
0,0,0.5073253
0,0,0.5124477
0,0,0.511503
0,0,0.5221713
0,0,0.5204362
0,0,0.5159852
0,0,0.5233313
0,0,0.5219152
0,0,0.5240668
0,0,0.5176919
0,0,0.5290785
0,0,0.5280525
0,0,0.5211119
0,0,0.5014734
0,0,0.48634169
0,0,0.46227074
0,0,0.45548075
0,0,0.46759138
0,0,0.46380755
0,0,0.4557928
0,0,0.46806884
0,0,0.46505365
0,0,0.47204176
0,0,0.49020478
0,0,0.5136303
0,0,0.53133756
0,0,0.51962674
0,0,0.50958717
0,0,0.5168628
0,0,0.5176577
0,0,0.5156623
0,0,0.5087454
0,0,0.51948756
0,0,0.5025247
0,0,0.50636196
0,0,0.5154083
0,0,0.5219074
0,0,0.51799464
0,0,0.5171082
0,0,0.5044033
0,0,0.5153625
0,0,0.51461333
0,0,0.49450624
0,0,0.47647867
0,0,0.4760546
0,0,0.4782627
0,0,0.4843524
0,0,0.514148
0,0,0.50853103
0,0,0.51519156
0,0,0.52751875
0,0,0.5114536
0,0,0.4992577
0,0,0.48510504
0,0,0.48424193
0,0,0.48182058
0,0,0.48262325
0,0,0.4816366
0,0,0.50970554
0,0,0.5245871
0,0,0.52513194
0,0,0.53063035
0,0,0.51274985
0,0,0.52296853
0,0,0.5206844
0,0,0.51544136
0,0,0.50370306
0,0,0.5081389
0,0,0.5220849
0,0,0.5200683
0,0,0.5135673
0,0,0.52546895
0,0,0.5213957
0,0,0.51342183
0,0,0.5036755
0,0,0.51284564
0,0,0.50979334
0,0,0.5153856
0,0,0.5153111
0,0,0.5077711
0,0,0.49271372
0,0,0.49009392
0,0,0.5063826
0,0,0.491505
0,0,0.5071631
0,0,0.5217456
0,0,0.5174812
0,0,0.5021718
0,0,0.49952778
0,0,0.49464107
0,0,0.4759493
0,0,0.47527885
0,0,0.47038156
0,0,0.47720483
0,0,0.4976034
0,0,0.49130797
0,0,0.4845335
0,0,0.5060076
0,0,0.5180888
0,0,0.5193474
0,0,0.51302296
0,0,0.5290683
0,0,0.5113944
0,0,0.52126825
0,0,0.52661824
0,0,0.5271857
0,0,0.5180803
0,0,0.5209619
0,0,0.5186986
0,0,0.53010243
0,0,0.5155162
0,0,0.5281544
0,0,0.53327775
0,0,0.5354645
0,0,0.5158552
0,0,0.5131541
0,0,0.5168189
0,0,0.51231766
0,0,0.5057635
0,0,0.50028926
0,0,0.5044671
0,0,0.51144725
0,0,0.5100626
0,0,0.52951086
0,0,0.53504765
0,0,0.5349044
0,0,0.5322799
0,0,0.5323922
0,0,0.5338454
0,0,0.53458244
0,0,0.5348422
0,0,0.53471214
0,0,0.5211488
0,0,0.5335787
0,0,0.5418346
0,0,0.53089935
0,0,0.5166473
0,0,0.51666695
0,0,0.5162218
0,0,0.5044249
0,0,0.5073788
0,0,0.5069517
0,0,0.5048012
0,0,0.5003385
0,0,0.5007832
0,0,0.5065915
0,0,0.5053987
0,0,0.5154844
0,0,0.53132516
0,0,0.50667846
0,0,0.50208503
0,0,0.522559
0,0,0.5195388
0,0,0.52553904
0,0,0.51793545
0,0,0.49659553
0,0,0.4978218
0,0,0.4971512
0,0,0.5012966
0,0,0.50075865
0,0,0.5096351
0,0,0.5248654
0,0,0.53263855
0,0,0.528491
0,0,0.51986116
0,0,0.5160495
0,0,0.5173511
0,0,0.5097693
0,0,0.5163963
0,0,0.51118433
0,0,0.5080292
0,0,0.5059868
0,0,0.49941757
0,0,0.4941095
0,0,0.49264526
0,0,0.5112948
0,0,0.51830083
0,0,0.51912093
0,0,0.5269129
0,0,0.51834387
0,0,0.5162976
0,0,0.5269843
0,0,0.5187617
0,0,0.5199376
0,0,0.49998647
0,0,0.50416833
0,0,0.49870956
0,0,0.49085122
0,0,0.49195293
0,0,0.497131
0,0,0.50729847
0,0,0.5013927
0,0,0.5070353
0,0,0.49560463
0,0,0.50109154
0,0,0.499224
0,0,0.48667756
0,0,0.5011934
0,0,0.49127412
0,0,0.50873107
0,0,0.5079582
0,0,0.50410295
0,0,0.51237583
0,0,0.508461
0,0,0.49654463
0,0,0.47886142
0,0,0.46831885
0,0,0.4711981
0,0,0.47509995
0,0,0.48644784
0,0,0.5161959
0,0,0.5248913
0,0,0.54191184
0,0,0.52890116
0,0,0.51728326
0,0,0.5167599
0,0,0.51056224
0,0,0.50741965
0,0,0.5016326
0,0,0.50758964
0,0,0.50375825
0,0,0.5108107
0,0,0.5144348
0,0,0.51344955
0,0,0.5310196
0,0,0.52844954
0,0,0.51423514
0,0,0.5192582
0,0,0.52552897
0,0,0.50699925
0,0,0.50989234
0,0,0.5110416
0,0,0.5036609
0,0,0.5006848
0,0,0.48910183
0,0,0.48739058
0,0,0.49678546
0,0,0.50716835
0,0,0.50896573
0,0,0.51968324
0,0,0.51906544
0,0,0.5157835
0,0,0.51224387
0,0,0.5139093
0,0,0.5200393
0,0,0.5045612
0,0,0.50474095
0,0,0.502212
0,0,0.5022718
0,0,0.4937067
0,0,0.5051768
0,0,0.50147647
0,0,0.49917406
0,0,0.49611193
0,0,0.5005724
0,0,0.5016694
0,0,0.49944878
0,0,0.48666123
0,0,0.5105758
0,0,0.53134257
0,0,0.5172896
0,0,0.5082652
0,0,0.51789564
0,0,0.49981654
0,0,0.49950647
0,0,0.4956641
0,0,0.5077712
0,0,0.5177308
0,0,0.5301758
0,0,0.5127048
0,0,0.5132531
0,0,0.5216787
0,0,0.5172003
0,0,0.5072891
0,0,0.51843876
0,0,0.5210285
0,0,0.527268
0,0,0.5297877
0,0,0.5326781
0,0,0.5443081
0,0,0.53295964
0,0,0.5305137
0,0,0.5307116
0,0,0.5202722
0,0,0.52598196
0,0,0.52837276
0,0,0.53457093
0,0,0.5289297
0,0,0.5233536
0,0,0.5162751
0,0,0.50226045
0,0,0.49447745
0,0,0.4891631
0,0,0.48493588
0,0,0.5055287
0,0,0.5178168
0,0,0.53540516
0,0,0.5418109
0,0,0.53655785
0,0,0.5322252
0,0,0.5364202
0,0,0.531522
0,0,0.5297708
0,0,0.51946914
0,0,0.53303987
0,0,0.5324982
0,0,0.5142226
0,0,0.5022886
0,0,0.49670652
0,0,0.47864753
0,0,0.47826317
0,0,0.50591606
0,0,0.50394624
0,0,0.49765903
0,0,0.49478915
0,0,0.5045871
0,0,0.5084741
0,0,0.5025931
0,0,0.49776882
0,0,0.49830097
0,0,0.5020419
0,0,0.5063265
0,0,0.4991917
0,0,0.50841033
0,0,0.52463526
0,0,0.5126706
0,0,0.5183108
0,0,0.5077361
0,0,0.51199096
0,0,0.51896244
0,0,0.517448
0,0,0.5310608
0,0,0.52151513
0,0,0.52668875
0,0,0.5201426
0,0,0.5140446
0,0,0.51128834
0,0,0.50791323
0,0,0.5084416
0,0,0.50288963
0,0,0.5014541
0,0,0.4981409
0,0,0.5077887
0,0,0.5109937
0,0,0.5099538
0,0,0.50934845
0,0,0.52475905
0,0,0.51822346
0,0,0.50882745
0,0,0.5132469
0,0,0.513938
0,0,0.5057394
0,0,0.51693875
0,0,0.5191743
0,0,0.52428603
0,0,0.5032025
0,0,0.5123257
0,0,0.5115898
0,0,0.5128237
0,0,0.51180345
0,0,0.53579646
0,0,0.5265055
0,0,0.5056563
0,0,0.5088568
0,0,0.4940896
0,0,0.5085791
0,0,0.5107594
0,0,0.52442074
0,0,0.5248714
0,0,0.5075335
0,0,0.5139751
0,0,0.5028301
0,0,0.50334644
0,0,0.51146877
0,0,0.5218861
0,0,0.51290786
0,0,0.51845354
0,0,0.5135393
0,0,0.51139516
0,0,0.4973978
0,0,0.48544478
0,0,0.47730324
0,0,0.47908035
0,0,0.471713
0,0,0.48800802
0,0,0.49710375
0,0,0.4837377
0,0,0.48754966
0,0,0.49458042
0,0,0.49584004
0,0,0.5193198
0,0,0.5312982
0,0,0.51282674
0,0,0.5070884
0,0,0.5061562
0,0,0.5090903
0,0,0.49296337
0,0,0.48883125
0,0,0.5083085
0,0,0.4977177
0,0,0.50193876
0,0,0.5072874
0,0,0.5047789
0,0,0.5098338
0,0,0.5227014
0,0,0.50450516
0,0,0.4943135
0,0,0.4865897
0,0,0.47820777
0,0,0.47889388
0,0,0.4749218
0,0,0.47697762
0,0,0.49286288
0,0,0.4918195
0,0,0.5189531
0,0,0.52060497
0,0,0.52093214
0,0,0.51716095
0,0,0.5197367
0,0,0.5099558
0,0,0.5115839
0,0,0.5244794
0,0,0.5178627
0,0,0.53624237
0,0,0.52927715
0,0,0.53147805
0,0,0.5285499
0,0,0.5202645
0,0,0.5269705
0,0,0.52986133
0,0,0.5173275
0,0,0.51591074
0,0,0.5122906
0,0,0.5042833
0,0,0.51232046
0,0,0.5146368
0,0,0.5071742
0,0,0.49534136
0,0,0.503166
0,0,0.49067286
0,0,0.497143
0,0,0.4913979
0,0,0.4974477
0,0,0.5132956
0,0,0.49411452
0,0,0.51552373
0,0,0.50759286
0,0,0.5261201
0,0,0.5205634
0,0,0.5223883
0,0,0.5148738
0,0,0.5077436
0,0,0.5065264
0,0,0.51047015
0,0,0.5042062
0,0,0.48538995
0,0,0.48383877
0,0,0.47981042
0,0,0.4921736
0,0,0.5005799
0,0,0.5117814
0,0,0.51460975
0,0,0.51997477
0,0,0.51950467
0,0,0.50353295
0,0,0.50324404
0,0,0.5170158
0,0,0.4998361
0,0,0.4985629
0,0,0.5175793
0,0,0.52479094
0,0,0.5103826
0,0,0.5153918
0,0,0.51211864
0,0,0.51895773
0,0,0.51196116
0,0,0.50795466
0,0,0.49825108
0,0,0.4986134
0,0,0.50954497
0,0,0.5139241
0,0,0.52257276
0,0,0.52232033
0,0,0.5274084
0,0,0.51673007
0,0,0.5164609
0,0,0.5019297
0,0,0.48270002
0,0,0.46979168
0,0,0.49296373
0,0,0.48328245
0,0,0.48872188
0,0,0.5014139
0,0,0.5046106
0,0,0.48865354
0,0,0.5021506
0,0,0.49184838
0,0,0.49270245
0,0,0.50234354
0,0,0.50254005
0,0,0.49822298
0,0,0.5043329
0,0,0.5173607
0,0,0.5113233
0,0,0.49941406
0,0,0.50360113
0,0,0.50081664
0,0,0.50965214
0,0,0.49256128
0,0,0.4905855
0,0,0.4893624
0,0,0.49060535
0,0,0.48541072
0,0,0.49327478
0,0,0.5077765
0,0,0.4919981
0,0,0.4908885
0,0,0.49858448
0,0,0.50958854
0,0,0.5092924
0,0,0.5168702
0,0,0.51239085
0,0,0.50222415
0,0,0.5089155
0,0,0.50643045
0,0,0.50126565
0,0,0.5006688
0,0,0.4927769
0,0,0.48861223
0,0,0.49650013
0,0,0.4983171
0,0,0.49576467
0,0,0.49527982
0,0,0.4997654
0,0,0.5169967
0,0,0.5288467
0,0,0.5248161
0,0,0.52872336
0,0,0.5188044
0,0,0.5226704
0,0,0.51810956
0,0,0.51552147
0,0,0.51350564
0,0,0.50172955
0,0,0.5111829
0,0,0.48664898
0,0,0.48611036
0,0,0.47426414
0,0,0.48680297
0,0,0.48553598
0,0,0.48649466
0,0,0.4999448
0,0,0.49583793
0,0,0.4960721
0,0,0.48036945
0,0,0.47992888
0,0,0.4759955
0,0,0.4876916
0,0,0.49156934
0,0,0.5016933
0,0,0.5071349
0,0,0.49817064
0,0,0.50053793
0,0,0.5069169
0,0,0.51430476
0,0,0.5122612
0,0,0.5243086
0,0,0.5281033
0,0,0.5180645
0,0,0.5180584
0,0,0.52174747
0,0,0.52901375
0,0,0.5159189
0,0,0.50253594
0,0,0.5028135
0,0,0.49413112
0,0,0.47371575
0,0,0.47664085
0,0,0.4802333
0,0,0.47625983
0,0,0.4787697
0,0,0.51112527
0,0,0.5065261
0,0,0.499622
0,0,0.5113253
0,0,0.5047954
0,0,0.4989497
0,0,0.49033237
0,0,0.4799498
0,0,0.4823282
0,0,0.4927153
0,0,0.49439338
0,0,0.5094116
0,0,0.504885
0,0,0.51246333
0,0,0.510459
0,0,0.50644445
0,0,0.508836
0,0,0.51310396
0,0,0.51593405
0,0,0.5200876
0,0,0.516252
0,0,0.5197204
0,0,0.5158841
0,0,0.5244634
0,0,0.5287124
0,0,0.51537937
0,0,0.5171868
0,0,0.52131265
0,0,0.5113403
0,0,0.50629205
0,0,0.49309495
0,0,0.48359182
0,0,0.49690682
0,0,0.5047475
0,0,0.50307095
0,0,0.5031779
0,0,0.50912344
0,0,0.4976756
0,0,0.495867
0,0,0.48886
0,0,0.5091925
0,0,0.5156685
0,0,0.5155911
0,0,0.5258476
0,0,0.5217293
0,0,0.5199481
0,0,0.51704884
0,0,0.5162439
0,0,0.51751554
0,0,0.4972298
0,0,0.5039726
0,0,0.50437826
0,0,0.51260257
0,0,0.5166428
0,0,0.5246556
0,0,0.52348244
0,0,0.5056185
0,0,0.51650035
0,0,0.5221466
0,0,0.51665
0,0,0.5198318
0,0,0.5251668
0,0,0.5421828
0,0,0.5334818
0,0,0.52805424
0,0,0.5221321
0,0,0.52543896
0,0,0.51173717
0,0,0.49937928
0,0,0.5164947
0,0,0.5133747
0,0,0.5282258
0,0,0.50900346
0,0,0.49927115
0,0,0.5025965
0,0,0.4914845
0,0,0.49429423
0,0,0.5042595
0,0,0.5017706
0,0,0.50764966
0,0,0.516748
0,0,0.520292
0,0,0.51058066
0,0,0.51362044
0,0,0.513674
0,0,0.5055626
0,0,0.50682724
0,0,0.5120623
0,0,0.49491778
0,0,0.50423485
0,0,0.50884795
0,0,0.4946329
0,0,0.510372
0,0,0.50699705
0,0,0.5143368
0,0,0.5207227
0,0,0.5307547
0,0,0.52253586
0,0,0.5318786
0,0,0.51860255
0,0,0.50976235
0,0,0.50886154
0,0,0.49888366
0,0,0.49162868
0,0,0.4811446
0,0,0.49354398
0,0,0.47256887
0,0,0.47052002
0,0,0.49850935
0,0,0.4879985
0,0,0.49757636
0,0,0.50314367
0,0,0.5094002
0,0,0.49753252
0,0,0.50852376
0,0,0.5080205
0,0,0.517435
0,0,0.5141013
0,0,0.5127829
0,0,0.52108896
0,0,0.5260731
0,0,0.52325755
0,0,0.510519
0,0,0.5165361
0,0,0.5188462
0,0,0.5136124
0,0,0.5052729
0,0,0.50101554
0,0,0.4936917
0,0,0.4734288
0,0,0.46883103
0,0,0.45596182
0,0,0.47248414
0,0,0.48203465
0,0,0.48175538
0,0,0.49337694
0,0,0.50476617
0,0,0.5267808
0,0,0.5207136
0,0,0.51903576
0,0,0.51996255
0,0,0.5167951
0,0,0.5091201
0,0,0.51212347
0,0,0.50371
0,0,0.49960774
0,0,0.5145303
0,0,0.49892768
0,0,0.49333712
0,0,0.50840926
0,0,0.49812227
0,0,0.49098325
0,0,0.49684373
0,0,0.50276893
0,0,0.5148049
0,0,0.5142669
0,0,0.5122014
0,0,0.511499
0,0,0.4983719
0,0,0.50092775
0,0,0.49951005
0,0,0.4896231
0,0,0.49665862
0,0,0.5068958
0,0,0.49840578
0,0,0.504979
0,0,0.49027017
0,0,0.48551378
0,0,0.5067845
0,0,0.49990574
0,0,0.48581204
0,0,0.48768923
0,0,0.48909095
0,0,0.49630585
0,0,0.4787111
0,0,0.48701775
0,0,0.48514986
0,0,0.49143007
0,0,0.48003525
0,0,0.48323417
0,0,0.51628
0,0,0.52579474
0,0,0.51103497
0,0,0.5341479
0,0,0.5460183
0,0,0.54079866
0,0,0.53548026
0,0,0.53452617
0,0,0.52881527
0,0,0.5126115
0,0,0.50773436
0,0,0.49791718
0,0,0.49322054
0,0,0.48507592
0,0,0.48018527
0,0,0.47619405
0,0,0.47378168
0,0,0.48187914
0,0,0.4950674
0,0,0.495576
0,0,0.5024886
0,0,0.4832398
0,0,0.47251895
0,0,0.48247093
0,0,0.48485106
0,0,0.49424857
0,0,0.49174896
0,0,0.49812186
0,0,0.505461
0,0,0.49384424
0,0,0.49638227
0,0,0.49391145
0,0,0.4925404
0,0,0.50313365
0,0,0.5122707
0,0,0.5318782
0,0,0.51110077
0,0,0.512261
0,0,0.5208168
0,0,0.51913625
0,0,0.5203498
0,0,0.52591664
0,0,0.5169692
0,0,0.53973377
0,0,0.52798975
0,0,0.5209214
0,0,0.51495755
0,0,0.5056573
0,0,0.50046724
0,0,0.51727027
0,0,0.5081028
0,0,0.5116153
0,0,0.53240854
0,0,0.5274134
0,0,0.52559996
0,0,0.51875776
0,0,0.518164
0,0,0.51236546
0,0,0.49805146
0,0,0.47634202
0,0,0.48446396
0,0,0.49452063
0,0,0.5060081
0,0,0.50141895
0,0,0.5103871
0,0,0.5108942
0,0,0.50563055
0,0,0.50120586
0,0,0.4961141
0,0,0.48583388
0,0,0.48305982
0,0,0.4719554
0,0,0.48075977
0,0,0.4745769
0,0,0.48263815
0,0,0.4912503
0,0,0.48981175
0,0,0.49736667
0,0,0.501609
0,0,0.51092863
0,0,0.50462556
0,0,0.50672317
0,0,0.5011777
0,0,0.5108175
0,0,0.50378317
0,0,0.50114655
0,0,0.48996326
0,0,0.4898767
0,0,0.48374397
0,0,0.4669565
0,0,0.46707562
0,0,0.4564714
0,0,0.46370167
0,0,0.47320685
0,0,0.48588735
0,0,0.5010018
0,0,0.51744175
0,0,0.5203659
0,0,0.50966096
0,0,0.5120212
0,0,0.5035514
0,0,0.49185473
0,0,0.47814137
0,0,0.47268817
0,0,0.4842299
0,0,0.49140123
0,0,0.49692455
0,0,0.5002036
0,0,0.5021965
0,0,0.5185314
0,0,0.5025124
0,0,0.50093365
0,0,0.4899685
0,0,0.5093165
0,0,0.4964249
0,0,0.5048959
0,0,0.51841635
0,0,0.5096846
0,0,0.52470446
0,0,0.50923127
0,0,0.5103276
0,0,0.50922555
0,0,0.5247101
0,0,0.505169
0,0,0.5042433
0,0,0.48508668
0,0,0.4834692
0,0,0.49014154
0,0,0.48539972
0,0,0.4826875
0,0,0.49160337
0,0,0.49758127
0,0,0.51236254
0,0,0.5098907
0,0,0.53439003
0,0,0.5232893
0,0,0.51683617
0,0,0.51058847
0,0,0.5111636
0,0,0.5302864
0,0,0.5210847
0,0,0.50815696
0,0,0.5085161
0,0,0.5059916
0,0,0.51172185
0,0,0.5180194
0,0,0.52044916
0,0,0.5293145
0,0,0.5398392
0,0,0.5295661
0,0,0.5306173
0,0,0.5189136
0,0,0.5263416
0,0,0.52836424
0,0,0.5332816
0,0,0.51826096
0,0,0.5176444
0,0,0.5152468
0,0,0.51161146
0,0,0.5120855
0,0,0.5116643
0,0,0.52020806
0,0,0.5163237
0,0,0.5253844
0,0,0.52314436
0,0,0.52148503
0,0,0.5296772
0,0,0.52797043
0,0,0.5344869
0,0,0.5234647
0,0,0.51645786
0,0,0.51109743
0,0,0.5122628
0,0,0.4950239
0,0,0.4745819
0,0,0.4913927
0,0,0.5030819
0,0,0.5063707
0,0,0.51412994
0,0,0.5140117
0,0,0.5068945
0,0,0.5170708
0,0,0.49626067
0,0,0.48220506
0,0,0.48103198
0,0,0.49332798
0,0,0.48965073
0,0,0.4918335
0,0,0.5070844
0,0,0.5092006
0,0,0.5042386
0,0,0.51145244
0,0,0.5187141
0,0,0.5031142
0,0,0.5120248
0,0,0.5009798
0,0,0.49561587
0,0,0.5003204
0,0,0.51317143
0,0,0.4951186
0,0,0.49584883
0,0,0.5037841
0,0,0.51080173
0,0,0.495304
0,0,0.48607823
0,0,0.49030015
0,0,0.4820364
0,0,0.48811764
0,0,0.499408
0,0,0.5005802
0,0,0.50621486
0,0,0.5048392
0,0,0.5086939
0,0,0.52096397
0,0,0.51837176
0,0,0.5160929
0,0,0.5054991
0,0,0.5015093
0,0,0.50047725
0,0,0.49596944
0,0,0.5123513
0,0,0.5128869
0,0,0.5143031
0,0,0.5028934
0,0,0.51201826
0,0,0.51819086
0,0,0.5062234
0,0,0.50913787
0,0,0.5165624
0,0,0.5154804
0,0,0.5089819
0,0,0.52462155
0,0,0.5166748
0,0,0.5286742
0,0,0.52950567
0,0,0.52312165
0,0,0.5164831
0,0,0.5062803
0,0,0.5016165
0,0,0.50798696
0,0,0.5108815
0,0,0.52182204
0,0,0.5165137
0,0,0.52814114
0,0,0.5286322
0,0,0.5290586
0,0,0.5194083
0,0,0.495726
0,0,0.5016026
0,0,0.4837167
0,0,0.47113332
0,0,0.47625408
0,0,0.49533948
0,0,0.48630908
0,0,0.48162794
0,0,0.4825575
0,0,0.4832909
0,0,0.4802341
0,0,0.48987958
0,0,0.48945388
0,0,0.49201086
0,0,0.4838822
0,0,0.47969508
0,0,0.48002347
0,0,0.48830134
0,0,0.49001047
0,0,0.50079244
0,0,0.49505383
0,0,0.48296237
0,0,0.50144935
0,0,0.50791305
0,0,0.50515294
0,0,0.5071037
0,0,0.5077687
0,0,0.50205326
0,0,0.49729955
0,0,0.49842528
0,0,0.5249282
0,0,0.5276233
0,0,0.51990974
0,0,0.5157305
0,0,0.51218563
0,0,0.50143725
0,0,0.4761862
0,0,0.4720372
0,0,0.48434028
0,0,0.4919041
0,0,0.47619697
0,0,0.48078114
0,0,0.48588768
0,0,0.48853943
0,0,0.4880881
0,0,0.486297
0,0,0.48856807
0,0,0.48043147
0,0,0.48496732
0,0,0.49338055
0,0,0.5258658
0,0,0.5203687
0,0,0.5249908
0,0,0.51670843
0,0,0.526275
0,0,0.52647716
0,0,0.52494013
0,0,0.52322125
0,0,0.50127006
0,0,0.5088201
0,0,0.49841183
0,0,0.5176659
0,0,0.5034429
0,0,0.5174433
0,0,0.5079379
0,0,0.5129254
0,0,0.5022927
0,0,0.5097036
0,0,0.5062772
0,0,0.49915737
0,0,0.48464558
0,0,0.49031493
0,0,0.49425846
0,0,0.48913142
0,0,0.48272818
0,0,0.4862506
0,0,0.47728232
0,0,0.4694329
0,0,0.47596604
0,0,0.4757929
0,0,0.48782468
0,0,0.49813834
0,0,0.49898687
0,0,0.52217263
0,0,0.51741195
0,0,0.5250444
0,0,0.52766734
0,0,0.51833206
0,0,0.51753676
0,0,0.512334
0,0,0.5052719
0,0,0.51341677
0,0,0.49875426
0,0,0.5107197
0,0,0.5197867
0,0,0.5094169
0,0,0.50323915
0,0,0.51033825
0,0,0.49993068
0,0,0.49394315
0,0,0.5052787
0,0,0.500483
0,0,0.50963855
0,0,0.51384914
0,0,0.4982683
0,0,0.5058443
0,0,0.50582147
0,0,0.50769174
0,0,0.49310142
0,0,0.51111615
0,0,0.5078157
0,0,0.5003802
0,0,0.4965467
0,0,0.49289206
0,0,0.4925758
0,0,0.48145396
0,0,0.47217244
0,0,0.48012075
0,0,0.47622192
0,0,0.48215878
0,0,0.48603454
0,0,0.51923627
0,0,0.5262558
0,0,0.5273777
0,0,0.51125336
0,0,0.5164829
0,0,0.5117744
0,0,0.5077658
0,0,0.4985231
0,0,0.49346855
0,0,0.5051221
0,0,0.50228477
0,0,0.494499
0,0,0.4947537
0,0,0.50679594
0,0,0.5197378
0,0,0.5328495
0,0,0.5283007
0,0,0.5333941
0,0,0.54141533
0,0,0.5316564
0,0,0.5313608
0,0,0.52053857
0,0,0.49599555
0,0,0.5011142
0,0,0.5103754
0,0,0.50655496
0,0,0.49952552
0,0,0.51982474
0,0,0.52075106
0,0,0.5235091
0,0,0.4986664
0,0,0.5104962
0,0,0.49506038
0,0,0.4932784
0,0,0.48698443
0,0,0.5002073
0,0,0.50777096
0,0,0.518215
0,0,0.4969875
0,0,0.4990308
0,0,0.5208652
0,0,0.49700704
0,0,0.50055224
0,0,0.5088266
0,0,0.50924134
0,0,0.5190431
0,0,0.5231525
0,0,0.5349291
0,0,0.52323157
0,0,0.50392985
0,0,0.5077294
0,0,0.48780847
0,0,0.48825046
0,0,0.500209
0,0,0.49649283
0,0,0.5005334
0,0,0.49780834
0,0,0.4995371
0,0,0.5071712
0,0,0.48772314
0,0,0.49135408
0,0,0.48540577
0,0,0.4822376
0,0,0.48451215
0,0,0.47431228
0,0,0.4811242
0,0,0.50012976
0,0,0.50395364
0,0,0.51935756
0,0,0.5328685
0,0,0.5284644
0,0,0.5327521
0,0,0.5178891
0,0,0.51476926
0,0,0.5087007
0,0,0.5177743
0,0,0.5018037
0,0,0.49328458
0,0,0.51441526
0,0,0.507764
0,0,0.49847937
0,0,0.5114031
0,0,0.5058789
0,0,0.50040746
0,0,0.5147911
0,0,0.5195818
0,0,0.51049864
0,0,0.52038383
0,0,0.5043283
0,0,0.5119318
0,0,0.50265443
0,0,0.51213145
0,0,0.5122442
0,0,0.53092605
0,0,0.5196829
0,0,0.51458156
0,0,0.5124011
0,0,0.49433115
0,0,0.48906636
0,0,0.49799675
0,0,0.48959607
0,0,0.4849771
0,0,0.48577812
0,0,0.4865871
0,0,0.4754652
0,0,0.48027045
0,0,0.50541514
0,0,0.5120021
0,0,0.51894987
0,0,0.5171554
0,0,0.5175003
0,0,0.52546805
0,0,0.5254384
0,0,0.51970893
0,0,0.51592433
0,0,0.5020322
0,0,0.5050472
0,0,0.5059384
0,0,0.50057256
0,0,0.49802774
0,0,0.49480504
0,0,0.5103581
0,0,0.5004467
0,0,0.50097704
0,0,0.49615642
0,0,0.4840042
0,0,0.488469
0,0,0.4922007
0,0,0.47785124
0,0,0.47838745
0,0,0.48641682
0,0,0.48264548
0,0,0.5080585
0,0,0.50117445
0,0,0.50612783
0,0,0.50583166
0,0,0.51372975
0,0,0.5139837
0,0,0.50694287
0,0,0.514147
0,0,0.5130153
0,0,0.4981681
0,0,0.49734378
0,0,0.51996183
0,0,0.5131804
0,0,0.52792674
0,0,0.5245351
0,0,0.5236377
0,0,0.51356375
0,0,0.5152958
0,0,0.5180121
0,0,0.5288267
0,0,0.505327
0,0,0.50693613
0,0,0.511711
0,0,0.50288624
0,0,0.5050758
0,0,0.4982928
0,0,0.50057757
0,0,0.49881953
0,0,0.49377143
0,0,0.48937628
0,0,0.50624436
0,0,0.50756484
0,0,0.49629673
0,0,0.49450022
0,0,0.50798833
0,0,0.5116229
0,0,0.51071036
0,0,0.51534766
0,0,0.5190564
0,0,0.52549964
0,0,0.5345884
0,0,0.54051644
0,0,0.533214
0,0,0.5221486
0,0,0.52618587
0,0,0.53444904
0,0,0.53030056
0,0,0.5193064
0,0,0.5148648
0,0,0.49774346
0,0,0.48590937
0,0,0.48568884
0,0,0.48215535
0,0,0.4761466
0,0,0.47402382
0,0,0.48325193
0,0,0.47967193
0,0,0.4801787
0,0,0.49948484
0,0,0.49383783
0,0,0.49077034
0,0,0.48345387
0,0,0.4858385
0,0,0.47078252
0,0,0.47492275
0,0,0.48198977
0,0,0.48256025
0,0,0.4757519
0,0,0.4873466
0,0,0.49036413
0,0,0.50162274
0,0,0.51087296
0,0,0.51447713
0,0,0.52154636
0,0,0.5177606
0,0,0.50949055
0,0,0.51242834
0,0,0.5054641
0,0,0.504128
0,0,0.5022599
0,0,0.50567377
0,0,0.5021236
0,0,0.5024373
0,0,0.50293255
0,0,0.5000767
0,0,0.5231001
0,0,0.52740866
0,0,0.5431513
0,0,0.5324055
0,0,0.52777165
0,0,0.516276
0,0,0.5191322
0,0,0.512299
0,0,0.5207032
0,0,0.5310402
0,0,0.5270185
0,0,0.5277891
0,0,0.53355765
0,0,0.52405524
0,0,0.5197798
0,0,0.5298121
0,0,0.5197763
0,0,0.51101404
0,0,0.50036216
0,0,0.48776183
0,0,0.474494
0,0,0.46867135
0,0,0.48442817
0,0,0.5019808
0,0,0.5037751
0,0,0.50320286
0,0,0.4885809
0,0,0.49259043
0,0,0.48210636
0,0,0.49210462
0,0,0.4828649
0,0,0.4952182
0,0,0.50230813
0,0,0.5096185
0,0,0.48464188
0,0,0.46800774
0,0,0.4640582
0,0,0.47750005
0,0,0.46582592
0,0,0.48140398
0,0,0.49131843
0,0,0.489183
0,0,0.4878828
0,0,0.495429
0,0,0.48279825
0,0,0.47583547
0,0,0.47473428
0,0,0.48467883
0,0,0.4860038
0,0,0.4968615
0,0,0.50763595
0,0,0.50681394
0,0,0.51919353
0,0,0.51481855
0,0,0.5074926
0,0,0.51609784
0,0,0.50419396
0,0,0.52952707
0,0,0.5190497
0,0,0.5310083
0,0,0.51265544
0,0,0.5262011
0,0,0.51801604
0,0,0.52390057
0,0,0.51810294
0,0,0.51188284
0,0,0.50488377
0,0,0.49753362
0,0,0.5082893
0,0,0.49591035
0,0,0.49801445
0,0,0.49645653
0,0,0.5110578
0,0,0.5101833
0,0,0.5015473
0,0,0.5133288
0,0,0.50994647
0,0,0.5177057
0,0,0.5281971
0,0,0.5293111
0,0,0.52350837
0,0,0.50720984
0,0,0.49729335
0,0,0.504621
0,0,0.4841052
0,0,0.49251726
0,0,0.49498105
0,0,0.48629838
0,0,0.4902983
0,0,0.51556194
0,0,0.52124584
0,0,0.51638633
0,0,0.51225966
0,0,0.52026683
0,0,0.5170577
0,0,0.52455086
0,0,0.500474
0,0,0.5098452
0,0,0.5077993
0,0,0.51985544
0,0,0.5195237
0,0,0.51005936
0,0,0.5137359
0,0,0.5083445
0,0,0.5051511
0,0,0.5022262
0,0,0.5091331
0,0,0.50080836
0,0,0.51309866
0,0,0.5249812
0,0,0.53143823
0,0,0.52231807
0,0,0.521823
0,0,0.5219052
0,0,0.532534
0,0,0.5166937
0,0,0.5118247
0,0,0.495334
0,0,0.50253934
0,0,0.49715748
0,0,0.49018624
0,0,0.50095963
0,0,0.48121068
0,0,0.4880071
0,0,0.50477856
0,0,0.51358134
0,0,0.5265944
0,0,0.5408937
0,0,0.53168964
0,0,0.526852
0,0,0.53333485
0,0,0.5233655
0,0,0.51355773
0,0,0.51679546
0,0,0.5205095
0,0,0.51465535
0,0,0.5137454
0,0,0.5360511
0,0,0.52581084
0,0,0.5204777
0,0,0.5089041
0,0,0.5116089
0,0,0.51289713
0,0,0.5060598
0,0,0.51173097
0,0,0.50842154
0,0,0.5125778
0,0,0.5086377
0,0,0.5093307
0,0,0.5137369
0,0,0.502146
0,0,0.5062137
0,0,0.51868105
0,0,0.50599027
0,0,0.5117606
0,0,0.50639087
0,0,0.52200633
0,0,0.51358527
0,0,0.5060314
0,0,0.51656145
0,0,0.5226157
0,0,0.5101777
0,0,0.5029793
0,0,0.49374214
0,0,0.5119837
0,0,0.5070152
0,0,0.50144666
0,0,0.48174775
0,0,0.5052563
0,0,0.5084762
0,0,0.504767
0,0,0.5195918
0,0,0.5284902
0,0,0.51991343
0,0,0.5180762
0,0,0.51854354
0,0,0.51498485
0,0,0.4951221
0,0,0.47794795
0,0,0.4834259
0,0,0.5155703
0,0,0.50600773
0,0,0.50567484
0,0,0.51496345
0,0,0.51270765
0,0,0.53522027
0,0,0.51594746
0,0,0.5102445
0,0,0.50663704
0,0,0.5266092
0,0,0.50552934
0,0,0.52500075
0,0,0.51868045
0,0,0.5172741
0,0,0.5107186
0,0,0.5157904
0,0,0.51985246
0,0,0.51849174
0,0,0.5091112
0,0,0.502717
0,0,0.51108855
0,0,0.5149587
0,0,0.51510066
0,0,0.5031406
0,0,0.49759382
0,0,0.5006157
0,0,0.5030939
0,0,0.5018016
0,0,0.50904644
0,0,0.51051867
0,0,0.5121005
0,0,0.50481385
0,0,0.49055934
0,0,0.48859906
0,0,0.48682803
0,0,0.49415293
0,0,0.47891626
0,0,0.5015239
0,0,0.48632318
0,0,0.48701504
0,0,0.4807967
0,0,0.50816923
0,0,0.5034555
0,0,0.51873124
0,0,0.5021435
0,0,0.5037597
0,0,0.5151923
0,0,0.5188369
0,0,0.5081478
0,0,0.501608
0,0,0.501242
0,0,0.5069818
0,0,0.5016738
0,0,0.49338293
0,0,0.49276996
0,0,0.5189963
0,0,0.48837999
0,0,0.48308244
0,0,0.5008287
0,0,0.50657624
0,0,0.510281
0,0,0.507599
0,0,0.4953141
0,0,0.4973151
0,0,0.4956885
0,0,0.48734188
0,0,0.49724597
0,0,0.49568897
0,0,0.5025327
0,0,0.50723773
0,0,0.50595707
0,0,0.49991727
0,0,0.5040738
0,0,0.49645063
0,0,0.5026968
0,0,0.48274913
0,0,0.47777852
0,0,0.484452
0,0,0.49155602
0,0,0.48377255
0,0,0.48841786
0,0,0.5089491
0,0,0.5086844
0,0,0.5002722
0,0,0.50518125
0,0,0.51173306
0,0,0.52652293
0,0,0.524549
0,0,0.52158695
0,0,0.5181309
0,0,0.5129886
0,0,0.5037232
0,0,0.5091818
0,0,0.50688475
0,0,0.5178103
0,0,0.52234304
0,0,0.5212965
0,0,0.51091915
0,0,0.5116992
0,0,0.518142
0,0,0.5019908
0,0,0.49547127
0,0,0.49315336
0,0,0.48631507
0,0,0.49633655
0,0,0.49246532
0,0,0.4941837
0,0,0.48320627
0,0,0.48485768
0,0,0.4775579
0,0,0.47819644
0,0,0.50158775
0,0,0.51250345
0,0,0.514032
0,0,0.5151772
0,0,0.5242583
0,0,0.52351874
0,0,0.5184615
0,0,0.5137178
0,0,0.5133852
0,0,0.50765437
0,0,0.4931309
0,0,0.49802437
0,0,0.4886434
0,0,0.4836009
0,0,0.4912853
0,0,0.49793822
0,0,0.5108952
0,0,0.51666886
0,0,0.52233875
0,0,0.5151226
0,0,0.5126588
0,0,0.4976348
0,0,0.47609308
0,0,0.47469378
0,0,0.48164716
0,0,0.4850508
0,0,0.4991371
0,0,0.5139986
0,0,0.5039205
0,0,0.51943666
0,0,0.51385206
0,0,0.51827735
0,0,0.51603925
0,0,0.5172739
0,0,0.5185224
0,0,0.51866674
0,0,0.5224397
0,0,0.51963705
0,0,0.52718633
0,0,0.52365637
0,0,0.52316445
0,0,0.50496167
0,0,0.5106377
0,0,0.51026034
0,0,0.4951961
0,0,0.48363006
0,0,0.507208
0,0,0.49735662
0,0,0.5103118
0,0,0.5012013
0,0,0.5152589
0,0,0.5075107
0,0,0.50634795
0,0,0.49502385
0,0,0.500175
0,0,0.5290889
0,0,0.5307209
0,0,0.52770925
0,0,0.53250176
0,0,0.54226774
0,0,0.5318315
0,0,0.52500415
0,0,0.5140074
0,0,0.50758165
0,0,0.5103529
0,0,0.50853175
0,0,0.5055198
0,0,0.5080319
0,0,0.5015526
0,0,0.49733353
0,0,0.5113287
0,0,0.531708
0,0,0.5363641
0,0,0.5338682
0,0,0.51167333
0,0,0.5095149
0,0,0.5141152
0,0,0.49480703
0,0,0.49064738
0,0,0.48246837
0,0,0.5018424
0,0,0.49497917
0,0,0.5057904
0,0,0.49943143
0,0,0.49649125
0,0,0.47975135
0,0,0.46859676
0,0,0.47989467
0,0,0.48560145
0,0,0.4969515
0,0,0.48787802
0,0,0.49732715
0,0,0.5152921
0,0,0.5092503
0,0,0.513473
0,0,0.52363884
0,0,0.5228459
0,0,0.5130835
0,0,0.49203032
0,0,0.47931457
0,0,0.48196
0,0,0.48231053
0,0,0.48393285
0,0,0.5082135
0,0,0.51996684
0,0,0.5172501
0,0,0.5229091
0,0,0.51246333
0,0,0.5204621
0,0,0.5246993
0,0,0.52625805
0,0,0.51718694
0,0,0.5346815
0,0,0.52725875
0,0,0.5344138
0,0,0.52503157
0,0,0.51876396
0,0,0.52294934
0,0,0.53212786
0,0,0.5330518
0,0,0.5231391
0,0,0.5347883
0,0,0.52397597
0,0,0.5304133
0,0,0.5299577
0,0,0.5396858
0,0,0.53025156
0,0,0.51465666
0,0,0.51277536
0,0,0.508529
0,0,0.5084771
0,0,0.5050889
0,0,0.5174068
0,0,0.5291534
0,0,0.52602977
0,0,0.5177689
0,0,0.5081682
0,0,0.4974319
0,0,0.46754313
0,0,0.4779087
0,0,0.47823706
0,0,0.48333701
0,0,0.4877274
0,0,0.5274468
0,0,0.5309254
0,0,0.53465
0,0,0.5344007
0,0,0.53744787
0,0,0.542641
0,0,0.55036676
0,0,0.5239622
0,0,0.5298058
0,0,0.52028185
0,0,0.5121283
0,0,0.49718142
0,0,0.4821283
0,0,0.46378395
0,0,0.4642499
0,0,0.4832942
0,0,0.48416132
0,0,0.49259382
0,0,0.50925684
0,0,0.5163997
0,0,0.51648504
0,0,0.52051455
0,0,0.50903904
0,0,0.5230022
0,0,0.5167771
0,0,0.51139426
0,0,0.51734585
0,0,0.50720733
0,0,0.5153901
0,0,0.5049962
0,0,0.5064255
0,0,0.5063051
0,0,0.5217466
0,0,0.5199706
0,0,0.519207
0,0,0.5103304
0,0,0.5202366
0,0,0.5353003
0,0,0.5328777
0,0,0.50437343
0,0,0.5050293
0,0,0.5096274
0,0,0.50078607
0,0,0.4788419
0,0,0.48122552
0,0,0.48785272
0,0,0.50068915
0,0,0.4971486
0,0,0.4974934
0,0,0.5013151
0,0,0.49379423
0,0,0.47426748
0,0,0.47702545
0,0,0.46856862
0,0,0.4977463
0,0,0.49683288
0,0,0.5232753
0,0,0.52959245
0,0,0.52284634
0,0,0.5110748
0,0,0.50475
0,0,0.49966994
0,0,0.4925077
0,0,0.49826914
0,0,0.5047348
0,0,0.5121607
0,0,0.5038114
0,0,0.51911616
0,0,0.50513595
0,0,0.5005295
0,0,0.50401473
0,0,0.5124759
0,0,0.50184983
0,0,0.50410396
0,0,0.51556414
0,0,0.5296229
0,0,0.5327826
0,0,0.51855147
0,0,0.50793236
0,0,0.5179063
0,0,0.51558745
0,0,0.50978553
0,0,0.5156946
0,0,0.4974693
0,0,0.49229243
0,0,0.50266784
0,0,0.51076627
0,0,0.5133276
0,0,0.5052642
0,0,0.5023833
0,0,0.50933933
0,0,0.5054364
0,0,0.5111134
0,0,0.51478505
0,0,0.51756984
0,0,0.5222337
0,0,0.52719706
0,0,0.5299703
0,0,0.5325333
0,0,0.5271776
0,0,0.5153391
0,0,0.51157004
0,0,0.50854516
0,0,0.5071811
0,0,0.49721247
0,0,0.49375075
0,0,0.49201807
0,0,0.50492793
0,0,0.4981644
0,0,0.49845484
0,0,0.50924975
0,0,0.50999844
0,0,0.5048964
0,0,0.5033781
0,0,0.5067079
0,0,0.50923926
0,0,0.5012061
0,0,0.51053137
0,0,0.5014611
0,0,0.50029916
0,0,0.492796
0,0,0.504111
0,0,0.50000966
0,0,0.4904955
0,0,0.4914771
0,0,0.49142033
0,0,0.50139576
0,0,0.5030678
0,0,0.49525622
0,0,0.49451235
0,0,0.50811934
0,0,0.51999897
0,0,0.52308744
0,0,0.5113842
0,0,0.52432185
0,0,0.5265184
0,0,0.52922195
0,0,0.5231732
0,0,0.5101337
0,0,0.5146886
0,0,0.507804
0,0,0.51081526
0,0,0.52269137
0,0,0.5371936
0,0,0.52829254
0,0,0.5177896
0,0,0.5089158
0,0,0.49346262
0,0,0.48562917
0,0,0.47643438
0,0,0.47414804
0,0,0.46622017
0,0,0.45888826
0,0,0.46309447
0,0,0.47037455
0,0,0.47507918
0,0,0.49632153
0,0,0.4954351
0,0,0.5075176
0,0,0.5051467
0,0,0.5111229
0,0,0.5103652
0,0,0.5180882
0,0,0.5172991
0,0,0.51746756
0,0,0.5202767
0,0,0.52597684
0,0,0.5250711
0,0,0.512044
0,0,0.50661254
0,0,0.5017437
0,0,0.5108833
0,0,0.50904536
0,0,0.5172794
0,0,0.51084447
0,0,0.51987034
0,0,0.53263664
0,0,0.5304078
0,0,0.5284274
0,0,0.5278034
0,0,0.5134201
0,0,0.51239383
0,0,0.5248355
0,0,0.51213574
0,0,0.5027573
0,0,0.50727373
0,0,0.49797678
0,0,0.48497754
0,0,0.50102216
0,0,0.528003
0,0,0.52779335
0,0,0.5283747
0,0,0.5233504
0,0,0.52180797
0,0,0.5134891
0,0,0.5232458
0,0,0.5063581
0,0,0.49966192
0,0,0.49291137
0,0,0.5017262
0,0,0.4991951
0,0,0.51387155
0,0,0.5045757
0,0,0.51176155
0,0,0.49758393
0,0,0.4925948
0,0,0.4742057
0,0,0.47846177
0,0,0.47709903
0,0,0.4849836
0,0,0.49576867
0,0,0.5112205
0,0,0.5182583
0,0,0.5187577
0,0,0.5150105
0,0,0.502288
0,0,0.5152597
0,0,0.49897048
0,0,0.50014436
0,0,0.512638
0,0,0.5178214
0,0,0.52167434
0,0,0.5247817
0,0,0.5124884
0,0,0.51256084
0,0,0.5190035
0,0,0.5018514
0,0,0.4890176
0,0,0.49219006
0,0,0.49924168
0,0,0.4886088
0,0,0.49531177
0,0,0.49229267
0,0,0.4907932
0,0,0.47484037
0,0,0.48154986
0,0,0.47020128
0,0,0.48531187
0,0,0.46025276
0,0,0.47436702
0,0,0.46534052
0,0,0.47592688
0,0,0.47135812
0,0,0.496617
0,0,0.4849337
0,0,0.50031567
0,0,0.4986093
0,0,0.5222653
0,0,0.5123807
0,0,0.50878185
0,0,0.49235335
0,0,0.50855154
0,0,0.50080407
0,0,0.4954544
0,0,0.47239006
0,0,0.4692601
0,0,0.45494422
0,0,0.44970387
0,0,0.45831144
0,0,0.49204382
0,0,0.50502056
0,0,0.52533036
0,0,0.52370644
0,0,0.52470535
0,0,0.5081572
0,0,0.5056965
0,0,0.49149266
0,0,0.4922833
0,0,0.4776306
0,0,0.47242388
0,0,0.5047384
0,0,0.50829685
0,0,0.5038652
0,0,0.5089325
0,0,0.49784514
0,0,0.49290094
0,0,0.4962318
0,0,0.48693758
0,0,0.50006443
0,0,0.4979718
0,0,0.4995724
0,0,0.49769363
0,0,0.49909815
0,0,0.51245826
0,0,0.5146884
0,0,0.52588916
0,0,0.52940977
0,0,0.5153842
0,0,0.51074374
0,0,0.51741785
0,0,0.51973355
0,0,0.5060342
0,0,0.4968569
0,0,0.50056237
0,0,0.48931244
0,0,0.4738714
0,0,0.4910028
0,0,0.48171145
0,0,0.47914138
0,0,0.49274713
0,0,0.493037
0,0,0.5016953
0,0,0.49857512
0,0,0.48372483
0,0,0.4826082
0,0,0.4907347
0,0,0.4829401
0,0,0.4927137
0,0,0.49597678
0,0,0.5090895
0,0,0.529366
0,0,0.522933
0,0,0.5193816
0,0,0.53045976
0,0,0.5297424
0,0,0.5167117
0,0,0.5227714
0,0,0.5223804
0,0,0.53812814
0,0,0.5365437
0,0,0.5322383
0,0,0.52347064
0,0,0.52551705
0,0,0.53144586
0,0,0.5231653
0,0,0.52581227
0,0,0.5232964
0,0,0.5244758
0,0,0.5084785
0,0,0.5052556
0,0,0.500434
0,0,0.48645607
0,0,0.48814148
0,0,0.47454855
0,0,0.5002327
0,0,0.5229269
0,0,0.5287351
0,0,0.52482355
0,0,0.5228869
0,0,0.52134025
0,0,0.516259
0,0,0.51790464
0,0,0.51814175
0,0,0.51749575
0,0,0.50538695
0,0,0.5176214
0,0,0.51683915
0,0,0.5243333
0,0,0.5197819
0,0,0.51439327
0,0,0.51249367
0,0,0.51201624
0,0,0.52532053
0,0,0.52021706
0,0,0.5166211
0,0,0.5364465
0,0,0.5385006
0,0,0.53294253
0,0,0.53266376
0,0,0.5316065
0,0,0.5259299
0,0,0.53339344
0,0,0.5294337
0,0,0.53642493
0,0,0.52356786
0,0,0.51311576
0,0,0.5155589
0,0,0.51187354
0,0,0.5019177
0,0,0.5031089
0,0,0.50376475
0,0,0.5105114
0,0,0.51188034
0,0,0.52655303
0,0,0.51649904
0,0,0.5158193
0,0,0.5291853
0,0,0.5212691
0,0,0.52297115
0,0,0.51484686
0,0,0.5079022
0,0,0.5143063
0,0,0.5155882
0,0,0.50204927
0,0,0.49676597
0,0,0.49713898
0,0,0.4898675
0,0,0.5122966
0,0,0.53912824
0,0,0.54186016
0,0,0.5219339
0,0,0.5415228
0,0,0.522616
0,0,0.50870425
0,0,0.5052385
0,0,0.51307124
0,0,0.50531536
0,0,0.5086088
0,0,0.515245
0,0,0.5182623
0,0,0.52139294
0,0,0.5118449
0,0,0.5094332
0,0,0.5167388
0,0,0.5246822
0,0,0.51616895
0,0,0.5071441
0,0,0.52592474
0,0,0.5076619
0,0,0.5104095
0,0,0.52055955
0,0,0.52158713
0,0,0.5194514
0,0,0.51050186
0,0,0.5088025
0,0,0.51387674
0,0,0.5061117
0,0,0.50192046
0,0,0.49930656
0,0,0.49555585
0,0,0.5041109
0,0,0.49298483
0,0,0.49850905
0,0,0.49412844
0,0,0.4952731
0,0,0.48735395
0,0,0.48923537
0,0,0.5037804
0,0,0.5059813
0,0,0.5184959
0,0,0.525418
0,0,0.5370767
0,0,0.5275037
0,0,0.5382952
0,0,0.53573203
0,0,0.5151159
0,0,0.5152992
0,0,0.50605774
0,0,0.49664134
0,0,0.48757473
0,0,0.48041406
0,0,0.48234364
0,0,0.4889077
0,0,0.47985372
0,0,0.47664592
0,0,0.4980766
0,0,0.5055573
0,0,0.51373386
0,0,0.5157009
0,0,0.5193972
0,0,0.5164842
0,0,0.5222924
0,0,0.5066707
0,0,0.51418275
0,0,0.5072161
0,0,0.50355136
0,0,0.50817716
0,0,0.5092313
0,0,0.5192827
0,0,0.53593
0,0,0.5225857
0,0,0.5169661
0,0,0.5356748
0,0,0.5252438
0,0,0.5166824
0,0,0.5112524
0,0,0.52365243
0,0,0.49897903
0,0,0.48496553
0,0,0.49774098
0,0,0.4931347
0,0,0.48416242
0,0,0.4855897
0,0,0.48364997
0,0,0.48545521
0,0,0.48754367
0,0,0.5013601
0,0,0.49049038
0,0,0.48713252
0,0,0.49741077
0,0,0.51162684
0,0,0.5170117
0,0,0.5061066
0,0,0.51532245
0,0,0.5101008
0,0,0.5049606
0,0,0.49372053
0,0,0.50316703
0,0,0.50322926
0,0,0.52484477
0,0,0.53025126
0,0,0.5269047
0,0,0.5381223
0,0,0.5407795
0,0,0.5255654
0,0,0.52643925
0,0,0.523639
0,0,0.51657397
0,0,0.50109684
0,0,0.49803734
0,0,0.49965107
0,0,0.49961
0,0,0.51168394
0,0,0.50849223
0,0,0.5017749
0,0,0.501538
0,0,0.51500493
0,0,0.51478034
0,0,0.5092469
0,0,0.50973696
0,0,0.5074608
0,0,0.5108113
0,0,0.5079218
0,0,0.5057335
0,0,0.51100206
0,0,0.50438905
0,0,0.50057787
0,0,0.48795584
0,0,0.491078
0,0,0.47707033
0,0,0.48322442
0,0,0.48661956
0,0,0.48644128
0,0,0.47650677
0,0,0.4700873
0,0,0.4765047
0,0,0.47724065
0,0,0.48565084
0,0,0.48815104
0,0,0.4807428
0,0,0.48688376
0,0,0.5078871
0,0,0.52445996
0,0,0.5064813
0,0,0.51764536
0,0,0.5131211
0,0,0.50900096
0,0,0.50953615
0,0,0.51731485
0,0,0.50553
0,0,0.49301386
0,0,0.5073161
0,0,0.4975767
0,0,0.51317424
0,0,0.5112273
0,0,0.52202344
0,0,0.5094658
0,0,0.5000288
0,0,0.49954396
0,0,0.4822507
0,0,0.48698422
0,0,0.5009199
0,0,0.49450454
0,0,0.48504984
0,0,0.47558823
0,0,0.47346336
0,0,0.47393098
0,0,0.48249623
0,0,0.4946511
0,0,0.4924999
0,0,0.50150466
0,0,0.5066675
0,0,0.5087269
0,0,0.5022993
0,0,0.5085153
0,0,0.5017614
0,0,0.49618736
0,0,0.49065036
0,0,0.48749378
0,0,0.48397627
0,0,0.49928927
0,0,0.5129328
0,0,0.5374513
0,0,0.53561777
0,0,0.5292823
0,0,0.5377102
0,0,0.53643554
0,0,0.5119996
0,0,0.511291
0,0,0.521478
0,0,0.50978446
0,0,0.51964086
0,0,0.51268977
0,0,0.5025382
0,0,0.50377965
0,0,0.5013736
0,0,0.5049277
0,0,0.5079282
0,0,0.5204472
0,0,0.53832453
0,0,0.5280588
0,0,0.51894593
0,0,0.51851684
0,0,0.5160246
0,0,0.50790346
0,0,0.52275676
0,0,0.50919783
0,0,0.52196276
0,0,0.51316744
0,0,0.50210166
0,0,0.49596295
0,0,0.4910229
0,0,0.49122798
0,0,0.49805957
0,0,0.507145
0,0,0.5137179
0,0,0.5022847
0,0,0.5087315
0,0,0.50224537
0,0,0.50645214
0,0,0.49305117
0,0,0.48764944
0,0,0.4884433
0,0,0.49948305
0,0,0.5076977
0,0,0.5141756
0,0,0.5141997
0,0,0.50832766
0,0,0.51514506
0,0,0.5304968
0,0,0.51350754
0,0,0.5079084
0,0,0.5208644
0,0,0.5105609
0,0,0.48740214
0,0,0.48845068
0,0,0.48285326
0,0,0.5010161
0,0,0.49842367
0,0,0.48850682
0,0,0.50549436
0,0,0.50835824
0,0,0.50086725
0,0,0.5133468
0,0,0.501454
0,0,0.49641722
0,0,0.5083614
0,0,0.516527
0,0,0.52760845
0,0,0.52362907
0,0,0.5293272
0,0,0.51432294
0,0,0.51118684
0,0,0.5084082
0,0,0.48221388
0,0,0.4798462
0,0,0.48997384
0,0,0.49054053
0,0,0.5033916
0,0,0.50535667
0,0,0.50258464
0,0,0.49815017
0,0,0.4980863
0,0,0.5046425
0,0,0.5127632
0,0,0.52020466
0,0,0.5145995
0,0,0.5176369
0,0,0.5105846
0,0,0.5134048
0,0,0.50349844
0,0,0.5140174
0,0,0.49942917
0,0,0.4898609
0,0,0.49566787
0,0,0.49475023
0,0,0.47945172
0,0,0.49207044
0,0,0.49954027
0,0,0.50650287
0,0,0.5019238
0,0,0.50487983
0,0,0.49765074
0,0,0.491012
0,0,0.48564953
0,0,0.4933007
0,0,0.50607365
0,0,0.5034876
0,0,0.5075922
0,0,0.5049687
0,0,0.49772474
0,0,0.49507266
0,0,0.5034954
0,0,0.50650585
0,0,0.5067405
0,0,0.51240957
0,0,0.5098
0,0,0.512591
0,0,0.50078744
0,0,0.4964832
0,0,0.5039983
0,0,0.50546086
0,0,0.49407145
0,0,0.49874514
0,0,0.5026295
0,0,0.4906708
0,0,0.49072787
0,0,0.48860636
0,0,0.49060652
0,0,0.4964423
0,0,0.48049784
0,0,0.48368272
0,0,0.48847485
0,0,0.48595765
0,0,0.4790443
0,0,0.48897588
0,0,0.48749447
0,0,0.48790526
0,0,0.49415794
0,0,0.49671885
0,0,0.4931957
0,0,0.49464747
0,0,0.50465876
0,0,0.500285
0,0,0.4844365
0,0,0.5023652
0,0,0.51431525
0,0,0.50669134
0,0,0.5001465
0,0,0.4931656
0,0,0.50172436
0,0,0.5041433
0,0,0.51130456
0,0,0.5147366
0,0,0.5178827
0,0,0.5310911
0,0,0.539699
0,0,0.53761095
0,0,0.53298587
0,0,0.53014445
0,0,0.5403
0,0,0.5360876
0,0,0.5306155
0,0,0.52333355
0,0,0.5233736
0,0,0.52084607
0,0,0.51500523
0,0,0.5189391
0,0,0.5136451
0,0,0.5017819
0,0,0.4955151
0,0,0.50270617
0,0,0.5023446
0,0,0.4942606
0,0,0.49892026
0,0,0.5023439
0,0,0.50632864
0,0,0.49610162
0,0,0.49435946
0,0,0.5006974
0,0,0.491571
0,0,0.48899308
0,0,0.48060256
0,0,0.48305893
0,0,0.48819536
0,0,0.48439515
0,0,0.4845186
0,0,0.48779315
0,0,0.49908057
0,0,0.4932072
0,0,0.48243308
0,0,0.49793693
0,0,0.5029152
0,0,0.5138389
0,0,0.5206301
0,0,0.5182545
0,0,0.5136513
0,0,0.5101353
0,0,0.49527037
0,0,0.5092464
0,0,0.5113695
0,0,0.5128489
0,0,0.518231
0,0,0.51575637
0,0,0.51812696
0,0,0.5200492
0,0,0.5212683
0,0,0.519447
0,0,0.52244693
0,0,0.5170751
0,0,0.5259094
0,0,0.50587946
0,0,0.51298875
0,0,0.5122847
0,0,0.50573987
0,0,0.49736986
0,0,0.51084447
0,0,0.511331
0,0,0.5051541
0,0,0.49281493
0,0,0.49296534
0,0,0.4957444
0,0,0.49154398
0,0,0.49104178
0,0,0.489246
0,0,0.4998831
0,0,0.48781323
0,0,0.48329252
0,0,0.4712269
0,0,0.4773725
0,0,0.48381594
0,0,0.4950629
0,0,0.5054417
0,0,0.5151566
0,0,0.53418994
0,0,0.5290122
0,0,0.5395973
0,0,0.5331408
0,0,0.52468795
0,0,0.5172426
0,0,0.5130148
0,0,0.50390536
0,0,0.49330372
0,0,0.4913029
0,0,0.50729847
0,0,0.50234216
0,0,0.5098135
0,0,0.5170828
0,0,0.5210396
0,0,0.5279044
0,0,0.53302985
0,0,0.51700115
0,0,0.5263276
0,0,0.52547294
0,0,0.518937
0,0,0.50949967
0,0,0.50817955
0,0,0.51588935
0,0,0.49788308
0,0,0.48103556
0,0,0.47952434
0,0,0.4862523
0,0,0.4850459
0,0,0.49589938
0,0,0.51728463
0,0,0.507748
0,0,0.51281476
0,0,0.51274616
0,0,0.5100017
0,0,0.5047115
0,0,0.5099435
0,0,0.5153501
0,0,0.5160999
0,0,0.5230917
0,0,0.5230166
0,0,0.51920444
0,0,0.51246804
0,0,0.5073088
0,0,0.49253997
0,0,0.47957167
0,0,0.47702292
0,0,0.4744809
0,0,0.47541568
0,0,0.49155682
0,0,0.50760275
0,0,0.515089
0,0,0.517309
0,0,0.52128106
0,0,0.51856214
0,0,0.51458067
0,0,0.5178477
0,0,0.51164275
0,0,0.51974726
0,0,0.51577395
0,0,0.52015156
0,0,0.5173542
0,0,0.5120334
0,0,0.5066354
0,0,0.5286306
0,0,0.5192462
0,0,0.52480465
0,0,0.50332165
0,0,0.5042285
0,0,0.48253754
0,0,0.48007426
0,0,0.48190168
0,0,0.50762796
0,0,0.5167979
0,0,0.5297531
0,0,0.5148805
0,0,0.5177091
0,0,0.52121836
0,0,0.52055806
0,0,0.5005319
0,0,0.4961954
0,0,0.5123871
0,0,0.51524955
0,0,0.5065251
0,0,0.51171994
0,0,0.5081919
0,0,0.5217491
0,0,0.5097758
0,0,0.5129418
0,0,0.5198432
0,0,0.51801634
0,0,0.5071444
0,0,0.50183535
0,0,0.48191863
0,0,0.46843758
0,0,0.4718909
0,0,0.46980247
0,0,0.46762538
0,0,0.4628672
0,0,0.4835198
0,0,0.4696089
0,0,0.48593104
0,0,0.47361708
0,0,0.4972925
0,0,0.4675677
0,0,0.5000813
0,0,0.49411795
0,0,0.5228033
0,0,0.5174331
0,0,0.51835394
0,0,0.5198713
0,0,0.51623863
0,0,0.5188899
0,0,0.4974755
0,0,0.5012801
0,0,0.5004923
0,0,0.48969212
0,0,0.48704353
0,0,0.50616574
0,0,0.4935899
0,0,0.4982045
0,0,0.501665
0,0,0.49671546
0,0,0.49949673
0,0,0.51256984
0,0,0.51245296
0,0,0.51221585
0,0,0.51832664
0,0,0.51809853
0,0,0.5222822
0,0,0.5191569
0,0,0.5290829
0,0,0.5245018
0,0,0.5087989
0,0,0.50398195
0,0,0.511122
0,0,0.50670546
0,0,0.48639265
0,0,0.5031349
0,0,0.5139731
0,0,0.50935423
0,0,0.5135152
0,0,0.51978844
0,0,0.506927
0,0,0.4846292
0,0,0.47966895
0,0,0.47590134
0,0,0.47288376
0,0,0.47907966
0,0,0.49357504
0,0,0.50137436
0,0,0.4901955
0,0,0.4810091
0,0,0.49776626
0,0,0.48661488
0,0,0.4887844
0,0,0.4899075
0,0,0.4884264
0,0,0.49006522
0,0,0.49656826
0,0,0.5049841
0,0,0.4999196
0,0,0.5061769
0,0,0.5059101
0,0,0.5003991
0,0,0.4987594
0,0,0.5056402
0,0,0.5189053
0,0,0.5134171
0,0,0.5085527
0,0,0.5047589
0,0,0.4964412
0,0,0.5042045
0,0,0.48712546
0,0,0.497288
0,0,0.502829
0,0,0.5123086
0,0,0.48852038
0,0,0.48208824
0,0,0.48938015
0,0,0.4872402
0,0,0.4773708
0,0,0.48652604
0,0,0.49726254
0,0,0.51785517
0,0,0.51455265
0,0,0.51098824
0,0,0.5230778
0,0,0.5178486
0,0,0.50308955
0,0,0.50514615
0,0,0.51643395
0,0,0.505294
0,0,0.5016473
0,0,0.4907692
0,0,0.49968258
0,0,0.5049352
0,0,0.49635965
0,0,0.495288
0,0,0.51538557
0,0,0.53028476
0,0,0.51921505
0,0,0.5079745
0,0,0.49739885
0,0,0.5086714
0,0,0.49956766
0,0,0.50634694
0,0,0.5227359
0,0,0.5278229
0,0,0.52032906
0,0,0.5168312
0,0,0.52234435
0,0,0.53177434
0,0,0.5234187
0,0,0.5335759
0,0,0.5353739
0,0,0.535481
0,0,0.53508335
0,0,0.5219466
0,0,0.5255389
0,0,0.508743
0,0,0.50242555
0,0,0.50080633
0,0,0.52020144
0,0,0.5335655
0,0,0.5355012
0,0,0.53437793
0,0,0.5215103
0,0,0.52455395
0,0,0.50249064
0,0,0.5040871
0,0,0.4997187
0,0,0.49775314
0,0,0.4911685
0,0,0.5145412
0,0,0.49702683
0,0,0.4927333
0,0,0.47602814
0,0,0.4816708
0,0,0.48892573
0,0,0.494141
0,0,0.49289793
0,0,0.5065505
0,0,0.51151603
0,0,0.5322849
0,0,0.51704884
0,0,0.5250637
0,0,0.5184173
0,0,0.528776
0,0,0.5353842
0,0,0.5078161
0,0,0.52247965
0,0,0.51644266
0,0,0.5071886
0,0,0.50516987
0,0,0.5157221
0,0,0.5213768
0,0,0.5093225
0,0,0.5098978
0,0,0.52284545
0,0,0.51046485
0,0,0.49884906
0,0,0.50241446
0,0,0.50887674
0,0,0.52552027
0,0,0.52764827
0,0,0.50777036
0,0,0.5168572
0,0,0.5136505
0,0,0.51549596
0,0,0.50851977
0,0,0.50540984
0,0,0.5034793
0,0,0.5018079
0,0,0.49578717
0,0,0.49656868
0,0,0.49690565
0,0,0.51227987
0,0,0.5052462
0,0,0.49874526
0,0,0.50862306
0,0,0.5116666
0,0,0.52684647
0,0,0.51467127
0,0,0.5241634
0,0,0.51599365
0,0,0.523919
0,0,0.5101088
0,0,0.5098119
0,0,0.5042431
0,0,0.5101024
0,0,0.5049016
0,0,0.52286774
0,0,0.51976585
0,0,0.4999497
0,0,0.49516875
0,0,0.49447942
0,0,0.47638705
0,0,0.4685209
0,0,0.49010283
0,0,0.48704502
0,0,0.48801687
0,0,0.49850643
0,0,0.49272665
0,0,0.5064271
0,0,0.49492428
0,0,0.49825865
0,0,0.5140648
0,0,0.51184326
0,0,0.5064525
0,0,0.5028664
0,0,0.516317
0,0,0.48542735
0,0,0.48423576
0,0,0.4937836
0,0,0.49905312
0,0,0.47830582
0,0,0.48285767
0,0,0.4944701
0,0,0.49971393
0,0,0.49932688
0,0,0.4951387
0,0,0.49663934
0,0,0.5022371
0,0,0.51424444
0,0,0.50700814
0,0,0.5104159
0,0,0.49680498
0,0,0.4971884
0,0,0.48649928
0,0,0.48476443
0,0,0.4898558
0,0,0.5152274
0,0,0.52671844
0,0,0.54357636
0,0,0.5409225
0,0,0.537393
0,0,0.52572
0,0,0.5151701
0,0,0.51114625
0,0,0.50176877
0,0,0.5093436
0,0,0.50128144
0,0,0.49236935
0,0,0.49067292
0,0,0.49497706
0,0,0.49396196
0,0,0.5039449
0,0,0.52244735
0,0,0.53125507
0,0,0.5243473
0,0,0.5211205
0,0,0.5138993
0,0,0.5210808
0,0,0.5056591
0,0,0.5009298
0,0,0.48993602
0,0,0.49490985
0,0,0.48320204
0,0,0.49121022
0,0,0.5016844
0,0,0.5119353
0,0,0.48875913
0,0,0.49492538
0,0,0.4920111
0,0,0.46730402
0,0,0.46509388
0,0,0.4691549
0,0,0.48015437
0,0,0.49886835
0,0,0.5189643
0,0,0.533356
0,0,0.5320447
0,0,0.5278952
0,0,0.5185702
0,0,0.51303786
0,0,0.498718
0,0,0.5044762
0,0,0.49336928
0,0,0.5004801
0,0,0.49515283
0,0,0.49823955
0,0,0.48489815
0,0,0.49297044
0,0,0.48704782
0,0,0.49557877
0,0,0.49218974
0,0,0.48511183
0,0,0.48269957
0,0,0.4799247
0,0,0.47296894
0,0,0.48818296
0,0,0.5007614
0,0,0.51729107
0,0,0.52713627
0,0,0.5296448
0,0,0.5234156
0,0,0.5310493
0,0,0.5242364
0,0,0.51713854
0,0,0.5128435
0,0,0.50614446
0,0,0.5089801
0,0,0.497213
0,0,0.4963242
0,0,0.50573015
0,0,0.5111488
0,0,0.49904665
0,0,0.50490284
0,0,0.5120471
0,0,0.5125146
0,0,0.52401274
0,0,0.51996124
0,0,0.5123071
0,0,0.5034322
0,0,0.4900546
0,0,0.48635793
0,0,0.47878608
0,0,0.48859912
0,0,0.48812678
0,0,0.49806523
0,0,0.4941214
0,0,0.508949
0,0,0.5103919
0,0,0.49754313
0,0,0.500485
0,0,0.5035918
0,0,0.5065013
0,0,0.5085635
0,0,0.50655353
0,0,0.5213606
0,0,0.5116313
0,0,0.5101468
0,0,0.50868374
0,0,0.5063103
0,0,0.49731117
0,0,0.49968496
0,0,0.5123387
0,0,0.5090349
0,0,0.5140183
0,0,0.5159442
0,0,0.51572406
0,0,0.5216822
0,0,0.5157285
0,0,0.5286084
0,0,0.5256815
0,0,0.52193123
0,0,0.5140599
0,0,0.50748646
0,0,0.5046806
0,0,0.5128486
0,0,0.525061
0,0,0.5316313
0,0,0.5285359
0,0,0.51926404
0,0,0.50893617
0,0,0.5213522
0,0,0.5117272
0,0,0.5038964
0,0,0.48575905
0,0,0.49321544
0,0,0.500341
0,0,0.48484394
0,0,0.4798961
0,0,0.4971966
0,0,0.50782996
0,0,0.5112095
0,0,0.5076035
0,0,0.509022
0,0,0.5067231
0,0,0.5102951
0,0,0.50861514
0,0,0.5034347
0,0,0.5149928
0,0,0.4944318
0,0,0.4944905
0,0,0.4925932
0,0,0.5067601
0,0,0.5013836
0,0,0.51221144
0,0,0.52432454
0,0,0.52235
0,0,0.5171183
0,0,0.5137296
0,0,0.5289266
0,0,0.5249257
0,0,0.5334057
0,0,0.5194804
0,0,0.514745
0,0,0.5084767
0,0,0.5031898
0,0,0.49881127
0,0,0.49603906
0,0,0.49755168
0,0,0.49535424
0,0,0.48431036
0,0,0.47486833
0,0,0.46739697
0,0,0.4725098
0,0,0.4775225
0,0,0.47885665
0,0,0.50036055
0,0,0.5148379
0,0,0.5047724
0,0,0.49614716
0,0,0.49150705
0,0,0.50192106
0,0,0.49819326
0,0,0.49556294
0,0,0.49583277
0,0,0.50281554
0,0,0.5106204
0,0,0.511429
0,0,0.52761835
0,0,0.52860653
0,0,0.5236999
0,0,0.5046267
0,0,0.5086583
0,0,0.51914436
0,0,0.5076651
0,0,0.5132515
0,0,0.5229744
0,0,0.504984
0,0,0.51850384
0,0,0.5180172
0,0,0.5011702
0,0,0.4921278
0,0,0.49247676
0,0,0.4918366
0,0,0.4707333
0,0,0.49030486
0,0,0.49644318
0,0,0.4988366
0,0,0.509999
0,0,0.50980335
0,0,0.52303755
0,0,0.5163179
0,0,0.50645053
0,0,0.5120127
0,0,0.5017946
0,0,0.4873503
0,0,0.48194847
0,0,0.5040533
0,0,0.4847822
0,0,0.48672703
0,0,0.5030022
0,0,0.51584905
0,0,0.5152435
0,0,0.52828926
0,0,0.51870215
0,0,0.5177075
0,0,0.51010865
0,0,0.50806797
0,0,0.4942205
0,0,0.48861244
0,0,0.4926195
0,0,0.48871005
0,0,0.48108184
0,0,0.4748851
0,0,0.4853055
0,0,0.48085412
0,0,0.49440667
0,0,0.5030658
0,0,0.5108471
0,0,0.51986396
0,0,0.5117684
0,0,0.5161668
0,0,0.50245416
0,0,0.50522906
0,0,0.50503635
0,0,0.48823103
0,0,0.48481408
0,0,0.4810126
0,0,0.4793166
0,0,0.5068075
0,0,0.50834763
0,0,0.5082649
0,0,0.519972
0,0,0.50941646
0,0,0.493972
0,0,0.49677098
0,0,0.5067621
0,0,0.50329876
0,0,0.4952676
0,0,0.5058609
0,0,0.51357174
0,0,0.51984835
0,0,0.52245563
0,0,0.52303535
0,0,0.5094048
0,0,0.50572664
0,0,0.506323
0,0,0.51379794
0,0,0.50258815
0,0,0.5050079
0,0,0.512274
0,0,0.51473004
0,0,0.51586986
0,0,0.5188844
0,0,0.5093683
0,0,0.5089594
0,0,0.5111849
0,0,0.51846504
0,0,0.50955534
0,0,0.5172577
0,0,0.49401128
0,0,0.46768618
0,0,0.47414047
0,0,0.48878214
0,0,0.5054341
0,0,0.5087812
0,0,0.5229229
0,0,0.51548386
0,0,0.52872926
0,0,0.5068344
0,0,0.5046134
0,0,0.5025032
0,0,0.50073373
0,0,0.49981922
0,0,0.49484584
0,0,0.48996285
0,0,0.4840742
0,0,0.48821718
0,0,0.47807106
0,0,0.49286553
0,0,0.48791373
0,0,0.4809086
0,0,0.47479033
0,0,0.48014426
0,0,0.48329994
0,0,0.46964666
0,0,0.48383844
0,0,0.4833288
0,0,0.48480722
0,0,0.49016595
0,0,0.5015183
0,0,0.49604082
0,0,0.50056505
0,0,0.49661535
0,0,0.49630156
0,0,0.49100533
0,0,0.4898619
0,0,0.4780546
0,0,0.48842332
0,0,0.49781916
0,0,0.5006119
0,0,0.49531
0,0,0.5260877
0,0,0.53062505
0,0,0.51803035
0,0,0.5153503
0,0,0.5075413
0,0,0.50606763
0,0,0.4883087
0,0,0.48467112
0,0,0.49479675
0,0,0.5017173
0,0,0.48261937
0,0,0.4885915
0,0,0.50643057
0,0,0.5282515
0,0,0.52185655
0,0,0.5349337
0,0,0.5171291
0,0,0.52856183
0,0,0.5228952
0,0,0.5288171
0,0,0.5274007
0,0,0.5230137
0,0,0.53493917
0,0,0.52361304
0,0,0.5070956
0,0,0.52387285
0,0,0.5262739
0,0,0.5029921
0,0,0.49928808
0,0,0.4983423
0,0,0.49510637
0,0,0.48917183
0,0,0.51353467
0,0,0.5063264
0,0,0.5157276
0,0,0.49616194
0,0,0.4774446
0,0,0.49055073
0,0,0.49152052
0,0,0.4925453
0,0,0.4836312
0,0,0.48473436
0,0,0.47477996
0,0,0.4649873
0,0,0.46151677
0,0,0.47376147
0,0,0.47776133
0,0,0.48925126
0,0,0.5043595
0,0,0.5098257
0,0,0.5126622
0,0,0.5176337
0,0,0.52003187
0,0,0.5144015
0,0,0.5191837
0,0,0.52778345
0,0,0.536641
0,0,0.5213341
0,0,0.5315457
0,0,0.53710055
0,0,0.5300631
0,0,0.52951777
0,0,0.51916933
0,0,0.51441294
0,0,0.50866395
0,0,0.500745
0,0,0.51314616
0,0,0.5142656
0,0,0.5109243
0,0,0.5225167
0,0,0.5214684
0,0,0.52351546
0,0,0.5261537
0,0,0.52196133
0,0,0.5258484
0,0,0.52673084
0,0,0.5205196
0,0,0.51965725
0,0,0.5136187
0,0,0.5223351
0,0,0.52386415
0,0,0.5205061
0,0,0.5145142
0,0,0.5216394
0,0,0.5092364
0,0,0.5167813
0,0,0.5130435
0,0,0.5173493
0,0,0.5225748
0,0,0.5264556
0,0,0.51511985
0,0,0.5303327
0,0,0.527805
0,0,0.5203376
0,0,0.5209423
0,0,0.5173587
0,0,0.5022973
0,0,0.51615554
0,0,0.50772583
0,0,0.4957968
0,0,0.50058204
0,0,0.4912815
0,0,0.47535646
0,0,0.4967172
0,0,0.49872783
0,0,0.500285
0,0,0.49414933
0,0,0.49858472
0,0,0.5067946
0,0,0.50578415
0,0,0.51232165
0,0,0.5181522
0,0,0.5049048
0,0,0.50456274
0,0,0.5019853
0,0,0.49904245
0,0,0.5028503
0,0,0.5171202
0,0,0.5155261
0,0,0.50743145
0,0,0.499342
0,0,0.49500808
0,0,0.4818778
0,0,0.48494643
0,0,0.47534192
0,0,0.48429996
0,0,0.49013638
0,0,0.476887
0,0,0.49247387
0,0,0.5150769
0,0,0.5135302
0,0,0.517347
0,0,0.5216968
0,0,0.50860184
0,0,0.5089068
0,0,0.48891124
0,0,0.48204264
0,0,0.4726508
0,0,0.486016
0,0,0.48032582
0,0,0.48975936
0,0,0.48881495
0,0,0.49597865
0,0,0.5007086
0,0,0.5050553
0,0,0.5151458
0,0,0.5062937
0,0,0.5000398
0,0,0.49213278
0,0,0.48738074
0,0,0.47666848
0,0,0.48700768
0,0,0.50701046
0,0,0.50421816
0,0,0.5147824
0,0,0.49480596
0,0,0.50441486
0,0,0.49010473
0,0,0.47819242
0,0,0.49920863
0,0,0.5040402
0,0,0.4768936
0,0,0.48466858
0,0,0.48567092
0,0,0.4860609
0,0,0.48281547
0,0,0.4972729
0,0,0.51768726
0,0,0.52505666
0,0,0.5271568
0,0,0.5265465
0,0,0.52401346
0,0,0.53693986
0,0,0.5331808
0,0,0.50448143
0,0,0.5213551
0,0,0.52509207
0,0,0.52512646
0,0,0.5099159
0,0,0.5194986
0,0,0.52940357
0,0,0.5046809
0,0,0.5037871
0,0,0.5086471
0,0,0.49722716
0,0,0.5047993
0,0,0.5077597
0,0,0.5302028
0,0,0.53198767
0,0,0.5385739
0,0,0.5340309
0,0,0.5271319
0,0,0.5278208
0,0,0.51521534
0,0,0.5125517
0,0,0.50357693
0,0,0.50333786
0,0,0.5126044
0,0,0.49849275
0,0,0.5009374
0,0,0.5095497
0,0,0.5043476
0,0,0.49816626
0,0,0.5078296
0,0,0.5070404
0,0,0.5090839
0,0,0.50036824
0,0,0.5193014
0,0,0.51469076
0,0,0.51882446
0,0,0.52274364
0,0,0.52115417
0,0,0.5166213
0,0,0.51977694
0,0,0.5207409
0,0,0.52833515
0,0,0.5132208
0,0,0.515251
0,0,0.51025164
0,0,0.5070872
0,0,0.4999764
0,0,0.4938244
0,0,0.49096856
0,0,0.49340212
0,0,0.4869974
0,0,0.5123166
0,0,0.505299
0,0,0.51358664
0,0,0.50929457
0,0,0.5127185
0,0,0.51689804
0,0,0.5239652
0,0,0.521943
0,0,0.5236891
0,0,0.5065706
0,0,0.51296955
0,0,0.5067103
0,0,0.5151718
0,0,0.5140043
0,0,0.50966203
0,0,0.51535237
0,0,0.51853925
0,0,0.51812404
0,0,0.5183991
0,0,0.52101475
0,0,0.53148055
0,0,0.51896036
0,0,0.51467174
0,0,0.50520456
0,0,0.5009056
0,0,0.48803964
0,0,0.47720715
0,0,0.48612162
0,0,0.5079276
0,0,0.5159298
0,0,0.5000878
0,0,0.5150094
0,0,0.52572924
0,0,0.52336013
0,0,0.5296039
0,0,0.5285669
0,0,0.5370657
0,0,0.5370137
0,0,0.52764195
0,0,0.53029317
0,0,0.5244752
0,0,0.5191727
0,0,0.52264494
0,0,0.5278293
0,0,0.51088315
0,0,0.49977824
0,0,0.49892575
0,0,0.5090675
0,0,0.5238931
0,0,0.534139
0,0,0.528051
0,0,0.5251739
0,0,0.52668464
0,0,0.52960867
0,0,0.5391551
0,0,0.52651054
0,0,0.51949364
0,0,0.5107305
0,0,0.51775956
0,0,0.51572937
0,0,0.5278065
0,0,0.5198786
0,0,0.5189397
0,0,0.51650614
0,0,0.53613317
0,0,0.5216089
0,0,0.51705915
0,0,0.5118982
0,0,0.5056451
0,0,0.5025804
0,0,0.5030821
0,0,0.5078797
0,0,0.5071928
0,0,0.4944079
0,0,0.49666715
0,0,0.48417988
0,0,0.5115518
0,0,0.50726736
0,0,0.49779493
0,0,0.48325944
0,0,0.47411737
0,0,0.47679394
0,0,0.4855642
0,0,0.47839138
0,0,0.48705173
0,0,0.49866474
0,0,0.5080226
0,0,0.52068347
0,0,0.52030104
0,0,0.51500493
0,0,0.5083393
0,0,0.5096317
0,0,0.5223409
0,0,0.5193854
0,0,0.5035951
0,0,0.5057918
0,0,0.50328207
0,0,0.48070303
0,0,0.47060233
0,0,0.4589426
0,0,0.45677444
0,0,0.45737946
0,0,0.4560426
0,0,0.46115214
0,0,0.48617876
0,0,0.49784285
0,0,0.47586235
0,0,0.47681606
0,0,0.4730458
0,0,0.47684443
0,0,0.48932728
0,0,0.48831198
0,0,0.49690622
0,0,0.49493396
0,0,0.4791012
0,0,0.49253806
0,0,0.49042428
0,0,0.49759454
0,0,0.5004001
0,0,0.5105856
0,0,0.5156175
0,0,0.51689833
0,0,0.5044117
0,0,0.5082053
0,0,0.5073474
0,0,0.49902076
0,0,0.5084811
0,0,0.5062046
0,0,0.5226522
0,0,0.51413715
0,0,0.51101506
0,0,0.5139761
0,0,0.5129748
0,0,0.51213515
0,0,0.5229979
0,0,0.52947325
0,0,0.524486
0,0,0.5324977
0,0,0.5337197
0,0,0.5197477
0,0,0.51718026
0,0,0.5223693
0,0,0.50828683
0,0,0.51013947
0,0,0.51298976
0,0,0.5108013
0,0,0.5131778
0,0,0.51683646
0,0,0.5203745
0,0,0.5154519
0,0,0.5086731
0,0,0.5046715
0,0,0.50945956
0,0,0.5048195
0,0,0.49917933
0,0,0.4903443
0,0,0.48653394
0,0,0.46330675
0,0,0.47015116
0,0,0.4622037
0,0,0.45602018
0,0,0.4667447
0,0,0.4705402
0,0,0.46755353
0,0,0.4628971
0,0,0.4826949
0,0,0.50205594
0,0,0.5122983
0,0,0.503267
0,0,0.5156005
0,0,0.50072074
0,0,0.5022948
0,0,0.49292585
0,0,0.49877545
0,0,0.5111093
0,0,0.5081952
0,0,0.50339276
0,0,0.48742342
0,0,0.46949837
0,0,0.47606382
0,0,0.5071663
0,0,0.5269398
0,0,0.5206115
0,0,0.5230669
0,0,0.5164195
0,0,0.49558818
0,0,0.48924908
0,0,0.48546726
0,0,0.47084445
0,0,0.4566329
0,0,0.46078324
0,0,0.49333
0,0,0.50580555
0,0,0.5084188
0,0,0.5361252
0,0,0.5282016
0,0,0.5246702
0,0,0.5236787
0,0,0.5149583
0,0,0.5120683
0,0,0.50773907
0,0,0.5038197
0,0,0.5045501
0,0,0.50919354
0,0,0.51978546
0,0,0.51332206
0,0,0.5346906
0,0,0.528204
0,0,0.5171221
0,0,0.51543313
0,0,0.52883714
0,0,0.53068066
0,0,0.53051597
0,0,0.52314806
0,0,0.5072156
0,0,0.51184577
0,0,0.5064767
0,0,0.51148474
0,0,0.5144539
0,0,0.52741885
0,0,0.5128698
0,0,0.5280846
0,0,0.52160966
0,0,0.50939685
0,0,0.5260257
0,0,0.53185815
0,0,0.5392838
0,0,0.5358082
0,0,0.53851014
0,0,0.5362423
0,0,0.5288152
0,0,0.505046
0,0,0.50194263
0,0,0.49559632
0,0,0.47887552
0,0,0.47982338
0,0,0.49537563
0,0,0.47507378
0,0,0.48167008
0,0,0.5001555
0,0,0.5049238
0,0,0.4895326
0,0,0.48976633
0,0,0.48166364
0,0,0.4847624
0,0,0.48127368
0,0,0.48782963
0,0,0.47480652
0,0,0.49774748
0,0,0.5180505
0,0,0.5150907
0,0,0.5149842
0,0,0.5228896
0,0,0.5077787
0,0,0.5169978
0,0,0.5213526
0,0,0.50640404
0,0,0.50403863
0,0,0.5126087
0,0,0.51691616
0,0,0.50115246
0,0,0.5095876
0,0,0.53277993
0,0,0.5201569
0,0,0.5083378
0,0,0.5169141
0,0,0.5194156
0,0,0.524401
0,0,0.522492
0,0,0.526374
0,0,0.5217361
0,0,0.5256882
0,0,0.5438359
0,0,0.53380054
0,0,0.534725
0,0,0.5204578
0,0,0.5147485
0,0,0.52192503
0,0,0.5059254
0,0,0.5120316
0,0,0.5216011
0,0,0.509244
0,0,0.51506555
0,0,0.5209688
0,0,0.53563285
0,0,0.527609
0,0,0.5154767
0,0,0.52519417
0,0,0.50214714
0,0,0.5007512
0,0,0.482934
0,0,0.4860722
0,0,0.48141003
0,0,0.4974575
0,0,0.5016884
0,0,0.49581367
0,0,0.49706852
0,0,0.5025497
0,0,0.4853959
0,0,0.48692876
0,0,0.48482332
0,0,0.48700508
0,0,0.50660247
0,0,0.516595
0,0,0.51776147
0,0,0.5200376
0,0,0.5194178
0,0,0.50166583
0,0,0.49235773
0,0,0.4888467
0,0,0.50048566
0,0,0.50723636
0,0,0.51564646
0,0,0.5044995
0,0,0.5164359
0,0,0.49690875
0,0,0.50695926
0,0,0.49402013
0,0,0.49516603
0,0,0.49851426
0,0,0.50788367
0,0,0.5028442
0,0,0.4993816
0,0,0.4992958
0,0,0.50953376
0,0,0.52051234
0,0,0.52020055
0,0,0.5130884
0,0,0.49674946
0,0,0.4878435
0,0,0.48060745
0,0,0.47255886
0,0,0.4783982
0,0,0.47591665
0,0,0.48882213
0,0,0.49575377
0,0,0.50478584
0,0,0.49408787
0,0,0.49931395
0,0,0.48549095
0,0,0.49756882
0,0,0.50671214
0,0,0.50292104
0,0,0.49316898
0,0,0.5099374
0,0,0.51270145
0,0,0.5095839
0,0,0.50299865
0,0,0.50749224
0,0,0.51183575
0,0,0.5114764
0,0,0.49622932
0,0,0.5039139
0,0,0.5042504
0,0,0.5163538
0,0,0.5093366
0,0,0.52471775
0,0,0.53350073
0,0,0.5270283
0,0,0.5175889
0,0,0.52332634
0,0,0.50844747
0,0,0.49636286
0,0,0.48265657
0,0,0.4918046
0,0,0.47924355
0,0,0.48576546
0,0,0.4961748
0,0,0.5066235
0,0,0.49692202
0,0,0.52879703
0,0,0.52321255
0,0,0.52292824
0,0,0.5179073
0,0,0.515389
0,0,0.50292414
0,0,0.5039514
0,0,0.4964407
0,0,0.48141068
0,0,0.4891772
0,0,0.5030568
0,0,0.4807967
0,0,0.48118004
0,0,0.5087394
0,0,0.50946176
0,0,0.4972933
0,0,0.52088183
0,0,0.5242493
0,0,0.52299416
0,0,0.5181254
0,0,0.5051431
0,0,0.51187
0,0,0.4996005
0,0,0.48572508
0,0,0.49816403
0,0,0.513689
0,0,0.5168255
0,0,0.52585995
0,0,0.5159488
0,0,0.51634634
0,0,0.5091548
0,0,0.5293382
0,0,0.51179963
0,0,0.5051347
0,0,0.50439626
0,0,0.51752096
0,0,0.508124
0,0,0.5039942
0,0,0.50972056
0,0,0.49966395
0,0,0.49731582
0,0,0.50114405
0,0,0.49590746
0,0,0.50038314
0,0,0.4967714
0,0,0.49898723
0,0,0.49747935
0,0,0.5088709
0,0,0.52121174
0,0,0.5163464
0,0,0.5355584
0,0,0.5319247
0,0,0.5177415
0,0,0.5180238
0,0,0.51204324
0,0,0.51330185
0,0,0.50826776
0,0,0.51482064
0,0,0.5174957
0,0,0.5196338
0,0,0.51846373
0,0,0.5147868
0,0,0.5049416
0,0,0.50521517
0,0,0.5059375
0,0,0.51226676
0,0,0.5211608
0,0,0.51521605
0,0,0.53634834
0,0,0.52839315
0,0,0.51428854
0,0,0.518134
0,0,0.5096328
0,0,0.5125977
0,0,0.5080782
0,0,0.51033926
0,0,0.4851786
0,0,0.49283734
0,0,0.49472988
0,0,0.48261905
0,0,0.47260603
0,0,0.4974595
0,0,0.4919059
0,0,0.48012426
0,0,0.49790347
0,0,0.519997
0,0,0.51453394
0,0,0.5127325
0,0,0.52720374
0,0,0.539475
0,0,0.52458805
0,0,0.5143425
0,0,0.53655815
0,0,0.5201254
0,0,0.5102688
0,0,0.5120779
0,0,0.5234065
0,0,0.5355759
0,0,0.5192117
0,0,0.5219137
0,0,0.5245994
0,0,0.52179635
0,0,0.50724053
0,0,0.50926226
0,0,0.50666416
0,0,0.49809092
0,0,0.4781357
0,0,0.47327468
0,0,0.4807138
0,0,0.4745495
0,0,0.47203577
0,0,0.47429043
0,0,0.49882752
0,0,0.5063707
0,0,0.50030375
0,0,0.4982667
0,0,0.5207916
0,0,0.53092426
0,0,0.5211603
0,0,0.5386677
0,0,0.5301244
0,0,0.5224194
0,0,0.521392
0,0,0.51884985
0,0,0.518731
0,0,0.5050332
0,0,0.49831745
0,0,0.4955244
0,0,0.49978122
0,0,0.51272416
0,0,0.5131033
0,0,0.5182471
0,0,0.5235058
0,0,0.5348361
0,0,0.5274671
0,0,0.5297649
0,0,0.5309251
0,0,0.5363508
0,0,0.5145201
0,0,0.52511334
0,0,0.5165478
0,0,0.5379563
0,0,0.51756036
0,0,0.51498973
0,0,0.5118507
0,0,0.51527816
0,0,0.5248134
0,0,0.507505
0,0,0.50047755
0,0,0.487802
0,0,0.49187976
0,0,0.49334306
0,0,0.5063627
0,0,0.5042761
0,0,0.5056899
0,0,0.52460974
0,0,0.52154905
0,0,0.5273715
0,0,0.52692175
0,0,0.5117457
0,0,0.50005996
0,0,0.4842195
0,0,0.47820985
0,0,0.47679004
0,0,0.4726069
0,0,0.48217252
0,0,0.49713463
0,0,0.50948435
0,0,0.5029124
0,0,0.5062185
0,0,0.4918162
0,0,0.49643973
0,0,0.49129394
0,0,0.48397574
0,0,0.47430748
0,0,0.48651418
0,0,0.4957829
0,0,0.49271363
0,0,0.5325555
0,0,0.52805746
0,0,0.5283938
0,0,0.52015066
0,0,0.5233791
0,0,0.53622156
0,0,0.52605546
0,0,0.5272629
0,0,0.52306676
0,0,0.53889596
0,0,0.5327877
0,0,0.5256492
0,0,0.5304401
0,0,0.5310622
0,0,0.52486694
0,0,0.51890707
0,0,0.52025604
0,0,0.5077962
0,0,0.5019342
0,0,0.49391204
0,0,0.5086466
0,0,0.5146014
0,0,0.5260299
0,0,0.52025396
0,0,0.52883977
0,0,0.5323797
0,0,0.5190877
0,0,0.50948584
0,0,0.49318168
0,0,0.47935134
0,0,0.48345992
0,0,0.474996
0,0,0.49457493
0,0,0.4903147
0,0,0.49600458
0,0,0.5099253
0,0,0.52295035
0,0,0.5294784
0,0,0.52627015
0,0,0.5321092
0,0,0.5296242
0,0,0.5339752
0,0,0.5316191
0,0,0.52283376
0,0,0.52104133
0,0,0.51995283
0,0,0.5191305
0,0,0.5101893
0,0,0.51512975
0,0,0.5040317
0,0,0.49906316
0,0,0.5014746
0,0,0.51512635
0,0,0.5050487
0,0,0.5197578
0,0,0.5190518
0,0,0.52737594
0,0,0.5184428
0,0,0.5275987
0,0,0.51682466
0,0,0.5304068
0,0,0.51117843
0,0,0.5128254
0,0,0.5076749
0,0,0.50524545
0,0,0.5045487
0,0,0.5228681
0,0,0.53848845
0,0,0.53251874
0,0,0.51629335
0,0,0.5216562
0,0,0.5231244
0,0,0.52122515
0,0,0.49721217
0,0,0.48448497
0,0,0.49393833
0,0,0.4794956
0,0,0.48506588
0,0,0.48489836
0,0,0.49626556
0,0,0.5102436
0,0,0.520236
0,0,0.5244767
0,0,0.51877064
0,0,0.5183254
0,0,0.49229938
0,0,0.48377442
0,0,0.4747502
0,0,0.46972278
0,0,0.46735895
0,0,0.4783355
0,0,0.4780946
0,0,0.48606786
0,0,0.4765348
0,0,0.47817987
0,0,0.4711003
0,0,0.4847166
0,0,0.4786899
0,0,0.48499662
0,0,0.49474213
0,0,0.5010406
0,0,0.5042601
0,0,0.50583446
0,0,0.51558465
0,0,0.5177217
0,0,0.5235496
0,0,0.5202127
0,0,0.5093274
0,0,0.51763266
0,0,0.51115817
0,0,0.48616016
0,0,0.50304294
0,0,0.49551117
0,0,0.4998219
0,0,0.50091463
0,0,0.48245317
0,0,0.4870906
0,0,0.49451867
0,0,0.4906382
0,0,0.48340377
0,0,0.47772714
0,0,0.45867
0,0,0.45037803
0,0,0.44872382
0,0,0.45263577
0,0,0.4544331
0,0,0.46900964
0,0,0.48062712
0,0,0.5025599
0,0,0.5131026
0,0,0.5233947
0,0,0.5161961
0,0,0.51062256
0,0,0.50697327
0,0,0.49074313
0,0,0.48102707
0,0,0.4751909
0,0,0.47454715
0,0,0.4853121
0,0,0.48505276
0,0,0.4782791
0,0,0.48353294
0,0,0.4971994
0,0,0.49489155
0,0,0.48439962
0,0,0.4765461
0,0,0.46959803
0,0,0.47656605
0,0,0.47466975
0,0,0.47359857
0,0,0.47607428
0,0,0.49397567
0,0,0.4975244
0,0,0.48398957
0,0,0.4880997
0,0,0.4917439
0,0,0.48494363
0,0,0.4968942
0,0,0.4892762
0,0,0.48267168
0,0,0.4767293
0,0,0.47880176
0,0,0.484511
0,0,0.48695555
0,0,0.4806552
0,0,0.4703718
0,0,0.49257168
0,0,0.4915815
0,0,0.4928778
0,0,0.48863634
0,0,0.488467
0,0,0.49068508
0,0,0.49063653
0,0,0.47974554
0,0,0.5018031
0,0,0.5060989
0,0,0.5054233
0,0,0.5270148
0,0,0.52494633
0,0,0.5147518
0,0,0.50828636
0,0,0.5024871
0,0,0.49174666
0,0,0.48908558
0,0,0.4882032
0,0,0.49901265
0,0,0.5281381
0,0,0.5153906
0,0,0.50477344
0,0,0.49995393
0,0,0.5012518
0,0,0.5201583
0,0,0.5119511
0,0,0.5245294
0,0,0.52107364
0,0,0.5051545
0,0,0.50853205
0,0,0.5004509
0,0,0.5016263
0,0,0.48481038
0,0,0.48976097
0,0,0.48961958
0,0,0.5030875
0,0,0.51709646
0,0,0.53309166
0,0,0.53679353
0,0,0.53539383
0,0,0.52593946
0,0,0.51834446
0,0,0.5200238
0,0,0.49848196
0,0,0.49967065
0,0,0.502886
0,0,0.49351662
0,0,0.47861528
0,0,0.47661918
0,0,0.481434
0,0,0.47971675
0,0,0.4838252
0,0,0.4801292
0,0,0.47934717
0,0,0.47551885
0,0,0.4767632
0,0,0.46138912
0,0,0.46026275
0,0,0.48618445
0,0,0.5018212
0,0,0.49929622
0,0,0.49803898
0,0,0.5083582
0,0,0.5007403
0,0,0.4760387
0,0,0.4706602
0,0,0.48574987
0,0,0.4849254
0,0,0.50497824
0,0,0.5085245
0,0,0.5016591
0,0,0.49341652
0,0,0.50778544
0,0,0.5047085
0,0,0.507041
0,0,0.5122881
0,0,0.50973004
0,0,0.5126316
0,0,0.5095007
0,0,0.49596235
0,0,0.49172142
0,0,0.49839565
0,0,0.49438664
0,0,0.5050335
0,0,0.5090176
0,0,0.5264092
0,0,0.5213618
0,0,0.51767814
0,0,0.5245681
0,0,0.533197
0,0,0.5268805
0,0,0.52453387
0,0,0.5045265
0,0,0.51492494
0,0,0.5194749
0,0,0.509341
0,0,0.4902283
0,0,0.5049509
0,0,0.51526636
0,0,0.49856693
0,0,0.4905643
0,0,0.48047096
0,0,0.48636463
0,0,0.48199826
0,0,0.48335078
0,0,0.49302265
0,0,0.49507663
0,0,0.5002907
0,0,0.50510925
0,0,0.51237583
0,0,0.515923
0,0,0.52026135
0,0,0.508822
0,0,0.5136165
0,0,0.50948435
0,0,0.5002351
0,0,0.49925214
0,0,0.49201912
0,0,0.4994895
0,0,0.50350857
0,0,0.5096984
0,0,0.5139789
0,0,0.51858985
0,0,0.5192424
0,0,0.5245732
0,0,0.51990694
0,0,0.52602774
0,0,0.5343601
0,0,0.53417915
0,0,0.52016896
0,0,0.51415163
0,0,0.51157993
0,0,0.4942233
0,0,0.50402075
0,0,0.5095159
0,0,0.5232647
0,0,0.5269915
0,0,0.51760525
0,0,0.5084909
0,0,0.5106394
0,0,0.5106917
0,0,0.49183586
0,0,0.4907523
0,0,0.4778308
0,0,0.47996098
0,0,0.4891296
0,0,0.5030823
0,0,0.50755894
0,0,0.5276324
0,0,0.5274342
0,0,0.51494193
0,0,0.51551324
0,0,0.52623904
0,0,0.49947247
0,0,0.49501318
0,0,0.49962786
0,0,0.519977
0,0,0.50781316
0,0,0.50980335
0,0,0.5177511
0,0,0.52000654
0,0,0.5118039
0,0,0.5034913
0,0,0.48797956
0,0,0.49112248
0,0,0.476153
0,0,0.4629235
0,0,0.46602678
0,0,0.4766465
0,0,0.46664166
0,0,0.46287036
0,0,0.48907372
0,0,0.48573497
0,0,0.48150125
0,0,0.48829016
0,0,0.495136
0,0,0.50250965
0,0,0.48919395
0,0,0.48026973
0,0,0.4926065
0,0,0.4956174
0,0,0.49520662
0,0,0.47882494
0,0,0.50151294
0,0,0.50331247
0,0,0.49862632
0,0,0.49004948
0,0,0.5040981
0,0,0.52004975
0,0,0.52274215
0,0,0.51482606
0,0,0.5171116
0,0,0.5145508
0,0,0.5111689
0,0,0.5234767
0,0,0.5191329
0,0,0.52769166
0,0,0.51220053
0,0,0.5276209
0,0,0.52257186
0,0,0.4986865
0,0,0.4997121
0,0,0.49617544
0,0,0.49211356
0,0,0.4871922
0,0,0.4923271
0,0,0.492223
0,0,0.4966988
0,0,0.5163586
0,0,0.5098967
0,0,0.5143375
0,0,0.5129623
0,0,0.5016802
0,0,0.50569135
0,0,0.5112295
0,0,0.50218445
0,0,0.52086926
0,0,0.5191194
0,0,0.5056146
0,0,0.49894485
0,0,0.5118698
0,0,0.50154287
0,0,0.5142549
0,0,0.4919123
0,0,0.48155266
0,0,0.48797736
0,0,0.48080403
0,0,0.47371426
0,0,0.48987398
0,0,0.49539262
0,0,0.49232134
0,0,0.51856494
0,0,0.51281387
0,0,0.51397514
0,0,0.5091451
0,0,0.50446796
0,0,0.5139631
0,0,0.5232173
0,0,0.52564526
0,0,0.5185136
0,0,0.50824726
0,0,0.5169597
0,0,0.5107101
0,0,0.50705475
0,0,0.4971163
0,0,0.48804528
0,0,0.4751204
0,0,0.48816147
0,0,0.48131213
0,0,0.47820744
0,0,0.49123904
0,0,0.5062637
0,0,0.50007683
0,0,0.50539184
0,0,0.494123
0,0,0.49137542
0,0,0.48738593
0,0,0.48136172
0,0,0.48315307
0,0,0.50170517
0,0,0.50204086
0,0,0.5081565
0,0,0.5161458
0,0,0.5206211
0,0,0.5120907
0,0,0.5054302
0,0,0.503634
0,0,0.5145758
0,0,0.5080975
0,0,0.5013709
0,0,0.5160044
0,0,0.52015007
0,0,0.5290096
0,0,0.5225299
0,0,0.52397823
0,0,0.51791877
0,0,0.51041824
0,0,0.5133245
0,0,0.5029238
0,0,0.5162815
0,0,0.5072093
0,0,0.51311696
0,0,0.51382947
0,0,0.5133687
0,0,0.5092255
0,0,0.52147794
0,0,0.51898044
0,0,0.49894068
0,0,0.49866816
0,0,0.4971693
0,0,0.49896052
0,0,0.49749917
0,0,0.51869863
0,0,0.5226906
0,0,0.51728195
0,0,0.52560365
0,0,0.5088696
0,0,0.5173355
0,0,0.5250438
0,0,0.5167087
0,0,0.50431097
0,0,0.4877169
0,0,0.4909286
0,0,0.48127258
0,0,0.46557218
0,0,0.4607129
0,0,0.45841587
0,0,0.4674142
0,0,0.46604335
0,0,0.46507108
0,0,0.4654874
0,0,0.4933007
0,0,0.5060239
0,0,0.5034285
0,0,0.5158139
0,0,0.5186089
0,0,0.5171208
0,0,0.50683546
0,0,0.5247937
0,0,0.5253532
0,0,0.5296769
0,0,0.51645684
0,0,0.5143405
0,0,0.4986332
0,0,0.50166297
0,0,0.4925512
0,0,0.50739485
0,0,0.49547362
0,0,0.49572167
0,0,0.5143485
0,0,0.51783437
0,0,0.5190403
0,0,0.51827836
0,0,0.5246988
0,0,0.52550995
0,0,0.5151135
0,0,0.5115973
0,0,0.5076556
0,0,0.47846025
0,0,0.47664887
0,0,0.48829344
0,0,0.5007045
0,0,0.4915521
0,0,0.49146986
0,0,0.49856645
0,0,0.5099546
0,0,0.4883287
0,0,0.48301196
0,0,0.48665497
0,0,0.49323428
0,0,0.50228465
0,0,0.50222605
0,0,0.5180974
0,0,0.51893353
0,0,0.5207857
0,0,0.5133771
0,0,0.5211367
0,0,0.5189792
0,0,0.52864087
0,0,0.5146489
0,0,0.5126642
0,0,0.48838618
0,0,0.498169
0,0,0.5051624
0,0,0.51477396
0,0,0.52179354
0,0,0.52264947
0,0,0.51169467
0,0,0.5084468
0,0,0.4852664
0,0,0.5037559
0,0,0.50113577
0,0,0.51552695
0,0,0.5212103
0,0,0.52392364
0,0,0.5189936
0,0,0.5088958
0,0,0.49155113
0,0,0.4951599
0,0,0.48731816
0,0,0.47866446
0,0,0.49817988
0,0,0.4924019
0,0,0.49220076
0,0,0.5096427
0,0,0.5182826
0,0,0.51965344
0,0,0.51225287
0,0,0.51171947
0,0,0.510401
0,0,0.5129288
0,0,0.51763946
0,0,0.5122553
0,0,0.49947163
0,0,0.5048596
0,0,0.5187878
0,0,0.50680125
0,0,0.4990732
0,0,0.5029225
0,0,0.49778825
0,0,0.50797904
0,0,0.50200486
0,0,0.5098575
0,0,0.5303112
0,0,0.5091401
0,0,0.516665
0,0,0.5133826
0,0,0.5103943
0,0,0.50352895
0,0,0.50239974
0,0,0.51196223
0,0,0.5128238
0,0,0.5248691
0,0,0.5306472
0,0,0.53340703
0,0,0.53406703
0,0,0.51699835
0,0,0.5214952
0,0,0.5218126
0,0,0.50708926
0,0,0.51139134
0,0,0.50604254
0,0,0.5207455
0,0,0.5364722
0,0,0.53647137
0,0,0.52010906
0,0,0.5086857
0,0,0.5251771
0,0,0.50348246
0,0,0.49743214
0,0,0.5067589
0,0,0.50602776
0,0,0.51304007
0,0,0.525816
0,0,0.50928444
0,0,0.5132277
0,0,0.5065287
0,0,0.50204587
0,0,0.4849661
0,0,0.5016956
0,0,0.4820951
0,0,0.4897159
0,0,0.4966931
0,0,0.51224136
0,0,0.51975095
0,0,0.52172476
0,0,0.51484805
0,0,0.51898164
0,0,0.52019554
0,0,0.5263338
0,0,0.51949555
0,0,0.513113
0,0,0.50408846
0,0,0.5036421
0,0,0.49889266
0,0,0.50611645
0,0,0.5100661
0,0,0.5048297
0,0,0.509461
0,0,0.5163198
0,0,0.50982505
0,0,0.5043379
0,0,0.50354534
0,0,0.5146125
0,0,0.48690337
0,0,0.49577218
0,0,0.48138547
0,0,0.47453764
0,0,0.46896157
0,0,0.51004744
0,0,0.5032819
0,0,0.49646935
0,0,0.5030376
0,0,0.5071883
0,0,0.51430565
0,0,0.5023758
0,0,0.50136745
0,0,0.5057664
0,0,0.49773598
0,0,0.49168134
0,0,0.489581
0,0,0.48787224
0,0,0.47406077
0,0,0.48401472
0,0,0.49103066
0,0,0.49090913
0,0,0.49893072
0,0,0.50720394
0,0,0.51343024
0,0,0.51237065
0,0,0.5045769
0,0,0.50999254
0,0,0.51814866
0,0,0.51313233
0,0,0.5128665
0,0,0.50754595
0,0,0.5082389
0,0,0.5134162
0,0,0.5159328
0,0,0.495744
0,0,0.48665705
0,0,0.49000436
0,0,0.48273668
0,0,0.47838673
0,0,0.49154577
0,0,0.4973971
0,0,0.49680027
0,0,0.49744204
0,0,0.49878463
0,0,0.4961272
0,0,0.48803532
0,0,0.5007366
0,0,0.5039669
0,0,0.5126666
0,0,0.52139664
0,0,0.52325994
0,0,0.5128666
0,0,0.5221694
0,0,0.51145166
0,0,0.51180995
0,0,0.5184609
0,0,0.5166089
0,0,0.50920784
0,0,0.49574557
0,0,0.49223384
0,0,0.49227604
0,0,0.4793841
0,0,0.47767717
0,0,0.4957362
0,0,0.4901329
0,0,0.49046895
0,0,0.5029425
0,0,0.51264125
0,0,0.5232519
0,0,0.5274389
0,0,0.5188324
0,0,0.53454655
0,0,0.51567054
0,0,0.50272536
0,0,0.49940544
0,0,0.49832377
0,0,0.48396182
0,0,0.49676922
0,0,0.49310675
0,0,0.48770705
0,0,0.49396706
0,0,0.50637484
0,0,0.50818485
0,0,0.5016405
0,0,0.5124665
0,0,0.50065506
0,0,0.50713944
0,0,0.5170309
0,0,0.51888615
0,0,0.5053193
0,0,0.5084595
0,0,0.5048387
0,0,0.51044524
0,0,0.49038544
0,0,0.4982486
0,0,0.49039164
0,0,0.48198646
0,0,0.49598005
0,0,0.4791555
0,0,0.47851416
0,0,0.47294924
0,0,0.4659939
0,0,0.45712084
0,0,0.4829011
0,0,0.46344876
0,0,0.45827594
0,0,0.4651632
0,0,0.48110232
0,0,0.48073918
0,0,0.47734028
0,0,0.50667065
0,0,0.50774896
0,0,0.5080046
0,0,0.50469154
0,0,0.5060532
0,0,0.50849736
0,0,0.4954202
0,0,0.47882292
0,0,0.4915483
0,0,0.50274545
0,0,0.5050447
0,0,0.500219
0,0,0.49458787
0,0,0.49185795
0,0,0.48423073
0,0,0.49374586
0,0,0.5029344
0,0,0.504531
0,0,0.49988297
0,0,0.50715756
0,0,0.50988084
0,0,0.51696706
0,0,0.49741325
0,0,0.5152104
0,0,0.5151094
0,0,0.5087416
0,0,0.51807815
0,0,0.5217478
0,0,0.52616006
0,0,0.5160018
0,0,0.5095421
0,0,0.50953186
0,0,0.51328003
0,0,0.51314217
0,0,0.5020492
0,0,0.5126537
0,0,0.51283145
0,0,0.5048367
0,0,0.51090604
0,0,0.5180708
0,0,0.51959944
0,0,0.52620596
0,0,0.534149
0,0,0.51171976
0,0,0.51967615
0,0,0.5197395
0,0,0.5103579
0,0,0.5015188
0,0,0.5192753
0,0,0.52660006
0,0,0.5311082
0,0,0.51641995
0,0,0.5192411
0,0,0.5040282
0,0,0.5037945
0,0,0.48397768
0,0,0.48253152
0,0,0.48275703
0,0,0.48677087
0,0,0.4841046
0,0,0.49781176
0,0,0.48701227
0,0,0.49924666
0,0,0.49768105
0,0,0.5125933
0,0,0.52027094
0,0,0.5054467
0,0,0.52470785
0,0,0.5131022
0,0,0.50592566
0,0,0.50131965
0,0,0.49055246
0,0,0.4983622
0,0,0.5145863
0,0,0.5145372
0,0,0.53717875
0,0,0.5379103
0,0,0.52411985
0,0,0.5183197
0,0,0.5134017
0,0,0.51636297
0,0,0.50882435
0,0,0.5148083
0,0,0.52299243
0,0,0.53119063
0,0,0.5022986
0,0,0.50411576
0,0,0.49951857
0,0,0.48370212
0,0,0.49368635
0,0,0.49120948
0,0,0.5045005
0,0,0.49881217
0,0,0.50388056
0,0,0.50448346
0,0,0.51593256
0,0,0.49929753
0,0,0.50192976
0,0,0.48868373
0,0,0.5054433
0,0,0.4883205
0,0,0.48987713
0,0,0.478737
0,0,0.4867486
0,0,0.49324235
0,0,0.49660358
0,0,0.50811285
0,0,0.50533813
0,0,0.50865936
0,0,0.5148597
0,0,0.50536746
0,0,0.5065126
0,0,0.490267
0,0,0.49771386
0,0,0.48941863
0,0,0.49760765
0,0,0.48730034
0,0,0.48714826
0,0,0.50476617
0,0,0.5007753
0,0,0.5059657
0,0,0.5086638
0,0,0.51327175
0,0,0.5028897
0,0,0.50709945
0,0,0.50034094
0,0,0.5120788
0,0,0.5093599
0,0,0.51728994
0,0,0.525328
0,0,0.53576016
0,0,0.51596224
0,0,0.5222953
0,0,0.52566737
0,0,0.52205616
0,0,0.51508355
0,0,0.5010047
0,0,0.49108362
0,0,0.47519645
0,0,0.48917565
0,0,0.47910404
0,0,0.4970115
0,0,0.5043017
0,0,0.49350095
0,0,0.48411214
0,0,0.48048967
0,0,0.47832313
0,0,0.4827219
0,0,0.4895379
0,0,0.5013539
0,0,0.50250787
0,0,0.51106054
0,0,0.51471275
0,0,0.52783644
0,0,0.5232623
0,0,0.51880854
0,0,0.5079493
0,0,0.504733
0,0,0.49677905
0,0,0.49620926
0,0,0.48472443
0,0,0.48439884
0,0,0.488023
0,0,0.49509397
0,0,0.5150919
0,0,0.5049715
0,0,0.49242017
0,0,0.4930997
0,0,0.48920023
0,0,0.48516777
0,0,0.49145052
0,0,0.5048532
0,0,0.49521768
0,0,0.4988293
0,0,0.5127458
0,0,0.51276284
0,0,0.51101905
0,0,0.5231161
0,0,0.5207829
0,0,0.50774825
0,0,0.4979685
0,0,0.49337056
0,0,0.49788988
0,0,0.4953396
0,0,0.48860255
0,0,0.48374307
0,0,0.47450656
0,0,0.47437465
0,0,0.46739998
0,0,0.46950656
0,0,0.4602239
0,0,0.48114434
0,0,0.48348168
0,0,0.484648
0,0,0.49147436
0,0,0.5261411
0,0,0.51727253
0,0,0.53509605
0,0,0.5404304
0,0,0.54032886
0,0,0.5275864
0,0,0.5223785
0,0,0.5156045
0,0,0.5138036
0,0,0.50926423
0,0,0.5182676
0,0,0.5243414
0,0,0.5162261
0,0,0.5124883
0,0,0.5090759
0,0,0.49515185
0,0,0.49392793
0,0,0.48696584
0,0,0.4947504
0,0,0.50240964
0,0,0.5010644
0,0,0.51274276
0,0,0.5324354
0,0,0.5292748
0,0,0.50998974
0,0,0.52164924
0,0,0.5160245
0,0,0.50420445
0,0,0.5050436
0,0,0.49945617
0,0,0.5032502
0,0,0.49709988
0,0,0.5145545
0,0,0.5167406
0,0,0.5263455
0,0,0.5276091
0,0,0.53269213
0,0,0.5317734
0,0,0.53528917
0,0,0.52178365
0,0,0.51553375
0,0,0.52590907
0,0,0.5207839
0,0,0.50213397
0,0,0.5098725
0,0,0.5008447
0,0,0.50344765
0,0,0.50833803
0,0,0.5183074
0,0,0.51779765
0,0,0.5207672
0,0,0.5142885
0,0,0.50399274
0,0,0.50593936
0,0,0.50802124
0,0,0.5127182
0,0,0.50422776
0,0,0.50339997
0,0,0.5052369
0,0,0.5196151
0,0,0.5276227
0,0,0.5266615
0,0,0.52431005
0,0,0.527757
0,0,0.5250644
0,0,0.50969726
0,0,0.5157493
0,0,0.5166284
0,0,0.51218593
0,0,0.49650577
0,0,0.49458858
0,0,0.4913767
0,0,0.4978719
0,0,0.49713257
0,0,0.50947624
0,0,0.52091014
0,0,0.51685196
0,0,0.5137565
0,0,0.50642437
0,0,0.5110728
0,0,0.51444685
0,0,0.49046528
0,0,0.50222707
0,0,0.51317126
0,0,0.5070928
0,0,0.51342297
0,0,0.5085706
0,0,0.50955087
0,0,0.5054157
0,0,0.5160318
0,0,0.5074617
0,0,0.53240144
0,0,0.51913685
0,0,0.52985996
0,0,0.5305655
0,0,0.5270423
0,0,0.53609675
0,0,0.5251413
0,0,0.51175
0,0,0.5139561
0,0,0.5107334
0,0,0.5071817
0,0,0.51099473
0,0,0.5134511
0,0,0.5261727
0,0,0.5348188
0,0,0.546284
0,0,0.5337827
0,0,0.53938854
0,0,0.54188013
0,0,0.5450495
0,0,0.53337336
0,0,0.53056014
0,0,0.5228688
0,0,0.51941746
0,0,0.5118829
0,0,0.49779108
0,0,0.48009786
0,0,0.49214202
0,0,0.4889378
0,0,0.4880832
0,0,0.47999072
0,0,0.49381343
0,0,0.49382272
0,0,0.5144495
0,0,0.5191855
0,0,0.52997357
0,0,0.52063483
0,0,0.52825046
0,0,0.5084447
0,0,0.52499
0,0,0.5232312
0,0,0.5312261
0,0,0.53716004
0,0,0.52470744
0,0,0.5311849
0,0,0.5195688
0,0,0.52716243
0,0,0.51353526
0,0,0.50353503
0,0,0.5027185
0,0,0.50277
0,0,0.49160233
0,0,0.47951135
0,0,0.48664355
0,0,0.48787275
0,0,0.48643422
0,0,0.50610644
0,0,0.51183844
0,0,0.5222163
0,0,0.5082541
0,0,0.5200177
0,0,0.5194617
0,0,0.52703905
0,0,0.5232811
0,0,0.5206499
0,0,0.50710654
0,0,0.5004292
0,0,0.5053161
0,0,0.5130276
0,0,0.49808678
0,0,0.48809257
0,0,0.48658428
0,0,0.48599532
0,0,0.49769917
0,0,0.5106899
0,0,0.5059569
0,0,0.51900864
0,0,0.51324195
0,0,0.5168663
0,0,0.49764803
0,0,0.49787545
0,0,0.50300735
0,0,0.51189566
0,0,0.50967175
0,0,0.50019944
0,0,0.49858603
0,0,0.50591475
0,0,0.5042911
0,0,0.48412293
0,0,0.49791044
0,0,0.5273273
0,0,0.5199347
0,0,0.51720345
0,0,0.5319129
0,0,0.5167705
0,0,0.51232535
0,0,0.5229363
0,0,0.5366273
0,0,0.5357422
0,0,0.5403071
0,0,0.5333698
0,0,0.52347827
0,0,0.50730956
0,0,0.5064532
0,0,0.5043907
0,0,0.51074564
0,0,0.5103091
0,0,0.5107808
0,0,0.5061182
0,0,0.50458765
0,0,0.5070112
0,0,0.5020065
0,0,0.496917
0,0,0.4818519
0,0,0.49045736
0,0,0.49782908
0,0,0.49055493
0,0,0.4964738
0,0,0.49240056
0,0,0.48129407
0,0,0.49119923
0,0,0.49981326
0,0,0.49123362
0,0,0.5043877
0,0,0.51426214
0,0,0.50969416
0,0,0.49074244
0,0,0.5007863
0,0,0.49280828
0,0,0.48083264
0,0,0.48101836
0,0,0.4817878
0,0,0.4825986
0,0,0.48423722
0,0,0.49798623
0,0,0.49615878
0,0,0.50160426
0,0,0.529233
0,0,0.52869606
0,0,0.5072069
0,0,0.50639594
0,0,0.5030999
0,0,0.49742883
0,0,0.4792952
0,0,0.4909212
0,0,0.5042087
0,0,0.49629515
0,0,0.49282327
0,0,0.5041946
0,0,0.4985872
0,0,0.49990794
0,0,0.52291113
0,0,0.5171457
0,0,0.51602906
0,0,0.5058935
0,0,0.5019988
0,0,0.48673692
0,0,0.48875013
0,0,0.49109697
0,0,0.50494313
0,0,0.5266384
0,0,0.51157457
0,0,0.50174737
0,0,0.4847729
0,0,0.46705985
0,0,0.4461999
0,0,0.45041615
0,0,0.47370228
0,0,0.4706385
0,0,0.47720787
0,0,0.48685506
0,0,0.48737448
0,0,0.5033434
0,0,0.5070015
0,0,0.51882946
0,0,0.5211164
0,0,0.53718513
0,0,0.5237421
0,0,0.531756
0,0,0.52391946
0,0,0.52888393
0,0,0.5143468
0,0,0.5089163
0,0,0.5092307
0,0,0.49280155
0,0,0.4995734
0,0,0.50946575
0,0,0.51255965
0,0,0.5072978
0,0,0.5105967
0,0,0.5136985
0,0,0.49684903
0,0,0.49501634
0,0,0.49792907
0,0,0.5040758
0,0,0.49647957
0,0,0.519474
0,0,0.51169324
0,0,0.5237786
0,0,0.5183913
0,0,0.51131976
0,0,0.5024787
0,0,0.50101024
0,0,0.5054761
0,0,0.52432007
0,0,0.5258511
0,0,0.5397662
0,0,0.54785913
0,0,0.5142047
0,0,0.5201996
0,0,0.5095793
0,0,0.5090384
0,0,0.49445283
0,0,0.4763613
0,0,0.4905357
0,0,0.50375265
0,0,0.49212563
0,0,0.4903569
0,0,0.49582136
0,0,0.5030839
0,0,0.503931
0,0,0.5059333
0,0,0.5150472
0,0,0.5003595
0,0,0.50426006
0,0,0.502776
0,0,0.51778674
0,0,0.5274257
0,0,0.5220201
0,0,0.51156825
0,0,0.5020575
0,0,0.51090294
0,0,0.5008865
0,0,0.5023802
0,0,0.52397543
0,0,0.52357787
0,0,0.5243177
0,0,0.51803076
0,0,0.51226264
0,0,0.51229185
0,0,0.51587325
0,0,0.510828
0,0,0.5021757
0,0,0.49603274
0,0,0.503598
0,0,0.48995897
0,0,0.49278882
0,0,0.493037
0,0,0.49360967
0,0,0.49795064
0,0,0.49588975
0,0,0.4878677
0,0,0.50746685
0,0,0.49999577
0,0,0.49877515
0,0,0.5067474
0,0,0.51074106
0,0,0.5133276
0,0,0.5019634
0,0,0.52322143
0,0,0.525548
0,0,0.51660913
0,0,0.5119514
0,0,0.50926256
0,0,0.5058506
0,0,0.49399638
0,0,0.49609223
0,0,0.5062467
0,0,0.5178054
0,0,0.5237997
0,0,0.524224
0,0,0.5322754
0,0,0.52333
0,0,0.51507956
0,0,0.514504
0,0,0.5170791
0,0,0.52941364
0,0,0.5280251
0,0,0.5257348
0,0,0.5276423
0,0,0.5142782
0,0,0.504788
0,0,0.5135377
0,0,0.5078913
0,0,0.5018488
0,0,0.50921667
0,0,0.51670885
0,0,0.5186376
0,0,0.51069087
0,0,0.50256395
0,0,0.51688427
0,0,0.5081513
0,0,0.50579834
0,0,0.51467377
0,0,0.5026651
0,0,0.506353
0,0,0.53040415
0,0,0.5381964
0,0,0.5275658
0,0,0.5150798
0,0,0.51328874
0,0,0.5159415
0,0,0.5080673
0,0,0.50684613
0,0,0.50281703
0,0,0.50466657
0,0,0.5103263
0,0,0.5015932
0,0,0.48987502
0,0,0.4893723
0,0,0.4888872
0,0,0.48431507
0,0,0.49646392
0,0,0.5064645
0,0,0.5076776
0,0,0.52765405
0,0,0.5406242
0,0,0.51896876
0,0,0.50680083
0,0,0.51135117
0,0,0.51393896
0,0,0.5039584
0,0,0.5109727
0,0,0.51783115
0,0,0.52646977
0,0,0.5133456
0,0,0.5233262
0,0,0.5193818
0,0,0.52553195
0,0,0.508952
0,0,0.51067036
0,0,0.51625454
0,0,0.5199195
0,0,0.51089406
0,0,0.52318263
0,0,0.51933575
0,0,0.5142809
0,0,0.5140516
0,0,0.5201562
0,0,0.5147714
0,0,0.5133556
0,0,0.49722585
0,0,0.48934475
0,0,0.48736465
0,0,0.48714945
0,0,0.48881257
0,0,0.5025303
0,0,0.505417
0,0,0.50149393
0,0,0.51247495
0,0,0.5056349
0,0,0.5034198
0,0,0.5080565
0,0,0.51625067
0,0,0.5156201
0,0,0.5170052
0,0,0.52877736
0,0,0.53435606
0,0,0.53842676
0,0,0.52988625
0,0,0.5187672
0,0,0.51174706
0,0,0.5050339
0,0,0.48472482
0,0,0.47715673
0,0,0.47852433
0,0,0.49296626
0,0,0.50201106
0,0,0.524929
0,0,0.5226273
0,0,0.51227903
0,0,0.514044
0,0,0.51197094
0,0,0.485219
0,0,0.49258104
0,0,0.4733407
0,0,0.48045066
0,0,0.48974735
0,0,0.49352384
0,0,0.50654685
0,0,0.5066951
0,0,0.5097725
0,0,0.5185343
0,0,0.51222914
0,0,0.52241725
0,0,0.50240475
0,0,0.5010231
0,0,0.4985392
0,0,0.49693096
0,0,0.50825113
0,0,0.50800365
0,0,0.5196443
0,0,0.5226921
0,0,0.5064552
0,0,0.5112874
0,0,0.50114816
0,0,0.5149617
0,0,0.5143691
0,0,0.51552063
0,0,0.5198877
0,0,0.51574373
0,0,0.52026486
0,0,0.52471286
0,0,0.51129
0,0,0.51785135
0,0,0.520589
0,0,0.5182345
0,0,0.50685066
0,0,0.5226566
0,0,0.5165178
0,0,0.50417745
0,0,0.4969345
0,0,0.5039345
0,0,0.48707277
0,0,0.47540247
0,0,0.4866316
0,0,0.4994067
0,0,0.5010916
0,0,0.515537
0,0,0.5109392
0,0,0.5168238
0,0,0.52128035
0,0,0.52708375
0,0,0.53412026
0,0,0.5216748
0,0,0.5079022
0,0,0.512733
0,0,0.5192233
0,0,0.52273124
0,0,0.52423126
0,0,0.5246796
0,0,0.51934767
0,0,0.51796305
0,0,0.5040041
0,0,0.51120925
0,0,0.48374632
0,0,0.48827526
0,0,0.48130473
0,0,0.48006055
0,0,0.49194357
0,0,0.49909043
0,0,0.49008393
0,0,0.51574385
0,0,0.53055567
0,0,0.52774173
0,0,0.5169191
0,0,0.5213609
0,0,0.5241765
0,0,0.52397555
0,0,0.523681
0,0,0.5122389
0,0,0.50696254
0,0,0.51564187
0,0,0.5164059
0,0,0.52484506
0,0,0.5124923
0,0,0.5142044
0,0,0.51825106
0,0,0.5233677
0,0,0.52256817
0,0,0.5347513
0,0,0.52586573
0,0,0.5147824
0,0,0.518707
0,0,0.5125513
0,0,0.5052585
0,0,0.51101243
0,0,0.50933784
0,0,0.49864447
0,0,0.5004341
0,0,0.504251
0,0,0.5092302
0,0,0.500834
0,0,0.48800063
0,0,0.48073646
0,0,0.48204097
0,0,0.47392055
0,0,0.46897098
0,0,0.47674707
0,0,0.48814684
0,0,0.48113146
0,0,0.47398534
0,0,0.48417193
0,0,0.48552132
0,0,0.4820849
0,0,0.46775073
0,0,0.50455165
0,0,0.5059773
0,0,0.50431794
0,0,0.5085215
0,0,0.51957595
0,0,0.51704717
0,0,0.514181
0,0,0.51449907
0,0,0.5070455
0,0,0.50568336
0,0,0.5102165
0,0,0.51080024
0,0,0.52591765
0,0,0.5437031
0,0,0.5314325
0,0,0.52393377
0,0,0.5397778
0,0,0.5407377
0,0,0.53983617
0,0,0.5288924
0,0,0.5095351
0,0,0.49944296
0,0,0.49403903
0,0,0.49961525
0,0,0.515977
0,0,0.5125052
0,0,0.51100093
0,0,0.5120293
0,0,0.50312126
0,0,0.49798435
0,0,0.5110544
0,0,0.5058185
0,0,0.5125713
0,0,0.5172849
0,0,0.51306164
0,0,0.5101866
0,0,0.51164013
0,0,0.5209299
0,0,0.5211639
0,0,0.5189908
0,0,0.49725556
0,0,0.5024171
0,0,0.49440837
0,0,0.49183473
0,0,0.4927006
0,0,0.49594453
0,0,0.49238676
0,0,0.5100443
0,0,0.5052758
0,0,0.49224794
0,0,0.48756543
0,0,0.50788796
0,0,0.50081444
0,0,0.50927633
0,0,0.51913667
0,0,0.5238345
0,0,0.52556676
0,0,0.52788466
0,0,0.5225275
0,0,0.5170724
0,0,0.5121837
0,0,0.4933819
0,0,0.48337317
0,0,0.48225772
0,0,0.4839874
0,0,0.5016254
0,0,0.49314734
0,0,0.505764
0,0,0.5174586
0,0,0.52148116
0,0,0.52228165
0,0,0.5070408
0,0,0.5184496
0,0,0.5013436
0,0,0.51234144
0,0,0.49705663
0,0,0.50239027
0,0,0.5031742
0,0,0.50865257
0,0,0.49013203
0,0,0.5010437
0,0,0.5017833
0,0,0.4964953
0,0,0.48947334
0,0,0.4840707
0,0,0.49008238
0,0,0.4805541
0,0,0.4891883
0,0,0.4947171
0,0,0.50295573
0,0,0.50668263
0,0,0.5043778
0,0,0.50840616
0,0,0.5059448
0,0,0.50099695
0,0,0.5215048
0,0,0.51082015
0,0,0.50493354
0,0,0.51270133
0,0,0.50580525
0,0,0.4979344
0,0,0.52355605
0,0,0.52137095
0,0,0.5194355
0,0,0.5277203
0,0,0.5126219
0,0,0.51659286
0,0,0.5072259
0,0,0.5070011
0,0,0.49892455
0,0,0.48892924
0,0,0.4764141
0,0,0.46926197
0,0,0.4799105
0,0,0.48546207
0,0,0.48820218
0,0,0.5035315
0,0,0.5113061
0,0,0.5240227
0,0,0.5174177
0,0,0.51569635
0,0,0.5113401
0,0,0.49714553
0,0,0.4979483
0,0,0.4880099
0,0,0.49476045
0,0,0.5061661
0,0,0.5138498
0,0,0.5184556
0,0,0.52096117
0,0,0.5238229
0,0,0.5226111
0,0,0.5200387
0,0,0.51474255
0,0,0.52240974
0,0,0.52111024
0,0,0.52756023
0,0,0.5371733
0,0,0.52223796
0,0,0.5082648
0,0,0.50978464
0,0,0.4977567
0,0,0.4798428
0,0,0.49413088
0,0,0.49564365
0,0,0.5034087
0,0,0.49531212
0,0,0.4854116
0,0,0.48696697
0,0,0.48807105
0,0,0.49367857
0,0,0.4975491
0,0,0.5263736
0,0,0.5223092
0,0,0.52197963
0,0,0.51142585
0,0,0.514499
0,0,0.5120425
0,0,0.5232688
0,0,0.523206
0,0,0.5280018
0,0,0.52829653
0,0,0.5158867
0,0,0.50475484
0,0,0.50698316
0,0,0.503721
0,0,0.51095647
0,0,0.50874496
0,0,0.50964504
0,0,0.50649893
0,0,0.5110132
0,0,0.5044454
0,0,0.5061447
0,0,0.5045558
0,0,0.50425047
0,0,0.5093567
0,0,0.50643927
0,0,0.5040769
0,0,0.49352726
0,0,0.49084604
0,0,0.4915514
0,0,0.49005675
0,0,0.48640317
0,0,0.5004055
0,0,0.5042528
0,0,0.5150519
0,0,0.5094039
0,0,0.50853026
0,0,0.5053878
0,0,0.5091693
0,0,0.5169661
0,0,0.5046875
0,0,0.50075835
0,0,0.5082298
0,0,0.50851464
0,0,0.5163165
0,0,0.5322866
0,0,0.5298209
0,0,0.53191763
0,0,0.519023
0,0,0.5143063
0,0,0.50036854
0,0,0.4971628
0,0,0.49333307
0,0,0.49240837
0,0,0.4911883
0,0,0.49103925
0,0,0.51541126
0,0,0.5200659
0,0,0.5198143
0,0,0.49973252
0,0,0.50588065
0,0,0.49049184
0,0,0.49016973
0,0,0.47959688
0,0,0.48255217
0,0,0.483277
0,0,0.5038426
0,0,0.49252656
0,0,0.48390916
0,0,0.5057796
0,0,0.50786585
0,0,0.5123624
0,0,0.5119434
0,0,0.5014565
0,0,0.50412273
0,0,0.5045651
0,0,0.5245585
0,0,0.5113465
0,0,0.5089518
0,0,0.505566
0,0,0.51474273
0,0,0.4998521
0,0,0.5310729
0,0,0.5350124
0,0,0.5203568
0,0,0.50550044
0,0,0.5164719
0,0,0.50185996
0,0,0.50349015
0,0,0.51675504
0,0,0.5219295
0,0,0.5197898
0,0,0.51709664
0,0,0.5151389
0,0,0.52006733
0,0,0.52077407
0,0,0.5157914
0,0,0.517515
0,0,0.5255401
0,0,0.5337943
0,0,0.5186076
0,0,0.5156584
0,0,0.50292265
0,0,0.5074683
0,0,0.5179298
0,0,0.51448953
0,0,0.51000047
0,0,0.5159327
0,0,0.51984864
0,0,0.5224433
0,0,0.52410054
0,0,0.51475084
0,0,0.50805396
0,0,0.4967278
0,0,0.50902474
0,0,0.4954756
0,0,0.49829718
0,0,0.49568975
0,0,0.51138896
0,0,0.5187609
0,0,0.5115769
0,0,0.5239802
0,0,0.5150287
0,0,0.5205183
0,0,0.5163958
0,0,0.50924045
0,0,0.50596404
0,0,0.5048997
0,0,0.4958929
0,0,0.501984
0,0,0.50677466
0,0,0.5098901
0,0,0.49079362
0,0,0.50457937
0,0,0.4962911
0,0,0.49507067
0,0,0.48123592
0,0,0.51031345
0,0,0.5047745
0,0,0.51121944
0,0,0.5086501
0,0,0.5139474
0,0,0.5008648
0,0,0.5062763
0,0,0.50304615
0,0,0.49466452
0,0,0.5015557
0,0,0.50650626
0,0,0.50563395
0,0,0.5084962
0,0,0.51008666
0,0,0.5080682
0,0,0.5198817
0,0,0.51632553
0,0,0.51025814
0,0,0.51485294
0,0,0.5258366
0,0,0.5024957
0,0,0.50442743
0,0,0.4950342
0,0,0.5009906
0,0,0.48263615
0,0,0.48384547
0,0,0.48193645
0,0,0.46973625
0,0,0.4815566
0,0,0.49574205
0,0,0.47893786
0,0,0.48330694
0,0,0.5085532
0,0,0.515835
0,0,0.5127185
0,0,0.5230603
0,0,0.5214939
0,0,0.5183229
0,0,0.52529776
0,0,0.5177711
0,0,0.53553486
0,0,0.5213316
0,0,0.5164158
0,0,0.5128067
0,0,0.4994395
0,0,0.48725063
0,0,0.47758672
0,0,0.4918852
0,0,0.48854676
0,0,0.5055329
0,0,0.49421123
0,0,0.49814025
0,0,0.49562916
0,0,0.49516815
0,0,0.4892071
0,0,0.4985969
0,0,0.50250053
0,0,0.4993521
0,0,0.5092168
0,0,0.51541764
0,0,0.50885326
0,0,0.5033902
0,0,0.5016951
0,0,0.50781596
0,0,0.5098106
0,0,0.51507324
0,0,0.5226287
0,0,0.5131668
0,0,0.52004683
0,0,0.5238713
0,0,0.53572613
0,0,0.5248852
0,0,0.52202463
0,0,0.50844705
0,0,0.49657348
0,0,0.48947108
0,0,0.48795357
0,0,0.48991463
0,0,0.49654892
0,0,0.49071053
0,0,0.49237987
0,0,0.48529008
0,0,0.498444
0,0,0.49368635
0,0,0.49292624
0,0,0.5047184
0,0,0.51563305
0,0,0.513345
0,0,0.5066907
0,0,0.5021249
0,0,0.49534237
0,0,0.48988098
0,0,0.4960333
0,0,0.48362282
0,0,0.48298538
0,0,0.49606892
0,0,0.4892654
0,0,0.48890737
0,0,0.49808228
0,0,0.49375656
0,0,0.49914032
0,0,0.48629126
0,0,0.48241597
0,0,0.4821672
0,0,0.4811722
0,0,0.500229
0,0,0.5104057
0,0,0.514341
0,0,0.53365153
0,0,0.51916367
0,0,0.5170019
0,0,0.5120359
0,0,0.51673067
0,0,0.51326984
0,0,0.51842475
0,0,0.51999927
0,0,0.5055938
0,0,0.5056704
0,0,0.49957
0,0,0.5055735
0,0,0.5118654
0,0,0.5346066
0,0,0.50800437
0,0,0.49788928
0,0,0.4932942
0,0,0.46674198
0,0,0.47110507
0,0,0.47851047
0,0,0.49137756
0,0,0.48138428
0,0,0.48026487
0,0,0.46495178
0,0,0.46754104
0,0,0.46792215
0,0,0.48901612
0,0,0.50597894
0,0,0.51850224
0,0,0.50762427
0,0,0.51111025
0,0,0.51204634
0,0,0.51337034
0,0,0.51515853
0,0,0.51541495
0,0,0.51137507
0,0,0.52580065
0,0,0.5186872
0,0,0.515289
0,0,0.5243934
0,0,0.50935924
0,0,0.50698227
0,0,0.50429714
0,0,0.5206085
0,0,0.4988982
0,0,0.5130947
0,0,0.49724108
0,0,0.49736184
0,0,0.47622505
0,0,0.469497
0,0,0.4762054
0,0,0.49770904
0,0,0.4935287
0,0,0.4933901
0,0,0.49918595
0,0,0.5070845
0,0,0.49187952
0,0,0.4804489
0,0,0.4917519
0,0,0.50290084
0,0,0.49378318
0,0,0.48896813
0,0,0.4955832
0,0,0.48998994
0,0,0.4803597
0,0,0.4992179
0,0,0.49732822
0,0,0.5060567
0,0,0.511008
0,0,0.5351154
0,0,0.5345735
0,0,0.53315467
0,0,0.5275258
0,0,0.52638745
0,0,0.5159449
0,0,0.5053767
0,0,0.4939514
0,0,0.49431917
0,0,0.48785278
0,0,0.5164663
0,0,0.5299021
0,0,0.5308824
0,0,0.51098
0,0,0.52464205
0,0,0.5101142
0,0,0.5271286
0,0,0.50832945
0,0,0.5127967
0,0,0.51116365
0,0,0.49928197
0,0,0.50063056
0,0,0.5017063
0,0,0.51292866
0,0,0.5072847
0,0,0.50441957
0,0,0.5254693
0,0,0.51492
0,0,0.50474346
0,0,0.50651413
0,0,0.5093762
0,0,0.50174874
0,0,0.5055827
0,0,0.50536126
0,0,0.4969687
0,0,0.5004111
0,0,0.498773
0,0,0.49639177
0,0,0.49720347
0,0,0.487966
0,0,0.49581584
0,0,0.5068688
0,0,0.50347203
0,0,0.51416445
0,0,0.5107544
0,0,0.51692295
0,0,0.5148972
0,0,0.5131917
0,0,0.5089343
0,0,0.5083379
0,0,0.5035524
0,0,0.4892368
0,0,0.49400854
0,0,0.4803482
0,0,0.48056677
0,0,0.49770153
0,0,0.49995583
0,0,0.48705065
0,0,0.5121708
0,0,0.50841177
0,0,0.4969332
0,0,0.5078961
0,0,0.5120905
0,0,0.50461257
0,0,0.5046738
0,0,0.50646174
0,0,0.5244665
0,0,0.5181485
0,0,0.5229899
0,0,0.5203645
0,0,0.5214088
0,0,0.5154018
0,0,0.4951637
0,0,0.4867563
0,0,0.4794112
0,0,0.4860111
0,0,0.48117462
0,0,0.48500955
0,0,0.50849503
0,0,0.5039642
0,0,0.49323052
0,0,0.49149415
0,0,0.5077509
0,0,0.4835467
0,0,0.4811882
0,0,0.4957959
0,0,0.48099458
0,0,0.48402175
0,0,0.4789788
0,0,0.493505
0,0,0.4697735
0,0,0.49596176
0,0,0.49679
0,0,0.48572025
0,0,0.49654114
0,0,0.5041674
0,0,0.48813733
0,0,0.48644128
0,0,0.48247862
0,0,0.48013425
0,0,0.5001244
0,0,0.5149019
0,0,0.5091146
0,0,0.49747425
0,0,0.5172203
0,0,0.51067126
0,0,0.517286
0,0,0.5129424
0,0,0.52084213
0,0,0.51036066
0,0,0.5035812
0,0,0.5062883
0,0,0.5068937
0,0,0.50952035
0,0,0.4983509
0,0,0.50920916
0,0,0.511345
0,0,0.50489086
0,0,0.50298464
0,0,0.49636945
0,0,0.49817398
0,0,0.4997175
0,0,0.5131729
0,0,0.5068165
0,0,0.4876524
0,0,0.48222607
0,0,0.49581626
0,0,0.49646157
0,0,0.50922304
0,0,0.5085181
0,0,0.5063427
0,0,0.52136
0,0,0.50719404
0,0,0.51142853
0,0,0.50413173
0,0,0.5091729
0,0,0.500219
0,0,0.49780858
0,0,0.49776545
0,0,0.49247164
0,0,0.49402747
0,0,0.50447834
0,0,0.49893695
0,0,0.4914974
0,0,0.49275303
0,0,0.5062656
0,0,0.5113007
0,0,0.5043818
0,0,0.49577394
0,0,0.50337654
0,0,0.5039801
0,0,0.5083651
0,0,0.49287105
0,0,0.48787722
0,0,0.4867852
0,0,0.4832619
0,0,0.4821252
0,0,0.48176396
0,0,0.48492616
0,0,0.4930511
0,0,0.5113853
0,0,0.5216902
0,0,0.5164437
0,0,0.52753854
0,0,0.5335733
0,0,0.52163106
0,0,0.53954214
0,0,0.51873714
0,0,0.5294093
0,0,0.5221211
0,0,0.51149994
0,0,0.4966033
0,0,0.49920553
0,0,0.4894249
0,0,0.48069552
0,0,0.48346534
0,0,0.47052336
0,0,0.45785457
0,0,0.46387592
0,0,0.46229902
0,0,0.45469317
0,0,0.4835383
0,0,0.48042187
0,0,0.485475
0,0,0.49715656
0,0,0.4922345
0,0,0.5007422
0,0,0.509186
0,0,0.49511603
0,0,0.50321275
0,0,0.49444538
0,0,0.49010983
0,0,0.49465904
0,0,0.51082915
0,0,0.52102363
0,0,0.5339245
0,0,0.52720684
0,0,0.516978
0,0,0.5262898
0,0,0.5111192
0,0,0.48808616
0,0,0.48448312
0,0,0.48558876
0,0,0.48762313
0,0,0.49539626
0,0,0.4884685
0,0,0.4970912
0,0,0.5200495
0,0,0.51837885
0,0,0.52484137
0,0,0.5224064
0,0,0.52618814
0,0,0.5066912
0,0,0.5033722
0,0,0.49250245
0,0,0.49207747
0,0,0.48020682
0,0,0.48068005
0,0,0.48986173
0,0,0.50893176
0,0,0.5072582
0,0,0.5024002
0,0,0.5055893
0,0,0.4931016
0,0,0.49163836
0,0,0.48019218
0,0,0.47416335
0,0,0.4670349
0,0,0.47930232
0,0,0.48228085
0,0,0.5063621
0,0,0.50893986
0,0,0.49837404
0,0,0.49641058
0,0,0.49765217
0,0,0.4848477
0,0,0.48468965
0,0,0.4956914
0,0,0.5082499
0,0,0.5157657
0,0,0.51961064
0,0,0.5264796
0,0,0.5290391
0,0,0.52757764
0,0,0.5463418
0,0,0.52748734
0,0,0.50748616
0,0,0.51114887
0,0,0.5102229
0,0,0.5078807
0,0,0.49965155
0,0,0.50255185
0,0,0.49990824
0,0,0.4974561
0,0,0.5107424
0,0,0.52509326
0,0,0.5270667
0,0,0.5273145
0,0,0.5217301
0,0,0.52953386
0,0,0.51310927
0,0,0.52076894
0,0,0.5192477
0,0,0.513362
0,0,0.5103879
0,0,0.50440884
0,0,0.4944707
0,0,0.50692683
0,0,0.4990738
0,0,0.4815567
0,0,0.494985
0,0,0.5009641
0,0,0.5141652
0,0,0.5196079
0,0,0.5091021
0,0,0.5119279
0,0,0.50015044
0,0,0.49344173
0,0,0.482493
0,0,0.49245092
0,0,0.4946426
0,0,0.4941299
0,0,0.5016022
0,0,0.5200153
0,0,0.5157015
0,0,0.5076173
0,0,0.5183866
0,0,0.50602067
0,0,0.50617456
0,0,0.50306773
0,0,0.507323
0,0,0.4933961
0,0,0.4798968
0,0,0.4793934
0,0,0.4742819
0,0,0.4710117
0,0,0.4642565
0,0,0.4759671
0,0,0.5098751
0,0,0.51913273
0,0,0.51791334
0,0,0.53404295
0,0,0.5419138
0,0,0.53495795
0,0,0.53044814
0,0,0.5221719
0,0,0.5266284
0,0,0.52746546
0,0,0.5179328
0,0,0.5247251
0,0,0.52404183
0,0,0.5213461
0,0,0.5145032
0,0,0.51515853
0,0,0.50955325
0,0,0.5061708
0,0,0.51424956
0,0,0.516692
0,0,0.5308211
0,0,0.51509094
0,0,0.5048825
0,0,0.5127072
0,0,0.5025709
0,0,0.51682997
0,0,0.513908
0,0,0.52469146
0,0,0.5201561
0,0,0.51914424
0,0,0.51047444
0,0,0.4955602
0,0,0.5026669
0,0,0.5015454
0,0,0.51118726
0,0,0.52020365
0,0,0.51044387
0,0,0.51444346
0,0,0.5134869
0,0,0.515571
0,0,0.5005553
0,0,0.50249404
0,0,0.49997926
0,0,0.494016
0,0,0.5015082
0,0,0.50841254
0,0,0.5159704
0,0,0.5207181
0,0,0.5222961
0,0,0.5313201
0,0,0.5319196
0,0,0.51547486
0,0,0.5244175
0,0,0.5088298
0,0,0.50330704
0,0,0.5108708
0,0,0.5137846
0,0,0.5020651
0,0,0.5131461
0,0,0.50364166
0,0,0.50922006
0,0,0.5193192
0,0,0.5224618
0,0,0.52202386
0,0,0.5279697
0,0,0.52652556
0,0,0.5357104
0,0,0.5131855
0,0,0.5196224
0,0,0.49805525
0,0,0.4993414
0,0,0.48324916
0,0,0.47848436
0,0,0.47762826
0,0,0.45958832
0,0,0.46937978
0,0,0.47172397
0,0,0.48852673
0,0,0.49583185
0,0,0.517221
0,0,0.5227446
0,0,0.5322089
0,0,0.51785976
0,0,0.5200416
0,0,0.5187229
0,0,0.50688916
0,0,0.5132941
0,0,0.5232505
0,0,0.5291437
0,0,0.5180673
0,0,0.5239818
0,0,0.5253046
0,0,0.53183544
0,0,0.5089802
0,0,0.52319807
0,0,0.50578386
0,0,0.4983577
0,0,0.4963436
0,0,0.5129516
0,0,0.517543
0,0,0.5331342
0,0,0.53198045
0,0,0.5335892
0,0,0.5322373
0,0,0.535262
0,0,0.5358383
0,0,0.52950895
0,0,0.5230535
0,0,0.5107318
0,0,0.4922646
0,0,0.499448
0,0,0.4819787
0,0,0.48446733
0,0,0.48087487
0,0,0.4894561
0,0,0.4927879
0,0,0.51085085
0,0,0.5060391
0,0,0.5149519
0,0,0.51322436
0,0,0.5135586
0,0,0.48926312
0,0,0.47938934
0,0,0.4990713
0,0,0.51386666
0,0,0.5086579
0,0,0.50325227
0,0,0.50226253
0,0,0.50291985
0,0,0.482011
0,0,0.48704106
0,0,0.48252302
0,0,0.49306864
0,0,0.5019517
0,0,0.5125481
0,0,0.5164834
0,0,0.515829
0,0,0.5325212
0,0,0.51521534
0,0,0.51726705
0,0,0.522201
0,0,0.5155793
0,0,0.5206798
0,0,0.5204555
0,0,0.5097842
0,0,0.5011875
0,0,0.50482756
0,0,0.4848319
0,0,0.48036206
0,0,0.4741716
0,0,0.48159614
0,0,0.4841754
0,0,0.51995784
0,0,0.53105515
0,0,0.5396614
0,0,0.5478723
0,0,0.5418612
0,0,0.52279675
0,0,0.5220269
0,0,0.51735604
0,0,0.50736177
0,0,0.51642287
0,0,0.5088982
0,0,0.52479774
0,0,0.5010517
0,0,0.49228874
0,0,0.49970752
0,0,0.5003673
0,0,0.4867782
0,0,0.49665427
0,0,0.50309706
0,0,0.4855682
0,0,0.4853102
0,0,0.49036843
0,0,0.49280173
0,0,0.5092299
0,0,0.49569505
0,0,0.49836397
0,0,0.5015365
0,0,0.497542
0,0,0.50410205
0,0,0.52923566
0,0,0.52395266
0,0,0.5289927
0,0,0.51796246
0,0,0.5325468
0,0,0.5318937
0,0,0.53636354
0,0,0.52263886
0,0,0.52101386
0,0,0.5197251
0,0,0.52839375
0,0,0.51615655
0,0,0.50743735
0,0,0.50422716
0,0,0.48432204
0,0,0.4639339
0,0,0.46207827
0,0,0.46607333
0,0,0.4589771
0,0,0.4784432
0,0,0.4782038
0,0,0.48429045
0,0,0.50319177
0,0,0.5108874
0,0,0.5083429
0,0,0.5145706
0,0,0.51136225
0,0,0.49706605
0,0,0.49535826
0,0,0.4806205
0,0,0.46920592
0,0,0.48136288
0,0,0.5098271
0,0,0.52748096
0,0,0.5231712
0,0,0.5363173
0,0,0.5299276
0,0,0.52423716
0,0,0.51441073
0,0,0.5117429
0,0,0.48224327
0,0,0.46875057
0,0,0.47304
0,0,0.4665831
0,0,0.46275342
0,0,0.46710905
0,0,0.47013366
0,0,0.4630276
0,0,0.4862368
0,0,0.49337462
0,0,0.4844482
0,0,0.50515413
0,0,0.5065963
0,0,0.5044062
0,0,0.48545775
0,0,0.47541735
0,0,0.4750258
0,0,0.4618312
0,0,0.4593926
0,0,0.46300378
0,0,0.48497507
0,0,0.47578457
0,0,0.49262455
0,0,0.49338722
0,0,0.4979334
0,0,0.4909406
0,0,0.48000523
0,0,0.46710375
0,0,0.46612212
0,0,0.46940878
0,0,0.48140758
0,0,0.5023373
0,0,0.5048658
0,0,0.53178126
0,0,0.51245254
0,0,0.5134874
0,0,0.49856657
0,0,0.5085373
0,0,0.49838606
0,0,0.4963308
0,0,0.48767042
0,0,0.49265614
0,0,0.50418484
0,0,0.48875234
0,0,0.4853083
0,0,0.49663782
0,0,0.49995875
0,0,0.50635093
0,0,0.4940576
0,0,0.4952919
0,0,0.4969711
0,0,0.4880178
0,0,0.49025396
0,0,0.5066648
0,0,0.48928556
0,0,0.5154028
0,0,0.52357167
0,0,0.5162923
0,0,0.52074164
0,0,0.5056183
0,0,0.504397
0,0,0.49717104
0,0,0.5089161
0,0,0.50764114
0,0,0.4925357
0,0,0.49513745
0,0,0.50663257
0,0,0.51065797
0,0,0.5008655
0,0,0.50505126
0,0,0.5012234
0,0,0.50126314
0,0,0.49778906
0,0,0.51288706
0,0,0.52600276
0,0,0.51387846
0,0,0.5187673
0,0,0.5357303
0,0,0.5173653
0,0,0.52062607
0,0,0.5260169
0,0,0.5151359
0,0,0.52233505
0,0,0.51904196
0,0,0.5007366
0,0,0.51333857
0,0,0.5158177
0,0,0.5061835
0,0,0.50840944
0,0,0.5106719
0,0,0.5107823
0,0,0.50846285
0,0,0.5154626
0,0,0.5129709
0,0,0.51252306
0,0,0.52523154
0,0,0.512899
0,0,0.53059345
0,0,0.52794814
0,0,0.51082367
0,0,0.5083676
0,0,0.50058585
0,0,0.50882196
0,0,0.5026144
0,0,0.50433004
0,0,0.4967903
0,0,0.50814
0,0,0.5101441
0,0,0.5035216
0,0,0.49598512
0,0,0.5001631
0,0,0.5023543
0,0,0.47691962
0,0,0.5072174
0,0,0.49837548
0,0,0.5213789
0,0,0.5106786
0,0,0.5247849
0,0,0.51987493
0,0,0.5066975
0,0,0.5087463
0,0,0.5150364
0,0,0.51549244
0,0,0.49542317
0,0,0.5003878
0,0,0.51437557
0,0,0.50542027
0,0,0.50795037
0,0,0.5046755
0,0,0.5007387
0,0,0.49562514
0,0,0.50764185
0,0,0.5237431
0,0,0.51168996
0,0,0.5029023
0,0,0.4983852
0,0,0.5021399
0,0,0.47698444
0,0,0.477015
0,0,0.49032182
0,0,0.49504426
0,0,0.50184536
0,0,0.5082892
0,0,0.51652366
0,0,0.5254673
0,0,0.5098721
0,0,0.50811225
0,0,0.49555188
0,0,0.5046044
0,0,0.47979254
0,0,0.4850321
0,0,0.48189604
0,0,0.486865
0,0,0.48740825
0,0,0.48234996
0,0,0.4942053
0,0,0.49999768
0,0,0.5075997
0,0,0.5197451
0,0,0.5162047
0,0,0.5138376
0,0,0.52389205
0,0,0.51204413
0,0,0.52702487
0,0,0.5198804
0,0,0.51749086
0,0,0.53249663
0,0,0.5228111
0,0,0.5215598
0,0,0.51827085
0,0,0.52060723
0,0,0.514609
0,0,0.5189276
0,0,0.52646214
0,0,0.51863885
0,0,0.5260584
0,0,0.5113047
0,0,0.5113119
0,0,0.50792193
0,0,0.5181616
0,0,0.5148763
0,0,0.5125122
0,0,0.50397635
0,0,0.5209485
0,0,0.5249809
0,0,0.5215761
0,0,0.5089717
0,0,0.5114725
0,0,0.5057907
0,0,0.510232
0,0,0.5106173
0,0,0.5080446
0,0,0.4927862
0,0,0.48757944
0,0,0.4936194
0,0,0.5070188
0,0,0.51235557
0,0,0.52306134
0,0,0.5241099
0,0,0.53759843
0,0,0.5365672
0,0,0.52819806
0,0,0.5353198
0,0,0.5319688
0,0,0.52940583
0,0,0.52522916
0,0,0.51292026
0,0,0.5172353
0,0,0.5104527
0,0,0.5157708
0,0,0.5008655
0,0,0.5068178
0,0,0.5089585
0,0,0.51764524
0,0,0.5237721
0,0,0.5345623
0,0,0.5253125
0,0,0.5134982
0,0,0.5105827
0,0,0.51162124
0,0,0.5059598
0,0,0.49900112
0,0,0.50191635
0,0,0.48777306
0,0,0.5047162
0,0,0.51200414
0,0,0.50392574
0,0,0.49191415
0,0,0.5001686
0,0,0.5127327
0,0,0.51549506
0,0,0.5032568
0,0,0.5091825
0,0,0.5208328
0,0,0.50870985
0,0,0.5015777
0,0,0.5080106
0,0,0.50287074
0,0,0.49828973
0,0,0.51061046
0,0,0.49892133
0,0,0.51167804
0,0,0.515017
0,0,0.5073829
0,0,0.50039065
0,0,0.5177668
0,0,0.53927237
0,0,0.54902416
0,0,0.53783196
0,0,0.5256019
0,0,0.51800215
0,0,0.52816266
0,0,0.52284634
0,0,0.5100719
0,0,0.49729756
0,0,0.4991027
0,0,0.48780268
0,0,0.49094176
0,0,0.4750272
0,0,0.48907873
0,0,0.50030285
0,0,0.49654114
0,0,0.5034638
0,0,0.52254677
0,0,0.51481086
0,0,0.49407354
0,0,0.50359005
0,0,0.49981046
0,0,0.5044368
0,0,0.50241977
0,0,0.5074123
0,0,0.5119379
0,0,0.5129626
0,0,0.5193836
0,0,0.5254342
0,0,0.5239437
0,0,0.52822715
0,0,0.5122824
0,0,0.5226107
0,0,0.52849746
0,0,0.5123351
0,0,0.51973987
0,0,0.5241978
0,0,0.5258636
0,0,0.5136077
0,0,0.5157896
0,0,0.5208315
0,0,0.52295566
0,0,0.5123427
0,0,0.50328195
0,0,0.49784425
0,0,0.5104656
0,0,0.49183673
0,0,0.48538038
0,0,0.46861193
0,0,0.47836125
0,0,0.46672693
0,0,0.47625187
0,0,0.48754305
0,0,0.48778963
0,0,0.48594195
0,0,0.48472852
0,0,0.5013625
0,0,0.5069689
0,0,0.5123951
0,0,0.5087822
0,0,0.50890875
0,0,0.5066948
0,0,0.50849086
0,0,0.50548947
0,0,0.5122365
0,0,0.5109954
0,0,0.50413823
0,0,0.4800789
0,0,0.46740046
0,0,0.47587767
0,0,0.47844538
0,0,0.48412186
0,0,0.50846404
0,0,0.52308506
0,0,0.5131488
0,0,0.52421814
0,0,0.51379347
0,0,0.520342
0,0,0.52009094
0,0,0.5090022
0,0,0.50851357
0,0,0.4931068
0,0,0.4907832
0,0,0.48650458
0,0,0.48315495
0,0,0.4877954
0,0,0.5068336
0,0,0.50331974
0,0,0.49855074
0,0,0.49127436
0,0,0.49241647
0,0,0.4803684
0,0,0.49179244
0,0,0.48945096
0,0,0.4890991
0,0,0.4892718
0,0,0.5075757
0,0,0.51524544
0,0,0.5142878
0,0,0.5069628
0,0,0.5113463
0,0,0.51600784
0,0,0.51349586
0,0,0.51264143
0,0,0.49862945
0,0,0.49866864
0,0,0.4869062
0,0,0.48546365
0,0,0.49608377
0,0,0.49477738
0,0,0.4903146
0,0,0.5007725
0,0,0.5157971
0,0,0.52138
0,0,0.5215343
0,0,0.5121342
0,0,0.5251235
0,0,0.526932
0,0,0.5156593
0,0,0.52575815
0,0,0.52726465
0,0,0.52261454
0,0,0.5125545
0,0,0.51745164
0,0,0.5137416
0,0,0.5153038
0,0,0.51789147
0,0,0.5313625
0,0,0.52231854
0,0,0.5370546
0,0,0.53069234
0,0,0.53051436
0,0,0.52611
0,0,0.5181156
0,0,0.5103583
0,0,0.52233446
0,0,0.50100297
0,0,0.5017727
0,0,0.51540303
0,0,0.499396
0,0,0.49822995
0,0,0.49937126
0,0,0.48246342
0,0,0.47349614
0,0,0.48300484
0,0,0.47731397
0,0,0.48075342
0,0,0.49344173
0,0,0.5027036
0,0,0.5102718
0,0,0.528545
0,0,0.5100866
0,0,0.5256803
0,0,0.5134215
0,0,0.5264817
0,0,0.5236278
0,0,0.5138817
0,0,0.52488333
0,0,0.53217965
0,0,0.5313442
0,0,0.5264479
0,0,0.5245078
0,0,0.5168719
0,0,0.49553448
0,0,0.47647873
0,0,0.46342888
0,0,0.46141583
0,0,0.45578194
0,0,0.47910985
0,0,0.4891805
0,0,0.4863838
0,0,0.5225146
0,0,0.51737857
0,0,0.51665735
0,0,0.5013177
0,0,0.53034383
0,0,0.5196233
0,0,0.51162326
0,0,0.50879276
0,0,0.5100574
0,0,0.4944618
0,0,0.49312833
0,0,0.5066385
0,0,0.50377136
0,0,0.5028246
0,0,0.5183008
0,0,0.52126306
0,0,0.52102965
0,0,0.51997244
0,0,0.52952933
0,0,0.5300644
0,0,0.52107406
0,0,0.52131003
0,0,0.5158534
0,0,0.510632
0,0,0.49600646
0,0,0.48413998
0,0,0.5034442
0,0,0.5074876
0,0,0.5111272
0,0,0.51595026
0,0,0.5080296
0,0,0.4962055
0,0,0.5129104
0,0,0.5162016
0,0,0.5174818
0,0,0.5100609
0,0,0.5125683
0,0,0.5051461
0,0,0.4967863
0,0,0.49084604
0,0,0.4822211
0,0,0.47598886
0,0,0.47550833
0,0,0.4878895
0,0,0.49249753
0,0,0.49199054
0,0,0.49275726
0,0,0.5101409
0,0,0.51709646
0,0,0.5139869
0,0,0.5052568
0,0,0.525397
0,0,0.5100318
0,0,0.5238109
0,0,0.5307582
0,0,0.52093226
0,0,0.51032156
0,0,0.51568604
0,0,0.50630265
0,0,0.51152706
0,0,0.52376974
0,0,0.51681685
0,0,0.5082842
0,0,0.51025724
0,0,0.51590335
0,0,0.50952387
0,0,0.5124026
0,0,0.5046282
0,0,0.5126707
0,0,0.5076735
0,0,0.49673522
0,0,0.49692932
0,0,0.49802563
0,0,0.5177481
0,0,0.5215076
0,0,0.5291417
0,0,0.52891904
0,0,0.5387329
0,0,0.5349756
0,0,0.5405867
0,0,0.53282714
0,0,0.5198991
0,0,0.5144451
0,0,0.5216552
0,0,0.5079996
0,0,0.5053559
0,0,0.48622587
0,0,0.49557242
0,0,0.5009759
0,0,0.5087833
0,0,0.5142221
0,0,0.5165897
0,0,0.5195712
0,0,0.5193108
0,0,0.508278
0,0,0.51925963
0,0,0.50721276
0,0,0.5136347
0,0,0.4969907
0,0,0.50992906
0,0,0.5167517
0,0,0.51405364
0,0,0.5039211
0,0,0.50991875
0,0,0.5060436
0,0,0.49581307
0,0,0.5164981
0,0,0.49502566
0,0,0.50049716
0,0,0.4861622
0,0,0.4880518
0,0,0.49609527
0,0,0.5060465
0,0,0.52135384
0,0,0.52031744
0,0,0.5165879
0,0,0.51796335
0,0,0.526848
0,0,0.5260815
0,0,0.51999986
0,0,0.51855826
0,0,0.52084845
0,0,0.5239228
0,0,0.50457937
0,0,0.50167876
0,0,0.5204948
0,0,0.5182818
0,0,0.5086383
0,0,0.5183878
0,0,0.51982474
0,0,0.5250756
0,0,0.5226961
0,0,0.53198874
0,0,0.5375784
0,0,0.51653695
0,0,0.50057507
0,0,0.50523245
0,0,0.4981328
0,0,0.4881957
0,0,0.49575308
0,0,0.49964607
0,0,0.50513756
0,0,0.5178358
0,0,0.51803815
0,0,0.5184416
0,0,0.5301586
0,0,0.5263096
0,0,0.5301364
0,0,0.52195674
0,0,0.5192371
0,0,0.52159154
0,0,0.5302411
0,0,0.52308697
0,0,0.5092771
0,0,0.49580318
0,0,0.50255096
0,0,0.49608812
0,0,0.49884853
0,0,0.5012591
0,0,0.5025911
0,0,0.50985426
0,0,0.5080085
0,0,0.4858359
0,0,0.49198055
0,0,0.49889103
0,0,0.49835876
0,0,0.5110301
0,0,0.51922804
0,0,0.5108025
0,0,0.5218787
0,0,0.51642436
0,0,0.49868625
0,0,0.50175494
0,0,0.5151858
0,0,0.5239495
0,0,0.5121854
0,0,0.5062438
0,0,0.51711017
0,0,0.5127909
0,0,0.49285796
0,0,0.48482046
0,0,0.48141798
0,0,0.49287763
0,0,0.47869527
0,0,0.49365044
0,0,0.4921151
0,0,0.48574892
0,0,0.47701085
0,0,0.49327615
0,0,0.48684758
0,0,0.48546022
0,0,0.48397958
0,0,0.49811363
0,0,0.49749917
0,0,0.5101533
0,0,0.49334532
0,0,0.50106925
0,0,0.5208348
0,0,0.52405185
0,0,0.5220195
0,0,0.5231065
0,0,0.50686634
0,0,0.50236624
0,0,0.4983943
0,0,0.49506295
0,0,0.49216282
0,0,0.5004028
0,0,0.52231294
0,0,0.5103037
0,0,0.5150542
0,0,0.5201783
0,0,0.5275991
0,0,0.5103068
0,0,0.51665914
0,0,0.50471014
0,0,0.5078637
0,0,0.51344866
0,0,0.5214279
0,0,0.51321125
0,0,0.51679856
0,0,0.5213014
0,0,0.5119833
0,0,0.50514525
0,0,0.5047258
0,0,0.50049603
0,0,0.48823434
0,0,0.47270542
0,0,0.4911708
0,0,0.48187548
0,0,0.49440494
0,0,0.49286166
0,0,0.5103802
0,0,0.5169618
0,0,0.5200366
0,0,0.51966923
0,0,0.52439487
0,0,0.51403946
0,0,0.52128184
0,0,0.52353626
0,0,0.54196155
0,0,0.523969
0,0,0.52533245
0,0,0.5282107
0,0,0.5286513
0,0,0.5062059
0,0,0.5091707
0,0,0.5123315
0,0,0.51580197
0,0,0.5195719
0,0,0.5167566
0,0,0.5190496
0,0,0.5126246
0,0,0.5073642
0,0,0.50851953
0,0,0.497939
0,0,0.51010674
0,0,0.5000116
0,0,0.5028976
0,0,0.4931398
0,0,0.502661
0,0,0.491249
0,0,0.5049166
0,0,0.5093899
0,0,0.5119887
0,0,0.4986057
0,0,0.49457964
0,0,0.4838596
0,0,0.47456113
0,0,0.48358813
0,0,0.48879433
0,0,0.4866264
0,0,0.50132614
0,0,0.5041766
0,0,0.50226265
0,0,0.51395595
0,0,0.5183586
0,0,0.5093996
0,0,0.5046158
0,0,0.5057909
0,0,0.4987446
0,0,0.5059749
0,0,0.50367785
0,0,0.49385947
0,0,0.4927233
0,0,0.49271154
0,0,0.49727032
0,0,0.48821568
0,0,0.48213816
0,0,0.4856145
0,0,0.514621
0,0,0.509186
0,0,0.5142345
0,0,0.5319639
0,0,0.5396606
0,0,0.5410357
0,0,0.51686
0,0,0.5168968
0,0,0.50812906
0,0,0.51244324
0,0,0.4864611
0,0,0.50875163
0,0,0.5022264
0,0,0.49381986
0,0,0.5013338
0,0,0.5000603
0,0,0.50162786
0,0,0.4903881
0,0,0.48811173
0,0,0.48675913
0,0,0.5046577
0,0,0.5120395
0,0,0.51160526
0,0,0.4981716
0,0,0.5089249
0,0,0.5135204
0,0,0.505511
0,0,0.5052293
0,0,0.5031148
0,0,0.5003258
0,0,0.48961574
0,0,0.5074082
0,0,0.5170122
0,0,0.5148404
0,0,0.5139529
0,0,0.50576377
0,0,0.4938484
0,0,0.49217135
0,0,0.49103636
0,0,0.50131893
0,0,0.48607948
0,0,0.49714983
0,0,0.49555862
0,0,0.51503354
0,0,0.5077807
0,0,0.50400984
0,0,0.51693374
0,0,0.5185462
0,0,0.50814515
0,0,0.52724475
0,0,0.5154693
0,0,0.5214257
0,0,0.5201341
0,0,0.5127512
0,0,0.50900245
0,0,0.5088844
0,0,0.49867198
0,0,0.5114398
0,0,0.5171612
0,0,0.5018756
0,0,0.49264678
0,0,0.49598902
0,0,0.5110366
0,0,0.51032573
0,0,0.52888876
0,0,0.5336515
0,0,0.52864134
0,0,0.5133045
0,0,0.5087045
0,0,0.50700563
0,0,0.5172425
0,0,0.5079981
0,0,0.49914643
0,0,0.499796
0,0,0.50122786
0,0,0.49404073
0,0,0.5159636
0,0,0.5040999
0,0,0.50136083
0,0,0.51666814
0,0,0.52763164
0,0,0.5286033
0,0,0.53583616
0,0,0.51857096
0,0,0.5252889
0,0,0.5289502
0,0,0.5184288
0,0,0.5366107
0,0,0.5188842
0,0,0.51814336
0,0,0.4993106
0,0,0.5095034
0,0,0.50719965
0,0,0.49753127
0,0,0.5126263
0,0,0.5197012
0,0,0.5059584
0,0,0.50247234
0,0,0.51418
0,0,0.5280236
0,0,0.5303359
0,0,0.5194929
0,0,0.5148425
0,0,0.5164951
0,0,0.5125739
0,0,0.51724494
0,0,0.51439434
0,0,0.51461655
0,0,0.5102247
0,0,0.5223959
0,0,0.5125297
0,0,0.5020027
0,0,0.50251305
0,0,0.51435953
0,0,0.5174013
0,0,0.51252896
0,0,0.5127073
0,0,0.520102
0,0,0.511632
0,0,0.5143082
0,0,0.511988
0,0,0.5011494
0,0,0.5015197
0,0,0.5143765
0,0,0.51547706
0,0,0.52741534
0,0,0.54526806
0,0,0.5346303
0,0,0.5206104
0,0,0.51808447
0,0,0.5234083
0,0,0.51770204
0,0,0.51436275
0,0,0.49769723
0,0,0.49512947
0,0,0.50489813
0,0,0.51050884
0,0,0.50766253
0,0,0.5188104
0,0,0.51370656
0,0,0.51423186
0,0,0.51003265
0,0,0.4978277
0,0,0.4879313
0,0,0.48521677
0,0,0.49133825
0,0,0.49240166
0,0,0.50689995
0,0,0.51422393
0,0,0.5196496
0,0,0.5252329
0,0,0.52975184
0,0,0.5127416
0,0,0.5119526
0,0,0.5137442
0,0,0.510927
0,0,0.5010083
0,0,0.50039136
0,0,0.49470374
0,0,0.49563158
0,0,0.5035709
0,0,0.49712142
0,0,0.49986842
0,0,0.49959192
0,0,0.5015772
0,0,0.5117664
0,0,0.5117021
0,0,0.49169707
0,0,0.5029401
0,0,0.4991124
0,0,0.50111735
0,0,0.5086915
0,0,0.5114623
0,0,0.51792353
0,0,0.5133425
0,0,0.5131192
0,0,0.5262624
0,0,0.53015065
0,0,0.5205273
0,0,0.50997984
0,0,0.51059514
0,0,0.5148578
0,0,0.49594533
0,0,0.49811503
0,0,0.4951552
0,0,0.48960024
0,0,0.47013903
0,0,0.4703462
0,0,0.48496476
0,0,0.49805465
0,0,0.4980592
0,0,0.50260186
0,0,0.50973505
0,0,0.5205438
0,0,0.5109982
0,0,0.50855964
0,0,0.51008344
0,0,0.49564773
0,0,0.4988799
0,0,0.49027675
0,0,0.5087492
0,0,0.5090449
0,0,0.50115806
0,0,0.5042061
0,0,0.5078959
0,0,0.48074606
0,0,0.48167047
0,0,0.48339027
0,0,0.4875993
0,0,0.49916863
0,0,0.48581386
0,0,0.49548203
0,0,0.49028867
0,0,0.48973304
0,0,0.48171493
0,0,0.4889248
0,0,0.47965732
0,0,0.49256498
0,0,0.48691604
0,0,0.48516122
0,0,0.4893281
0,0,0.50722426
0,0,0.5119864
0,0,0.5248515
0,0,0.5189896
0,0,0.50031173
0,0,0.5010598
0,0,0.5298309
0,0,0.51358855
0,0,0.52219194
0,0,0.52134037
0,0,0.52858394
0,0,0.5244365
0,0,0.5185889
0,0,0.5100757
0,0,0.5159877
0,0,0.5071832
0,0,0.5137306
0,0,0.5072497
0,0,0.5071268
0,0,0.50698835
0,0,0.5009672
0,0,0.4855472
0,0,0.48486352
0,0,0.50768095
0,0,0.48841023
0,0,0.4775512
0,0,0.4796885
0,0,0.4869829
0,0,0.46894288
0,0,0.47388795
0,0,0.48945746
0,0,0.512646
0,0,0.5210593
0,0,0.5293823
0,0,0.52809536
0,0,0.51374364
0,0,0.51872545
0,0,0.51709884
0,0,0.50567997
0,0,0.5048976
0,0,0.4923137
0,0,0.4941341
0,0,0.49019048
0,0,0.4964797
0,0,0.4976608
0,0,0.5125468
0,0,0.51020783
0,0,0.52251464
0,0,0.5223611
0,0,0.52375
0,0,0.506301
0,0,0.51252365
0,0,0.51338184
0,0,0.5281089
0,0,0.5324636
0,0,0.52541256
0,0,0.5191517
0,0,0.5373223
0,0,0.5216663
0,0,0.513294
0,0,0.50980765
0,0,0.50271785
0,0,0.49398685
0,0,0.49785337
0,0,0.49350345
0,0,0.50561666
0,0,0.5180723
0,0,0.53203285
0,0,0.51448476
0,0,0.5372023
0,0,0.54119825
0,0,0.53094447
0,0,0.5189662
0,0,0.5259137
0,0,0.5145609
0,0,0.5240509
0,0,0.5293624
0,0,0.5152692
0,0,0.5253837
0,0,0.5254466
0,0,0.51503634
0,0,0.4955857
0,0,0.5033377
0,0,0.5007479
0,0,0.4877532
0,0,0.48994592
0,0,0.48709184
0,0,0.499126
0,0,0.49810404
0,0,0.5040237
0,0,0.5070429
0,0,0.5241267
0,0,0.5195774
0,0,0.5099655
0,0,0.5323832
0,0,0.53365445
0,0,0.51489586
0,0,0.5146212
0,0,0.51315314
0,0,0.49678057
0,0,0.49456063
0,0,0.4842491
0,0,0.4945347
0,0,0.49052137
0,0,0.49181983
0,0,0.48310566
0,0,0.49068433
0,0,0.48931882
0,0,0.4883379
0,0,0.48276702
0,0,0.4968078
0,0,0.4858689
0,0,0.47050187
0,0,0.48197627
0,0,0.47761112
0,0,0.47452515
0,0,0.4857236
0,0,0.4994778
0,0,0.48910508
0,0,0.50918686
0,0,0.5255834
0,0,0.5216306
0,0,0.5234907
0,0,0.5095342
0,0,0.50104195
0,0,0.49587515
0,0,0.48246548
0,0,0.4851996
0,0,0.50808996
0,0,0.5242038
0,0,0.5251056
0,0,0.51732945
0,0,0.5097645
0,0,0.513625
0,0,0.5075936
0,0,0.49356946
0,0,0.5035697
0,0,0.50219834
0,0,0.50451404
0,0,0.5210009
0,0,0.5137155
0,0,0.51465774
0,0,0.5137674
0,0,0.5031287
0,0,0.5095771
0,0,0.5271023
0,0,0.5165912
0,0,0.5114438
0,0,0.51279676
0,0,0.49645546
0,0,0.5020106
0,0,0.5008868
0,0,0.49707335
0,0,0.5092892
0,0,0.50027
0,0,0.495886
0,0,0.4807235
0,0,0.49436334
0,0,0.49751604
0,0,0.4921605
0,0,0.49822676
0,0,0.5193866
0,0,0.5286541
0,0,0.5132381
0,0,0.517751
0,0,0.5044036
0,0,0.4967645
0,0,0.49220398
0,0,0.49401024
0,0,0.4776779
0,0,0.46839157
0,0,0.4732701
0,0,0.46826795
0,0,0.47051427
0,0,0.47074372
0,0,0.49049813
0,0,0.49807873
0,0,0.5251532
0,0,0.5227298
0,0,0.53516906
0,0,0.5264701
0,0,0.5336566
0,0,0.5169377
0,0,0.51059544
0,0,0.5153984
0,0,0.5068927
0,0,0.49305737
0,0,0.49057135
0,0,0.49523452
0,0,0.49579105
0,0,0.5031234
0,0,0.5221728
0,0,0.5117889
0,0,0.5071355
0,0,0.5164453
0,0,0.51496977
0,0,0.49490505
0,0,0.4964777
0,0,0.51208377
0,0,0.52141505
0,0,0.5163386
0,0,0.5125656
0,0,0.51335204
0,0,0.5228427
0,0,0.50272477
0,0,0.49630472
0,0,0.4994419
0,0,0.5101594
0,0,0.5049577
0,0,0.51242614
0,0,0.52746797
0,0,0.5286708
0,0,0.51959914
0,0,0.5138291
0,0,0.50389695
0,0,0.5121889
0,0,0.49243444
0,0,0.49736956
0,0,0.51407695
0,0,0.51734483
0,0,0.5321383
0,0,0.5160334
0,0,0.5250271
0,0,0.526173
0,0,0.51412606
0,0,0.5250498
0,0,0.5138536
0,0,0.51825196
0,0,0.49062625
0,0,0.5002421
0,0,0.48467997
0,0,0.50610185
0,0,0.49651575
0,0,0.5067974
0,0,0.51455325
0,0,0.51692724
0,0,0.5188356
0,0,0.5340537
0,0,0.53436923
0,0,0.53686184
0,0,0.5176433
0,0,0.51963973
0,0,0.5103999
0,0,0.52820003
0,0,0.5240737
0,0,0.5195621
0,0,0.5268227
0,0,0.528964
0,0,0.52627504
0,0,0.5231308
0,0,0.51154476
0,0,0.5160737
0,0,0.5162679
0,0,0.5264939
0,0,0.54283476
0,0,0.55239886
0,0,0.57580966
0,0,0.581585
0,1,0.5886039
0,1,0.5890222
0,1,0.5889576
0,1,0.5916128
0,1,0.5898964
0,1,0.5943229
0,1,0.5940204
0,1,0.5940443
0,1,0.5930022
0,1,0.59476465
0,1,0.59464574
0,1,0.59153754
0,1,0.5910434
0,1,0.5917921
0,1,0.593089
0,1,0.5921038
0,1,0.5908836
0,1,0.59024847
0,1,0.5906074
0,1,0.5912991
1,1,0.5902406
1,1,0.5908251
1,1,0.5890997
1,1,0.5896824
1,1,0.5904563
1,1,0.5898701
0,0,0.5873278
0,0,0.58607125
0,0,0.5792002
0,0,0.573701
0,0,0.5511986
0,0,0.53222257
0,0,0.53276986
0,0,0.51578856
0,0,0.5270585
0,0,0.50640094
0,0,0.5085324
0,0,0.5111293
0,0,0.5147301
0,0,0.50712466
0,0,0.51454836
0,0,0.51089716
0,0,0.5106447
0,0,0.52773577
0,0,0.5337023
0,0,0.5164139
0,0,0.52577347
0,0,0.53415495
0,0,0.51696235
0,0,0.5090633
0,0,0.5039786
0,0,0.50602174
0,0,0.49678823
0,0,0.5145704
0,0,0.51009226
0,0,0.5097797
0,0,0.5037682
0,0,0.4872575
0,0,0.485085
0,0,0.48991117
0,0,0.4916854
0,0,0.48646635
0,0,0.50579834
0,0,0.5117618
0,0,0.49918082
0,0,0.50095636
0,0,0.51262236
0,0,0.5060673
0,0,0.4961691
0,0,0.514443
0,0,0.50520194
0,0,0.5037484
0,0,0.48656183
0,0,0.48924333
0,0,0.48303
0,0,0.4843777
0,0,0.48301163
0,0,0.4821243
0,0,0.48331073
0,0,0.4849161
0,0,0.4798807
0,0,0.48212463
0,0,0.49202546
0,0,0.488705
0,0,0.48410845
0,0,0.5023409
0,0,0.5167087
0,0,0.51745766
0,0,0.5285909
0,0,0.5365911
0,0,0.52491635
0,0,0.5155066
0,0,0.5183085
0,0,0.5162771
0,0,0.5069575
0,0,0.49919567
0,0,0.49616534
0,0,0.5014047
0,0,0.4817391
0,0,0.4714017
0,0,0.47614908
0,0,0.47367227
0,0,0.4925564
0,0,0.49629334
0,0,0.5218945
0,0,0.5269805
0,0,0.5290251
0,0,0.535138
0,0,0.5366045
0,0,0.5196746
0,0,0.53006035
0,0,0.5309722
0,0,0.53680235
0,0,0.52189267
0,0,0.5206734
0,0,0.51408225
0,0,0.4984873
0,0,0.5022953
0,0,0.5044819
0,0,0.50387037
0,0,0.49807557
0,0,0.4874339
0,0,0.4747635
0,0,0.47800314
0,0,0.47807074
0,0,0.4925592
0,0,0.49987987
0,0,0.5099326
0,0,0.50856
0,0,0.5108768
0,0,0.504802
0,0,0.5167488
0,0,0.51421726
0,0,0.51106924
0,0,0.5114322
0,0,0.5261394
0,0,0.52922714
0,0,0.528154
0,0,0.50898564
0,0,0.5220054
0,0,0.51064026
0,0,0.50717705
0,0,0.5139214
0,0,0.50924563
0,0,0.5165278
0,0,0.52303886
0,0,0.52748656
0,0,0.53160405
0,0,0.5251619
0,0,0.5173674
0,0,0.530123
0,0,0.5310943
0,0,0.5324714
0,0,0.52118695
0,0,0.53737664
0,0,0.5242184
0,0,0.5276777
0,0,0.5338634
0,0,0.52095556
0,0,0.5188499
0,0,0.50922346
0,0,0.51231474
0,0,0.5019186
0,0,0.496669
0,0,0.51102364
0,0,0.4980287
0,0,0.49441215
0,0,0.50269794
0,0,0.51612943
0,0,0.5097197
0,0,0.50597066
0,0,0.5107886
0,0,0.5121211
0,0,0.49543837
0,0,0.50828624
0,0,0.5060422
0,0,0.51414096
0,0,0.5002108
0,0,0.5152125
0,0,0.5087351
0,0,0.50865793
0,0,0.5042025
0,0,0.4970984
0,0,0.4814037
0,0,0.48870343
0,0,0.49820676
0,0,0.50021875
0,0,0.5031828
0,0,0.51340836
0,0,0.4830147
0,0,0.49138406
0,0,0.48530018
0,0,0.475719
0,0,0.47653013
0,0,0.49174795
0,0,0.50868857
0,0,0.501108
0,0,0.5150103
0,0,0.5277379
0,0,0.53587306
0,0,0.5316955
0,0,0.5352346
0,0,0.5339689
0,0,0.5209798
0,0,0.51136774
0,0,0.5041956
0,0,0.49824485
0,0,0.49182191
0,0,0.49002606
0,0,0.4909976
0,0,0.47799084
0,0,0.47693726
0,0,0.471247
0,0,0.46669316
0,0,0.47412977
0,0,0.49097532
0,0,0.4825766
0,0,0.49008566
0,0,0.5071994
0,0,0.5036961
0,0,0.49906048
0,0,0.5033079
0,0,0.49875197
0,0,0.50420433
0,0,0.51573765
0,0,0.51783806
0,0,0.52477664
0,0,0.51947093
0,0,0.5138616
0,0,0.5207028
0,0,0.5182216
0,0,0.51699126
0,0,0.5065493
0,0,0.5172521
0,0,0.5111252
0,0,0.48641533
0,0,0.49419674
0,0,0.49426427
0,0,0.49503174
0,0,0.50719976
0,0,0.5040552
0,0,0.51805925
0,0,0.5155585
0,0,0.5165764
0,0,0.516065
0,0,0.50933194
0,0,0.5196079
0,0,0.49697566
0,0,0.50604147
0,0,0.49354333
0,0,0.4944499
0,0,0.5019398
0,0,0.5063757
0,0,0.5112453
0,0,0.49935877
0,0,0.5079453
0,0,0.49248642
0,0,0.4877617
0,0,0.48943874
0,0,0.5108416
0,0,0.508107
0,0,0.5139165
0,0,0.5303609
0,0,0.54298985
0,0,0.53862435
0,0,0.5232875
0,0,0.53446466
0,0,0.5207155
0,0,0.5078086
0,0,0.5015251
0,0,0.49215963
0,0,0.48947677
0,0,0.4805553
0,0,0.4844237
0,0,0.4944455
0,0,0.49820533
0,0,0.506766
0,0,0.5181983
0,0,0.5201455
0,0,0.518867
0,0,0.5030644
0,0,0.48701572
0,0,0.49704862
0,0,0.49992186
0,0,0.49128386
0,0,0.50386304
0,0,0.51150453
0,0,0.5190979
0,0,0.52631366
0,0,0.5318023
0,0,0.52788776
0,0,0.5273544
0,0,0.54010385
0,0,0.52215946
0,0,0.5183969
0,0,0.50303423
0,0,0.49699467
0,0,0.4921581
0,0,0.5039309
0,0,0.50393057
0,0,0.5009256
0,0,0.50668305
0,0,0.5153506
0,0,0.52886784
0,0,0.5423839
0,0,0.55105126
0,0,0.5441026
0,0,0.535626
0,0,0.52147245
0,0,0.5236591
0,0,0.52404755
0,0,0.52022386
0,0,0.50366265
0,0,0.50818425
0,0,0.50523454
0,0,0.5002561
0,0,0.4954103
0,0,0.49543136
0,0,0.51105505
0,0,0.49313784
0,0,0.49969178
0,0,0.49135643
0,0,0.48418552
0,0,0.48504597
0,0,0.5003886
0,0,0.50260407
0,0,0.516115
0,0,0.5150133
0,0,0.5151442
0,0,0.50484115
0,0,0.49837163
0,0,0.5030059
0,0,0.50836474
0,0,0.49797073
0,0,0.5199153
0,0,0.5098634
0,0,0.5124731
0,0,0.51838696
0,0,0.5134434
0,0,0.5194161
0,0,0.49887457
0,0,0.49283895
0,0,0.4845721
0,0,0.4817712
0,0,0.4643267
0,0,0.47361407
0,0,0.4621462
0,0,0.45255873
0,0,0.4694771
0,0,0.48027742
0,0,0.49112618
0,0,0.49368054
0,0,0.5065891
0,0,0.51029223
0,0,0.52007
0,0,0.5215197
0,0,0.5213354
0,0,0.5089043
0,0,0.51169634
0,0,0.5037958
0,0,0.5096723
0,0,0.516903
0,0,0.53097904
0,0,0.50864196
0,0,0.4984649
0,0,0.4781455
0,0,0.46369448
0,0,0.46076092
0,0,0.45922863
0,0,0.4727892
0,0,0.48093617
0,0,0.4718274
0,0,0.48370647
0,0,0.4995931
0,0,0.49013886
0,0,0.49548334
0,0,0.49575704
0,0,0.49750423
0,0,0.504951
0,0,0.51252174
0,0,0.5001013
0,0,0.49324548
0,0,0.515512
0,0,0.5184973
0,0,0.49596623
0,0,0.50695276
0,0,0.50541383
0,0,0.51239854
0,0,0.5064655
0,0,0.50392705
0,0,0.5153779
0,0,0.52533054
0,0,0.527834
0,0,0.5133958
0,0,0.52065116
0,0,0.5189389
0,0,0.52311724
0,0,0.5261481
0,0,0.5049204
0,0,0.49821633
0,0,0.48865378
0,0,0.47294232
0,0,0.47898194
0,0,0.4819941
0,0,0.48066577
0,0,0.48239994
0,0,0.49724615
0,0,0.48723736
0,0,0.4895859
0,0,0.51269054
0,0,0.5140129
0,0,0.50790095
0,0,0.51582474
0,0,0.51668245
0,0,0.5279996
0,0,0.520314
0,0,0.52911526
0,0,0.5363899
0,0,0.5252775
0,0,0.53039443
0,0,0.5401809
0,0,0.53586364
0,0,0.51619714
0,0,0.5067372
0,0,0.50585264
0,0,0.48927116
0,0,0.4879993
0,0,0.5073479
0,0,0.5041259
0,0,0.49421874
0,0,0.5032327
0,0,0.5104517
0,0,0.50532734
0,0,0.5139971
0,0,0.52112234
0,0,0.5226507
0,0,0.51753515
0,0,0.50605947
0,0,0.4961807
0,0,0.5026627
0,0,0.50095284
0,0,0.5146505
0,0,0.5143557
0,0,0.50860965
0,0,0.5027583
0,0,0.4885227
0,0,0.4789598
0,0,0.4725444
0,0,0.47392586
0,0,0.48906624
0,0,0.4822648
0,0,0.48843822
0,0,0.48003528
0,0,0.4909405
0,0,0.4718203
0,0,0.4777979
0,0,0.48895034
0,0,0.49859786
0,0,0.50319964
0,0,0.5154018
0,0,0.51282704
0,0,0.52466637
0,0,0.52476305
0,0,0.51878464
0,0,0.5030613
0,0,0.51952
0,0,0.5163229
0,0,0.50461185
0,0,0.5118038
0,0,0.49903905
0,0,0.48915157
0,0,0.47272605
0,0,0.48252675
0,0,0.467592
0,0,0.47988403
0,0,0.495728
0,0,0.5040954
0,0,0.4950638
0,0,0.5054472
0,0,0.50818783
0,0,0.504355
0,0,0.51031643
0,0,0.51341426
0,0,0.5093125
0,0,0.51495034
0,0,0.5203455
0,0,0.5173737
0,0,0.5054565
0,0,0.49358875
0,0,0.49904886
0,0,0.5097439
0,0,0.5178306
0,0,0.5019724
0,0,0.5161891
0,0,0.5234358
0,0,0.5084395
0,0,0.50535953
0,0,0.5140742
0,0,0.5242602
0,0,0.5152875
0,0,0.502809
0,0,0.49937582
0,0,0.5205865
0,0,0.5055207
0,0,0.5094666
0,0,0.51968986
0,0,0.5244884
0,0,0.5195321
0,0,0.52593565
0,0,0.52201325
0,0,0.5159959
0,0,0.51961344
0,0,0.5188351
0,0,0.5081801
0,0,0.5112739
0,0,0.5081634
0,0,0.49125832
0,0,0.49713087
0,0,0.50370383
0,0,0.50766516
0,0,0.5172469
0,0,0.52410835
0,0,0.52653813
0,0,0.5272637
0,0,0.5262826
0,0,0.50943094
0,0,0.5150078
0,0,0.512461
0,0,0.5146882
0,0,0.50832313
0,0,0.5126346
0,0,0.52111423
0,0,0.52244663
0,0,0.5155601
0,0,0.50138235
0,0,0.5111426
0,0,0.4996275
0,0,0.49436823
0,0,0.48651993
0,0,0.4839095
0,0,0.48325834
0,0,0.49146122
0,0,0.4798569
0,0,0.4925319
0,0,0.50726813
0,0,0.48983267
0,0,0.520584
0,0,0.5082157
0,0,0.5201431
0,0,0.5108706
0,0,0.50293976
0,0,0.50259084
0,0,0.5100314
0,0,0.5165292
0,0,0.5246094
0,0,0.5213709
0,0,0.5268806
0,0,0.53620213
0,0,0.52943516
0,0,0.5264302
0,0,0.52188146
0,0,0.5197319
0,0,0.51895225
0,0,0.5151014
0,0,0.51518625
0,0,0.51012677
0,0,0.5075083
0,0,0.52484035
0,0,0.52627903
0,0,0.5336054
0,0,0.53738225
0,0,0.5380494
0,0,0.5325955
0,0,0.52035695
0,0,0.51842165
0,0,0.5235073
0,0,0.5226616
0,0,0.51325613
0,0,0.52297676
0,0,0.51931775
0,0,0.50454724
0,0,0.5148064
0,0,0.51448464
0,0,0.5143177
0,0,0.50833523
0,0,0.5230204
0,0,0.52505976
0,0,0.52442455
0,0,0.52329594
0,0,0.52704275
0,0,0.52045655
0,0,0.51524407
0,0,0.5084346
0,0,0.50534296
0,0,0.5019827
0,0,0.48668772
0,0,0.47983155
0,0,0.49130073
0,0,0.50254226
0,0,0.49002984
0,0,0.49460912
0,0,0.515587
0,0,0.50434357
0,0,0.49527317
0,0,0.48292655
0,0,0.4872298
0,0,0.47825631
0,0,0.49304503
0,0,0.4978259
0,0,0.5086839
0,0,0.5113367
0,0,0.51831454
0,0,0.5093212
0,0,0.50908595
0,0,0.5039306
0,0,0.51186395
0,0,0.52752143
0,0,0.51086146
0,0,0.5267689
0,0,0.5062519
0,0,0.49550486
0,0,0.489665
0,0,0.49730864
0,0,0.47682562
0,0,0.48422593
0,0,0.49065036
0,0,0.49438757
0,0,0.4939294
0,0,0.4912846
0,0,0.49192372
0,0,0.50317436
0,0,0.4996186
0,0,0.5170028
0,0,0.51418144
0,0,0.51875407
0,0,0.5198457
0,0,0.5186489
0,0,0.51738864
0,0,0.513445
0,0,0.49955064
0,0,0.4870987
0,0,0.498977
0,0,0.49603662
0,0,0.49248838
0,0,0.49662146
0,0,0.50606334
0,0,0.49130735
0,0,0.4697775
0,0,0.49285784
0,0,0.46307668
0,0,0.46508253
0,0,0.47365713
0,0,0.47725478
0,0,0.48728707
0,0,0.50578547
0,0,0.5311094
0,0,0.5368815
0,0,0.5227319
0,0,0.5204949
0,0,0.51247317
0,0,0.5169475
0,0,0.5087848
0,0,0.50945365
0,0,0.5130224
0,0,0.51457936
0,0,0.51209
0,0,0.50184727
0,0,0.5009589
0,0,0.5126491
0,0,0.5072303
0,0,0.5096247
0,0,0.51628256
0,0,0.50408274
0,0,0.5029484
0,0,0.4969253
0,0,0.5199174
0,0,0.50811136
0,0,0.50147986
0,0,0.48929268
0,0,0.4813388
0,0,0.48613504
0,0,0.47423768
0,0,0.49416924
0,0,0.50109595
0,0,0.52493244
0,0,0.5342511
0,0,0.5311925
0,0,0.5293493
0,0,0.5271904
0,0,0.50998336
0,0,0.51781136
0,0,0.51286626
0,0,0.5061959
0,0,0.50515765
0,0,0.5051189
0,0,0.4929902
0,0,0.49581262
0,0,0.49285796
0,0,0.5034316
0,0,0.49713668
0,0,0.5092762
0,0,0.4861773
0,0,0.5072461
0,0,0.49994743
0,0,0.50006235
0,0,0.5028218
0,0,0.51377743
0,0,0.4991063
0,0,0.50630987
0,0,0.50007296
0,0,0.51379806
0,0,0.5110941
0,0,0.4877274
0,0,0.51861495
0,0,0.5124138
0,0,0.5148104
0,0,0.5134757
0,0,0.5205466
0,0,0.5207176
0,0,0.52212524
0,0,0.5342168
0,0,0.52986026
0,0,0.5267084
0,0,0.52519476
0,0,0.52750444
0,0,0.5179977
0,0,0.5156398
0,0,0.5095106
0,0,0.50928956
0,0,0.5150348
0,0,0.49358886
0,0,0.5039276
0,0,0.5063316
0,0,0.50016403
0,0,0.4950245
0,0,0.508493
0,0,0.50229144
0,0,0.5059969
0,0,0.5446168
0,0,0.52993524
0,0,0.5248666
0,0,0.5263456
0,0,0.52213097
0,0,0.52099454
0,0,0.51798314
0,0,0.51555014
0,0,0.52189845
0,0,0.53802943
0,0,0.5343421
0,0,0.52401245
0,0,0.52231646
0,0,0.5233414
0,0,0.50441206
0,0,0.51524085
0,0,0.5062075
0,0,0.5241375
0,0,0.52450776
0,0,0.52454126
0,0,0.5225642
0,0,0.5140572
0,0,0.5177942
0,0,0.51629454
0,0,0.5146593
0,0,0.51019853
0,0,0.5230244
0,0,0.5374006
0,0,0.53865314
0,0,0.52324075
0,0,0.519008
0,0,0.52472395
0,0,0.51828015
0,0,0.50866306
0,0,0.51059425
0,0,0.48972097
0,0,0.5002026
0,0,0.47479567
0,0,0.47858405
0,0,0.47617498
0,0,0.48648608
0,0,0.4770166
0,0,0.50103056
0,0,0.49193722
0,0,0.48653015
0,0,0.4908426
0,0,0.49405766
0,0,0.48376566
0,0,0.4902457
0,0,0.49407542
0,0,0.50459594
0,0,0.5014233
0,0,0.50337183
0,0,0.5140966
0,0,0.49355564
0,0,0.48517737
0,0,0.47919092
0,0,0.48237127
0,0,0.47266
0,0,0.4804128
0,0,0.4859346
0,0,0.48639396
0,0,0.46727526
0,0,0.4688888
0,0,0.4590005
0,0,0.4681285
0,0,0.48998055
0,0,0.48681653
0,0,0.48358473
0,0,0.48721042
0,0,0.48090452
0,0,0.48374787
0,0,0.48790506
0,0,0.4767438
0,0,0.47246742
0,0,0.47686574
0,0,0.4773741
0,0,0.4871654
0,0,0.5186682
0,0,0.518825
0,0,0.5097075
0,0,0.5077837
0,0,0.50478584
0,0,0.49148563
0,0,0.50052506
0,0,0.4986863
0,0,0.511311
0,0,0.5190477
0,0,0.5252874
0,0,0.51161003
0,0,0.52180284
0,0,0.516583
0,0,0.5196855
0,0,0.5221986
0,0,0.5230383
0,0,0.51725066
0,0,0.52502084
0,0,0.52707607
0,0,0.5199546
0,0,0.51494
0,0,0.5118437
0,0,0.52564925
0,0,0.52137524
0,0,0.5220382
0,0,0.5108602
0,0,0.51054806
0,0,0.5082623
0,0,0.5124061
0,0,0.49838448
0,0,0.5055873
0,0,0.50096637
0,0,0.5183948
0,0,0.50903296
0,0,0.5218336
0,0,0.5216428
0,0,0.5292879
0,0,0.50867254
0,0,0.4970968
0,0,0.51147616
0,0,0.51115423
0,0,0.5047949
0,0,0.5057691
0,0,0.5180053
0,0,0.5129346
0,0,0.5201081
0,0,0.50900203
0,0,0.50522375
0,0,0.50317585
0,0,0.5027836
0,0,0.4963343
0,0,0.51012474
0,0,0.5090036
0,0,0.51220083
0,0,0.5213733
0,0,0.5077531
0,0,0.5028511
0,0,0.5044296
0,0,0.49950755
0,0,0.5032095
0,0,0.51827943
0,0,0.52026117
0,0,0.531771
0,0,0.5291258
0,0,0.5256384
0,0,0.4964571
0,0,0.5034047
0,0,0.516778
0,0,0.51058114
0,0,0.5006402
0,0,0.52091235
0,0,0.5256902
0,0,0.51719785
0,0,0.50421476
0,0,0.50830835
0,0,0.5161659
0,0,0.51932824
0,0,0.51393163
0,0,0.511299
0,0,0.50386
0,0,0.5090754
0,0,0.4903009
0,0,0.48851746
0,0,0.4852263
0,0,0.49175215
0,0,0.49532515
0,0,0.52888006
0,0,0.5314787
0,0,0.5232585
0,0,0.53161806
0,0,0.53228664
0,0,0.5389736
0,0,0.5338376
0,0,0.5371876
0,0,0.5392916
0,0,0.5262728
0,0,0.5311251
0,0,0.51945806
0,0,0.5327307
0,0,0.5272072
0,0,0.5283749
0,0,0.5218103
0,0,0.5248107
0,0,0.51885784
0,0,0.50241166
0,0,0.5129121
0,0,0.5061302
0,0,0.5246735
0,0,0.5245114
0,0,0.52682203
0,0,0.5183285
0,0,0.50834686
0,0,0.5147192
0,0,0.5201641
0,0,0.526189
0,0,0.5319575
0,0,0.5261648
0,0,0.52010846
0,0,0.5201554
0,0,0.50545686
0,0,0.49968916
0,0,0.4888354
0,0,0.49693862
0,0,0.49143577
0,0,0.47645333
0,0,0.47098735
0,0,0.47420937
0,0,0.4799603
0,0,0.47046188
0,0,0.46984747
0,0,0.4673595
0,0,0.47275817
0,0,0.4694079
0,0,0.4722381
0,0,0.49083352
0,0,0.49066183
0,0,0.48729846
0,0,0.512091
0,0,0.5222427
0,0,0.5164671
0,0,0.51560456
0,0,0.5157447
0,0,0.5196135
0,0,0.5064849
0,0,0.4857064
0,0,0.48700345
0,0,0.48457748
0,0,0.48438454
0,0,0.47985566
0,0,0.49572507
0,0,0.47944644
0,0,0.4931811
0,0,0.496506
0,0,0.4898028
0,0,0.50458413
0,0,0.5055678
0,0,0.50089103
0,0,0.50386214
0,0,0.5088815
0,0,0.5066236
0,0,0.5132362
0,0,0.526615
0,0,0.5115999
0,0,0.5114655
0,0,0.5083309
0,0,0.5178018
0,0,0.53423023
0,0,0.52658737
0,0,0.5206634
0,0,0.51853544
0,0,0.5250263
0,0,0.5196592
0,0,0.5215405
0,0,0.5161397
0,0,0.5150072
0,0,0.52079725
0,0,0.52196556
0,0,0.5257265
0,0,0.5101238
0,0,0.5143464
0,0,0.51354
0,0,0.53529286
0,0,0.51806384
0,0,0.52750206
0,0,0.52205044
0,0,0.53639215
0,0,0.5246693
0,0,0.52347064
0,0,0.51241153
0,0,0.5163195
0,0,0.51492643
0,0,0.50854874
0,0,0.48798656
0,0,0.5044424
0,0,0.50879407
0,0,0.51770014
0,0,0.51312065
0,0,0.5227496
0,0,0.51674896
0,0,0.51294583
0,0,0.50763386
0,0,0.51350164
0,0,0.51160926
0,0,0.5096863
0,0,0.5145017
0,0,0.5184036
0,0,0.50431544
0,0,0.5076644
0,0,0.50402653
0,0,0.510352
0,0,0.51277757
0,0,0.5201161
0,0,0.5254482
0,0,0.51625866
0,0,0.52738917
0,0,0.5370915
0,0,0.51933
0,0,0.5028443
0,0,0.50535446
0,0,0.5063589
0,0,0.4801692
0,0,0.5025778
0,0,0.5000698
0,0,0.49836043
0,0,0.50890744
0,0,0.5098299
0,0,0.49758983
0,0,0.49659467
0,0,0.5145691
0,0,0.49210483
0,0,0.50892323
0,0,0.5019874
0,0,0.5096039
0,0,0.5036227
0,0,0.51318705
0,0,0.5085883
0,0,0.48937148
0,0,0.48904508
0,0,0.51767623
0,0,0.5155101
0,0,0.50750875
0,0,0.5049826
0,0,0.5153909
0,0,0.50021803
0,0,0.5005814
0,0,0.49480435
0,0,0.49250233
0,0,0.48853055
0,0,0.4751571
0,0,0.4728078
0,0,0.48481244
0,0,0.48032308
0,0,0.49121636
0,0,0.5078104
0,0,0.5062477
0,0,0.4953752
0,0,0.5108499
0,0,0.49549428
0,0,0.49794132
0,0,0.49849334
0,0,0.5243157
0,0,0.52327216
0,0,0.5135203
0,0,0.52548647
0,0,0.5383081
0,0,0.5280325
0,0,0.5252217
0,0,0.53084934
0,0,0.5165425
0,0,0.50929725
0,0,0.5169154
0,0,0.51435655
0,0,0.5198759
0,0,0.5116477
0,0,0.503875
0,0,0.515021
0,0,0.5247083
0,0,0.5292458
0,0,0.52829593
0,0,0.5167315
0,0,0.52198005
0,0,0.51710784
0,0,0.5059645
0,0,0.5045264
0,0,0.50769335
0,0,0.51116437
0,0,0.51435536
0,0,0.52027017
0,0,0.5058949
0,0,0.5102021
0,0,0.51782995
0,0,0.50484955
0,0,0.5061484
0,0,0.4798841
0,0,0.46853116
0,0,0.46102226
0,0,0.4756698
0,0,0.4719555
0,0,0.49457353
0,0,0.510108
0,0,0.5211195
0,0,0.5173894
0,0,0.51241475
0,0,0.5212825
0,0,0.5127026
0,0,0.50166357
0,0,0.5013472
0,0,0.5005816
0,0,0.50065875
0,0,0.49789035
0,0,0.5055929
0,0,0.49764946
0,0,0.49219388
0,0,0.49438128
0,0,0.49105734
0,0,0.49387053
0,0,0.50461
0,0,0.5004745
0,0,0.5013694
0,0,0.49559036
0,0,0.505038
0,0,0.49430436
0,0,0.49293974
0,0,0.506941
0,0,0.5115641
0,0,0.5159894
0,0,0.51863164
0,0,0.5272381
0,0,0.5129772
0,0,0.5161425
0,0,0.5053365
0,0,0.5004438
0,0,0.49367386
0,0,0.49791566
0,0,0.50035113
0,0,0.49978772
0,0,0.5062354
0,0,0.5217745
0,0,0.50421774
0,0,0.50266105
0,0,0.5136277
0,0,0.5168111
0,0,0.5096951
0,0,0.5067587
0,0,0.50740474
0,0,0.5116509
0,0,0.4993282
0,0,0.5005431
0,0,0.4898186
0,0,0.48055178
0,0,0.48223194
0,0,0.4952375
0,0,0.48654908
0,0,0.5151497
0,0,0.5058294
0,0,0.5071536
0,0,0.51808727
0,0,0.5258274
0,0,0.5150398
0,0,0.5080102
0,0,0.50979173
0,0,0.5033171
0,0,0.51088035
0,0,0.50787467
0,0,0.50199
0,0,0.49689728
0,0,0.51265424
0,0,0.497178
0,0,0.495563
0,0,0.49563462
0,0,0.4969274
0,0,0.519103
0,0,0.5327489
0,0,0.5321139
0,0,0.5249422
0,0,0.53050554
0,0,0.52602327
0,0,0.51944983
0,0,0.5052444
0,0,0.5148163
0,0,0.51851034
0,0,0.5139979
0,0,0.5188531
0,0,0.51423264
0,0,0.52959704
0,0,0.52845573
0,0,0.5338177
0,0,0.54137045
0,0,0.5427809
0,0,0.5450979
0,0,0.52222604
0,0,0.53326416
0,0,0.5258304
0,0,0.5232281
0,0,0.50602007
0,0,0.5208863
0,0,0.50947505
0,0,0.5015135
0,0,0.49013147
0,0,0.48352453
0,0,0.4898515
0,0,0.48594123
0,0,0.5075368
0,0,0.51421726
0,0,0.5136316
0,0,0.5213081
0,0,0.53757435
0,0,0.5337508
0,0,0.5325788
0,0,0.5222936
0,0,0.5221262
0,0,0.5249748
0,0,0.5182009
0,0,0.5085912
0,0,0.5152624
0,0,0.5181199
0,0,0.5348838
0,0,0.52098763
0,0,0.5251754
0,0,0.5103586
0,0,0.514401
0,0,0.5120953
0,0,0.5046633
0,0,0.48696268
0,0,0.48159364
0,0,0.48404974
0,0,0.48364976
0,0,0.47723204
0,0,0.4944735
0,0,0.48575574
0,0,0.49392116
0,0,0.48330906
0,0,0.47242558
0,0,0.46617192
0,0,0.48831198
0,0,0.48198995
0,0,0.48514044
0,0,0.49025065
0,0,0.49999434
0,0,0.4956325
0,0,0.4980403
0,0,0.5049992
0,0,0.51902515
0,0,0.51899105
0,0,0.528951
0,0,0.50234574
0,0,0.5096646
0,0,0.5057117
0,0,0.5099358
0,0,0.49174246
0,0,0.5121956
0,0,0.51362485
0,0,0.5043988
0,0,0.50909233
0,0,0.4920485
0,0,0.49593198
0,0,0.5031573
0,0,0.5082723
0,0,0.51866645
0,0,0.51656145
0,0,0.5169885
0,0,0.51799726
0,0,0.52575153
0,0,0.51093936
0,0,0.5134812
0,0,0.4983171
0,0,0.5111923
0,0,0.51040596
0,0,0.5036708
0,0,0.50805026
0,0,0.5255577
0,0,0.51490855
0,0,0.51323736
0,0,0.521945
0,0,0.5126571
0,0,0.5056534
0,0,0.51231605
0,0,0.5101084
0,0,0.5084385
0,0,0.52775896
0,0,0.5195134
0,0,0.5209434
0,0,0.5002848
0,0,0.48375255
0,0,0.47142658
0,0,0.4727299
0,0,0.46437153
0,0,0.47091284
0,0,0.4777284
0,0,0.49573883
0,0,0.51212746
0,0,0.515464
0,0,0.5201884
0,0,0.5143014
0,0,0.5275532
0,0,0.5244018
0,0,0.5232328
0,0,0.5275561
0,0,0.5077533
0,0,0.5098987
0,0,0.49371564
0,0,0.4836757
0,0,0.46746212
0,0,0.4771438
0,0,0.47503743
0,0,0.49187768
0,0,0.5084981
0,0,0.50492644
0,0,0.4952513
0,0,0.49740523
0,0,0.48226255
0,0,0.47430268
0,0,0.47458968
0,0,0.4985431
0,0,0.4997261
0,0,0.50040144
0,0,0.48505533
0,0,0.5021197
0,0,0.48138204
0,0,0.4950647
0,0,0.499013
0,0,0.49483317
0,0,0.50063175
0,0,0.5054667
0,0,0.50104976
0,0,0.4900395
0,0,0.48395818
0,0,0.4895402
0,0,0.4988023
0,0,0.51259035
0,0,0.49847978
0,0,0.5086813
0,0,0.48830926
0,0,0.4885165
0,0,0.48399255
0,0,0.4787779
0,0,0.489681
0,0,0.50694054
0,0,0.51231444
0,0,0.50753623
0,0,0.49860618
0,0,0.48687485
0,0,0.4710472
0,0,0.47318733
0,0,0.4694577
0,0,0.4820742
0,0,0.48842832
0,0,0.4880501
0,0,0.49599084
0,0,0.49126384
0,0,0.49513265
0,0,0.50806254
0,0,0.5140495
0,0,0.5206229
0,0,0.52212965
0,0,0.5262697
0,0,0.51124406
0,0,0.50385535
0,0,0.50234073
0,0,0.49844226
0,0,0.49147332
0,0,0.4988044
0,0,0.49388227
0,0,0.5028184
0,0,0.5093138
0,0,0.50340784
0,0,0.506542
0,0,0.521477
0,0,0.5172986
0,0,0.4891628
0,0,0.4918155
0,0,0.51592875
0,0,0.50366366
0,0,0.49784166
0,0,0.50302577
0,0,0.5092673
0,0,0.5090124
0,0,0.51258487
0,0,0.49674252
0,0,0.50485295
0,0,0.50809956
0,0,0.5148732
0,0,0.5012411
0,0,0.5091455
0,0,0.51500845
0,0,0.5161941
0,0,0.5163762
0,0,0.52446437
0,0,0.5334744
0,0,0.53813666
0,0,0.51948124
0,0,0.52428645
0,0,0.51726943
0,0,0.5172738
0,0,0.5313064
0,0,0.5191191
0,0,0.52105355
0,0,0.51341575
0,0,0.5082405
0,0,0.52684975
0,0,0.5194891
0,0,0.52258736
0,0,0.51826876
0,0,0.51072216
0,0,0.5072109
0,0,0.5095197
0,0,0.50004345
0,0,0.5027525
0,0,0.5104684
0,0,0.52116525
0,0,0.5137571
0,0,0.5025577
0,0,0.49891126
0,0,0.48594815
0,0,0.49549058
0,0,0.50211465
0,0,0.51161057
0,0,0.5079826
0,0,0.5081941
0,0,0.5073623
0,0,0.48873076
0,0,0.49160406
0,0,0.47665358
0,0,0.47959343
0,0,0.47189248
0,0,0.485397
0,0,0.49686232
0,0,0.5005183
0,0,0.5004771
0,0,0.5111537
0,0,0.51063365
0,0,0.49206477
0,0,0.47532845
0,0,0.4757338
0,0,0.48515335
0,0,0.48124838
0,0,0.4862416
0,0,0.516194
0,0,0.5211315
0,0,0.5128943
0,0,0.52651024
0,0,0.5205579
0,0,0.5046622
0,0,0.49933925
0,0,0.49480808
0,0,0.5017503
0,0,0.48725316
0,0,0.49635348
0,0,0.50149393
0,0,0.50488245
0,0,0.5008486
0,0,0.5087602
0,0,0.510784
0,0,0.51070875
0,0,0.5059853
0,0,0.4987761
0,0,0.4997025
0,0,0.49109364
0,0,0.49636075
0,0,0.4915627
0,0,0.49672332
0,0,0.5002176
0,0,0.5135057
0,0,0.52823836
0,0,0.5183123
0,0,0.51342875
0,0,0.52885664
0,0,0.5273402
0,0,0.5184352
0,0,0.5136466
0,0,0.49241
0,0,0.48322555
0,0,0.4912369
0,0,0.48174444
0,0,0.46829167
0,0,0.46843883
0,0,0.46446493
0,0,0.4641542
0,0,0.4695986
0,0,0.4926213
0,0,0.5101595
0,0,0.5119937
0,0,0.5167172
0,0,0.50495094
0,0,0.4993301
0,0,0.499618
0,0,0.5035244
0,0,0.4995266
0,0,0.5117461
0,0,0.52316517
0,0,0.50322515
0,0,0.50842065
0,0,0.48830557
0,0,0.48887232
0,0,0.476129
0,0,0.4709338
0,0,0.4768682
0,0,0.46611902
0,0,0.49409437
0,0,0.50385845
0,0,0.5078284
0,0,0.49385133
0,0,0.5157329
0,0,0.51789993
0,0,0.51390344
0,0,0.52811074
0,0,0.5275161
0,0,0.530713
0,0,0.5386008
0,0,0.5262682
0,0,0.52628976
0,0,0.5151133
0,0,0.51677525
0,0,0.5121286
0,0,0.5010939
0,0,0.502782
0,0,0.49179983
0,0,0.49217945
0,0,0.48862076
0,0,0.4986115
0,0,0.49332368
0,0,0.51541394
0,0,0.507987
0,0,0.502776
0,0,0.5017513
0,0,0.49898848
0,0,0.5011673
0,0,0.5133239
0,0,0.5104148
0,0,0.51546437
0,0,0.51496696
0,0,0.5248233
0,0,0.5251586
0,0,0.5299208
0,0,0.5219349
0,0,0.52058476
0,0,0.5079277
0,0,0.5135717
0,0,0.5253399
0,0,0.51077425
0,0,0.505504
0,0,0.5140558
0,0,0.5127691
0,0,0.5258683
0,0,0.5229236
0,0,0.52323174
0,0,0.5203505
0,0,0.52564454
0,0,0.5164058
0,0,0.4981851
0,0,0.48881677
0,0,0.4944104
0,0,0.48037302
0,0,0.48618975
0,0,0.4867102
0,0,0.4731069
0,0,0.4949117
0,0,0.5001616
0,0,0.50130874
0,0,0.4975229
0,0,0.48529857
0,0,0.47574964
0,0,0.46655026
0,0,0.47904375
0,0,0.4964788
0,0,0.48847157
0,0,0.49562174
0,0,0.4995604
0,0,0.49189296
0,0,0.4965216
0,0,0.4979778
0,0,0.48005423
0,0,0.504599
0,0,0.5126974
0,0,0.51679635
0,0,0.5196938
0,0,0.5365588
0,0,0.5388714
0,0,0.5343675
0,0,0.5286371
0,0,0.51190287
0,0,0.511912
0,0,0.48933303
0,0,0.48968
0,0,0.47859335
0,0,0.48190427
0,0,0.48350334
0,0,0.50323373
0,0,0.5008412
0,0,0.5110685
0,0,0.506729
0,0,0.51097137
0,0,0.5059316
0,0,0.49680075
0,0,0.5028579
0,0,0.5002081
0,0,0.51150286
0,0,0.51450723
0,0,0.50409305
0,0,0.51519746
0,0,0.51430845
0,0,0.5132707
0,0,0.48992833
0,0,0.49591696
0,0,0.48554733
0,0,0.49127725
0,0,0.48509747
0,0,0.48243162
0,0,0.48722142
0,0,0.49103406
0,0,0.4730934
0,0,0.49131322
0,0,0.50246143
0,0,0.49562314
0,0,0.4868695
0,0,0.49281418
0,0,0.4874099
0,0,0.48821253
0,0,0.49183092
0,0,0.4951521
0,0,0.509375
0,0,0.5020786
0,0,0.50512475
0,0,0.51303065
0,0,0.5149021
0,0,0.49819183
0,0,0.5102107
0,0,0.50873756
0,0,0.5102271
0,0,0.5211291
0,0,0.5107375
0,0,0.5172009
0,0,0.50247496
0,0,0.51547337
0,0,0.50499815
0,0,0.5116633
0,0,0.5032938
0,0,0.5027006
0,0,0.51205075
0,0,0.51682496
0,0,0.5113414
0,0,0.5036497
0,0,0.51096416
0,0,0.4991806
0,0,0.49117196
0,0,0.4975692
0,0,0.4938811
0,0,0.48130417
0,0,0.49607134
0,0,0.4826157
0,0,0.48825422
0,0,0.48609498
0,0,0.49626985
0,0,0.48212957
0,0,0.5052721
0,0,0.5048981
0,0,0.50719535
0,0,0.51838374
0,0,0.516693
0,0,0.5140475
0,0,0.5253956
0,0,0.50895214
0,0,0.5209603
0,0,0.5129929
0,0,0.515835
0,0,0.5113093
0,0,0.5359634
0,0,0.5238457
0,0,0.52526563
0,0,0.515684
0,0,0.5051024
0,0,0.5013125
0,0,0.5042241
0,0,0.49244174
0,0,0.49127138
0,0,0.49503538
0,0,0.5015459
0,0,0.50103474
0,0,0.50661063
0,0,0.50508296
0,0,0.51309586
0,0,0.50690573
0,0,0.5148224
0,0,0.51112175
0,0,0.5198848
0,0,0.51393425
0,0,0.5056488
0,0,0.5106736
0,0,0.5227614
0,0,0.5161622
0,0,0.5060093
0,0,0.49801496
0,0,0.5024318
0,0,0.49963716
0,0,0.50530595
0,0,0.49299026
0,0,0.49751675
0,0,0.51813185
0,0,0.5117417
0,0,0.52927244
0,0,0.5069921
0,0,0.51334137
0,0,0.50422776
0,0,0.51554006
0,0,0.5107248
0,0,0.5206207
0,0,0.527184
0,0,0.508899
0,0,0.502603
0,0,0.49746504
0,0,0.50085175
0,0,0.51350516
0,0,0.5074712
0,0,0.50224364
0,0,0.49570784
0,0,0.49159417
0,0,0.48649964
0,0,0.4917145
0,0,0.5052284
0,0,0.5060758
0,0,0.5146511
0,0,0.49748936
0,0,0.49286944
0,0,0.48006704
0,0,0.48498493
0,0,0.48908883
0,0,0.49606764
0,0,0.5118528
0,0,0.5127577
0,0,0.5108279
0,0,0.5187499
0,0,0.519563
0,0,0.51031697
0,0,0.5077356
0,0,0.5203849
0,0,0.5235648
0,0,0.50994235
0,0,0.52041286
0,0,0.523777
0,0,0.5195718
0,0,0.51280886
0,0,0.52274257
0,0,0.5146226
0,0,0.50782627
0,0,0.50258094
0,0,0.5115732
0,0,0.52551407
0,0,0.5184376
0,0,0.51750493
0,0,0.5197904
0,0,0.526912
0,0,0.5128489
0,0,0.5169423
0,0,0.50991774
0,0,0.5168343
0,0,0.52696675
0,0,0.5276105
0,0,0.51381725
0,0,0.5140275
0,0,0.5104266
0,0,0.4989788
0,0,0.50317425
0,0,0.499645
0,0,0.5002811
0,0,0.49576396
0,0,0.5117736
0,0,0.4884356
0,0,0.4838367
0,0,0.49513605
0,0,0.5165275
0,0,0.4978209
0,0,0.5074609
0,0,0.5201055
0,0,0.5162292
0,0,0.5169486
0,0,0.50999415
0,0,0.5088065
0,0,0.50610584
0,0,0.49725857
0,0,0.51584756
0,0,0.5075899
0,0,0.51695395
0,0,0.51045173
0,0,0.5244888
0,0,0.5055615
0,0,0.51498055
0,0,0.5227273
0,0,0.5367757
0,0,0.52041495
0,0,0.52043456
0,0,0.52799284
0,0,0.5218856
0,0,0.52195317
0,0,0.5204962
0,0,0.51678914
0,0,0.51103836
0,0,0.51123923
0,0,0.51822674
0,0,0.5059528
0,0,0.50746816
0,0,0.5099617
0,0,0.51887727
0,0,0.5153671
0,0,0.5044896
0,0,0.49879527
0,0,0.49150977
0,0,0.49983603
0,0,0.479531
0,0,0.49332088
0,0,0.5104155
0,0,0.52189827
0,0,0.5313954
0,0,0.5236624
0,0,0.5148025
0,0,0.5151291
0,0,0.52609617
0,0,0.50633
0,0,0.50672334
0,0,0.513978
0,0,0.5133082
0,0,0.5069741
0,0,0.5125227
0,0,0.50005287
0,0,0.5012693
0,0,0.49999297
0,0,0.49328142
0,0,0.4954121
0,0,0.49780673
0,0,0.51301575
0,0,0.5002301
0,0,0.5080831
0,0,0.5123998
0,0,0.50399894
0,0,0.49127206
0,0,0.5043739
0,0,0.4989846
0,0,0.47963297
0,0,0.49304682
0,0,0.4951049
0,0,0.48661736
0,0,0.47050124
0,0,0.47813714
0,0,0.48197407
0,0,0.5097143
0,0,0.5103659
0,0,0.48916736
0,0,0.49821818
0,0,0.5004542
0,0,0.48974946
0,0,0.4997571
0,0,0.5094714
0,0,0.5068696
0,0,0.5156289
0,0,0.5129447
0,0,0.5146047
0,0,0.523817
0,0,0.5171435
0,0,0.5369491
0,0,0.5260401
0,0,0.51957154
0,0,0.51127744
0,0,0.50957125
0,0,0.50010186
0,0,0.50849
0,0,0.5097672
0,0,0.50636506
0,0,0.5160854
0,0,0.5141128
0,0,0.50965434
0,0,0.51283836
0,0,0.5139026
0,0,0.524367
0,0,0.51988554
0,0,0.52567685
0,0,0.509435
0,0,0.490472
0,0,0.50818944
0,0,0.5053396
0,0,0.50608355
0,0,0.51323545
0,0,0.5078633
0,0,0.5101088
0,0,0.505423
0,0,0.50450915
0,0,0.49383283
0,0,0.48351544
0,0,0.4835419
0,0,0.48078114
0,0,0.47594237
0,0,0.50503814
0,0,0.5134384
0,0,0.51726747
0,0,0.5175829
0,0,0.51882184
0,0,0.50615084
0,0,0.5031034
0,0,0.48161802
0,0,0.48440778
0,0,0.47911128
0,0,0.5017928
0,0,0.52425724
0,0,0.5253511
0,0,0.5179264
0,0,0.51597875
0,0,0.51635236
0,0,0.50621647
0,0,0.50302255
0,0,0.5080091
0,0,0.5120131
0,0,0.517069
0,0,0.5089175
0,0,0.5212279
0,0,0.53302264
0,0,0.5271745
0,0,0.53387475
0,0,0.5273899
0,0,0.5118173
0,0,0.49501306
0,0,0.49408892
0,0,0.48176512
0,0,0.47202197
0,0,0.4807158
0,0,0.49178737
0,0,0.48877928
0,0,0.49357504
0,0,0.50326115
0,0,0.509309
0,0,0.5048242
0,0,0.5173221
0,0,0.5122664
0,0,0.5169394
0,0,0.5248918
0,0,0.50707996
0,0,0.5169969
0,0,0.5206821
0,0,0.5145323
0,0,0.5179828
0,0,0.5293263
0,0,0.50634116
0,0,0.5144784
0,0,0.51063627
0,0,0.51748806
0,0,0.5256076
0,0,0.53232133
0,0,0.5384665
0,0,0.5161117
0,0,0.52684003
0,0,0.5239797
0,0,0.5244576
0,0,0.52042377
0,0,0.5171283
0,0,0.5188066
0,0,0.5123758
0,0,0.49860936
0,0,0.48661262
0,0,0.48231658
0,0,0.48068926
0,0,0.48249862
0,0,0.5149692
0,0,0.506206
0,0,0.5003546
0,0,0.5012502
0,0,0.5064368
0,0,0.5171861
0,0,0.49973205
0,0,0.5015648
0,0,0.4845507
0,0,0.4913036
0,0,0.48350596
0,0,0.49938706
0,0,0.48898113
0,0,0.5031692
0,0,0.49892586
0,0,0.5156623
0,0,0.51616645
0,0,0.5123515
0,0,0.5108438
0,0,0.5164221
0,0,0.5209145
0,0,0.50953
0,0,0.5180587
0,0,0.50649524
0,0,0.49396393
0,0,0.49090856
0,0,0.49078465
0,0,0.48254624
0,0,0.4835704
0,0,0.48892668
0,0,0.48613334
0,0,0.48901093
0,0,0.4929665
0,0,0.5038799
0,0,0.5011054
0,0,0.489091
0,0,0.49425206
0,0,0.523239
0,0,0.525792
0,0,0.5178317
0,0,0.5270402
0,0,0.5197103
0,0,0.5066518
0,0,0.50264865
0,0,0.5021818
0,0,0.49503016
0,0,0.50029355
0,0,0.51659155
0,0,0.5081939
0,0,0.5032476
0,0,0.505004
0,0,0.48441234
0,0,0.47634393
0,0,0.47086698
0,0,0.49595168
0,0,0.4739574
0,0,0.4842777
0,0,0.47457856
0,0,0.4926801
0,0,0.4827259
0,0,0.49972358
0,0,0.5165635
0,0,0.52198666
0,0,0.5195308
0,0,0.5176811
0,0,0.511362
0,0,0.50655013
0,0,0.49857992
0,0,0.49643326
0,0,0.49544305
0,0,0.49466208
0,0,0.48130313
0,0,0.5002962
0,0,0.49962336
0,0,0.49578062
0,0,0.5074686
0,0,0.5131211
0,0,0.51243
0,0,0.50583935
0,0,0.48993698
0,0,0.48803028
0,0,0.4745188
0,0,0.49700573
0,0,0.48978326
0,0,0.47816968
0,0,0.49668556
0,0,0.47568867
0,0,0.47712296
0,0,0.47844043
0,0,0.47826633
0,0,0.47812894
0,0,0.4941519
0,0,0.48192355
0,0,0.48983085
0,0,0.49739307
0,0,0.48781857
0,0,0.47620738
0,0,0.4873802
0,0,0.49551412
0,0,0.47241175
0,0,0.47186562
0,0,0.48916012
0,0,0.48188245
0,0,0.49118945
0,0,0.50090575
0,0,0.49064484
0,0,0.4983912
0,0,0.50737035
0,0,0.5193937
0,0,0.5159882
0,0,0.4994153
0,0,0.50022674
0,0,0.504783
0,0,0.5009363
0,0,0.49249324
0,0,0.49144855
0,0,0.49595097
0,0,0.49627072
0,0,0.49292052
0,0,0.5007463
0,0,0.50730413
0,0,0.50964695
0,0,0.49131972
0,0,0.4927822
0,0,0.5093391
0,0,0.49469206
0,0,0.49272832
0,0,0.5010052
0,0,0.5035936
0,0,0.47903728
0,0,0.48283398
0,0,0.48128003
0,0,0.49359235
0,0,0.5046965
0,0,0.50115573
0,0,0.49051046
0,0,0.4960167
0,0,0.4941111
0,0,0.47945467
0,0,0.49060926
0,0,0.49675262
0,0,0.5036819
0,0,0.50045735
0,0,0.48623636
0,0,0.495158
0,0,0.48012173
0,0,0.48257512
0,0,0.4872417
0,0,0.4891749
0,0,0.50002223
0,0,0.50685173
0,0,0.51364464
0,0,0.5234182
0,0,0.52958626
0,0,0.5262249
0,0,0.527365
0,0,0.5009747
0,0,0.4882913
0,0,0.48215216
0,0,0.4800894
0,0,0.47179025
0,0,0.47799343
0,0,0.47322255
0,0,0.47446024
0,0,0.4712431
0,0,0.47352794
0,0,0.46927145
0,0,0.47741503
0,0,0.4944026
0,0,0.51612175
0,0,0.5167676
0,0,0.5166213
0,0,0.5105996
0,0,0.5313058
0,0,0.5293325
0,0,0.50157785
0,0,0.49932334
0,0,0.5090348
0,0,0.5026239
0,0,0.49424314
0,0,0.48852435
0,0,0.48231524
0,0,0.46010602
0,0,0.465614
0,0,0.4763892
0,0,0.4875626
0,0,0.48643276
0,0,0.49446264
0,0,0.4972315
0,0,0.4956068
0,0,0.48987365
0,0,0.48743987
0,0,0.49414933
0,0,0.50168955
0,0,0.5073257
0,0,0.5189129
0,0,0.5217391
0,0,0.50586015
0,0,0.5056685
0,0,0.5057365
0,0,0.50771064
0,0,0.49490884
0,0,0.5034735
0,0,0.5019615
0,0,0.4987558
0,0,0.50978047
0,0,0.51217234
0,0,0.520051
0,0,0.52562475
0,0,0.5159675
0,0,0.5075346
0,0,0.5069026
0,0,0.5113614
0,0,0.50746536
0,0,0.504488
0,0,0.5105779
0,0,0.5151032
0,0,0.5143385
0,0,0.5303876
0,0,0.526917
0,0,0.5244424
0,0,0.5294916
0,0,0.5183055
0,0,0.51869345
0,0,0.5216503
0,0,0.5340961
0,0,0.53632843
0,0,0.53310245
0,0,0.5329086
0,0,0.52299273
0,0,0.5255686
0,0,0.5146908
0,0,0.53534603
0,0,0.52157646
0,0,0.5169523
0,0,0.5130834
0,0,0.509771
0,0,0.51695627
0,0,0.51189274
0,0,0.5026505
0,0,0.49496958
0,0,0.492682
0,0,0.49846277
0,0,0.47579756
0,0,0.47901717
0,0,0.48343217
0,0,0.50683373
0,0,0.5013467
0,0,0.49790508
0,0,0.5059671
0,0,0.50558144
0,0,0.5100632
0,0,0.48886406
0,0,0.47989407
0,0,0.501845
0,0,0.51232666
0,0,0.4977837
0,0,0.5002994
0,0,0.5147233
0,0,0.49783593
0,0,0.51642126
0,0,0.51075655
0,0,0.5117481
0,0,0.5197843
0,0,0.5032487
0,0,0.48913366
0,0,0.48892468
0,0,0.49446747
0,0,0.49716526
0,0,0.5080142
0,0,0.51307374
0,0,0.5263182
0,0,0.5317358
0,0,0.53269184
0,0,0.5266227
0,0,0.52112293
0,0,0.5183656
0,0,0.5024993
0,0,0.47776535
0,0,0.4752794
0,0,0.4773243
0,0,0.4729595
0,0,0.469849
0,0,0.49502066
0,0,0.5044887
0,0,0.49771687
0,0,0.49179578
0,0,0.4926066
0,0,0.4847531
0,0,0.47445267
0,0,0.4712472
0,0,0.47061944
0,0,0.46442896
0,0,0.47888422
0,0,0.48635793
0,0,0.48282236
0,0,0.5032638
0,0,0.51778394
0,0,0.5184732
0,0,0.5266469
0,0,0.53565186
0,0,0.5352206
0,0,0.52076775
0,0,0.50554955
0,0,0.4996753
0,0,0.50906086
0,0,0.4955278
0,0,0.4919099
0,0,0.49432406
0,0,0.49416715
0,0,0.4942744
0,0,0.4999225
0,0,0.50715345
0,0,0.5198134
0,0,0.5158663
0,0,0.5075755
0,0,0.51260364
0,0,0.5150921
0,0,0.5165643
0,0,0.5225856
0,0,0.5109471
0,0,0.53967476
0,0,0.5284191
0,0,0.53137034
0,0,0.52795166
0,0,0.5261764
0,0,0.51886064
0,0,0.5142793
0,0,0.5010247
0,0,0.49671915
0,0,0.5031783
0,0,0.49448228
0,0,0.48549607
0,0,0.47542393
0,0,0.4881869
0,0,0.48200247
0,0,0.4796448
0,0,0.48493907
0,0,0.51452786
0,0,0.5219028
0,0,0.5174058
0,0,0.5174281
0,0,0.5220107
0,0,0.53197384
0,0,0.5255378
0,0,0.50356907
0,0,0.51283884
0,0,0.51377255
0,0,0.5038667
0,0,0.5036232
0,0,0.5129103
0,0,0.49135217
0,0,0.49639148
0,0,0.49753505
0,0,0.48401666
0,0,0.48048428
0,0,0.4736749
0,0,0.46770704
0,0,0.47140655
0,0,0.47614378
0,0,0.4904687
0,0,0.47526
0,0,0.48386517
0,0,0.49887612
0,0,0.50380814
0,0,0.49362135
0,0,0.4864739
0,0,0.49074405
0,0,0.49071574
0,0,0.4894031
0,0,0.50828797
0,0,0.51532173
0,0,0.51200944
0,0,0.4961474
0,0,0.51332563
0,0,0.5245932
0,0,0.5163325
0,0,0.5130554
0,0,0.50697684
0,0,0.49475533
0,0,0.4809687
0,0,0.5007228
0,0,0.4941125
0,0,0.50103164
0,0,0.499187
0,0,0.5058894
0,0,0.516078
0,0,0.5118158
0,0,0.5120625
0,0,0.5123936
0,0,0.50300527
0,0,0.4904934
0,0,0.49133238
0,0,0.47608176
0,0,0.48678613
0,0,0.502937
0,0,0.50670785
0,0,0.5128127
0,0,0.5144223
0,0,0.51359046
0,0,0.5098646
0,0,0.49625987
0,0,0.50241506
0,0,0.5125194
0,0,0.530063
0,0,0.5315992
0,0,0.5284488
0,0,0.53478086
0,0,0.53100073
0,0,0.5304139
0,0,0.52682245
0,0,0.53131485
0,0,0.5294745
0,0,0.5229401
0,0,0.52327067
0,0,0.5224663
0,0,0.52067554
0,0,0.52869874
0,0,0.52778625
0,0,0.53295845
0,0,0.5207146
0,0,0.5287896
0,0,0.519283
0,0,0.5148042
0,0,0.50829095
0,0,0.5185591
0,0,0.5073452
0,0,0.49444064
0,0,0.4898034
0,0,0.49356946
0,0,0.4850894
0,0,0.4874104
0,0,0.5033252
0,0,0.5087401
0,0,0.5153491
0,0,0.51746655
0,0,0.5149005
0,0,0.52706206
0,0,0.5252092
0,0,0.5102505
0,0,0.49516323
0,0,0.49818024
0,0,0.4972452
0,0,0.4949168
0,0,0.4933485
0,0,0.50590056
0,0,0.49819526
0,0,0.50409216
0,0,0.5094348
0,0,0.50639826
0,0,0.51396954
0,0,0.5136055
0,0,0.52163553
0,0,0.53016
0,0,0.51846296
0,0,0.51113075
0,0,0.5051865
0,0,0.5146572
0,0,0.50088644
0,0,0.5007241
0,0,0.4974295
0,0,0.50620896
0,0,0.49829537
0,0,0.51359475
0,0,0.51515114
0,0,0.5269923
0,0,0.5391031
0,0,0.54471165
0,0,0.541631
0,0,0.5210228
0,0,0.5379167
0,0,0.52634794
0,0,0.5130737
0,0,0.52630085
0,0,0.51880753
0,0,0.51244855
0,0,0.4957794
0,0,0.5104509
0,0,0.49877265
0,0,0.5051139
0,0,0.51650363
0,0,0.52187634
0,0,0.5175079
0,0,0.51878273
0,0,0.51137793
0,0,0.5113208
0,0,0.5145025
0,0,0.50971067
0,0,0.51431346
0,0,0.5105362
0,0,0.507445
0,0,0.5172652
0,0,0.530105
0,0,0.537431
0,0,0.52372897
0,0,0.5237506
0,0,0.5183121
0,0,0.50701797
0,0,0.4930298
0,0,0.5039708
0,0,0.4972822
0,0,0.4965351
0,0,0.4748599
0,0,0.47004157
0,0,0.48200807
0,0,0.47628534
0,0,0.48164552
0,0,0.49392065
0,0,0.5097384
0,0,0.515099
0,0,0.53024447
0,0,0.52036864
0,0,0.52416235
0,0,0.51592684
0,0,0.5231523
0,0,0.5153119
0,0,0.5156392
0,0,0.5274975
0,0,0.528138
0,0,0.5403888
0,0,0.5268365
0,0,0.5363058
0,0,0.5389147
0,0,0.53986907
0,0,0.51073575
0,0,0.51821923
0,0,0.49135792
0,0,0.49619013
0,0,0.48539254
0,0,0.49092343
0,0,0.4953175
0,0,0.49614787
0,0,0.4969061
0,0,0.5142057
0,0,0.5218567
0,0,0.5167113
0,0,0.5021825
0,0,0.5080023
0,0,0.48775145
0,0,0.48917982
0,0,0.4853555
0,0,0.49388662
0,0,0.50735927
0,0,0.5121803
0,0,0.49824214
0,0,0.5073858
0,0,0.49776968
0,0,0.50309885
0,0,0.49315128
0,0,0.49543282
0,0,0.5027181
0,0,0.5071492
0,0,0.51279616
0,0,0.509643
0,0,0.53061056
0,0,0.53999376
0,0,0.52563465
0,0,0.5072725
0,0,0.509834
0,0,0.51208794
0,0,0.503861
0,0,0.5006249
0,0,0.49951088
0,0,0.4985924
0,0,0.5016798
0,0,0.49871573
0,0,0.4924738
0,0,0.50524986
0,0,0.5053596
0,0,0.52050537
0,0,0.51740324
0,0,0.51916295
0,0,0.5073623
0,0,0.51749814
0,0,0.51035637
0,0,0.5212975
0,0,0.50475633
0,0,0.5091377
0,0,0.51665974
0,0,0.5277364
0,0,0.51296747
0,0,0.5187627
0,0,0.51707804
0,0,0.5169146
0,0,0.50315917
0,0,0.49429876
0,0,0.5014613
0,0,0.490324
0,0,0.48342448
0,0,0.47858122
0,0,0.493638
0,0,0.4895524
0,0,0.48286277
0,0,0.49446252
0,0,0.51663274
0,0,0.520696
0,0,0.5187183
0,0,0.511835
0,0,0.49339622
0,0,0.48515508
0,0,0.46810368
0,0,0.4669095
0,0,0.45360637
0,0,0.46903953
0,0,0.46689358
0,0,0.4697023
0,0,0.49150038
0,0,0.51300305
0,0,0.5233383
0,0,0.52926075
0,0,0.53315115
0,0,0.5162143
0,0,0.5108275
0,0,0.50727737
0,0,0.48667416
0,0,0.48498157
0,0,0.4863018
0,0,0.48033792
0,0,0.4884629
0,0,0.49230504
0,0,0.49947888
0,0,0.5122336
0,0,0.52127266
0,0,0.52423894
0,0,0.52606964
0,0,0.52432275
0,0,0.52014804
0,0,0.51840025
0,0,0.49667862
0,0,0.4974601
0,0,0.47754398
0,0,0.50218546
0,0,0.4941126
0,0,0.49501976
0,0,0.49453562
0,0,0.49312901
0,0,0.49556452
0,0,0.4951699
0,0,0.4941589
0,0,0.50363
0,0,0.49208528
0,0,0.49250436
0,0,0.49416786
0,0,0.49247503
0,0,0.50414073
0,0,0.49223536
0,0,0.5036793
0,0,0.50499517
0,0,0.49197242
0,0,0.49211776
0,0,0.48559034
0,0,0.49145702
0,0,0.493502
0,0,0.50164586
0,0,0.509632
0,0,0.51622
0,0,0.4995335
0,0,0.50962067
0,0,0.5066277
0,0,0.51137954
0,0,0.50670207
0,0,0.49375778
0,0,0.50712514
0,0,0.5050692
0,0,0.50422865
0,0,0.497474
0,0,0.49904257
0,0,0.5099159
0,0,0.48956624
0,0,0.49352813
0,0,0.50354147
0,0,0.5049714
0,0,0.49037614
0,0,0.511364
0,0,0.507364
0,0,0.50302106
0,0,0.5151889
0,0,0.51323146
0,0,0.5247276
0,0,0.50966966
0,0,0.5173421
0,0,0.5168977
0,0,0.5037761
0,0,0.5055608
0,0,0.50228184
0,0,0.4923937
0,0,0.5205896
0,0,0.52860224
0,0,0.51575303
0,0,0.5145553
0,0,0.5175136
0,0,0.50262034
0,0,0.49928588
0,0,0.5098797
0,0,0.5060025
0,0,0.4941824
0,0,0.5179578
0,0,0.52256423
0,0,0.5081889
0,0,0.51768064
0,0,0.52227944
0,0,0.5185228
0,0,0.50973517
0,0,0.5053935
0,0,0.50837404
0,0,0.5215079
0,0,0.52550507
0,0,0.52909744
0,0,0.5259979
0,0,0.52174884
0,0,0.5359649
0,0,0.5390682
0,0,0.534784
0,0,0.54024816
0,0,0.53855526
0,0,0.5359437
0,0,0.5215853
0,0,0.5084592
0,0,0.49800172
0,0,0.49745148
0,0,0.51157504
0,0,0.491045
0,0,0.50567406
0,0,0.50924283
0,0,0.49886152
0,0,0.50133926
0,0,0.5266794
0,0,0.5257537
0,0,0.524638
0,0,0.5387816
0,0,0.52178884
0,0,0.51801026
0,0,0.5142843
0,0,0.5185094
0,0,0.49631143
0,0,0.51247376
0,0,0.51583695
0,0,0.5098338
0,0,0.5051902
0,0,0.506491
0,0,0.4942806
0,0,0.5002517
0,0,0.5003883
0,0,0.50749785
0,0,0.5071906
0,0,0.5122144
0,0,0.5114876
0,0,0.52101815
0,0,0.50865924
0,0,0.5156108
0,0,0.52318496
0,0,0.5100055
0,0,0.502954
0,0,0.50704336
0,0,0.49800462
0,0,0.5019076
0,0,0.5126076
0,0,0.5156148
0,0,0.48885977
0,0,0.4797542
0,0,0.4670334
0,0,0.46030504
0,0,0.44919124
0,0,0.4559088
0,0,0.47431713
0,0,0.47537038
0,0,0.47948423
0,0,0.4911022
0,0,0.4743784
0,0,0.4897899
0,0,0.5047973
0,0,0.50058657
0,0,0.5005691
0,0,0.50519645
0,0,0.50449467
0,0,0.5072725
0,0,0.49219295
0,0,0.48501432
0,0,0.47322267
0,0,0.46796647
0,0,0.4676032
0,0,0.48063874
0,0,0.4729565
0,0,0.47505894
0,0,0.48571634
0,0,0.49119532
0,0,0.49613214
0,0,0.4883205
0,0,0.4926422
0,0,0.49529803
0,0,0.5130905
0,0,0.5101924
0,0,0.5258349
0,0,0.5237212
0,0,0.517384
0,0,0.5101349
0,0,0.5121097
0,0,0.51256156
0,0,0.5153807
0,0,0.5163732
0,0,0.5138491
0,0,0.50649583
0,0,0.50180393
0,0,0.49390048
0,0,0.4941296
0,0,0.5011287
0,0,0.4938698
0,0,0.48947254
0,0,0.5135623
0,0,0.5098791
0,0,0.5088201
0,0,0.49814433
0,0,0.5243402
0,0,0.51422393
0,0,0.50266945
0,0,0.50946945
0,0,0.5141055
0,0,0.53490174
0,0,0.54207367
0,0,0.5326029
0,0,0.5252592
0,0,0.514663
0,0,0.5247582
0,0,0.5036695
0,0,0.4978315
0,0,0.48917478
0,0,0.5110909
0,0,0.49601877
0,0,0.48368886
0,0,0.5093009
0,0,0.50553614
0,0,0.4991829
0,0,0.5044264
0,0,0.49423227
0,0,0.5034165
0,0,0.51987356
0,0,0.51427543
0,0,0.50278324
0,0,0.5087714
0,0,0.52430224
0,0,0.51660514
0,0,0.50132865
0,0,0.5115427
0,0,0.49765682
0,0,0.48812616
0,0,0.4751374
0,0,0.48046413
0,0,0.48981002
0,0,0.4815902
0,0,0.50935537
0,0,0.51759857
0,0,0.5059788
0,0,0.5046698
0,0,0.50032717
0,0,0.5022048
0,0,0.52277946
0,0,0.52768606
0,0,0.533278
0,0,0.5242653
0,0,0.52516425
0,0,0.51648635
0,0,0.5194672
0,0,0.51251197
0,0,0.517718
0,0,0.5149251
0,0,0.51192856
0,0,0.5129376
0,0,0.5184965
0,0,0.5167048
0,0,0.50677437
0,0,0.51051164
0,0,0.5054706
0,0,0.5093308
0,0,0.50189525
0,0,0.5121201
0,0,0.49868912
0,0,0.5084651
0,0,0.5082572
0,0,0.5154851
0,0,0.50373137
0,0,0.5201626
0,0,0.5160676
0,0,0.5095723
0,0,0.52935094
0,0,0.5165026
0,0,0.5281703
0,0,0.5355833
0,0,0.52820784
0,0,0.5090125
0,0,0.502976
0,0,0.48612636
0,0,0.48231176
0,0,0.47674736
0,0,0.49008965
0,0,0.48546332
0,0,0.5026898
0,0,0.49852124
0,0,0.5198809
0,0,0.524683
0,0,0.5179207
0,0,0.5182859
0,0,0.5229331
0,0,0.5190002
0,0,0.5162048
0,0,0.50344306
0,0,0.510732
0,0,0.50423926
0,0,0.5121987
0,0,0.51607245
0,0,0.5109831
0,0,0.5197178
0,0,0.537154
0,0,0.53455037
0,0,0.53087914
0,0,0.5226804
0,0,0.5224925
0,0,0.52786636
0,0,0.522073
0,0,0.5061098
0,0,0.50679487
0,0,0.5174242
0,0,0.49465325
0,0,0.5018526
0,0,0.512342
0,0,0.51876575
0,0,0.51589686
0,0,0.5174556
0,0,0.5113793
0,0,0.5173596
0,0,0.51313126
0,0,0.51076335
0,0,0.5130692
0,0,0.511554
0,0,0.52200055
0,0,0.5087977
0,0,0.51261514
0,0,0.5231485
0,0,0.5290136
0,0,0.528267
0,0,0.5227289
0,0,0.53000385
0,0,0.51128536
0,0,0.51904416
0,0,0.5180601
0,0,0.5191978
0,0,0.52704793
0,0,0.53206575
0,0,0.52445877
0,0,0.5186047
0,0,0.50390863
0,0,0.5204179
0,0,0.49808794
0,0,0.49515235
0,0,0.5036838
0,0,0.51240104
0,0,0.487711
0,0,0.51073116
0,0,0.5202872
0,0,0.5087068
0,0,0.5042133
0,0,0.5198443
0,0,0.50621164
0,0,0.49970216
0,0,0.4973348
0,0,0.50618255
0,0,0.51062584
0,0,0.5067959
0,0,0.5004875
0,0,0.48604664
0,0,0.47548968
0,0,0.48985505
0,0,0.48572254
0,0,0.4766994
0,0,0.4999067
0,0,0.50695956
0,0,0.5129802
0,0,0.5123608
0,0,0.51396465
0,0,0.5151425
0,0,0.5085944
0,0,0.49173433
0,0,0.503074
0,0,0.5150338
0,0,0.5131002
0,0,0.5084821
0,0,0.51564825
0,0,0.5196522
0,0,0.5208925
0,0,0.5067656
0,0,0.5099094
0,0,0.5049658
0,0,0.50594574
0,0,0.5075399
0,0,0.50432134
0,0,0.494508
0,0,0.49760604
0,0,0.4986675
0,0,0.4933643
0,0,0.47148255
0,0,0.47555664
0,0,0.4689109
0,0,0.46964094
0,0,0.46205753
0,0,0.4691839
0,0,0.48190096
0,0,0.48772246
0,0,0.50581014
0,0,0.5195425
0,0,0.5260344
0,0,0.5119845
0,0,0.5284573
0,0,0.51839036
0,0,0.5023541
0,0,0.50475794
0,0,0.5083682
0,0,0.511457
0,0,0.50729585
0,0,0.48319247
0,0,0.48666033
0,0,0.4976446
0,0,0.49512163
0,0,0.5024386
0,0,0.49928814
0,0,0.49754396
0,0,0.4999466
0,0,0.49358714
0,0,0.48956499
0,0,0.4902441
0,0,0.49961865
0,0,0.49341398
0,0,0.4841583
0,0,0.49132684
0,0,0.5007249
0,0,0.49551764
0,0,0.49441555
0,0,0.5057466
0,0,0.51282245
0,0,0.5037376
0,0,0.50981355
0,0,0.51545423
0,0,0.5127576
0,0,0.49871776
0,0,0.5068101
0,0,0.50820065
0,0,0.51263356
0,0,0.5132307
0,0,0.5297537
0,0,0.5417351
0,0,0.53402436
0,0,0.5364318
0,0,0.5217484
0,0,0.5179983
0,0,0.51963776
0,0,0.50004905
0,0,0.48932442
0,0,0.48384407
0,0,0.483233
0,0,0.50311446
0,0,0.50089204
0,0,0.49687704
0,0,0.50122267
0,0,0.50161904
0,0,0.5007982
0,0,0.5014321
0,0,0.49432266
0,0,0.49840236
0,0,0.51440245
0,0,0.49310914
0,0,0.48044223
0,0,0.48525998
0,0,0.49090132
0,0,0.48114163
0,0,0.491382
0,0,0.4841744
0,0,0.48789856
0,0,0.494668
0,0,0.48817784
0,0,0.49396324
0,0,0.4953202
0,0,0.485649
0,0,0.49087557
0,0,0.4738441
0,0,0.48393664
0,0,0.4779617
0,0,0.49478635
0,0,0.4872874
0,0,0.48761934
0,0,0.49069834
0,0,0.50141495
0,0,0.5027359
0,0,0.49962476
0,0,0.5182362
0,0,0.5048982
0,0,0.50647295
0,0,0.5123486
0,0,0.5086484
0,0,0.51150525
0,0,0.51998407
0,0,0.5025626
0,0,0.5063424
0,0,0.52387285
0,0,0.5181805
0,0,0.52863383
0,0,0.52303624
0,0,0.52396286
0,0,0.5245814
0,0,0.5278676
0,0,0.5228427
0,0,0.5268837
0,0,0.5150176
0,0,0.5160694
0,0,0.49581966
0,0,0.48451883
0,0,0.47426695
0,0,0.47001353
0,0,0.4649558
0,0,0.46623904
0,0,0.4854782
0,0,0.47611406
0,0,0.46385735
0,0,0.49118093
0,0,0.49921197
0,0,0.49256334
0,0,0.4934307
0,0,0.501915
0,0,0.5221698
0,0,0.509686
0,0,0.497631
0,0,0.49718076
0,0,0.4884306
0,0,0.48165902
0,0,0.48349154
0,0,0.48826832
0,0,0.4790711
0,0,0.47852525
0,0,0.49136248
0,0,0.5142844
0,0,0.5167946
0,0,0.52700585
0,0,0.5319052
0,0,0.53089124
0,0,0.5297713
0,0,0.51863265
0,0,0.5202241
0,0,0.5217068
0,0,0.51284397
0,0,0.5108231
0,0,0.49763358
0,0,0.502582
0,0,0.4967229
0,0,0.4946927
0,0,0.50488305
0,0,0.5162147
0,0,0.5139347
0,0,0.51367366
0,0,0.52309644
0,0,0.5238692
0,0,0.5195486
0,0,0.52843106
0,0,0.5220911
0,0,0.5229397
0,0,0.5124052
0,0,0.5125084
0,0,0.50357103
0,0,0.4841573
0,0,0.48837385
0,0,0.5046287
0,0,0.49287
0,0,0.5153364
0,0,0.53471714
0,0,0.51629204
0,0,0.51020736
0,0,0.5049258
0,0,0.5136604
0,0,0.49475121
0,0,0.5080023
0,0,0.51224506
0,0,0.50723743
0,0,0.5057164
0,0,0.5274922
0,0,0.5199022
0,0,0.49897048
0,0,0.5192581
0,0,0.518413
0,0,0.526959
0,0,0.51722664
0,0,0.51870674
0,0,0.53222823
0,0,0.5309071
0,0,0.5345631
0,0,0.52162707
0,0,0.52291995
0,0,0.51592356
0,0,0.5146699
0,0,0.5030213
0,0,0.5037198
0,0,0.50618994
0,0,0.52325433
0,0,0.5235166
0,0,0.51424444
0,0,0.49991307
0,0,0.4977235
0,0,0.50295997
0,0,0.50479156
0,0,0.5104019
0,0,0.5169733
0,0,0.52335674
0,0,0.52328324
0,0,0.53586125
0,0,0.5316662
0,0,0.51863533
0,0,0.5204058
0,0,0.50730264
0,0,0.49094865
0,0,0.48601562
0,0,0.49890068
0,0,0.47513333
0,0,0.4965441
0,0,0.50876063
0,0,0.49972007
0,0,0.48497295
0,0,0.48878878
0,0,0.4855347
0,0,0.48652163
0,0,0.49586713
0,0,0.5077674
0,0,0.5099115
0,0,0.49754933
0,0,0.48632577
0,0,0.47903433
0,0,0.48064777
0,0,0.49107453
0,0,0.49686196
0,0,0.5021864
0,0,0.49949077
0,0,0.5035122
0,0,0.49782073
0,0,0.5059726
0,0,0.49073577
0,0,0.48607555
0,0,0.4893902
0,0,0.47666347
0,0,0.47820053
0,0,0.49232793
0,0,0.4834462
0,0,0.48791912
0,0,0.48450056
0,0,0.4892969
0,0,0.48572204
0,0,0.4990593
0,0,0.49040306
0,0,0.5041681
0,0,0.4975253
0,0,0.51053625
0,0,0.5097534
0,0,0.501591
0,0,0.5151496
0,0,0.5237629
0,0,0.5146837
0,0,0.5169724
0,0,0.52728504
0,0,0.513296
0,0,0.5136271
0,0,0.5192959
0,0,0.517052
0,0,0.5135322
0,0,0.5071234
0,0,0.5025253
0,0,0.506998
0,0,0.5013825
0,0,0.4984338
0,0,0.50239384
0,0,0.5037071
0,0,0.52470195
0,0,0.52896315
0,0,0.5345475
0,0,0.53659815
0,0,0.5289367
0,0,0.51922864
0,0,0.51604474
0,0,0.5079294
0,0,0.49930483
0,0,0.49385342
0,0,0.48965633
0,0,0.4820453
0,0,0.486345
0,0,0.49015233
0,0,0.5060094
0,0,0.50038296
0,0,0.497806
0,0,0.5093964
0,0,0.49983126
0,0,0.48897165
0,0,0.5125215
0,0,0.4962002
0,0,0.4994463
0,0,0.49771896
0,0,0.49565682
0,0,0.47837785
0,0,0.4738202
0,0,0.48037148
0,0,0.47344503
0,0,0.4767802
0,0,0.47107676
0,0,0.4765736
0,0,0.4755437
0,0,0.49424937
0,0,0.48017415
0,0,0.489206
0,0,0.505208
0,0,0.5038117
0,0,0.4915859
0,0,0.5149621
0,0,0.51699626
0,0,0.51329446
0,0,0.5120638
0,0,0.50860506
0,0,0.50471795
0,0,0.502829
0,0,0.49426964
0,0,0.50961137
0,0,0.5228631
0,0,0.52176714
0,0,0.51425683
0,0,0.5220124
0,0,0.5176945
0,0,0.51552194
0,0,0.51254034
0,0,0.5101365
0,0,0.5361052
0,0,0.5237095
0,0,0.5239728
0,0,0.5250745
0,0,0.52384305
0,0,0.49901703
0,0,0.48305234
0,0,0.49324664
0,0,0.47890756
0,0,0.48203304
0,0,0.4933656
0,0,0.49651822
0,0,0.48937723
0,0,0.49032217
0,0,0.5236331
0,0,0.52086806
0,0,0.5176701
0,0,0.5250211
0,0,0.52107143
0,0,0.52262163
0,0,0.5247817
0,0,0.51900715
0,0,0.5111134
0,0,0.50297743
0,0,0.5029714
0,0,0.4988372
0,0,0.49670038
0,0,0.49187002
0,0,0.5049692
0,0,0.50884557
0,0,0.5156916
0,0,0.5262444
0,0,0.5255257
0,0,0.5227768
0,0,0.5216471
0,0,0.519759
0,0,0.5216892
0,0,0.5179968
0,0,0.50473154
0,0,0.5093783
0,0,0.51526034
0,0,0.5251147
0,0,0.52482533
0,0,0.5155394
0,0,0.5112033
0,0,0.51185226
0,0,0.5114996
0,0,0.50209785
0,0,0.505116
0,0,0.50893825
0,0,0.50658846
0,0,0.5144123
0,0,0.5194033
0,0,0.517504
0,0,0.5153695
0,0,0.5170596
0,0,0.5112032
0,0,0.50596845
0,0,0.5004019
0,0,0.5133734
0,0,0.5124973
0,0,0.52320445
0,0,0.51691824
0,0,0.5439156
0,0,0.51151925
0,0,0.51075065
0,0,0.5146996
0,0,0.4963726
0,0,0.492261
0,0,0.5028099
0,0,0.4912739
0,0,0.5019782
0,0,0.5128765
0,0,0.51416016
0,0,0.5052756
0,0,0.51628196
0,0,0.50686646
0,0,0.499713
0,0,0.49538407
0,0,0.49902
0,0,0.50998145
0,0,0.5013876
0,0,0.4928033
0,0,0.49972412
0,0,0.5043047
0,0,0.4981038
0,0,0.49025694
0,0,0.49961478
0,0,0.50363743
0,0,0.50465125
0,0,0.507627
0,0,0.5025754
0,0,0.50666803
0,0,0.52082175
0,0,0.5334562
0,0,0.5346598
0,0,0.5277118
0,0,0.52944165
0,0,0.52394795
0,0,0.51415676
0,0,0.51231223
0,0,0.5091172
0,0,0.50365
0,0,0.49789768
0,0,0.52159685
0,0,0.51950765
0,0,0.50893754
0,0,0.5248995
0,0,0.5083752
0,0,0.51098263
0,0,0.51148814
0,0,0.49926305
0,0,0.50300926
0,0,0.5031419
0,0,0.48692825
0,0,0.48835725
0,0,0.5071057
0,0,0.5208858
0,0,0.516094
0,0,0.51881844
0,0,0.5118288
0,0,0.5133207
0,0,0.51329815
0,0,0.5178511
0,0,0.51512235
0,0,0.52068
0,0,0.52102584
0,0,0.5257618
0,0,0.5156078
0,0,0.52401054
0,0,0.522902
0,0,0.5215682
0,0,0.52757704
0,0,0.52112085
0,0,0.5203466
0,0,0.5186391
0,0,0.5129959
0,0,0.49692732
0,0,0.4983099
0,0,0.49666816
0,0,0.49713916
0,0,0.49976534
0,0,0.50183934
0,0,0.50405276
0,0,0.5050976
0,0,0.49370262
0,0,0.49078515
0,0,0.48621422
0,0,0.48342434
0,0,0.4828753
0,0,0.49793044
0,0,0.4954638
0,0,0.50152946
0,0,0.50311524
0,0,0.49499938
0,0,0.50226843
0,0,0.49370134
0,0,0.5082811
0,0,0.4992836
0,0,0.5179304
0,0,0.515685
0,0,0.509117
0,0,0.52150923
0,0,0.505891
0,0,0.5005972
0,0,0.49920624
0,0,0.51505363
0,0,0.51283276
0,0,0.52088743
0,0,0.5144829
0,0,0.5173669
0,0,0.5182409
0,0,0.5226132
0,0,0.5217527
0,0,0.5099869
0,0,0.50237054
0,0,0.48770317
0,0,0.49648473
0,0,0.50143826
0,0,0.50091404
0,0,0.51009995
0,0,0.53108495
0,0,0.5336886
0,0,0.533331
0,0,0.51889116
0,0,0.5132621
0,0,0.51062137
0,0,0.4886704
0,0,0.47690684
0,0,0.4665938
0,0,0.46933633
0,0,0.46886545
0,0,0.4790977
0,0,0.4832573
0,0,0.49975932
0,0,0.50017476
0,0,0.49254194
0,0,0.47968125
0,0,0.48646477
0,0,0.48701832
0,0,0.48071167
0,0,0.5024146
0,0,0.5249377
0,0,0.53270245
0,0,0.53011376
0,0,0.52646554
0,0,0.52961254
0,0,0.51233995
0,0,0.51849097
0,0,0.52375203
0,0,0.5234444
0,0,0.50474954
0,0,0.5098508
0,0,0.51548076
0,0,0.50396925
0,0,0.5055401
0,0,0.5180361
0,0,0.51875687
0,0,0.5349054
0,0,0.53009397
0,0,0.53834146
0,0,0.52640456
0,0,0.5234828
0,0,0.5194695
0,0,0.50779873
0,0,0.50020564
0,0,0.50763893
0,0,0.50562716
0,0,0.49968347
0,0,0.5058668
0,0,0.49717405
0,0,0.49300995
0,0,0.4884861
0,0,0.48722097
0,0,0.4955278
0,0,0.49329832
0,0,0.48431584
0,0,0.50237304
0,0,0.5118453
0,0,0.5014232
0,0,0.48637405
0,0,0.50897944
0,0,0.52038
0,0,0.51435083
0,0,0.50544274
0,0,0.52010375
0,0,0.5047783
0,0,0.48001695
0,0,0.4825156
0,0,0.47071883
0,0,0.45733607
0,0,0.47056654
0,0,0.47055945
0,0,0.4633649
0,0,0.46729007
0,0,0.4763669
0,0,0.48166505
0,0,0.4771461
0,0,0.47721905
0,0,0.47830513
0,0,0.4751414
0,0,0.4831781
0,0,0.49144393
0,0,0.49582264
0,0,0.48500413
0,0,0.5001519
0,0,0.5153375
0,0,0.5242465
0,0,0.5221447
0,0,0.5268608
0,0,0.5342195
0,0,0.52908516
0,0,0.528348
0,0,0.51643187
0,0,0.5250549
0,0,0.51260513
0,0,0.51826805
0,0,0.522453
0,0,0.52409995
0,0,0.5319331
0,0,0.51443857
0,0,0.5238655
0,0,0.5161537
0,0,0.5132172
0,0,0.51887655
0,0,0.52194613
0,0,0.52413476
0,0,0.52195036
0,0,0.5263802
0,0,0.52129745
0,0,0.53737456
0,0,0.5440904
0,0,0.5395103
0,0,0.5318537
0,0,0.5179069
0,0,0.5206938
0,0,0.5090663
0,0,0.49246076
0,0,0.49760163
0,0,0.504299
0,0,0.51800215
0,0,0.5209867
0,0,0.5102197
0,0,0.5135781
0,0,0.50773793
0,0,0.51734835
0,0,0.5107339
0,0,0.5141635
0,0,0.5129998
0,0,0.5125223
0,0,0.5054765
0,0,0.50500536
0,0,0.5030592
0,0,0.5055278
0,0,0.5065994
0,0,0.5087822
0,0,0.5107717
0,0,0.497731
0,0,0.49168736
0,0,0.4963738
0,0,0.50311023
0,0,0.5106601
0,0,0.51426756
0,0,0.52302295
0,0,0.53603756
0,0,0.5322858
0,0,0.52162814
0,0,0.5232358
0,0,0.5359322
0,0,0.52753663
0,0,0.5016027
0,0,0.49091178
0,0,0.47614098
0,0,0.485732
0,0,0.48894554
0,0,0.4905682
0,0,0.48493695
0,0,0.4984088
0,0,0.5043586
0,0,0.4884835
0,0,0.48091003
0,0,0.47568187
0,0,0.4720328
0,0,0.4712271
0,0,0.4550582
0,0,0.45927593
0,0,0.4779906
0,0,0.48526314
0,0,0.4876987
0,0,0.51120055
0,0,0.51174676
0,0,0.50942045
0,0,0.51991004
0,0,0.52329487
0,0,0.52163625
0,0,0.52486503
0,0,0.5070957
0,0,0.5014761
0,0,0.50430864
0,0,0.5108148
0,0,0.52186286
0,0,0.52709734
0,0,0.52210367
0,0,0.51107794
0,0,0.5123611
0,0,0.5090971
0,0,0.50877196
0,0,0.4912976
0,0,0.4975714
0,0,0.4959165
0,0,0.50326204
0,0,0.4908083
0,0,0.5069991
0,0,0.51214385
0,0,0.51531965
0,0,0.4976967
0,0,0.49523142
0,0,0.4953422
0,0,0.5034945
0,0,0.5125054
0,0,0.5086129
0,0,0.5095797
0,0,0.52062523
0,0,0.51832986
0,0,0.5085566
0,0,0.5242172
0,0,0.51944023
0,0,0.51965284
0,0,0.52496463
0,0,0.52835286
0,0,0.5232062
0,0,0.50655526
0,0,0.5043345
0,0,0.5143299
0,0,0.5129833
0,0,0.52207804
0,0,0.5158022
0,0,0.5190603
0,0,0.5188002
0,0,0.5101349
0,0,0.51667696
0,0,0.51198983
0,0,0.49738684
0,0,0.51733315
0,0,0.5083941
0,0,0.50960207
0,0,0.51114154
0,0,0.514054
0,0,0.5191266
0,0,0.5000138
0,0,0.48353362
0,0,0.49201778
0,0,0.48114732
0,0,0.46634322
0,0,0.48172015
0,0,0.5008586
0,0,0.51328766
0,0,0.52470076
0,0,0.52086645
0,0,0.51304686
0,0,0.5290224
0,0,0.51444775
0,0,0.52149576
0,0,0.5164987
0,0,0.5098704
0,0,0.50710815
0,0,0.5150569
0,0,0.50707775
0,0,0.51307404
0,0,0.5127862
0,0,0.5090524
0,0,0.5180469
0,0,0.5192082
0,0,0.49473447
0,0,0.48419285
0,0,0.47646108
0,0,0.47331116
0,0,0.47473967
0,0,0.48768437
0,0,0.49381575
0,0,0.51175636
0,0,0.519019
0,0,0.5015119
0,0,0.5064414
0,0,0.52466804
0,0,0.5235555
0,0,0.5195562
0,0,0.51859856
0,0,0.5230339
0,0,0.5292197
0,0,0.50613457
0,0,0.50910544
0,0,0.52350503
0,0,0.53059405
0,0,0.5222219
0,0,0.5176232
0,0,0.51988065
0,0,0.5133229
0,0,0.5201117
0,0,0.50796276
0,0,0.48734728
0,0,0.48350194
0,0,0.471123
0,0,0.48226243
0,0,0.47642553
0,0,0.4885792
0,0,0.48473245
0,0,0.4945467
0,0,0.48126948
0,0,0.4770351
0,0,0.4857083
0,0,0.50411344
0,0,0.51006174
0,0,0.5200939
0,0,0.5082793
0,0,0.5281151
0,0,0.526206
0,0,0.517058
0,0,0.51813203
0,0,0.5092904
0,0,0.5055386
0,0,0.50037557
0,0,0.50444746
0,0,0.50138265
0,0,0.52005595
0,0,0.50603616
0,0,0.5016956
0,0,0.5107081
0,0,0.51498026
0,0,0.49987105
0,0,0.49774253
0,0,0.4907792
0,0,0.5012425
0,0,0.51771045
0,0,0.5333069
0,0,0.52671564
0,0,0.520226
0,0,0.5181032
0,0,0.51297396
0,0,0.5053178
0,0,0.505272
0,0,0.4982103
0,0,0.5178534
0,0,0.50713474
0,0,0.51693916
0,0,0.50437206
0,0,0.51181513
0,0,0.49431193
0,0,0.49163973
0,0,0.4975407
0,0,0.5000374
0,0,0.49422958
0,0,0.52376044
0,0,0.5219811
0,0,0.52484363
0,0,0.5214498
0,0,0.51461315
0,0,0.5179803
0,0,0.5255262
0,0,0.51881176
0,0,0.50132513
0,0,0.50899297
0,0,0.5215311
0,0,0.5301101
0,0,0.5269809
0,0,0.5251808
0,0,0.52242064
0,0,0.52951956
0,0,0.5359195
0,0,0.5384791
0,0,0.5344303
0,0,0.5268698
0,0,0.5171817
0,0,0.5260439
0,0,0.52672106
0,0,0.4990473
0,0,0.5071959
0,0,0.50706095
0,0,0.5068834
0,0,0.49811468
0,0,0.51730853
0,0,0.5099656
0,0,0.50833327
0,0,0.5084987
0,0,0.5220023
0,0,0.5076341
0,0,0.51670694
0,0,0.5138615
0,0,0.5016063
0,0,0.5046005
0,0,0.5056597
0,0,0.51527995
0,0,0.52215964
0,0,0.52296704
0,0,0.5245059
0,0,0.51583767
0,0,0.50499654
0,0,0.49870968
0,0,0.50115174
0,0,0.4882015
0,0,0.49620003
0,0,0.49748725
0,0,0.49752265
0,0,0.49639443
0,0,0.51081544
0,0,0.50013137
0,0,0.51302534
0,0,0.5282535
0,0,0.5117945
0,0,0.5077145
0,0,0.49867356
0,0,0.49057978
0,0,0.487406
0,0,0.49737185
0,0,0.48954973
0,0,0.4772055
0,0,0.46171877
0,0,0.47916433
0,0,0.49097866
0,0,0.5024111
0,0,0.5065532
0,0,0.50654054
0,0,0.5160598
0,0,0.5182423
0,0,0.50461435
0,0,0.50203025
0,0,0.50442207
0,0,0.498998
0,0,0.48225456
0,0,0.4744399
0,0,0.48707294
0,0,0.4765176
0,0,0.48726088
0,0,0.5001631
0,0,0.51670545
0,0,0.5102616
0,0,0.51556826
0,0,0.51125056
0,0,0.51189625
0,0,0.5103337
0,0,0.49986377
0,0,0.5055949
0,0,0.5138793
0,0,0.50842804
0,0,0.51558644
0,0,0.511896
0,0,0.5064601
0,0,0.49708897
0,0,0.48315957
0,0,0.4735796
0,0,0.4747443
0,0,0.48132256
0,0,0.4998506
0,0,0.50244385
0,0,0.5088927
0,0,0.50556046
0,0,0.5097643
0,0,0.501123
0,0,0.51019484
0,0,0.49919578
0,0,0.49965954
0,0,0.50356525
0,0,0.5107359
0,0,0.50585324
0,0,0.5015329
0,0,0.5064786
0,0,0.50647765
0,0,0.5114772
0,0,0.5217446
0,0,0.52013266
0,0,0.52776384
0,0,0.5292678
0,0,0.53386176
0,0,0.5175606
0,0,0.5130824
0,0,0.52182853
0,0,0.5279632
0,0,0.52997255
0,0,0.50962555
0,0,0.5105252
0,0,0.513318
0,0,0.49282762
0,0,0.4920867
0,0,0.50428325
0,0,0.4891429
0,0,0.48946226
0,0,0.4966672
0,0,0.49541837
0,0,0.51972556
0,0,0.5075615
0,0,0.5153111
0,0,0.51445985
0,0,0.5096683
0,0,0.49903414
0,0,0.5093988
0,0,0.50531125
0,0,0.50453526
0,0,0.5252461
0,0,0.52308095
0,0,0.5234708
0,0,0.52982074
0,0,0.5248945
0,0,0.5279778
0,0,0.53428763
0,0,0.5278703
0,0,0.51202154
0,0,0.49609816
0,0,0.47365263
0,0,0.48687658
0,0,0.47280672
0,0,0.4813023
0,0,0.50990456
0,0,0.5191663
0,0,0.5248215
0,0,0.5235106
0,0,0.5182397
0,0,0.5210195
0,0,0.5149234
0,0,0.5093772
0,0,0.5146402
0,0,0.5173531
0,0,0.50769365
0,0,0.49735594
0,0,0.5140192
0,0,0.51975566
0,0,0.51219505
0,0,0.51965
0,0,0.52770936
0,0,0.5285013
0,0,0.526144
0,0,0.5203142
0,0,0.5061702
0,0,0.50124675
0,0,0.4877034
0,0,0.48017582
0,0,0.47173473
0,0,0.4716172
0,0,0.4790292
0,0,0.4730005
0,0,0.4837309
0,0,0.48263597
0,0,0.4825035
0,0,0.48414534
0,0,0.49778074
0,0,0.49410358
0,0,0.4913082
0,0,0.50887805
0,0,0.5005645
0,0,0.49696964
0,0,0.5057166
0,0,0.508975
0,0,0.50412977
0,0,0.49869505
0,0,0.5035361
0,0,0.5067243
0,0,0.5187458
0,0,0.50482696
0,0,0.5199624
0,0,0.51626205
0,0,0.5282446
0,0,0.5239692
0,0,0.51580614
0,0,0.5083217
0,0,0.5151789
0,0,0.50834936
0,0,0.51005286
0,0,0.50257456
0,0,0.4918321
0,0,0.47368735
0,0,0.4896582
0,0,0.484931
0,0,0.47678465
0,0,0.47860974
0,0,0.49588436
0,0,0.4905279
0,0,0.49546683
0,0,0.49439958
0,0,0.49851027
0,0,0.49980897
0,0,0.49275073
0,0,0.49597526
0,0,0.5013044
0,0,0.4862439
0,0,0.50401527
0,0,0.50562805
0,0,0.5048301
0,0,0.5080623
0,0,0.4947751
0,0,0.4838057
0,0,0.4823382
0,0,0.4804641
0,0,0.46936753
0,0,0.46567914
0,0,0.49373576
0,0,0.49352178
0,0,0.50250685
0,0,0.5175188
0,0,0.52588445
0,0,0.53406656
0,0,0.5107436
0,0,0.50686723
0,0,0.5104089
0,0,0.5039974
0,0,0.5065033
0,0,0.5096157
0,0,0.4945313
0,0,0.48994127
0,0,0.48972663
0,0,0.49119878
0,0,0.4909844
0,0,0.5113023
0,0,0.5209214
0,0,0.5182535
0,0,0.5112987
0,0,0.507884
0,0,0.5084047
0,0,0.50747365
0,0,0.5256193
0,0,0.52347153
0,0,0.5338464
0,0,0.5355823
0,0,0.53052706
0,0,0.5203693
0,0,0.5161595
0,0,0.5253288
0,0,0.51510274
0,0,0.51720685
0,0,0.5114444
0,0,0.51393056
0,0,0.5184912
0,0,0.5093847
0,0,0.52565813
0,0,0.51307774
0,0,0.5165608
0,0,0.5258514
0,0,0.53100514
0,0,0.52487785
0,0,0.526017
0,0,0.5344489
0,0,0.53562593
0,0,0.5156363
0,0,0.5066366
0,0,0.50187504
0,0,0.51082456
0,0,0.49270436
0,0,0.49277493
0,0,0.4975671
0,0,0.48582318
0,0,0.4814134
0,0,0.4944182
0,0,0.5131819
0,0,0.5018815
0,0,0.4992711
0,0,0.49431625
0,0,0.48792478
0,0,0.47678617
0,0,0.46842802
0,0,0.47756287
0,0,0.47275153
0,0,0.4922751
0,0,0.5010643
0,0,0.5221876
0,0,0.5273735
0,0,0.51681757
0,0,0.5229397
0,0,0.51416016
0,0,0.5062621
0,0,0.5001431
0,0,0.4793299
0,0,0.48844698
0,0,0.5018509
0,0,0.51517826
0,0,0.5014898
0,0,0.50261027
0,0,0.51098734
0,0,0.51554585
0,0,0.4971994
0,0,0.50811034
0,0,0.50717896
0,0,0.52035975
0,0,0.50947815
0,0,0.53068876
0,0,0.5211063
0,0,0.50859624
0,0,0.5025736
0,0,0.49777743
0,0,0.50469756
0,0,0.50331485
0,0,0.5088328
0,0,0.5059357
0,0,0.50595707
0,0,0.49893373
0,0,0.5062114
0,0,0.49035677
0,0,0.50158787
0,0,0.49179915
0,0,0.49387866
0,0,0.49678865
0,0,0.50550824
0,0,0.5052357
0,0,0.52101445
0,0,0.51455027
0,0,0.52002835
0,0,0.5260679
0,0,0.52879083
0,0,0.51286924
0,0,0.504756
0,0,0.516086
0,0,0.5174886
0,0,0.5171505
0,0,0.51963305
0,0,0.51584226
0,0,0.51763
0,0,0.50447136
0,0,0.5121697
0,0,0.5302484
0,0,0.5146076
0,0,0.50774896
0,0,0.49799427
0,0,0.4994999
0,0,0.4869162
0,0,0.49583665
0,0,0.5216749
0,0,0.5175117
0,0,0.5070955
0,0,0.48903835
0,0,0.48980853
0,0,0.47998965
0,0,0.47232676
0,0,0.47021946
0,0,0.47183466
0,0,0.46453312
