Actual,Prediction,Probability
0,0,8.835654e-07
0,0,2.94302e-07
0,0,1.0229353e-06
0,0,9.682399e-07
0,0,1.4400976e-07
0,0,1.7030051e-06
0,0,6.0222175e-07
0,0,0.0014783194
0,0,4.5678985e-07
0,0,8.748053e-07
0,0,2.1323256e-06
0,0,5.694413e-07
0,0,3.1025745e-06
0,0,1.8032816e-06
0,0,1.2972835e-06
0,0,4.1370373e-07
0,0,7.271063e-07
0,0,4.223486e-06
0,0,1.4112907e-06
0,0,1.2275196e-06
0,0,7.3829807e-07
0,0,3.2802467e-07
0,0,3.069531e-07
0,0,4.4111962e-07
0,0,3.385396e-07
0,0,1.6905558e-05
0,0,6.281794e-07
0,0,5.6557383e-06
0,0,1.149709e-06
0,0,4.0558552e-07
0,0,3.0079826e-07
0,0,1.7202096e-06
0,0,3.7117422e-07
0,0,1.198667e-06
0,0,2.04951e-05
0,0,3.7693775e-07
0,0,2.987596e-07
0,0,3.2017795e-07
0,0,1.3006927e-06
0,0,3.328941e-06
0,0,8.334811e-07
0,0,5.4107596e-07
0,0,7.223959e-07
0,0,1.0336616e-06
0,0,1.1407825e-06
0,0,2.70451e-07
0,0,4.7932474e-07
0,0,1.2266094e-06
0,0,5.025086e-07
0,0,8.865671e-06
0,0,5.201924e-07
0,0,6.5346245e-07
0,0,1.2985952e-07
0,0,3.6271328e-07
0,0,1.1738091e-06
0,0,6.0765103e-07
0,0,5.95985e-07
0,0,2.9308972e-06
0,0,1.910177e-07
0,0,1.7027648e-07
0,0,9.524018e-07
0,0,5.016453e-07
0,0,1.0128117e-06
0,0,6.0223726e-07
0,0,2.741167e-07
0,0,1.0835636e-06
0,0,1.0563764e-06
0,0,4.9417423e-07
0,0,2.2627519e-07
0,0,1.6235971e-06
0,0,6.8036746e-07
0,0,4.475777e-07
0,0,8.016886e-07
0,0,9.1291173e-07
0,0,4.068197e-07
0,0,4.5068904e-07
0,0,1.16054615e-07
0,0,2.922268e-07
0,0,1.8155367e-06
0,0,1.9324631e-07
0,0,1.0480016e-06
0,0,1.0599457e-06
0,0,1.2923257e-06
0,0,2.2767426e-06
0,0,4.1432915e-07
0,0,6.2985845e-07
0,0,3.3844051e-07
0,0,2.241145e-07
0,0,3.0586838e-07
0,0,2.15708e-06
0,0,7.9962547e-07
0,0,1.027317e-06
0,0,4.1432045e-07
0,0,2.588559e-07
0,0,1.6907211e-06
0,0,1.991656e-06
0,0,2.137607e-06
0,0,9.786951e-07
0,0,2.5703406e-07
0,0,7.5446536e-07
0,0,8.588232e-07
0,0,2.665657e-07
0,0,2.6579502e-07
0,0,7.509465e-07
0,0,5.6795034e-07
0,0,1.7201767e-06
0,0,4.3228906e-07
0,0,2.988166e-07
0,0,1.0962442e-06
0,0,8.656812e-07
0,0,2.7141655e-07
0,0,3.3135254e-06
0,0,1.439244e-06
0,0,1.0565527e-06
0,0,8.3120847e-07
0,0,7.6454484e-07
0,0,3.4709078e-07
0,0,4.64616e-07
0,0,3.0807072e-07
0,0,1.4430536e-06
0,0,5.5833937e-07
0,0,3.801362e-07
0,0,1.83349e-07
0,0,3.035729e-07
0,0,2.1311494e-07
0,0,3.969211e-06
0,0,7.8435903e-07
0,0,2.4121562e-06
0,0,7.944931e-07
0,0,2.431596e-07
0,0,1.3426262e-06
0,0,8.98953e-07
0,0,1.2442406e-06
0,0,7.3436075e-07
0,0,3.6659358e-07
0,0,8.933986e-07
0,0,2.1466396e-07
0,0,9.3699384e-08
0,0,1.6275439e-07
0,0,9.97275e-07
0,0,1.1218482e-06
0,0,2.7214514e-07
0,0,1.1982921e-06
0,0,7.4888544e-07
0,0,2.3956244e-07
0,0,8.587798e-07
0,0,1.5008676e-06
0,0,7.2193586e-07
0,0,1.938144e-07
0,0,3.7177116e-07
0,0,7.2180575e-07
0,0,8.599091e-07
0,0,3.078754e-07
0,0,2.9874792e-07
0,0,8.023364e-07
0,0,6.409853e-07
0,0,4.918985e-07
0,0,1.1041617e-06
0,0,0.0022029234
0,0,6.397096e-07
0,0,2.979285e-07
0,0,9.561896e-07
0,0,2.2049603e-07
0,0,1.3556765e-06
0,0,4.928005e-07
0,0,3.496099e-07
0,0,3.9850775e-07
0,0,2.6838984e-07
0,0,3.6060044e-07
0,0,3.119377e-07
0,0,2.4243977e-06
0,0,7.078819e-07
0,0,3.5608477e-06
0,0,2.1984627e-06
0,0,1.2427392e-06
0,0,4.365471e-07
0,0,1.0610046e-06
0,0,9.480277e-07
0,0,1.487226e-07
0,0,4.0655368e-07
0,0,1.8502509e-07
0,0,1.7100634e-06
0,0,4.3517e-07
0,0,1.1943491e-06
0,0,2.0333572e-07
0,0,3.0491449e-06
0,0,8.118893e-07
0,0,5.094343e-07
0,0,3.3364978e-07
0,0,1.0286395e-06
0,0,1.2286499e-06
0,0,9.342355e-07
0,0,5.2258207e-07
0,0,2.4646036e-07
0,0,1.7819414e-06
0,0,5.450805e-07
0,0,2.3369651e-07
0,0,4.3882534e-07
0,0,1.4542358e-06
0,0,2.949502e-07
0,0,4.995166e-07
0,0,1.9190045e-06
0,0,1.0269359e-06
0,0,8.928117e-07
0,0,4.3990764e-07
0,0,1.1029852e-06
0,0,7.033786e-07
0,0,3.353817e-07
0,0,5.6670217e-07
0,0,3.412384e-07
0,0,3.3994695e-07
0,0,5.2456386e-07
0,0,4.5000056e-07
0,0,2.9161404e-07
0,0,6.2776024e-07
0,0,1.4074104e-06
0,0,6.786094e-07
0,0,5.25809e-07
0,0,1.7661279e-06
0,0,5.331198e-07
0,0,6.710803e-07
0,0,1.1026643e-06
0,0,7.400573e-06
0,0,2.5656068e-06
0,0,1.3437624e-06
0,0,1.6156592e-07
0,0,6.2265286e-07
0,0,3.804895e-07
0,0,1.249966e-06
0,0,1.8574853e-07
0,0,2.825733e-07
0,0,1.0634875e-06
0,0,5.662532e-07
0,0,4.4996065e-07
0,0,2.4858105e-07
0,0,4.2079125e-07
0,0,7.434793e-07
0,0,5.711152e-07
0,0,7.2428327e-07
0,0,1.5248487e-06
0,0,2.1044928e-06
0,0,1.0546813e-06
0,0,5.133201e-07
0,0,4.4331262e-07
0,0,2.785391e-07
0,0,1.0411678e-06
0,0,1.626855e-06
0,0,1.2890896e-06
0,0,2.3508376e-07
0,0,1.0196587e-06
0,0,1.1082718e-06
0,0,1.4329016e-06
0,0,4.6310174e-07
0,0,4.428968e-07
0,0,1.2110127e-07
0,0,4.0404976e-07
0,0,2.9378432e-07
0,0,6.355927e-07
0,0,8.525527e-07
0,0,3.1701472e-07
0,0,4.4939716e-07
0,0,5.905439e-07
0,0,9.5143315e-07
0,0,8.559156e-07
0,0,9.958941e-07
0,0,1.6708213e-07
0,0,2.3980152e-07
0,0,2.3157467e-07
0,0,7.058057e-07
0,0,3.212212e-07
0,0,5.85698e-07
0,0,2.4725352e-06
0,0,6.979428e-07
0,0,1.4193974e-06
0,0,3.3942925e-07
0,0,2.41116e-07
0,0,1.3561977e-06
0,0,6.187466e-07
0,0,4.406365e-07
0,0,7.362618e-07
0,0,1.0736577e-06
0,0,5.570098e-07
0,0,6.2177696e-07
0,0,1.7899431e-07
0,0,3.0863976e-07
0,0,6.575985e-07
0,0,6.0074126e-07
0,0,9.530642e-07
0,0,1.4679773e-07
0,0,3.6688562e-07
0,0,8.5301144e-07
0,0,9.129901e-07
0,0,1.9589528e-07
0,0,2.0365788e-07
0,0,2.6025592e-07
0,0,2.1125086e-07
0,0,1.7206279e-06
0,0,6.6171845e-07
0,0,5.1529383e-07
0,0,7.904452e-07
0,0,2.485702e-06
0,0,4.817559e-06
0,0,4.676455e-07
0,0,6.9354707e-07
0,0,1.8827015e-07
0,0,5.025776e-07
0,0,6.269435e-07
0,0,1.970557e-07
0,0,1.0146989e-06
0,0,9.3601855e-08
0,0,1.2186213e-06
0,0,7.0525056e-07
0,0,5.2267626e-07
0,0,2.4046526e-06
0,0,2.5374703e-07
0,0,5.4732766e-07
0,0,6.390925e-07
0,0,1.0052827e-06
0,0,5.813468e-07
0,0,3.5147565e-07
0,0,7.419593e-07
0,0,7.4613797e-07
0,0,5.6521515e-07
0,0,4.2317166e-07
0,0,8.0520556e-07
0,0,1.8336627e-06
0,0,6.08373e-07
0,0,2.700363e-07
0,0,2.1314706e-07
0,0,6.1980313e-07
0,0,4.7569938e-07
0,0,2.2818541e-07
0,0,3.7691476e-07
0,0,8.683983e-07
0,0,1.5766154e-06
0,0,2.0054706e-06
0,0,1.4143493e-06
0,0,4.5357234e-07
0,0,3.587786e-07
0,0,6.076951e-07
0,0,1.1248596e-06
0,0,9.668797e-07
0,0,2.7802133e-07
0,0,4.8726594e-07
0,0,3.615129e-07
0,0,3.0385067e-07
0,0,4.187113e-07
0,0,3.8341847e-07
0,0,4.825573e-07
0,0,1.0203485e-06
0,0,9.726313e-07
0,0,2.5115315e-07
0,0,1.0470237e-06
0,0,7.073953e-07
0,0,2.6123192e-07
0,0,9.866505e-07
0,0,6.8021114e-07
0,0,2.079469e-06
0,0,0.00096665113
0,0,1.1673477e-06
0,0,1.0999609e-06
0,0,5.4997105e-07
0,0,1.1107129e-06
0,0,4.893158e-07
0,0,4.6201615e-07
0,0,1.5525202e-06
0,0,1.5367922e-06
0,0,5.614363e-07
0,0,0.20589061
0,0,8.336608e-07
0,0,3.5349325e-07
0,0,1.1802995e-06
0,0,3.096135e-07
0,0,4.0009377e-07
0,0,3.345805e-07
0,0,1.8914261e-07
0,0,6.931781e-07
0,0,1.2988619e-06
0,0,8.6419556e-07
0,0,4.110848e-07
0,0,2.5331832e-07
0,0,9.408079e-07
0,0,2.9080698e-07
0,0,1.1647844e-06
0,0,2.0586172e-07
0,0,1.7392442e-07
0,0,4.7253252e-07
0,0,2.690228e-07
0,0,2.9231342e-06
0,0,3.7361724e-07
0,0,1.7933174e-06
0,0,1.065175e-05
0,0,4.3217733e-07
0,0,1.1804368e-06
0,0,7.573778e-07
0,0,2.267299e-07
0,0,8.578368e-07
0,0,4.950653e-07
0,0,4.227848e-07
0,0,3.0057108e-06
0,0,2.3529033e-07
0,0,4.4452003e-07
0,0,2.777701e-07
0,0,4.4913153e-07
0,0,5.777912e-07
0,0,0.005966185
0,0,1.8986672e-06
0,0,3.4105395e-07
0,0,2.2890686e-07
0,0,2.8791143e-07
0,0,5.7629046e-07
0,0,7.4176756e-07
0,0,8.1252995e-07
0,0,3.0556575e-07
0,0,5.9024495e-07
0,0,6.7580197e-07
0,0,1.0381744e-06
0,0,3.9256113e-07
0,0,6.441535e-07
0,0,2.4007436e-06
0,0,8.503181e-07
0,0,7.5663274e-07
0,0,6.447736e-07
0,0,5.357375e-07
0,0,3.9353048e-07
0,0,8.8574717e-07
0,0,4.8831356e-07
0,0,1.901054e-07
0,0,1.0368674e-06
0,0,7.431348e-07
0,0,5.6380793e-07
0,0,4.193011e-07
0,0,2.576105e-07
0,0,1.6465562e-07
0,0,2.388254e-07
0,0,4.1383672e-07
0,0,7.310075e-07
0,0,4.742847e-07
0,0,5.3842655e-07
0,0,9.49632e-07
0,0,7.227777e-07
0,0,2.8668643e-07
0,0,0.0030615504
0,0,5.9657015e-07
0,0,7.5814233e-07
0,0,1.4280273e-06
0,0,2.249557e-06
0,0,7.150325e-07
0,0,1.6525813e-07
0,0,1.0010207e-06
0,0,1.3118658e-06
0,0,9.72346e-08
0,0,8.1191723e-07
0,0,4.0951144e-07
0,0,1.8288796e-07
0,0,2.7707506e-07
0,0,9.1555086e-07
0,0,3.963039e-07
0,0,3.404024e-07
0,0,4.0959426e-07
0,0,7.013704e-07
0,0,2.9172e-07
0,0,3.5645814e-06
0,0,1.655708e-07
0,0,8.994083e-07
0,0,4.971883e-07
0,0,3.772413e-07
0,0,7.862358e-07
0,0,4.4121805e-07
0,0,1.17555174e-07
0,0,2.9907315e-07
0,0,1.4684803e-06
0,0,5.698351e-07
0,0,7.7417627e-07
0,0,3.1319442e-07
0,0,7.383741e-07
0,0,2.6256942e-07
0,0,1.3095772e-06
0,0,2.3982943e-07
0,0,4.775029e-07
0,0,1.945679e-06
0,0,1.0384765e-06
0,0,1.7358702e-06
0,0,5.9391743e-07
0,0,1.9953754e-07
0,0,1.15809e-06
0,0,6.558336e-07
0,0,3.0863856e-07
0,0,4.3661998e-07
0,0,3.44089e-07
0,0,3.504147e-07
0,0,6.280494e-07
0,0,3.7098704e-07
0,0,2.142867e-06
0,0,1.002447e-06
0,0,7.349395e-07
0,0,2.374141e-06
0,0,1.3752025e-06
0,0,9.62518e-07
0,0,4.0721682e-07
0,0,6.232826e-07
0,0,1.013258e-06
0,0,5.1060306e-07
0,0,1.3988944e-06
0,0,3.119618e-07
0,0,3.6427636e-07
0,0,1.0988452e-06
0,0,4.1141192e-07
0,0,7.956296e-07
0,0,1.435733e-06
0,0,1.4635604e-06
0,0,1.5097896e-06
0,0,1.1021901e-06
0,0,3.5957672e-07
0,0,9.004141e-07
0,0,1.5297148e-07
0,0,5.171592e-07
0,0,1.4170129e-06
0,0,1.515219e-06
0,0,2.6547303e-07
0,0,1.7132483e-07
0,0,8.0929186e-07
0,0,4.049262e-07
0,0,9.90584e-07
0,0,3.206268e-07
0,0,7.106457e-07
0,0,6.456929e-07
0,0,1.9899367e-07
0,0,1.3177178e-06
0,0,1.2376512e-06
0,0,1.1411819e-06
0,0,7.1860916e-07
0,0,8.8158583e-07
0,0,5.357738e-07
0,0,3.3980498e-07
0,0,6.595329e-07
0,0,2.7809241e-07
0,0,5.4968524e-07
0,0,8.5673145e-07
0,0,3.7983688e-07
0,0,2.851657e-07
0,0,1.0984e-06
0,0,3.9687953e-07
0,0,2.252961e-07
0,0,7.749814e-07
0,0,7.139192e-07
0,0,6.3885545e-07
0,0,7.623744e-07
0,0,2.9341587e-07
0,0,4.762881e-07
0,0,3.973522e-07
0,0,2.6470932e-06
0,0,4.3465198e-07
0,0,3.4568055e-07
0,0,4.0837807e-07
0,0,1.2271275e-06
0,0,4.535745e-07
0,0,2.0270048e-07
0,0,4.2118793e-07
0,0,4.953945e-07
0,0,1.6060793e-06
0,0,7.7574157e-07
0,0,6.398157e-07
0,0,1.7636721e-06
0,0,1.1410904e-06
0,0,8.6350025e-07
0,0,5.5475726e-07
0,0,7.708992e-07
0,0,1.6760861e-06
0,0,6.1997224e-07
0,0,6.39526e-07
0,0,4.7659938e-07
0,0,6.015771e-06
0,0,1.3443354e-06
0,0,1.6676518e-06
0,0,1.8193098e-06
0,0,9.077142e-07
0,0,1.3018666e-06
0,0,1.2488412e-06
0,0,8.652454e-07
0,0,1.7873672e-06
0,0,1.525461e-07
0,0,1.8092317e-07
0,0,1.8781034e-07
0,0,6.567487e-07
0,0,2.9208582e-07
0,0,4.834026e-07
0,0,3.5755818e-07
0,0,6.8337243e-07
0,0,6.5023175e-07
0,0,1.1918471e-06
0,0,6.5773145e-07
0,0,6.223969e-07
0,0,1.7472307e-07
0,0,3.486836e-07
0,0,1.1475346e-06
0,0,1.462126e-07
0,0,1.0406408e-06
0,0,9.617224e-07
0,0,2.0263265e-07
0,0,2.0381215e-07
0,0,2.8929722e-07
0,0,6.771652e-07
0,0,4.808356e-07
0,0,9.5071355e-06
0,0,7.6609433e-07
0,0,7.5579044e-07
0,0,4.1278076e-07
0,0,2.986687e-07
0,0,7.1644274e-07
0,0,3.2755386e-07
0,0,1.6369412e-06
0,0,5.1088506e-07
0,0,2.8023446e-06
0,0,9.846042e-07
0,0,2.2706097e-07
0,0,6.319644e-07
0,0,1.2806934e-06
0,0,4.787249e-06
0,0,5.753981e-07
0,0,1.1122456e-05
0,0,5.6996066e-07
0,0,3.554818e-06
0,0,6.727232e-07
0,0,2.03211e-06
0,0,1.7799863e-06
0,0,4.83273e-07
0,0,9.826109e-07
0,0,1.0384814e-06
0,0,4.6554877e-07
0,0,1.9466856e-07
0,0,9.1217635e-07
0,0,2.0453922e-07
0,0,1.0910867e-06
0,0,2.2408765e-06
0,0,2.421197e-07
0,0,1.8660772e-07
0,0,5.539199e-07
0,0,1.3748314e-06
0,0,8.274699e-07
0,0,5.2782923e-07
0,0,4.3899905e-07
0,0,6.134346e-07
0,0,5.541275e-07
0,0,4.270478e-07
0,0,3.1051508e-07
0,0,2.01347e-07
0,0,3.648483e-07
0,0,6.794208e-07
0,0,0.39609483
0,0,2.123985e-07
0,0,1.1353656e-06
0,0,2.9558062e-06
0,0,2.1161413e-06
0,0,0.41225365
0,0,2.310036e-07
0,0,4.805197e-07
0,0,3.932881e-07
0,0,3.6163118e-07
0,0,1.99769e-06
0,0,5.769355e-07
0,0,5.487231e-07
0,0,2.6337798e-07
0,0,6.043534e-07
0,0,1.9162381e-07
0,0,9.826605e-07
0,0,2.560051e-07
0,0,5.5248853e-07
0,0,2.4200665e-06
0,0,1.2236055e-06
0,0,8.493014e-06
0,0,1.2244226e-06
0,0,4.4458702e-07
0,0,6.842365e-07
0,0,1.7339428e-06
0,0,7.804089e-07
0,0,1.6388407e-06
0,0,2.3753346e-06
0,0,2.6266412e-06
0,0,1.000512e-06
0,0,7.9947137e-07
0,0,2.1176018e-07
0,0,4.643516e-06
0,0,3.2289384e-07
0,0,3.6384066e-07
0,0,1.0456746e-06
0,0,1.6101571e-06
0,0,3.6495615e-07
0,0,2.7089422e-07
0,0,2.9267696e-07
0,0,5.4160773e-07
0,0,5.4283373e-07
0,0,1.5086799e-06
0,0,2.0808147e-07
0,0,2.3141969e-07
0,0,3.1011457e-06
0,0,8.597484e-07
0,0,3.1733143e-07
0,0,5.6583104e-07
0,0,5.101806e-07
0,0,4.774314e-07
0,0,2.605373e-07
0,0,5.175904e-07
0,0,2.0407394e-07
0,0,6.0658107e-07
0,0,8.421285e-07
0,0,1.4355713e-07
0,0,2.8229263e-07
0,0,1.6471514e-06
0,0,5.697351e-07
0,0,7.077942e-07
0,0,7.147278e-07
0,0,1.5352629e-06
0,0,3.6063892e-07
0,0,2.4407086e-06
0,0,4.1272958e-07
0,0,8.3364404e-07
0,0,6.9800467e-07
0,0,8.109135e-07
0,0,1.0478858e-06
0,0,1.6658445e-06
0,0,6.845478e-07
0,0,3.750012e-07
0,0,7.4908183e-07
0,0,1.0300021e-06
0,0,5.5295715e-07
0,0,4.5700773e-07
0,0,2.9548684e-07
0,0,6.6354664e-07
0,0,2.030346e-07
0,0,3.0254776e-07
0,0,1.0829995e-06
0,0,1.0730824e-06
0,0,6.017206e-07
0,0,7.502071e-07
1,0,0.22456752
0,0,1.5253505e-06
0,0,4.7576194e-07
0,0,2.2387972e-07
0,0,1.6665199e-07
0,0,4.0697495e-07
0,0,2.5601369e-06
0,0,3.9451345e-07
0,0,0.006257381
0,0,4.6016402e-07
0,0,0.0055777538
0,0,3.830051e-06
0,0,1.3127018e-06
0,0,1.235389e-07
0,0,3.9025204e-07
0,0,4.023456e-07
0,0,3.280578e-07
0,0,6.526646e-07
0,0,7.4026724e-07
0,0,6.484656e-07
0,0,1.4216231e-06
0,0,9.964051e-07
0,0,5.5794817e-07
0,0,3.338796e-07
0,0,1.1878709e-06
0,0,2.4903852e-07
0,0,1.0725872e-06
0,0,8.3349465e-07
0,0,1.1257933e-06
0,0,7.776378e-07
0,0,6.365275e-07
0,0,1.9810976e-07
0,0,4.1166626e-07
0,0,1.3643471e-06
0,0,8.401535e-07
0,0,4.189641e-07
0,0,4.844469e-07
0,0,3.7658242e-06
0,0,5.4601287e-07
0,0,2.4000774e-06
0,0,4.9615284e-07
0,0,1.5042951e-06
0,0,5.257764e-07
0,0,8.427287e-07
0,0,5.608594e-07
0,0,6.3537937e-07
0,0,2.9368819e-06
0,0,3.865399e-07
0,0,6.3613055e-07
0,0,1.487321e-07
0,0,9.567524e-07
0,0,1.0667502e-06
0,0,7.3855654e-07
0,0,4.1378067e-07
0,0,1.7607999e-06
0,0,3.9325283e-07
0,0,4.4942846e-07
0,0,1.0991838e-06
0,0,5.316987e-07
0,0,1.07071344e-07
0,0,1.1611377e-06
0,0,3.042546e-07
0,0,1.6282518e-06
0,0,2.0635765e-07
0,0,9.98139e-07
0,0,2.9727366e-06
0,0,7.917036e-07
0,0,2.330587e-06
0,0,3.6128887e-07
0,0,2.7750239e-06
0,0,7.1498073e-07
0,0,1.7966423e-07
0,0,6.6794144e-07
0,0,2.5205608e-07
0,0,6.4172355e-07
0,0,7.3637835e-07
0,0,6.511632e-07
0,0,5.995451e-07
0,0,6.6172475e-07
0,0,1.5250799e-06
0,0,3.391122e-07
0,0,2.7522785e-06
0,0,3.363577e-07
0,0,1.9140368e-06
0,0,2.0470657e-06
0,0,6.8473526e-07
0,0,6.423536e-07
0,0,3.4946194e-07
0,0,3.5798124e-07
0,0,8.303488e-07
0,0,4.407168e-07
0,0,3.860588e-07
0,0,1.6954618e-07
0,0,6.8547024e-07
0,0,5.743772e-07
0,0,9.2788684e-07
0,0,3.9063187e-07
0,0,3.1580548e-06
0,0,1.7046235e-06
0,0,9.777827e-07
0,0,1.0237434e-06
0,0,4.93289e-07
0,0,4.5127567e-07
0,0,9.1228077e-07
0,0,8.956054e-07
0,0,5.240718e-07
0,0,3.0035739e-07
0,0,4.510704e-07
0,0,0.06913836
0,0,2.636567e-07
0,0,6.0244406e-07
0,0,5.1919767e-07
0,0,4.4966208e-07
0,0,7.958261e-07
0,0,3.5804135e-07
0,0,5.733287e-07
0,0,1.1324199e-06
0,0,3.8866241e-07
0,0,1.0226095e-06
0,0,3.3185492e-07
0,0,6.0960883e-07
0,0,1.3006455e-06
0,0,4.072479e-07
0,0,5.5971435e-07
0,0,2.8594147e-06
0,0,8.238415e-07
0,0,1.8098268e-06
0,0,1.3150296e-07
0,0,3.564333e-07
0,0,3.5502336e-07
0,0,2.4532443e-07
0,0,1.3273298e-06
0,0,7.525912e-07
0,0,1.3731948e-06
0,0,6.751263e-07
0,0,2.654462e-07
0,0,2.9880633e-07
0,0,7.9454077e-07
0,0,8.150996e-07
0,0,7.2824366e-07
0,0,4.4757e-07
0,0,3.3534621e-07
0,0,1.5772591e-06
0,0,1.8016901e-07
0,0,4.7485585e-07
0,0,2.7593723e-07
0,0,6.4093337e-07
0,0,3.6298528e-07
0,0,9.6702e-07
0,0,4.459407e-07
0,0,7.9492884e-07
0,0,3.5230292e-07
0,0,3.6899024e-07
0,0,5.315202e-07
0,0,1.2531768e-06
0,0,2.323168e-07
0,0,1.2047478e-06
0,0,5.656731e-06
0,0,2.0529122e-07
0,0,3.2589062e-07
0,0,6.306398e-07
0,0,4.6423597e-07
0,0,1.8868532e-06
0,0,1.5189271e-06
0,0,6.4542695e-07
0,0,1.3322388e-06
0,0,2.1519894e-07
0,0,1.3849535e-07
0,0,2.732512e-07
0,0,8.4726724e-07
0,0,1.1617547e-06
0,0,1.0110351e-06
0,0,5.0836076e-07
0,0,1.4826945e-06
0,0,1.1578767e-06
0,0,3.9554573e-07
0,0,3.6338218e-07
0,0,3.1653437e-07
0,0,2.658622e-07
0,0,4.6204391e-07
0,0,9.666677e-07
0,0,1.7652236e-07
0,0,6.570819e-07
0,0,4.2869758e-07
0,0,3.712886e-07
0,0,4.527512e-07
0,0,1.2443367e-06
0,0,1.4473428e-06
0,0,2.6821687e-07
0,0,2.5562065e-07
0,0,1.786166e-06
0,0,1.0806864e-06
0,0,5.384096e-07
0,0,4.3996806e-07
0,0,9.656616e-07
0,0,2.4474792e-07
0,0,0.09705069
0,0,7.2443527e-07
0,0,3.035515e-07
0,0,7.3685607e-07
0,0,5.013722e-07
0,0,1.400496e-07
0,0,3.3813124e-06
0,0,2.6560778e-07
0,0,1.1648266e-06
0,0,4.068531e-07
0,0,1.0690763e-06
0,0,5.076176e-07
0,0,8.4286444e-07
0,0,1.0031623e-06
0,0,8.453012e-07
0,0,6.557016e-07
0,0,6.021776e-07
0,0,1.0058677e-06
0,0,1.5440226e-07
0,0,5.123953e-07
0,0,2.7374938e-07
0,0,6.5084095e-07
0,0,5.152732e-07
0,0,1.9122506e-06
0,0,1.0202258e-06
0,0,2.9207385e-07
0,0,8.269862e-07
0,0,4.821631e-07
0,0,3.4818117e-07
0,0,2.892351e-06
0,0,2.4907132e-07
0,0,3.4380918e-07
0,0,9.703475e-07
0,0,5.0552717e-07
0,0,1.1017194e-06
0,0,1.266873e-06
0,0,8.91022e-07
0,0,1.8761929e-06
0,0,2.1774997e-07
0,0,5.2055117e-07
0,0,2.2481672e-06
0,0,2.1551925e-06
0,0,4.0596942e-07
0,0,9.520304e-07
0,0,1.0806988e-06
0,0,2.8408698e-07
0,0,3.4111324e-06
0,0,9.592558e-07
0,0,4.250755e-07
0,0,1.657879e-07
0,0,1.2382827e-06
0,0,5.317408e-07
0,0,1.6651933e-07
0,0,7.1807074e-07
0,0,6.409963e-07
0,0,6.8323294e-07
0,0,6.147136e-07
0,0,1.4787279e-06
0,0,1.0515959e-06
0,0,8.1294303e-07
0,0,2.1808673e-06
0,0,5.954873e-07
0,0,7.012607e-07
0,0,5.626498e-07
0,0,3.7202366e-07
0,0,2.8343504e-06
0,0,2.3123084e-07
0,0,7.474021e-07
0,0,5.791577e-07
0,0,2.1963965e-06
0,0,2.4631308e-06
0,0,8.281306e-07
0,0,1.1585229e-06
0,0,2.4687697e-07
0,0,1.5083906e-07
0,0,7.8547583e-07
0,0,4.0825933e-07
0,0,9.4809366e-07
0,0,3.5391864e-07
0,0,3.118541e-07
0,0,3.1699568e-07
0,0,2.898827e-07
0,0,2.4507608e-07
0,0,6.218404e-07
0,0,9.964441e-07
0,0,7.091103e-07
0,0,4.815983e-07
0,0,1.0268557e-06
0,0,1.6151355e-06
0,0,3.3493615e-07
0,0,6.7310634e-07
0,0,6.5255256e-07
0,0,1.6724042e-06
0,0,1.5703789e-07
0,0,2.4749318e-07
0,0,0.037796464
0,0,1.6797892e-07
0,0,8.3405445e-07
0,0,1.1900673e-06
0,0,8.9256395e-07
0,0,2.1244175e-06
0,0,1.8814647e-07
0,0,1.1506227e-06
0,0,1.1800429e-06
0,0,1.388699e-07
0,0,1.9277931e-07
0,0,5.037038e-07
0,0,4.041511e-07
0,0,3.9322546e-07
0,0,6.297033e-06
0,0,4.492039e-07
0,0,6.637903e-07
0,0,9.631792e-07
0,0,3.0298693e-07
0,0,8.3858544e-07
0,0,3.5266157e-07
0,0,2.345436e-07
0,0,1.5144346e-06
0,0,2.5077907e-07
0,0,1.6236094e-06
0,0,6.024768e-07
0,0,3.3061315e-07
0,0,3.0431005e-07
0,0,5.026064e-07
0,0,4.1612614e-07
0,0,5.473047e-07
0,0,6.7284896e-07
0,0,3.9640292e-07
0,0,1.5584435e-06
0,0,7.347061e-07
0,0,1.4269597e-07
0,0,3.102845e-07
0,0,2.2265709e-07
0,0,6.451193e-07
0,0,4.387154e-06
0,0,1.1215711e-06
0,0,4.6679534e-07
0,0,4.420187e-07
0,0,8.6809274e-07
0,0,3.9486693e-07
0,0,1.7238916e-07
0,0,8.3133693e-07
0,0,6.948049e-07
0,0,2.2687295e-06
0,0,3.3390728e-07
0,0,1.7580934e-06
0,0,6.139256e-07
0,0,3.1388723e-07
0,0,6.4772576e-07
0,0,2.5014303e-06
0,0,1.8870007e-06
0,0,5.8946637e-07
0,0,3.5650774e-07
0,0,1.653371e-06
0,0,4.6483225e-07
0,0,5.164579e-07
0,0,4.6801537e-07
0,0,8.355567e-07
0,0,3.1214122e-07
0,0,4.4707474e-07
0,0,6.1256003e-07
0,0,9.909581e-07
0,0,2.0984031e-07
0,0,4.551965e-07
0,0,8.5074396e-07
0,0,8.2996013e-07
0,0,2.1935611e-07
0,0,6.517428e-07
0,0,2.552747e-07
0,0,8.006128e-07
0,0,6.844179e-07
0,0,4.5897494e-07
0,0,2.8284692e-06
0,0,2.3063029e-07
0,0,1.7265421e-06
0,0,1.6844299e-06
0,0,5.739818e-07
0,0,1.290914e-06
0,0,4.6885123e-07
0,0,3.0861975e-07
0,0,4.75659e-07
0,0,1.2707343e-06
0,0,5.029866e-07
0,0,4.7359808e-07
0,0,9.60606e-07
0,0,3.1583662e-07
0,0,5.6996123e-07
0,0,4.7700223e-07
0,0,5.1487336e-07
0,0,5.999632e-07
0,0,2.6069262e-07
0,0,9.157491e-07
0,0,3.938015e-07
0,0,5.222368e-07
0,0,5.7346483e-07
0,0,2.1995868e-06
0,0,3.7442445e-07
0,0,3.73322e-07
0,0,1.6333344e-06
0,0,9.824524e-07
0,0,1.4249433e-06
0,0,9.2684417e-07
0,0,2.5957576e-07
0,0,6.808205e-07
0,0,1.2632007e-06
0,0,7.209094e-07
0,0,4.2428493e-07
0,0,1.8562932e-06
0,0,7.824471e-07
0,0,2.8328455e-07
0,0,1.0106697e-06
0,0,5.676401e-07
0,0,1.6231868e-06
0,0,1.5819819e-06
0,0,4.821479e-07
0,0,1.3185311e-06
0,0,5.8386263e-07
0,0,2.283734e-06
0,0,2.2282131e-07
0,0,2.400981e-07
0,0,7.022291e-07
0,0,1.5366427e-06
0,0,4.243845e-07
0,0,1.6445583e-06
0,0,1.148773e-06
0,0,2.8098995e-07
0,0,6.8168526e-07
0,0,4.1431375e-07
0,0,5.217803e-07
0,0,8.725665e-07
0,0,3.9122838e-07
0,0,6.4377826e-07
0,0,1.4715517e-06
0,0,2.6416333e-07
0,0,2.3886714e-06
0,0,8.582378e-07
0,0,6.956688e-07
0,0,1.2829986e-07
0,0,5.6062095e-07
0,0,1.0744526e-06
0,0,1.9573445e-06
0,0,1.1621165e-07
0,0,6.2258687e-07
0,0,1.778802e-06
0,0,2.3684606e-06
0,0,2.1002422e-06
0,0,1.1544455e-06
0,0,7.2028195e-07
0,0,3.9060164e-06
0,0,9.3570765e-07
0,0,2.0792139e-07
0,0,7.6476147e-07
0,0,1.1290866e-06
0,0,4.4876546e-07
0,0,2.9259544e-07
0,0,1.2275361e-06
0,0,6.61391e-07
0,0,6.648395e-07
0,0,2.3217601e-06
0,0,1.4047005e-06
0,0,3.5100103e-07
0,0,4.0003277e-07
0,0,4.3780076e-07
0,0,6.1739564e-07
0,0,4.8301683e-07
0,0,6.7949406e-07
0,0,3.8076135e-07
0,0,4.3880314e-07
0,0,2.1000199e-06
0,0,1.7290105e-06
0,0,4.195591e-07
0,0,1.0330073e-06
0,0,2.1281821e-07
0,0,1.646853e-06
0,0,7.564199e-07
0,0,4.2143463e-07
0,0,5.0407425e-07
0,0,6.398536e-07
0,0,5.678215e-07
0,0,2.6195966e-07
0,0,3.344497e-07
0,0,3.2593195e-07
0,0,1.4471178e-06
0,0,9.184613e-07
0,0,5.9779177e-07
0,0,3.0792405e-06
0,0,1.4824485e-06
0,0,6.1796106e-07
0,0,1.2141214e-06
0,0,5.3101303e-07
0,0,2.7094848e-06
0,0,5.0690545e-07
0,0,5.134832e-07
0,0,1.5258422e-06
0,0,9.604018e-07
0,0,3.0658651e-07
0,0,3.39022e-07
0,0,9.3688806e-07
0,0,3.1005995e-05
0,0,2.180148e-06
0,0,1.1914192e-07
0,0,2.1867373e-07
0,0,0.0010581168
0,0,3.212472e-07
0,0,7.0272756e-07
0,0,6.2171057e-07
0,0,2.6135854e-07
0,0,1.2865927e-06
0,0,5.026778e-07
0,0,6.909387e-07
0,0,8.2473366e-07
0,0,9.0934736e-07
0,0,4.4630448e-07
0,0,4.339218e-07
0,0,8.0227517e-07
0,0,2.1828951e-07
0,0,6.928853e-07
0,0,8.851307e-07
0,0,2.4563417e-07
0,0,1.0017895e-06
0,0,2.5361226e-07
0,0,4.2342945e-06
0,0,3.7588956e-07
0,0,2.5503746e-07
0,0,1.0174208e-06
0,0,7.283618e-07
0,0,1.8812508e-06
0,0,4.2007474e-07
0,0,2.8970555e-07
0,0,4.5851294e-07
0,0,2.658049e-07
0,0,3.5233347e-07
0,0,1.332352e-06
0,0,7.9632724e-07
0,0,4.5368267e-07
0,0,3.8575918e-06
0,0,1.7410911e-06
0,0,5.0527706e-07
0,0,3.228926e-07
0,0,1.2274436e-06
0,0,7.2256813e-07
0,0,6.4310075e-07
0,0,3.637435e-07
0,0,7.8928895e-07
0,0,2.363205e-07
0,0,3.1014454e-07
0,0,2.766906e-07
0,0,1.6118872e-06
0,0,3.246622e-07
0,0,2.453008e-07
0,0,4.2126265e-07
0,0,2.2937013e-07
0,0,1.0051783e-05
0,0,7.08154e-07
0,0,1.0200906e-06
0,0,1.924929e-07
0,0,7.603363e-07
0,0,4.163884e-06
0,0,4.4664134e-07
0,0,1.363232e-05
0,0,3.2874524e-07
0,0,2.7148e-07
0,0,1.00806e-06
0,0,6.4948864e-07
0,0,4.0280697e-06
0,0,6.9636576e-07
0,0,3.6062585e-07
0,0,3.687616e-07
0,0,7.5146306e-07
0,0,1.0698045e-06
0,0,4.6205093e-07
0,0,5.7990485e-07
0,0,3.557182e-06
0,0,1.1298687e-06
0,0,3.0726255e-06
0,0,7.0051544e-07
0,0,9.843178e-07
0,0,1.9183258e-06
0,0,7.694889e-07
0,0,2.314871e-06
0,0,2.3376964e-07
0,0,8.0046397e-07
0,0,9.724504e-07
0,0,5.898657e-07
0,0,3.8411312e-07
0,0,2.6294708e-07
0,0,1.6857412e-06
0,0,2.3912395e-07
0,0,6.915408e-05
0,0,3.0552698e-07
0,0,3.7902308e-07
0,0,2.3732352e-07
0,0,4.1200636e-07
0,0,1.9077424e-06
0,0,9.942969e-07
0,0,5.6363314e-07
0,0,9.4331904e-07
0,0,3.5755613e-07
0,0,4.1279648e-07
0,0,1.1635209e-06
0,0,4.384639e-07
0,0,3.7084126e-07
0,0,8.9636334e-05
0,0,4.3629115e-07
0,0,1.8391498e-06
0,0,1.1124641e-06
0,0,1.0922745e-06
0,0,0.11870969
0,0,7.9050625e-07
0,0,8.536225e-07
0,0,4.7184307e-07
0,0,8.28118e-07
0,0,1.2261228e-06
0,0,7.092854e-07
0,0,4.869756e-07
0,0,3.4531524e-06
0,0,5.746923e-07
0,0,9.765918e-07
0,0,1.2026013e-06
0,0,8.228098e-07
0,0,8.373308e-07
0,0,1.0759898e-06
0,0,9.2443776e-07
0,0,5.2259554e-07
0,0,2.890832e-07
0,0,8.0094577e-07
0,0,1.7421874e-06
0,0,2.8050238e-07
0,0,1.9543177e-07
0,0,3.8993622e-07
0,0,4.680243e-07
0,0,5.141084e-07
0,0,4.5297108e-07
0,0,5.394833e-07
0,0,6.5440975e-07
0,0,4.6597563e-07
0,0,1.1873907e-06
0,0,9.446387e-07
0,0,4.442861e-07
0,0,4.1629443e-07
0,0,3.0615058e-07
0,0,6.274872e-07
0,0,2.3669651e-07
0,0,5.4284305e-07
0,0,3.8131222e-07
0,0,3.155735e-07
0,0,1.01191e-06
0,0,1.028825e-06
0,0,3.84914e-07
0,0,3.193552e-07
0,0,1.6327084e-06
0,0,9.743851e-07
0,0,1.0355363e-06
0,0,4.401506e-07
0,0,4.222008e-06
0,0,3.9648083e-07
0,0,1.3782143e-06
0,0,6.222984e-07
0,0,5.525465e-07
0,0,2.2742223e-07
0,0,0.26039836
0,0,5.5328263e-07
0,0,3.2758012e-07
0,0,1.01180326e-07
0,0,2.1761764e-06
0,0,1.9307554e-07
0,0,4.6818815e-07
0,0,4.01371e-07
0,0,2.4877647e-07
0,0,4.9270557e-07
0,0,5.7835126e-07
0,0,1.6104766e-06
0,0,2.5953565e-07
0,0,4.918455e-07
0,0,5.900378e-07
0,0,4.3543025e-07
0,0,2.266977e-07
0,0,2.2516981e-07
0,0,3.5650743e-07
0,0,9.931521e-07
0,0,9.748646e-07
0,0,3.212178e-07
0,0,1.6355821e-07
0,0,1.4931979e-06
0,0,5.250108e-07
0,0,1.4557743e-07
0,0,1.1545038e-06
0,0,3.8649713e-07
0,0,1.0582933e-06
0,0,6.3108985e-07
0,0,2.6136922e-07
0,0,7.120296e-07
0,0,2.0096595e-06
0,0,2.6767742e-07
0,0,2.6919681e-06
0,0,3.221885e-07
0,0,7.7450926e-07
0,0,1.1429561e-06
0,0,1.6784216e-07
0,0,4.9556934e-07
0,0,4.3296197e-07
0,0,4.4754222e-07
0,0,5.126954e-07
0,0,2.7070075e-06
0,0,1.1708597e-06
0,0,1.7522867e-06
0,0,6.624698e-07
0,0,3.2940088e-07
0,0,4.143552e-07
0,0,7.060777e-07
0,0,6.838151e-07
0,0,1.5452234e-06
0,0,1.8986618e-06
0,0,3.3976772e-07
0,0,2.1200974e-07
0,0,5.0559083e-07
0,0,8.50615e-07
0,0,4.9258296e-07
0,0,1.631253e-07
0,0,3.892678e-07
0,0,2.2173153e-07
0,0,8.767355e-07
0,0,3.987484e-07
0,0,5.3796106e-07
0,0,1.4330286e-06
0,0,7.004547e-07
0,0,6.0798146e-07
0,0,5.193923e-07
0,0,2.665749e-07
0,0,8.5123895e-07
0,0,4.5143923e-07
0,0,1.2250376e-07
0,0,6.026274e-07
0,0,5.199538e-07
0,0,1.57453e-06
0,0,4.040097e-07
0,0,3.389558e-06
0,0,3.9374407e-07
0,0,4.930318e-07
0,0,8.1573495e-07
0,0,2.0996815e-06
0,0,4.3393544e-07
0,0,2.7121786e-07
0,0,2.7297535e-06
0,0,1.1367632e-06
0,0,6.454405e-07
0,0,1.2759511e-06
0,0,4.5644933e-07
0,0,1.5848555e-06
0,0,9.281409e-07
0,0,3.1799183e-07
0,0,4.760188e-07
0,0,4.995919e-07
0,0,7.7042887e-07
0,0,4.7419334e-07
0,0,3.7941837e-07
0,0,5.415318e-07
0,0,3.5981137e-07
0,0,2.3712878e-06
0,0,4.9673654e-06
0,0,6.591977e-07
0,0,2.431049e-07
0,0,3.3616914e-07
0,0,8.9797703e-07
0,0,3.5117782e-07
0,0,4.2877974e-07
0,0,8.745818e-07
0,0,2.5600878e-07
0,0,8.415248e-07
0,0,5.0345693e-07
0,0,1.571149e-07
0,0,6.3370976e-07
0,0,4.9587e-07
0,0,5.043931e-07
0,0,2.47623e-07
0,0,2.7786677e-06
0,0,9.677913e-07
0,0,4.4389265e-07
0,0,3.664076e-07
0,0,1.5824843e-06
0,0,2.0656518e-07
0,0,2.636152e-07
0,0,2.9496532e-06
0,0,5.8796957e-07
0,0,2.9403998e-07
0,0,5.952897e-07
0,0,1.7538669e-07
0,0,9.937196e-07
0,0,6.033911e-07
0,0,1.1328466e-06
0,0,9.054905e-07
0,0,3.110468e-07
0,0,3.096578e-07
0,0,3.2362817e-07
0,0,3.3587173e-07
0,0,1.5756159e-07
0,0,6.881741e-07
0,0,8.401985e-07
0,0,4.1969997e-07
0,0,7.2680956e-07
0,0,4.88958e-07
0,0,3.4120197e-07
0,0,1.0589222e-06
0,0,4.5557172e-07
0,0,4.817857e-07
0,0,2.6607628e-07
0,0,6.940003e-07
0,0,7.5380945e-07
0,0,2.4918822e-07
0,0,1.0331393e-06
0,0,1.0611443e-06
0,0,5.0614614e-07
0,0,2.8624385e-07
0,0,3.194039e-07
0,0,3.6367516e-07
0,0,1.6511225e-07
0,0,4.5119776e-07
0,0,1.6593437e-07
0,0,5.303526e-07
0,0,5.755715e-07
0,0,8.43248e-07
0,0,8.2014145e-07
0,0,6.9906457e-07
0,0,1.0160992e-06
0,0,8.080395e-07
0,0,1.6948248e-07
0,0,2.3470561e-07
0,0,4.2377502e-07
0,0,1.1905452e-06
0,0,5.826278e-07
0,0,4.7645804e-07
0,0,6.4231136e-07
0,0,5.0970203e-07
0,0,7.077584e-07
0,0,8.321833e-07
0,0,1.2581656e-06
0,0,7.640762e-07
0,0,0.0004640907
0,0,1.75426e-07
0,0,3.9259706e-07
0,0,1.909627e-07
0,0,2.949263e-07
0,0,1.0165838e-06
0,0,1.3975823e-06
0,0,1.6580576e-07
0,0,9.190641e-07
0,0,4.525479e-07
0,0,4.2407297e-07
0,0,4.047316e-07
0,0,4.91784e-07
0,0,6.630855e-07
0,0,1.0321628e-07
0,0,2.602393e-07
0,0,9.2732864e-07
0,0,1.2952462e-06
0,0,2.2028352e-07
0,0,3.825605e-06
0,0,4.0503318e-07
0,0,1.5992946e-06
0,0,9.233627e-06
0,0,1.1146561e-06
0,0,5.806143e-07
0,0,6.355745e-07
0,0,1.1566054e-06
0,0,3.5501498e-06
0,0,2.7096215e-07
0,0,2.101832e-07
0,0,5.989816e-07
0,0,3.7338253e-07
0,0,9.493621e-07
0,0,4.4655403e-07
0,0,9.970297e-07
0,0,3.033064e-07
0,0,3.252988e-07
0,0,3.7678288e-07
0,0,2.4932513e-07
0,0,5.26629e-07
0,0,4.316501e-07
0,0,5.0864446e-07
0,0,2.0899432e-07
0,0,0.00022419331
0,0,6.550629e-07
0,0,4.988868e-07
0,0,1.3450984e-06
0,0,3.3544666e-07
0,0,1.1648117e-07
0,0,1.6274166e-07
0,0,4.6770748e-07
0,0,1.6744278e-06
0,0,2.964858e-07
0,0,5.886501e-07
0,0,1.6523544e-06
0,0,2.8477652e-07
0,0,1.3846902e-05
0,0,1.2871708e-06
0,0,6.609774e-07
0,0,2.7156804e-07
0,0,1.172745e-06
0,0,3.2884248e-07
0,0,4.8085485e-07
0,0,1.0029131e-07
0,0,3.3605545e-06
0,0,7.330173e-07
0,0,3.1659476e-07
0,0,2.0162582e-07
0,0,7.5534587e-07
0,0,2.5792444e-06
0,0,5.3825306e-07
0,0,7.984846e-07
0,0,7.178927e-07
0,0,1.1778658e-07
0,0,4.4143357e-07
0,0,1.06397906e-07
0,0,1.4600972e-06
0,0,1.7190846e-06
0,0,6.4570406e-07
0,0,1.8881834e-06
0,0,4.198621e-07
0,0,1.5905578e-06
0,0,3.362788e-07
0,0,1.5718622e-07
0,0,2.135436e-07
0,0,6.463941e-07
0,0,5.312025e-07
0,0,3.1159072e-07
0,0,5.073296e-07
0,0,1.5143738e-06
0,0,3.263408e-06
0,0,3.046303e-07
0,0,2.0910358e-07
0,0,1.5721893e-06
0,0,2.1262183e-07
0,0,8.3520376e-07
0,0,1.2830475e-07
0,0,1.5297354e-06
0,0,6.902175e-07
0,0,1.7800695e-06
0,0,4.5696504e-07
0,0,8.682294e-07
0,0,5.099836e-07
0,0,2.8284427e-07
0,0,8.2985804e-07
0,0,5.9741615e-07
0,0,1.4799214e-06
0,0,4.2415468e-07
0,0,8.367105e-07
0,0,2.1864935e-07
0,0,9.5164285e-07
0,0,3.440427e-07
0,0,1.3440329e-06
0,0,0.00010538987
0,0,8.774239e-07
0,0,9.488951e-07
0,0,1.1338777e-06
0,0,1.828545e-05
0,0,1.244173e-06
0,0,1.0753097e-06
0,0,2.0726127e-06
0,0,4.821866e-07
0,0,4.7436384e-07
0,0,7.2413e-07
0,0,5.3841734e-07
0,0,4.965131e-07
0,0,1.2884419e-06
0,0,1.3354863e-06
0,0,8.156953e-07
0,0,4.531612e-07
0,0,3.265754e-07
0,0,2.1427046e-07
0,0,6.964574e-07
0,0,5.238704e-07
0,0,8.792659e-07
0,0,2.7313656e-06
0,0,1.3311352e-06
0,0,6.6358524e-07
0,0,8.502492e-07
0,0,1.4341265e-06
0,0,9.1519036e-07
0,0,9.2927985e-07
0,0,4.8918054e-07
0,0,4.5359656e-07
0,0,2.1397077e-06
0,0,7.248091e-07
0,0,6.9339893e-07
0,0,3.1921968e-07
0,0,7.844697e-07
0,0,1.1221559e-07
0,0,5.799187e-07
0,0,6.04697e-07
0,0,1.1582135e-06
0,0,5.824373e-07
0,0,8.087788e-07
0,0,7.5829375e-06
0,0,9.511275e-07
0,0,7.483e-07
0,0,4.558403e-07
0,0,1.8685775e-07
0,0,2.4311882e-07
0,0,5.163357e-07
0,0,1.199098e-06
0,0,3.3224663e-07
0,0,2.2158882e-07
0,0,1.7416095e-07
0,0,7.740065e-07
0,0,7.8159314e-07
0,0,3.8876954e-07
0,0,1.0297476e-06
0,0,1.1337253e-06
0,0,5.525244e-07
0,0,1.8925948e-06
0,0,4.963038e-07
0,0,4.4674908e-07
0,0,3.1126817e-07
0,0,9.092494e-07
0,0,4.7137848e-07
0,0,2.735453e-06
0,0,3.052087e-07
0,0,7.795676e-07
0,0,5.3022364e-07
0,0,4.4588887e-07
0,0,9.843864e-07
0,0,4.2640846e-07
0,0,4.2007596e-07
0,0,1.1512197e-06
0,0,3.4193e-07
0,0,5.3755946e-07
0,0,3.675044e-06
0,0,6.2197506e-07
0,0,2.662974e-07
0,0,2.3284233e-06
0,0,1.0019538e-06
0,0,4.905376e-07
0,0,3.2709033e-07
0,0,1.7254871e-06
0,0,2.2693582e-07
0,0,4.4951977e-07
0,0,2.9763032e-07
0,0,7.9746644e-07
0,0,4.1107776e-07
0,0,1.0664013e-06
0,0,6.1232697e-07
0,0,8.154946e-07
0,0,6.0345036e-07
0,0,1.0433824e-06
0,0,3.5023104e-06
0,0,3.2956896e-07
0,0,5.792013e-07
0,0,1.9304143e-06
0,0,2.1478695e-06
0,0,4.176624e-07
0,0,2.9595415e-07
0,0,6.689091e-07
0,0,1.3428721e-06
0,0,6.097013e-07
0,0,2.1300544e-07
0,0,2.32071e-07
0,0,8.8668105e-07
0,0,2.6959297e-06
0,0,2.3512858e-07
0,0,4.0334638e-07
0,0,1.8357835e-06
0,0,7.850655e-07
0,0,8.8573285e-07
0,0,5.464155e-07
0,0,2.3561702e-07
0,0,4.0938767e-07
0,0,7.4433206e-07
0,0,1.6578299e-07
0,0,3.9172681e-07
0,0,1.3915787e-06
0,0,3.523906e-07
0,0,4.1099034e-07
0,0,2.052322e-06
0,0,2.4137603e-06
0,0,6.398444e-07
0,0,7.360694e-07
0,0,1.5789191e-06
0,0,4.5469105e-07
0,0,5.069253e-07
0,0,5.1948444e-07
0,0,7.617777e-07
0,0,8.1528157e-07
0,0,3.6398637e-07
0,0,5.1021266e-07
0,0,4.489337e-07
0,0,4.2343206e-07
0,0,3.4380787e-07
0,0,1.8605609e-06
0,0,2.379241e-06
0,0,2.1315122e-06
0,0,1.1568878e-06
0,0,5.509742e-07
0,0,1.2345339e-07
0,0,2.7062877e-06
0,0,7.3307604e-07
0,0,3.2570762e-07
0,0,3.1425444e-07
0,0,8.75929e-07
0,0,3.1851007e-06
0,0,1.033292e-06
0,0,1.4306117e-06
0,0,7.370817e-07
0,0,5.488178e-07
0,0,8.704372e-07
0,0,7.0883647e-07
0,0,1.0734617e-07
0,0,2.054868e-06
0,0,3.2208865e-07
0,0,2.994025e-07
0,0,5.3171846e-07
0,0,9.3588966e-07
0,0,1.2373963e-06
0,0,2.1097505e-07
0,0,2.3372593e-07
0,0,1.8128085e-07
0,0,5.681681e-07
0,0,5.8344403e-07
0,0,3.2365472e-07
0,0,4.868154e-07
0,0,1.1230915e-07
0,0,3.5456827e-07
0,0,4.050428e-07
0,0,7.15392e-07
0,0,3.2432584e-07
0,0,2.1816403e-07
0,0,4.2195848e-06
0,0,1.9304382e-06
0,0,3.8978826e-07
0,0,3.5659681e-07
0,0,7.795528e-07
0,0,3.6029036e-07
0,0,1.9555887e-06
0,0,6.961652e-07
0,0,4.8666266e-07
0,0,4.7366993e-07
0,0,9.1866104e-07
0,0,6.1159574e-07
0,0,1.2133239e-06
0,0,5.9177177e-07
0,0,4.4924548e-07
0,0,5.09548e-07
0,0,8.535526e-07
0,0,4.4478762e-07
0,0,2.488581e-07
0,0,8.8530214e-07
0,0,2.5965002e-07
0,0,9.2695115e-07
0,0,3.77142e-07
0,0,2.5833603e-07
0,0,9.3459994e-07
0,0,2.3105868e-07
0,0,0.010489062
0,0,2.931535e-07
0,0,7.887765e-07
0,0,1.2578548e-06
0,0,3.6516092e-06
0,0,1.9294448e-07
0,0,4.5537277e-07
0,0,4.2403332e-07
0,0,1.7056302e-06
0,0,1.7022907e-06
0,0,5.239479e-07
0,0,5.917927e-07
0,0,2.0681946e-07
0,0,1.7528299e-06
0,0,2.9361794e-07
0,0,3.5135133e-07
0,0,1.20231e-06
0,0,4.537307e-07
0,0,1.0482166e-06
0,0,1.4315165e-06
0,0,3.5144785e-07
0,0,1.176022e-06
0,0,1.2157865e-06
0,0,5.36681e-07
0,0,1.0341132e-06
0,0,4.0091612e-07
0,0,3.753744e-07
0,0,5.5304474e-07
0,0,3.1232676e-07
0,0,2.5698212e-06
0,0,3.46395e-07
0,0,2.7983523e-07
0,0,1.0617e-06
0,0,4.0242347e-07
0,0,1.6598976e-07
0,0,1.8838826e-06
0,0,6.9459554e-07
0,0,2.9037605e-07
0,0,2.1048227e-07
0,0,3.7741293e-07
0,0,1.1377675e-06
0,0,2.4626323e-07
0,0,6.368007e-07
0,0,5.682223e-07
0,0,3.6870816e-07
0,0,2.5877296e-07
0,0,3.165561e-07
0,0,5.9505186e-07
0,0,3.6823798e-07
0,0,8.653172e-07
0,0,6.6808025e-07
0,0,6.697951e-07
0,0,5.206122e-07
0,0,8.272828e-07
0,0,5.2466544e-07
0,0,4.555313e-07
0,0,5.550949e-07
0,0,2.7493198e-07
0,0,6.277183e-07
0,0,2.1599672e-07
0,0,6.0769565e-07
0,0,1.9215538e-06
0,0,2.5638505e-07
0,0,6.4695405e-07
0,0,7.874236e-07
0,0,1.2254529e-06
0,0,1.8725878e-07
0,0,5.2018993e-07
0,0,6.717987e-07
0,0,0.002441616
0,0,7.965786e-07
0,0,4.032656e-07
0,0,4.958506e-07
0,0,4.2092654e-07
0,0,3.523281e-07
0,0,2.456693e-07
0,0,4.8626646e-07
0,0,5.8513297e-06
0,0,1.367896e-06
0,0,3.6980157e-07
0,0,1.9400431e-07
0,0,4.860323e-07
0,0,1.8483034e-06
0,0,7.754339e-07
0,0,5.2052684e-07
0,0,1.3064636e-06
0,0,3.9921298e-07
0,0,2.3619636e-07
0,0,2.83633e-07
0,0,7.2444084e-07
0,0,1.9572666e-07
0,0,1.100179e-06
0,0,1.7745188e-07
0,0,2.6255118e-06
0,0,2.6230714e-07
0,0,7.2347626e-07
0,0,3.2623953e-07
0,0,9.100015e-07
0,0,1.6223913e-06
0,0,4.810314e-07
0,0,2.5286866e-07
0,0,6.666305e-07
0,0,5.866186e-07
0,0,3.590665e-07
0,0,3.2427573e-07
0,0,2.1577372e-07
0,0,2.896542e-07
0,0,1.0953497e-06
0,0,1.0924131e-06
0,0,6.5044634e-07
0,0,3.9227896e-07
0,0,7.643546e-07
0,0,1.4282671e-06
0,0,1.2507423e-06
0,0,1.1783155e-06
0,0,4.5756852e-07
0,0,1.4734488e-07
0,0,1.1462844e-06
0,0,1.469688e-06
0,0,1.5525543e-06
0,0,1.9511067e-06
0,0,5.5276575e-07
0,0,4.5651984e-07
0,0,7.517161e-07
0,0,1.0312109e-06
0,0,6.519554e-07
0,0,6.622412e-07
0,0,6.393796e-07
0,0,2.4535322e-07
0,0,1.0913343e-06
0,0,9.1470605e-07
0,0,5.7324775e-07
0,0,1.5044128e-06
0,0,3.0951196e-07
0,0,1.0323326e-06
0,0,1.6659206e-06
0,0,1.0285277e-06
0,0,6.400007e-07
0,0,3.0933802e-06
0,0,2.6153631e-07
0,0,4.6782526e-07
0,0,3.3772378e-07
0,0,6.71652e-07
0,0,4.9158854e-07
0,0,3.3770218e-07
0,0,3.061357e-07
0,0,2.4548456e-06
0,0,3.1083684e-07
0,0,2.8480557e-07
0,0,1.4024463e-06
0,0,1.786471e-06
0,0,1.3785309e-07
0,0,7.067345e-07
0,0,3.7496866e-07
0,0,2.6477647e-07
0,0,6.937449e-07
0,0,6.538851e-07
0,0,3.1860654e-07
0,0,3.52712e-07
0,0,5.1450866e-07
0,0,5.0147884e-07
0,0,5.1226334e-07
0,0,3.7282888e-07
0,0,5.415581e-07
0,0,8.148322e-07
0,0,5.5273944e-07
0,0,8.060384e-07
0,0,7.2637994e-07
0,0,4.755982e-07
0,0,1.4757553e-06
0,0,8.8313584e-07
0,0,1.1251525e-06
0,0,1.1101527e-06
0,0,1.2370493e-06
0,0,1.2737445e-06
0,0,1.9189424e-06
0,0,1.47238e-06
0,0,2.2459227e-07
0,0,4.546117e-07
0,0,1.664601e-06
0,0,5.789782e-07
0,0,7.923411e-07
0,0,4.652385e-07
0,0,1.5786496e-07
0,0,3.953941e-07
0,0,4.3421488e-07
0,0,1.823265e-07
0,0,2.3391613e-07
0,0,6.488986e-07
0,0,6.378491e-07
0,0,3.3437604e-07
0,0,1.1051214e-06
0,0,7.441149e-07
0,0,6.065464e-07
0,0,2.36792e-07
0,0,0.02378236
0,0,4.2800758e-07
0,0,7.1888127e-07
0,0,5.630336e-07
0,0,6.0224244e-07
0,0,6.713645e-07
0,0,3.704274e-07
0,0,3.3004108e-07
0,0,9.3422835e-07
0,0,5.543961e-07
0,0,3.494789e-07
0,0,8.0138744e-07
0,0,6.5493356e-07
0,0,3.514097e-06
0,0,2.123917e-06
0,0,4.1773728e-07
0,0,6.6665785e-07
0,0,5.2683396e-07
0,0,2.9300452e-07
0,0,3.5576562e-07
0,0,3.937621e-07
0,0,3.9619505e-07
0,0,3.0410426e-06
0,0,4.4251303e-07
0,0,1.6001551e-06
0,0,3.132201e-07
0,0,4.635529e-07
0,0,6.22806e-07
0,0,4.8245425e-07
0,0,1.968119e-07
0,0,5.0080496e-07
0,0,4.930144e-07
0,0,1.1427229e-06
0,0,5.3198374e-07
0,0,4.1648346e-07
0,0,3.3455498e-07
0,0,1.4167102e-06
0,0,1.1278372e-06
0,0,2.621051e-07
0,0,3.520134e-07
0,0,6.785622e-07
0,0,6.6816125e-07
0,0,5.0581366e-07
0,0,2.887154e-07
0,0,6.49158e-07
0,0,4.4309664e-07
0,0,3.8775755e-07
0,0,2.6941768e-07
0,0,3.3733426e-07
0,0,1.1690076e-06
0,0,9.556927e-07
0,0,8.461368e-07
0,0,7.56179e-07
0,0,1.0737591e-06
0,0,8.4336546e-07
0,0,3.3031344e-07
0,0,4.609595e-06
0,0,2.3889763e-07
0,0,2.0069615e-07
0,0,2.4835356e-07
0,0,7.372764e-07
0,0,4.2325763e-07
0,0,3.948594e-07
0,0,2.7387344e-07
0,0,4.1452358e-07
0,0,6.1379853e-07
0,0,5.224326e-07
0,0,2.8683763e-07
0,0,7.8848916e-07
0,0,5.071627e-07
0,0,2.6596896e-07
0,0,3.505417e-07
0,0,1.012578e-06
0,0,1.7786815e-06
0,0,7.459679e-07
0,0,2.917167e-07
0,0,9.555624e-07
0,0,6.527418e-07
0,0,1.0840917e-06
0,0,8.710599e-07
0,0,8.472074e-07
0,0,2.736604e-07
0,0,6.8339855e-06
0,0,6.580709e-07
0,0,3.885442e-07
0,0,2.6487976e-07
0,0,3.7573327e-06
0,0,1.0279741e-07
0,0,3.5342313e-07
0,0,7.081952e-07
0,0,2.503277e-07
0,0,5.054414e-07
0,0,1.0602965e-06
0,0,7.3222503e-07
0,0,5.4393496e-07
0,0,1.1884092e-06
0,0,3.935608e-06
0,0,1.4477141e-06
0,0,4.1917596e-07
0,0,5.2422433e-07
0,0,5.8285065e-07
0,0,4.4807092e-07
0,0,1.1136372e-06
0,0,5.7966434e-07
0,0,4.0661573e-07
0,0,7.105576e-07
0,0,1.0976115e-06
0,0,1.492637e-06
0,0,5.964262e-07
0,0,3.828762e-07
0,0,2.6145226e-06
0,0,1.0318543e-06
0,0,2.5810823e-07
0,0,2.2733656e-07
0,0,1.0552708e-06
0,0,5.00102e-07
0,0,1.603343e-06
0,0,5.6891145e-07
0,0,5.758383e-07
0,0,1.3521865e-06
0,0,1.9065278e-07
0,0,3.4117008e-07
0,0,6.299708e-07
0,0,2.73098e-07
0,0,7.094187e-07
0,0,5.623961e-07
0,0,1.5133935e-07
0,0,9.494654e-07
0,0,4.8700997e-07
0,0,1.1623376e-06
0,0,8.14617e-07
0,0,3.2137132e-07
0,0,3.4920905e-07
0,0,1.0949465e-06
0,0,1.4405745e-06
0,0,1.2824363e-06
0,0,1.2915211e-06
0,0,6.482578e-07
0,0,5.3117816e-07
0,0,2.1294774e-07
0,0,8.0856677e-07
0,0,2.1029177e-06
0,0,3.052416e-07
0,0,6.7902374e-07
0,0,3.1346605e-07
0,0,2.4660758e-06
0,0,3.0191768e-07
0,0,1.5168397e-06
0,0,1.6799893e-07
0,0,1.2896343e-06
0,0,8.7896655e-07
0,0,5.822201e-07
0,0,2.6071177e-07
0,0,4.5003236e-07
0,0,4.7416214e-07
0,0,3.623634e-07
0,0,9.0989823e-07
0,0,1.9226779e-07
0,0,2.4725725e-07
0,0,5.1587404e-07
0,0,7.165678e-07
0,0,3.1183328e-07
0,0,9.041107e-07
0,0,5.170759e-07
0,0,1.3215989e-06
0,0,2.0581629e-06
0,0,1.9563627e-06
0,0,1.6872145e-06
0,0,3.509026e-07
0,0,3.3246956e-06
0,0,4.2253006e-07
0,0,3.800474e-07
0,0,7.212175e-07
0,0,2.933079e-07
0,0,3.84348e-07
0,0,4.0161367e-06
0,0,1.2411215e-06
0,0,6.852461e-07
0,0,1.3607175e-07
0,0,1.3711638e-06
0,0,1.6088985e-06
0,0,6.2129925e-07
0,0,3.3156716e-06
0,0,9.502833e-07
0,0,1.170585e-06
0,0,4.9658365e-07
0,0,3.7766387e-07
0,0,3.3489718e-07
0,0,4.97295e-07
0,0,7.7284477e-07
0,0,1.2429515e-06
0,0,6.24173e-07
0,0,2.9258897e-06
0,0,7.9203284e-07
0,0,2.3300619e-07
0,0,9.993305e-07
0,0,1.4010894e-06
0,0,5.0743853e-07
0,0,6.168812e-07
0,0,2.2710104e-07
0,0,3.732939e-07
0,0,4.9237536e-07
0,0,9.168239e-07
0,0,1.6517603e-07
0,0,6.137898e-07
0,0,8.7034334e-07
0,0,2.0329075e-07
0,0,2.426836e-06
0,0,1.7093901e-06
0,0,1.6753943e-06
0,0,6.785518e-07
0,0,3.7735174e-07
0,0,3.036032e-06
0,0,1.0286876e-06
0,0,5.387727e-07
0,0,2.47458e-07
0,0,8.0410746e-07
0,0,3.8605768e-07
0,0,1.5934531e-06
0,0,2.2118978e-07
0,0,1.7650571e-07
0,0,2.6844768e-07
0,0,2.0011286e-07
0,0,5.2203364e-07
0,0,1.5549607e-07
0,0,1.099383e-06
0,0,2.3145435e-07
0,0,9.802925e-07
0,0,7.396759e-07
0,0,5.037922e-07
0,0,1.350448e-06
0,0,2.20019e-07
0,0,6.2939915e-07
0,0,5.502554e-07
0,0,5.177534e-07
0,0,5.4474503e-06
0,0,3.7125105e-07
0,0,2.8980753e-07
0,0,1.065832e-06
0,0,4.6218756e-07
0,0,2.3754728e-06
0,0,6.4495316e-07
0,0,8.651447e-07
0,0,1.1911403e-06
0,0,9.5227836e-07
0,0,1.2583e-06
0,0,1.3319187e-06
0,0,3.7893958e-06
0,0,8.399052e-07
0,0,4.2078847e-07
0,0,3.3529327e-06
0,0,1.0996367e-06
0,0,4.4015226e-07
0,0,1.9743247e-07
0,0,4.1256035e-07
0,0,2.9570586e-07
0,0,6.4130757e-07
0,0,1.4317213e-06
0,0,6.757137e-07
0,0,7.966098e-07
0,0,5.7623384e-07
0,0,4.3416063e-07
0,0,3.57654e-07
0,0,1.900831e-07
0,0,4.788792e-07
0,0,1.3557658e-06
0,0,6.235079e-07
0,0,1.0464098e-06
0,0,3.8737983e-07
0,0,7.271694e-07
0,0,6.578249e-07
0,0,9.138673e-07
0,0,3.2467335e-07
0,0,1.946245e-06
0,0,1.7526612e-06
0,0,2.6779642e-07
0,0,4.982169e-07
0,0,5.0165437e-07
0,0,3.285923e-07
0,0,1.182253e-06
0,0,9.5880615e-08
0,0,5.678994e-07
0,0,2.872228e-07
0,0,7.9625664e-07
0,0,8.094671e-07
0,0,1.3625838e-06
0,0,8.283834e-07
0,0,2.1869469e-06
0,0,5.368745e-07
0,0,2.420099e-06
0,0,4.534893e-07
0,0,4.0942786e-07
0,0,3.6357946e-07
0,0,1.0978334e-06
0,0,9.633143e-07
0,0,3.3066863e-07
0,0,5.5666885e-07
0,0,7.2197236e-07
0,0,3.953172e-07
0,0,2.1059088e-07
0,0,3.825915e-07
0,0,3.1343257e-07
0,0,3.7700318e-07
0,0,9.65598e-07
0,0,7.488261e-07
0,0,3.984196e-07
0,0,1.454835e-06
0,0,1.2302374e-06
0,0,1.7449045e-07
0,0,4.480761e-07
0,0,2.8418398e-07
0,0,5.687938e-07
0,0,5.5349113e-07
0,0,3.143186e-07
0,0,1.1122912e-06
0,0,1.5867656e-06
0,0,8.6057935e-07
0,0,5.7193716e-07
0,0,8.908767e-07
0,0,3.213255e-06
0,0,7.517397e-07
0,0,1.5262468e-06
0,0,3.5695342e-07
0,0,2.372783e-06
0,0,2.9143527e-07
0,0,1.2074565e-06
0,0,1.4593999e-06
0,0,9.296025e-07
0,0,1.2599127e-06
0,0,3.7642872e-07
0,0,9.4347644e-07
0,0,3.4796673e-07
0,0,2.840309e-07
0,0,8.7502394e-07
0,0,2.665713e-07
0,0,1.3624292e-06
0,0,1.720016e-06
0,0,4.7180978e-07
0,0,4.4463192e-07
0,0,2.0986414e-07
0,0,7.591234e-07
0,0,5.395461e-07
0,0,5.5785506e-07
0,0,1.1037428e-06
0,0,9.609597e-07
0,0,1.8098077e-06
0,0,9.692579e-07
0,0,5.173427e-07
0,0,3.1596042e-07
0,0,2.2702034e-06
0,0,1.0242218e-06
0,0,8.892927e-07
0,0,1.7352e-06
0,0,2.2239564e-07
0,0,7.707456e-07
0,0,1.1836247e-06
0,0,6.9750564e-07
0,0,2.1350186e-07
0,0,0.0048838947
0,0,9.753036e-07
0,0,3.1953095e-07
0,0,8.4774655e-07
0,0,9.422734e-07
0,0,1.0094647e-06
0,0,9.011735e-07
0,0,3.5004564e-07
0,0,7.982136e-07
0,0,5.0039824e-07
0,0,6.7353403e-06
0,0,1.2139224e-06
0,0,3.6108672e-06
0,0,3.3863486e-07
0,0,5.2404937e-07
0,0,1.0619673e-06
0,0,3.24004e-07
0,0,7.708823e-07
0,0,5.7287394e-07
0,0,2.6496339e-06
0,0,3.8921957e-07
0,0,1.7143238e-07
0,0,1.970991e-07
0,0,2.0240157e-06
0,0,4.99358e-07
0,0,1.8851502e-07
0,0,1.3538574e-06
0,0,1.6384797e-06
0,0,7.0677766e-07
0,0,1.4356358e-06
0,0,1.681541e-06
0,0,1.328733e-06
0,0,5.2310264e-07
0,0,4.1890777e-07
0,0,2.5461654e-07
0,0,8.3463374e-07
0,0,1.2248933e-06
0,0,1.156021e-06
0,0,7.3280415e-07
0,0,1.7566554e-06
0,0,2.4645564e-07
0,0,1.2724745e-06
0,0,0.1408749
0,0,1.1879649e-06
0,0,3.3951667e-07
0,0,7.127593e-07
0,0,1.5702308e-06
0,0,1.3466168e-06
0,0,6.126675e-07
0,0,3.5047188e-07
0,0,1.175764e-06
0,0,2.382538e-06
1,0,0.21632811
0,0,1.9209533e-07
0,0,5.083384e-07
0,0,3.9234217e-07
0,0,5.232493e-07
0,0,6.496609e-07
0,0,7.34428e-07
0,0,6.161751e-07
0,0,3.4108004e-06
0,0,8.0078235e-07
0,0,4.517506e-07
0,0,1.0379468e-06
0,0,3.2754545e-07
0,0,3.1512658e-07
0,0,3.8080563e-07
0,0,3.7904042e-07
0,0,4.908409e-07
0,0,7.1847967e-07
0,0,6.575771e-07
0,0,2.2432299e-07
0,0,4.84029e-07
0,0,5.59399e-07
0,0,1.662009e-06
0,0,4.4570987e-07
0,0,1.7081256e-07
0,0,2.3092278e-07
0,0,8.6824264e-07
0,0,1.7476974e-07
1,0,0.21323845
0,0,5.172529e-07
0,0,1.0551229e-06
0,0,4.334693e-07
0,0,1.1577133e-06
0,0,3.594965e-07
0,0,5.5465836e-07
0,0,7.2244416e-07
0,0,2.5953295e-06
0,0,1.1276792e-06
0,0,5.0574516e-07
0,0,1.6975763e-06
0,0,3.4363808e-07
0,0,1.7083342e-07
0,0,5.7823434e-07
0,0,9.8523294e-08
0,0,2.6490198e-07
0,0,1.5978524e-06
0,0,3.3632148e-07
0,0,2.6836986e-07
0,0,2.430458e-07
0,0,2.279201e-07
0,0,6.4212696e-07
0,0,7.16078e-07
0,0,3.2210187e-07
0,0,9.2673105e-07
0,0,2.406325e-06
0,0,4.9821256e-07
0,0,2.13272e-06
0,0,5.938319e-07
0,0,3.556272e-07
0,0,1.701343e-07
0,0,3.5771197e-07
0,0,7.4556675e-07
0,0,1.3061035e-06
0,0,3.674483e-07
0,0,4.919947e-07
0,0,6.2326416e-07
0,0,3.7296329e-07
0,0,4.7472048e-07
0,0,1.5237816e-06
0,0,2.6361948e-07
0,0,1.4907848e-06
0,0,5.1690773e-07
0,0,1.7528115e-06
0,0,3.8390291e-07
0,0,1.2251222e-06
0,0,2.727118e-07
0,0,4.3900463e-06
0,0,6.8499908e-06
0,0,4.330557e-07
0,0,5.5332805e-07
0,0,7.887261e-07
0,0,5.7161816e-07
0,0,7.676118e-07
0,0,4.4285792e-07
0,0,3.7630382e-06
0,0,9.420478e-07
0,0,1.333482e-06
0,0,2.0881681e-07
0,0,2.5103323e-06
0,0,3.766535e-07
0,0,6.524387e-07
0,0,6.4992855e-07
0,0,1.0297525e-06
0,0,7.156028e-07
0,0,7.052654e-07
0,0,2.6799006e-07
0,0,1.224482e-06
0,0,1.2194485e-07
0,0,7.3233326e-07
0,0,5.7405305e-07
0,0,6.9918195e-07
0,0,1.0093867e-06
0,0,5.5268146e-07
0,0,2.710278e-07
0,0,6.104006e-07
0,0,3.8385347e-06
0,0,4.0174973e-07
0,0,9.2818334e-07
0,0,1.0190298e-06
0,0,6.85469e-07
0,0,1.2950918e-06
0,0,1.5259571e-06
0,0,4.7204423e-07
0,0,1.2696477e-06
0,0,0.11886725
0,0,1.5395573e-06
0,0,4.3899442e-07
0,0,6.0043254e-07
0,0,8.5227714e-07
0,0,1.2604318e-06
0,0,2.5204503e-07
0,0,1.8366313e-07
0,0,1.9515421e-06
0,0,6.7119737e-07
0,0,5.7761217e-06
0,0,6.214047e-07
0,0,1.1727349e-06
0,0,2.861213e-07
0,0,7.111562e-07
0,0,2.5608913e-06
0,0,2.2492064e-07
0,0,7.7767936e-07
0,0,5.414037e-07
0,0,2.0840132e-06
0,0,5.826856e-07
0,0,1.6064807e-06
0,0,4.608012e-07
0,0,2.1769559e-07
0,0,2.830747e-07
0,0,3.3787742e-07
0,0,5.941593e-07
0,0,3.2114488e-07
0,0,6.674027e-07
0,0,5.5742856e-07
0,0,4.0875838e-07
0,0,1.3114251e-07
0,0,3.9637797e-07
0,0,6.981678e-07
0,0,1.888074e-07
0,0,3.5677846e-07
0,0,1.0922204e-06
0,0,9.669609e-07
0,0,9.918648e-07
0,0,1.1738135e-06
0,0,2.7445543e-07
0,0,1.2356828e-06
0,0,1.7954205e-06
0,0,4.9269477e-07
0,0,2.633172e-07
0,0,2.6522608e-07
0,0,4.772466e-07
0,0,1.2020011e-07
0,0,1.0051533e-06
0,0,2.1269607e-07
0,0,8.3265724e-07
0,0,4.7414673e-07
0,0,6.8778303e-07
0,0,2.407697e-07
0,0,2.4295494e-07
0,0,2.3592665e-07
0,0,3.097213e-07
0,0,1.1886154e-06
0,0,3.2531707e-07
0,0,3.970995e-07
0,0,6.5643303e-07
0,0,2.2640417e-05
0,0,3.3426988e-07
0,0,3.7244257e-07
0,0,1.0700514e-06
0,0,3.373349e-07
0,0,7.8853805e-07
0,0,7.86346e-07
0,0,6.793314e-07
0,0,9.73549e-07
0,0,5.495558e-07
0,0,9.783199e-07
0,0,8.021949e-07
0,0,1.3284755e-07
0,0,1.9327452e-07
0,0,1.6574205e-07
0,0,1.7648565e-06
0,0,1.2769468e-06
0,0,5.263574e-07
0,0,6.297654e-07
0,0,3.2329316e-07
0,0,1.644204e-06
0,0,7.7351865e-07
0,0,3.6589572e-06
0,0,2.2399406e-06
0,0,1.7065739e-07
0,0,5.5537134e-07
0,0,2.1703647e-06
0,0,2.3451057e-06
0,0,4.656682e-07
0,0,1.0400315e-06
0,0,8.0680746e-07
0,0,4.625765e-07
0,0,7.390314e-07
0,0,1.0078024e-06
0,0,8.575366e-07
0,0,4.0514945e-07
0,0,4.027168e-07
0,0,5.1081395e-07
0,0,3.9379327e-07
0,0,2.832813e-07
0,0,0.0032148198
0,0,4.9849206e-07
0,0,7.7056546e-07
0,0,2.0105554e-07
0,0,5.7880044e-07
0,0,1.0838395e-06
0,0,6.639821e-07
0,0,4.044032e-06
0,0,1.2186642e-06
0,0,2.3488607e-07
0,0,3.5241683e-07
0,0,5.030082e-07
0,0,2.9535528e-07
0,0,1.9737386e-06
0,0,3.3800828e-07
0,0,8.9936196e-07
0,0,1.2681903e-07
0,0,8.448958e-07
0,0,1.1989014e-06
0,0,1.918937e-06
0,0,3.4344805e-07
0,0,3.0545232e-06
0,0,1.86103e-07
0,0,2.1483558e-07
0,0,9.672975e-07
0,0,6.8725916e-07
0,0,3.502126e-07
0,0,1.0100107e-06
0,0,4.5683038e-07
0,0,3.477027e-07
0,0,3.8447703e-07
0,0,5.756319e-07
0,0,9.565198e-07
0,0,4.4556538e-07
0,0,4.3797573e-07
0,0,1.9501226e-06
0,0,1.0843781e-06
0,0,1.070573e-06
0,0,7.401994e-07
0,0,7.3342636e-07
0,0,5.2866346e-07
0,0,3.6683244e-07
0,0,2.107433e-06
0,0,3.1211889e-07
0,0,4.8831447e-07
0,0,4.255383e-07
0,0,2.9796828e-07
0,0,9.075792e-07
0,0,6.620334e-07
0,0,4.0811412e-07
0,0,7.703943e-07
0,0,3.8358488e-07
0,0,2.578108e-07
0,0,9.462654e-07
0,0,0.00011846096
0,0,3.1601396e-06
0,0,3.9864955e-07
0,0,2.036367e-07
0,0,2.8807895e-07
0,0,3.6229463e-07
0,0,3.3134512e-07
0,0,4.6060438e-07
0,0,5.3513827e-06
0,0,1.713255e-07
0,0,1.1600198e-06
0,0,1.3415895e-06
0,0,7.928967e-07
0,0,7.297412e-07
0,0,1.1798155e-06
0,0,7.846829e-07
0,0,2.3458881e-07
0,0,3.0759045e-07
0,0,1.1832658e-06
0,0,2.9690372e-07
0,0,2.6457909e-07
0,0,6.292929e-07
0,0,9.2252486e-07
0,0,1.5149732e-07
0,0,1.4682183e-06
0,0,2.1332234e-07
0,0,6.9012344e-07
0,0,8.647908e-07
0,0,1.098003e-06
0,0,4.4677338e-07
0,0,3.4311967e-07
0,0,1.962028e-06
0,0,7.3677245e-07
0,0,3.644258e-06
0,0,9.886766e-07
0,0,2.2810273e-07
0,0,2.7784375e-07
0,0,7.2197713e-07
0,0,2.4649776e-06
0,0,3.8952402e-07
0,0,9.748878e-07
0,0,9.709955e-07
0,0,1.0057536e-06
0,0,3.574719e-07
0,0,6.0475696e-07
0,0,4.5655165e-07
0,0,2.5957104e-07
0,0,1.4000583e-06
0,0,4.185911e-07
0,0,6.080418e-07
0,0,2.869553e-07
0,0,1.9641364e-07
0,0,2.1982102e-07
0,0,8.791485e-07
0,0,3.185069e-07
0,0,1.7056317e-06
0,0,4.642311e-07
0,0,8.899927e-07
0,0,9.658264e-07
0,0,3.4853966e-07
0,0,6.16409e-07
0,0,2.432974e-07
0,0,6.467647e-07
0,0,5.509296e-07
0,0,1.0233333e-06
0,0,2.4218252e-07
0,0,4.532757e-07
0,0,1.7591317e-07
0,0,1.7916426e-07
0,0,1.5537586e-06
0,0,3.5164095e-07
0,0,6.211049e-07
0,0,5.4065146e-07
0,0,1.6568389e-07
0,0,2.2038134e-06
0,0,2.752515e-07
0,0,5.3584125e-07
0,0,7.599586e-07
0,0,3.0717302e-07
0,0,3.360063e-07
0,0,2.190537e-06
0,0,4.140716e-07
0,0,1.9885795e-06
0,0,2.865216e-07
0,0,2.0121149e-07
0,0,3.2639514e-07
0,0,5.631034e-07
0,0,5.432439e-07
0,0,1.8444898e-07
0,0,5.894681e-07
0,0,1.0125249e-06
0,0,4.9809285e-07
0,0,5.511955e-07
0,0,6.066042e-07
0,0,3.8122896e-06
0,0,4.5234725e-07
0,0,2.4685718e-07
0,0,5.669092e-07
0,0,4.2425177e-07
0,0,4.271118e-07
0,0,6.380858e-07
0,0,2.9117192e-07
0,0,3.2003584e-06
0,0,1.6588373e-07
0,0,5.9466385e-07
0,0,6.0073785e-07
0,0,8.754113e-07
0,0,1.5351047e-06
0,0,1.363278e-06
0,0,5.226653e-07
0,0,2.1532253e-07
0,0,2.5514936e-07
0,0,3.3784198e-07
0,0,3.2113066e-06
0,0,7.0270613e-07
0,0,2.9156564e-07
0,0,3.6418814e-07
0,0,6.2584616e-07
0,0,2.4654128e-06
0,0,2.9311383e-07
0,0,5.3383565e-07
0,0,8.228827e-07
0,0,2.3884954e-07
0,0,6.365153e-07
0,0,8.896244e-07
0,0,1.2717624e-06
0,0,6.731923e-07
0,0,7.530837e-07
0,0,3.1213884e-07
0,0,0.034501057
0,0,2.7934408e-07
0,0,5.0057815e-07
0,0,1.0457613e-06
0,0,1.55471e-07
0,0,4.1371345e-06
0,0,6.1935293e-07
0,0,1.4502e-06
0,0,4.9380867e-07
0,0,5.354525e-07
0,0,4.4816667e-07
0,0,4.2819414e-07
0,0,6.04821e-07
0,0,3.8210436e-07
0,0,5.511161e-07
0,0,3.939653e-07
0,0,1.4768154e-06
0,0,1.0179342e-06
0,0,1.396675e-06
0,0,1.962971e-06
0,0,5.036898e-07
0,0,4.7716145e-07
0,0,1.4251009e-06
0,0,2.2524154e-07
0,0,8.890655e-07
0,0,1.0292254e-06
0,0,2.8743048e-07
0,0,1.0082505e-06
0,0,2.1640692e-06
0,0,5.633978e-07
0,0,4.2382553e-07
0,0,3.5347236e-07
0,0,0.1106939
0,0,9.5221657e-07
0,0,1.452711e-06
0,0,9.1003454e-07
0,0,3.5041805e-07
0,0,6.2228594e-07
0,0,6.2180067e-07
0,0,2.5587237e-06
0,0,4.699843e-07
0,0,7.04133e-07
0,0,3.5375772e-06
0,0,2.7977066e-07
0,0,2.4929207e-07
0,0,6.9348226e-07
0,0,2.820978e-07
0,0,4.795524e-06
0,0,2.041085e-06
0,0,1.1692039e-06
0,0,4.514909e-07
0,0,6.398859e-07
0,0,3.900887e-07
0,0,2.9855738e-07
0,0,2.491863e-07
0,0,1.832967e-06
0,0,4.7513714e-07
0,0,1.0070723e-06
0,0,1.0518778e-06
0,0,3.7804334e-06
0,0,6.972981e-07
0,0,6.7282906e-07
0,0,6.8772596e-07
0,0,3.9411225e-07
0,0,4.0576387e-07
0,0,1.8527618e-07
0,0,2.7909803e-07
0,0,3.6972398e-07
0,0,8.953885e-07
0,0,1.921924e-06
0,0,5.788948e-07
0,0,5.269053e-07
0,0,5.144712e-06
0,0,6.811589e-07
0,0,2.3935675e-06
0,0,9.023878e-07
0,0,2.6251762e-06
0,0,4.775976e-07
0,0,3.732647e-07
0,0,1.6687719e-07
0,0,4.4078365e-07
0,0,2.605328e-07
0,0,6.3108024e-07
0,0,4.5143022e-07
0,0,1.2330024e-06
0,0,3.763196e-07
0,0,1.492042e-07
0,0,7.583846e-07
0,0,2.2536659e-07
0,0,1.4786136e-07
0,0,3.9724912e-07
0,0,1.212172e-06
0,0,1.2234234e-06
0,0,1.2162081e-07
0,0,2.84858e-07
0,0,2.519871e-07
0,0,1.2406902e-07
0,0,5.415514e-07
0,0,4.457979e-07
0,0,4.9316066e-07
0,0,2.725485e-07
0,0,3.1043453e-07
0,0,2.2084559e-07
0,0,1.0519609e-06
0,0,4.92435e-07
0,0,3.457821e-07
0,0,8.191425e-07
0,0,9.496936e-07
0,0,5.382628e-07
0,0,5.0843545e-07
0,0,7.965323e-07
0,0,3.2518776e-07
0,0,3.8910744e-07
0,0,2.9968044e-07
0,0,1.0193447e-06
0,0,1.1127974e-05
0,0,9.385353e-07
0,0,1.2690932e-06
0,0,2.8453817e-07
0,0,3.165721e-07
0,0,3.7915612e-07
0,0,5.649026e-07
0,0,3.2361243e-07
0,0,7.7883493e-07
0,0,3.637348e-07
0,0,1.576677e-07
0,0,2.4551284e-07
0,0,4.9114897e-07
0,0,8.7203153e-07
0,0,6.5425834e-06
0,0,1.7955937e-06
0,0,6.364637e-07
0,0,5.069901e-07
0,0,2.3208496e-07
0,0,1.965024e-06
0,0,4.0316985e-07
0,0,2.5331735e-07
0,0,1.4993739e-06
0,0,6.7757213e-07
0,0,8.4926864e-07
0,0,3.206412e-07
0,0,1.8991235e-06
0,0,7.3220195e-07
0,0,7.5078253e-07
0,0,3.2567314e-07
0,0,2.760954e-06
0,0,4.249681e-07
0,0,2.659241e-07
0,0,8.214651e-07
0,0,2.8523152e-07
0,0,1.0933688e-06
0,0,2.0751173e-07
0,0,1.696628e-07
0,0,6.0320923e-07
0,0,5.6463386e-07
0,0,1.1603406e-06
0,0,7.2075056e-07
0,0,2.1624982e-07
0,0,1.7684283e-06
0,0,7.1136583e-07
0,0,4.1276502e-07
0,0,6.7852596e-07
0,0,3.9751288e-07
0,0,1.7353655e-06
0,0,7.162207e-07
0,0,8.162968e-07
0,0,2.878793e-07
0,0,9.218749e-07
0,0,5.6781926e-07
0,0,6.3916195e-07
0,0,1.1741763e-06
0,0,4.7777576e-07
0,0,7.160814e-07
0,0,1.768877e-06
0,0,7.842662e-07
0,0,1.4104417e-06
0,0,1.113154e-06
0,0,2.1065719e-07
0,0,5.742124e-07
0,0,1.9138033e-06
0,0,4.799033e-07
0,0,9.949752e-07
0,0,5.7075425e-07
0,0,5.1739204e-07
0,0,2.312638e-06
0,0,1.14068634e-07
0,0,3.4645745e-07
0,0,5.0683104e-07
0,0,6.873254e-07
0,0,3.698245e-07
0,0,2.7306234e-07
0,0,8.2511133e-07
0,0,4.5428533e-07
0,0,1.2303478e-06
0,0,1.8377368e-07
0,0,8.239452e-07
0,0,3.842626e-07
0,0,4.4577533e-07
0,0,3.540199e-07
0,0,5.62748e-07
0,0,4.0329638e-07
0,0,2.8890267e-07
0,0,1.0040917e-06
0,0,6.330556e-07
0,0,1.1460755e-06
0,0,4.14307e-07
0,0,3.9641012e-07
0,0,3.1551207e-07
0,0,4.8697467e-07
0,0,6.5290925e-07
0,0,1.3983955e-06
0,0,5.774127e-07
0,0,1.172159e-06
0,0,9.791777e-07
0,0,6.025337e-07
0,0,5.6715305e-07
0,0,4.0406326e-07
0,0,5.498368e-07
0,0,8.527365e-07
0,0,6.9404655e-07
0,0,5.1053297e-07
0,0,3.7870225e-07
0,0,1.9133968e-07
0,0,4.9453774e-07
0,0,7.4906615e-07
0,0,6.148256e-07
0,0,3.8846824e-07
0,0,5.2703194e-07
0,0,6.5928134e-07
0,0,2.4211695e-07
0,0,3.2576696e-07
0,0,7.953838e-07
0,0,5.088972e-07
0,0,8.543124e-07
0,0,1.5236756e-06
0,0,2.590179e-07
0,0,4.357061e-07
0,0,3.1210402e-07
0,0,3.642715e-07
0,0,3.2760698e-07
0,0,3.7975246e-07
0,0,5.160689e-07
0,0,8.7714193e-07
0,0,2.6249033e-06
0,0,8.348207e-07
0,0,5.2035216e-07
0,0,2.2660561e-07
0,0,3.2116543e-07
0,0,8.07739e-07
0,0,1.3656331e-06
0,0,3.139016e-07
0,0,5.630782e-07
0,0,5.1060846e-07
0,0,8.90334e-07
0,0,9.196507e-07
0,0,1.4285013e-06
0,0,2.3933384e-07
0,0,6.045073e-07
0,0,5.2055765e-07
0,0,3.9305974e-07
0,0,9.638683e-07
0,0,3.7069418e-07
0,0,2.2526687e-07
0,0,5.24783e-07
0,0,8.9699614e-07
0,0,3.7141749e-07
0,0,7.339148e-07
0,0,9.588762e-07
0,0,3.3398084e-07
0,0,3.2893859e-06
0,0,1.7195289e-06
0,0,2.321551e-07
0,0,1.8890515e-06
0,0,7.3306416e-07
0,0,1.7090982e-06
0,0,3.349815e-07
0,0,2.7030092e-07
0,0,3.2640662e-07
0,0,1.8115557e-07
0,0,6.462671e-07
0,0,1.2120703e-06
0,0,1.5694612e-06
0,0,4.28938e-07
0,0,3.2444862e-07
0,0,4.1475056e-07
0,0,4.1367176e-07
0,0,2.4566205e-07
0,0,2.7987446e-07
0,0,2.327792e-07
0,0,7.238448e-07
0,0,5.874859e-07
0,0,3.9720368e-07
0,0,4.5288337e-07
0,0,5.3657556e-07
0,0,1.0636863e-06
0,0,3.8272802e-07
0,0,1.7916166e-06
0,0,1.6743112e-07
0,0,1.3001197e-06
0,0,3.9768884e-07
0,0,2.1512271e-06
0,0,2.4827685e-07
0,0,4.4853397e-07
0,0,7.9966895e-07
0,0,2.1775269e-07
0,0,3.2610578e-07
0,0,5.422124e-07
0,0,4.6810064e-07
0,0,2.9565766e-07
0,0,2.9307859e-07
0,0,3.0232482e-07
0,0,1.4872206e-06
0,0,2.6372786e-07
0,0,1.1925315e-06
0,0,6.7483205e-07
0,0,1.2596723e-06
0,0,5.270978e-07
0,0,1.1637318e-06
0,0,5.6733643e-07
0,0,1.7361335e-06
0,0,1.6652933e-06
0,0,7.5122733e-07
0,0,1.6092545e-06
0,0,1.7814098e-07
0,0,9.657242e-07
0,0,3.827594e-07
0,0,7.8428263e-07
0,0,3.89423e-07
0,0,2.0598446e-07
0,0,4.1001752e-07
0,0,1.7571882e-06
0,0,2.0607379e-06
0,0,2.2482348e-07
0,0,7.5801586e-07
0,0,1.2913919e-06
0,0,7.0228805e-07
0,0,1.412966e-06
0,0,4.3659873e-07
0,0,1.0164975e-06
0,0,5.800277e-07
0,0,1.6370817e-06
0,0,4.207427e-07
0,0,9.360772e-07
0,0,2.3440163e-07
0,0,3.742563e-07
0,0,1.4091587e-07
0,0,1.364904e-06
0,0,6.52364e-07
0,0,1.6591237e-06
0,0,7.4098483e-07
0,0,4.513867e-07
0,0,1.2521124e-06
0,0,5.337517e-07
0,0,7.890489e-07
0,0,1.010082e-06
0,0,4.830965e-07
0,0,3.7179313e-07
0,0,4.991347e-07
0,0,5.370322e-07
0,0,7.633741e-07
0,0,5.794748e-07
0,0,6.080667e-07
0,0,2.0218145e-06
0,0,9.4949166e-07
0,0,4.16733e-07
0,0,3.6353686e-06
0,0,5.8303914e-07
0,0,1.0505094e-06
0,0,4.9357845e-07
0,0,5.172169e-07
0,0,2.0023849e-07
0,0,3.504381e-07
0,0,2.5991463e-07
0,0,4.23346e-07
0,0,2.9678114e-07
0,0,1.6277302e-07
0,0,3.6608523e-07
0,0,1.3783576e-06
0,0,4.3159454e-07
0,0,4.0778423e-07
0,0,2.4926787e-06
0,0,6.696987e-07
0,0,9.0619017e-07
0,0,2.394862e-06
0,0,1.99258e-07
0,0,1.2594076e-07
0,0,6.7462616e-07
0,0,3.904002e-07
0,0,4.3500648e-07
0,0,4.2358306e-07
0,0,2.6946137e-07
0,0,1.2679968e-07
0,0,8.348645e-07
0,0,2.7881552e-07
0,0,4.3295577e-07
0,0,6.652257e-07
0,0,5.8372177e-07
0,0,1.0664887e-06
0,0,2.8000557e-07
0,0,4.4465867e-07
0,0,6.215956e-07
0,0,6.171843e-07
0,0,5.971621e-07
0,0,2.8316407e-07
0,0,4.844317e-07
0,0,4.1261902e-07
0,0,2.4939123e-07
0,0,4.166829e-07
0,0,2.3167238e-06
0,0,8.9623e-07
0,0,1.2669915e-06
0,0,4.4354562e-07
0,0,1.251648e-06
0,0,3.1110928e-06
0,0,5.89118e-07
0,0,0.2782597
0,0,8.6323433e-07
0,0,9.663801e-07
0,0,3.742945e-07
0,0,5.002336e-07
0,0,4.6987623e-07
0,0,3.4677677e-07
0,0,2.753783e-07
0,0,9.1970685e-07
0,0,4.8891e-07
0,0,2.8487676e-07
0,0,5.485122e-07
0,0,4.257242e-07
0,0,6.1972924e-07
0,0,2.356962e-06
0,0,5.8937815e-07
0,0,1.2225837e-06
0,0,3.6788063e-07
0,0,5.171168e-07
0,0,2.3720358e-07
0,0,2.9083915e-07
0,0,8.729227e-07
0,0,5.0143865e-07
0,0,4.2791737e-07
0,0,8.611343e-07
0,0,4.3007674e-07
0,0,9.735713e-07
0,0,2.9719345e-06
0,0,3.658179e-07
0,0,1.4376305e-07
0,0,2.633182e-07
0,0,8.027183e-07
0,0,9.272437e-07
1,0,0.38867465
0,0,4.7160958e-07
0,0,7.1167045e-07
0,0,7.2615967e-07
0,0,3.9701885e-07
0,0,4.3607943e-07
0,0,5.0529775e-07
0,0,7.0314724e-07
0,0,1.5076071e-06
0,0,1.1999742e-06
0,0,1.252497e-06
0,0,7.382404e-07
0,0,7.8208456e-07
0,0,4.770618e-07
0,0,1.1638982e-06
0,0,8.3305434e-07
0,0,6.082024e-07
0,0,4.839865e-07
0,0,3.1373688e-06
0,0,2.6268692e-06
0,0,4.489397e-07
0,0,2.134538e-07
0,0,4.9251014e-07
0,0,4.836811e-07
0,0,4.5278273e-07
0,0,2.1207536e-06
0,0,9.662714e-07
0,0,2.3017479e-07
0,0,9.91253e-07
0,0,2.6899866e-07
0,0,1.0340955e-06
0,0,4.426242e-06
0,0,2.9548255e-06
0,0,2.8357833e-06
0,0,2.185374e-07
0,0,4.0559482e-07
0,0,2.7714984e-06
0,0,2.0326148e-07
0,0,3.0481573e-07
0,0,8.999196e-07
0,0,3.650244e-07
0,0,3.315171e-07
0,0,3.825959e-07
0,0,2.4261945e-07
0,0,5.848111e-07
0,0,5.500476e-07
0,0,6.821854e-07
0,0,4.778209e-07
0,0,3.3430842e-07
0,0,6.856409e-07
0,0,3.7841411e-07
0,0,0.018237006
0,0,9.37985e-07
0,0,2.9884993e-07
0,0,4.8075947e-07
0,0,5.908222e-07
0,0,3.8985405e-07
0,0,1.2088254e-06
0,0,3.085653e-07
0,0,2.6420565e-07
0,0,1.9694728e-07
0,0,3.2564395e-07
0,0,5.21844e-07
0,0,8.5844323e-07
0,0,1.1850745e-07
0,0,5.325268e-07
0,0,3.090518e-07
0,0,2.1726852e-07
0,0,4.2646784e-07
0,0,6.0056715e-07
0,0,3.85041e-07
0,0,2.9358267e-07
0,0,1.1189845e-06
0,0,3.4431153e-07
0,0,4.7778894e-07
0,0,4.3453548e-07
0,0,2.084361e-06
0,0,1.7035492e-06
0,0,6.889516e-07
0,0,8.05396e-07
0,0,1.4329152e-06
0,0,2.9113997e-07
0,0,1.1239996e-06
0,0,4.56823e-07
0,0,7.4899464e-07
0,0,2.6653827e-06
0,0,2.8427397e-07
0,0,3.447584e-07
0,0,8.016136e-07
0,0,5.466605e-07
0,0,8.8468005e-07
0,0,9.022536e-07
0,0,4.3085424e-07
0,0,6.781313e-07
0,0,3.2420368e-07
0,0,1.3028902e-06
0,0,5.2063706e-07
0,0,1.7332418e-06
0,0,2.4306735e-07
0,0,8.283399e-07
0,0,7.7419395e-07
0,0,6.0363453e-07
0,0,5.6455684e-07
0,0,3.9014452e-07
0,0,3.8974736e-07
0,0,3.5480167e-07
0,0,2.9528374e-07
0,0,7.807178e-07
0,0,4.3978054e-07
0,0,8.587954e-07
0,0,5.888949e-07
0,0,7.2187044e-07
0,0,8.38943e-07
0,0,5.762965e-07
0,0,1.0701484e-06
0,0,6.8061996e-07
0,0,6.4114244e-07
0,0,2.6054527e-06
0,0,1.066621e-06
0,0,8.091059e-07
0,0,1.010609e-06
0,0,4.4782828e-07
0,0,3.0648466e-06
0,0,1.8642078e-07
0,0,1.4390162e-06
0,0,4.1405426e-07
0,0,9.942884e-07
0,0,7.291979e-07
0,0,5.777664e-07
0,0,1.4070196e-07
0,0,4.017827e-07
0,0,3.3175587e-07
0,0,9.834077e-07
0,0,2.4848174e-07
0,0,5.702488e-07
0,0,5.9817836e-07
0,0,1.0717806e-06
0,0,7.545532e-07
0,0,9.81108e-07
0,0,3.8891082e-07
0,0,7.7975653e-07
0,0,1.1242633e-06
0,0,2.2639824e-07
0,0,3.9956987e-07
0,0,8.561793e-07
0,0,1.8585716e-07
0,0,6.318878e-07
0,0,5.84023e-07
0,0,3.6303754e-07
0,0,3.3928686e-07
0,0,3.8479473e-07
0,0,8.3652066e-07
0,0,9.500496e-07
0,0,1.6114153e-07
0,0,1.2281075e-06
0,0,5.602083e-07
0,0,8.325445e-07
0,0,6.747336e-07
0,0,7.453834e-07
0,0,4.3019736e-07
0,0,7.3683924e-07
0,0,4.471344e-07
0,0,3.5346463e-07
0,0,3.8140863e-07
0,0,5.269294e-07
0,0,1.2022743e-06
0,0,2.7240793e-07
0,0,7.862358e-07
0,0,8.524438e-07
0,0,5.164185e-07
0,0,2.877772e-07
0,0,5.162151e-07
0,0,1.1751308e-06
0,0,2.8295e-07
0,0,7.478006e-07
0,0,7.248492e-07
0,0,6.757459e-07
0,0,1.2735793e-06
0,0,3.4580881e-07
0,0,5.557544e-07
0,0,4.8263786e-07
0,0,2.4695166e-06
0,0,3.0619935e-07
0,0,6.84367e-07
0,0,3.476569e-07
0,0,2.8969038e-07
0,0,2.3673645e-07
0,0,1.6122223e-06
0,0,2.6731925e-07
0,0,9.857607e-07
0,0,7.858062e-07
0,0,5.178709e-07
0,0,4.6226208e-07
0,0,4.9888104e-07
0,0,7.7065664e-07
0,0,1.0776492e-06
0,0,7.5274266e-07
0,0,4.368774e-07
0,0,1.3689804e-06
0,0,2.937076e-07
0,0,2.5067318e-06
0,0,9.646362e-07
0,0,1.6827586e-06
0,0,5.422636e-07
0,0,1.4161295e-06
0,0,5.096957e-07
0,0,2.6984657e-07
0,0,7.731182e-07
0,0,2.1713417e-06
0,0,4.14324e-07
0,0,4.975284e-07
0,0,2.136273e-07
0,0,3.0069415e-07
0,0,2.6144826e-07
0,0,2.4358603e-06
0,0,2.3018715e-06
0,0,4.948543e-07
0,0,5.9969835e-07
0,0,4.9722905e-07
0,0,3.8877067e-07
0,0,5.984785e-07
0,0,4.3878683e-07
0,0,2.590762e-07
0,0,4.917742e-07
0,0,8.8308104e-07
0,0,1.0479617e-06
0,0,1.0402072e-06
0,0,2.488916e-06
0,0,3.3150476e-07
0,0,7.12978e-06
0,0,5.6128374e-07
0,0,4.8205e-07
0,0,1.4465342e-06
0,0,1.8723695e-06
0,0,6.446488e-07
0,0,4.9909426e-07
0,0,1.4028301e-06
0,0,3.9922364e-07
0,0,4.2296185e-07
0,0,2.575405e-07
0,0,9.766476e-07
0,0,1.2754012e-06
0,0,5.771562e-07
0,0,1.5243079e-06
0,0,9.299358e-07
0,0,3.7662514e-07
0,0,7.3707116e-07
0,0,3.9387854e-07
0,0,2.0840439e-07
0,0,1.6006542e-06
0,0,9.1539727e-07
0,0,5.231984e-07
0,0,3.2823996e-07
0,0,6.2018864e-07
0,0,8.676533e-07
0,0,1.2160776e-06
0,0,1.0473852e-06
0,0,7.36613e-07
0,0,4.6224488e-07
0,0,3.093809e-07
0,0,2.4399965e-06
0,0,3.982577e-06
0,0,4.3891615e-07
0,0,6.9069955e-07
0,0,4.510016e-07
0,0,1.4205293e-07
0,0,3.5925729e-07
0,0,1.4035257e-07
0,0,3.1400775e-06
0,0,7.016253e-07
0,0,5.203199e-07
0,0,5.4742526e-07
0,0,3.7122874e-07
0,0,1.8723252e-07
0,0,8.3888375e-07
0,0,2.01745e-06
0,0,4.971053e-07
0,0,3.0038206e-07
0,0,3.9966477e-07
0,0,4.2494418e-07
0,0,7.382199e-07
0,0,8.270257e-07
0,0,9.516709e-07
0,0,6.681657e-07
0,0,5.972942e-07
0,0,1.1426902e-06
0,0,2.8986145e-07
0,0,1.4816825e-06
0,0,2.9674067e-07
0,0,4.26713e-06
0,0,6.680758e-07
0,0,9.132348e-07
0,0,7.3919e-07
0,0,5.2630213e-07
0,0,1.1976581e-06
0,0,8.387574e-07
0,0,4.1765045e-07
0,0,1.0473932e-06
0,0,1.1977277e-06
0,0,3.854966e-07
0,0,1.2165376e-07
0,0,1.0675176e-06
0,0,2.294664e-07
0,0,2.3224415e-07
0,0,1.3084171e-07
0,0,5.8423745e-07
0,0,4.2787454e-07
0,0,3.2711964e-07
0,0,3.8135806e-07
0,0,4.3728042e-07
0,0,8.65441e-07
0,0,6.911054e-07
0,0,4.5352388e-07
0,0,5.4708653e-07
0,0,1.0446125e-07
0,0,2.3080432e-07
0,0,8.4292395e-07
0,0,8.161279e-07
0,0,4.1554716e-07
0,0,1.6144148e-06
0,0,5.398997e-07
0,0,1.300488e-06
0,0,7.743564e-07
0,0,1.2820278e-06
0,0,2.4279657e-06
0,0,8.820736e-07
0,0,2.1067667e-07
0,0,3.4093978e-07
0,0,9.802008e-07
0,0,2.9609305e-07
0,0,4.4251263e-07
0,0,3.3316041e-07
0,0,1.566163e-06
0,0,4.539523e-07
0,0,1.5479077e-06
0,0,2.2271092e-06
0,0,4.855973e-07
0,0,3.197474e-07
0,0,2.5729426e-07
0,0,6.604789e-07
0,0,5.294445e-07
0,0,8.4589067e-07
0,0,2.8721567e-07
0,0,1.5914499e-07
0,0,1.1813254e-06
0,0,9.5043924e-07
0,0,3.623945e-07
0,0,2.026548e-06
0,0,4.553328e-07
0,0,6.126027e-07
0,0,1.2420059e-06
0,0,6.0793855e-07
0,0,9.756319e-07
0,0,4.0722497e-07
0,0,5.751984e-07
0,0,5.894276e-07
0,0,3.470752e-07
0,0,4.3629694e-07
0,0,3.0594657e-07
0,0,9.239098e-07
0,0,1.2119732e-06
0,0,5.2016856e-07
0,0,3.9078722e-07
0,0,6.246929e-07
0,0,2.2122617e-06
0,0,1.5178078e-06
0,0,5.638939e-07
0,0,9.393582e-07
0,0,7.0063703e-07
0,0,1.1561785e-06
0,0,4.2644223e-07
0,0,1.0963446e-06
0,0,2.0029654e-07
0,0,4.7201766e-07
0,0,1.2336211e-06
0,0,1.72922e-07
0,0,5.329069e-07
0,0,8.6206535e-07
0,0,7.322976e-07
0,0,3.9603376e-07
0,0,1.0555124e-06
0,0,3.4518345e-07
0,0,4.1645288e-07
0,0,3.0388082e-07
0,0,8.1190404e-07
0,0,3.4510873e-07
0,0,7.911926e-07
0,0,3.7621197e-07
0,0,4.81187e-07
0,0,3.026603e-07
0,0,1.0538447e-06
0,0,7.4091776e-07
0,0,1.2993289e-06
0,0,3.7717075e-07
0,0,8.998322e-07
0,0,3.9751973e-07
0,0,2.5213902e-07
0,0,7.490254e-07
0,0,3.6566652e-07
0,0,1.7780336e-06
0,0,7.8739583e-07
0,0,4.0141387e-07
0,0,4.09285e-07
0,0,5.879623e-07
0,0,6.323116e-07
0,0,1.3527707e-06
0,0,5.25268e-06
0,0,3.7588632e-07
0,0,3.5896553e-06
0,0,2.1479808e-07
0,0,5.596887e-07
0,0,7.7790924e-07
0,0,6.151827e-07
0,0,8.180456e-07
0,0,2.2244474e-06
0,0,1.117904e-06
0,0,6.141033e-05
0,0,5.445957e-07
0,0,2.123417e-06
0,0,1.7634217e-07
0,0,9.769335e-07
0,0,2.508492e-06
0,0,5.2550774e-07
0,0,4.426097e-07
0,0,4.766939e-07
0,0,2.367135e-06
0,0,2.0977728e-07
0,0,4.0476056e-07
0,0,5.522821e-07
0,0,1.2953278e-06
0,0,4.69014e-07
0,0,1.8627698e-06
0,0,1.5729495e-06
0,0,6.174951e-07
0,0,2.2332752e-06
0,0,8.3765264e-07
0,0,6.9604243e-07
0,0,1.0197161e-06
0,0,3.4766424e-07
0,0,9.873104e-07
0,0,1.7308087e-06
0,0,7.278736e-07
0,0,1.6906758e-06
0,0,4.4002638e-07
0,0,2.4082482e-07
0,0,3.2774386e-07
0,0,2.5478778e-07
0,0,5.83685e-07
0,0,4.9279383e-06
0,0,4.8120535e-07
0,0,1.9401184e-06
0,0,6.153617e-07
0,0,4.829975e-07
0,0,3.2668444e-07
0,0,2.4947852e-07
0,0,4.3682794e-06
0,0,1.4775719e-06
0,0,1.843855e-07
0,0,1.6530746e-06
0,0,4.89828e-07
0,0,2.7510873e-07
0,0,1.5117244e-07
0,0,6.267421e-07
0,0,8.1232304e-07
0,0,1.138054e-06
0,0,2.5400777e-07
0,0,2.6875813e-07
0,0,4.1219934e-07
0,0,3.229496e-07
0,0,2.5936297e-06
0,0,7.7529637e-07
0,0,2.0550444e-06
0,0,8.3345964e-07
0,0,1.1834949e-06
0,0,6.9526556e-07
0,0,1.1762509e-06
0,0,6.4401036e-07
0,0,2.5979642e-07
0,0,4.53159e-07
0,0,2.038248e-07
0,0,5.022973e-07
0,0,1.4465921e-06
0,0,4.9576124e-07
0,0,3.1778086e-07
0,0,2.478045e-06
0,0,9.033031e-07
0,0,2.2645307e-07
0,0,1.6991684e-06
0,0,4.5004347e-07
0,0,1.7293353e-06
0,0,5.322258e-07
0,0,1.828337e-06
0,0,4.4200775e-07
0,0,1.2960061e-06
0,0,2.268865e-07
0,0,3.1713796e-06
1,0,0.06364052
0,0,6.601596e-07
0,0,6.552253e-07
0,0,3.277876e-07
0,0,3.6609504e-07
0,0,7.198013e-07
0,0,6.337774e-07
0,0,4.774241e-07
0,0,2.7874214e-07
0,0,3.843909e-07
0,0,5.722733e-07
0,0,6.0560427e-07
0,0,5.116896e-07
0,0,5.208481e-07
0,0,3.1264415e-07
0,0,9.1384373e-07
0,0,1.0385814e-06
0,0,1.4733141e-06
0,0,5.0682866e-07
0,0,2.5173009e-07
0,0,5.280482e-07
0,0,4.3230966e-07
0,0,3.6794378e-07
0,0,4.4936246e-07
0,0,3.248536e-07
0,0,1.0793649e-06
0,0,6.2139344e-07
0,0,2.047092e-07
0,0,2.467532e-06
0,0,1.5615423e-07
0,0,5.504732e-07
0,0,0.23907998
0,0,1.3416916e-07
0,0,7.9286343e-07
0,0,3.7911312e-07
0,0,7.8447124e-07
0,0,2.6059791e-07
0,0,4.2803657e-07
0,0,3.1825456e-07
0,0,6.222177e-07
0,0,2.7344933e-07
0,0,1.0677833e-06
0,0,8.0395637e-07
0,0,5.58169e-07
0,0,1.2701806e-06
0,0,1.3952092e-06
0,0,6.049906e-07
0,0,9.1945104e-08
0,0,5.7881533e-07
0,0,2.9158485e-07
0,0,5.26386e-07
0,0,5.3789125e-07
0,0,3.7278159e-07
0,0,1.0875016e-06
0,0,3.65992e-07
0,0,2.4042117e-07
0,0,6.199173e-07
0,0,3.4251647e-07
0,0,4.2564386e-07
0,0,1.016896e-06
0,0,2.2152459e-07
0,0,2.2006705e-07
0,0,9.1527505e-07
0,0,8.642698e-07
0,0,2.0921877e-06
0,0,4.676883e-07
0,0,6.9304986e-07
0,0,1.031209e-06
0,0,2.9541215e-07
0,0,6.465796e-07
0,0,5.7186355e-07
0,0,7.0504075e-07
0,0,1.279308e-06
0,0,3.3507385e-07
0,0,3.903686e-07
0,0,3.303651e-07
0,0,8.359704e-07
0,0,5.1785656e-07
0,0,8.9491294e-07
0,0,9.208881e-07
0,0,5.5060394e-07
0,0,2.6495e-07
0,0,3.1797487e-07
0,0,1.0396686e-06
0,0,3.570794e-07
0,0,1.1730929e-06
0,0,1.8744202e-05
0,0,5.739255e-07
0,0,2.7437406e-07
0,0,7.800517e-07
0,0,3.055369e-07
0,0,4.3853706e-07
0,0,7.342823e-07
0,0,5.1757314e-07
0,0,4.7844054e-07
0,0,5.072822e-07
0,0,2.8142033e-06
0,0,4.884314e-07
0,0,1.1101855e-06
0,0,1.5894008e-06
0,0,1.0236291e-06
0,0,2.7570573e-07
0,0,3.6841044e-07
0,0,3.3870978e-07
0,0,8.280098e-07
0,0,1.8754562e-07
0,0,4.161226e-07
0,0,9.770407e-07
0,0,3.271165e-07
0,0,2.142163e-07
0,0,3.973199e-06
0,0,2.713749e-07
0,0,3.9101465e-07
0,0,4.1067335e-07
0,0,7.507876e-07
0,0,1.1093176e-06
0,0,3.6425274e-07
0,0,2.4118543e-07
0,0,2.913983e-07
0,0,1.3825666e-06
0,0,3.7666968e-07
0,0,7.9813975e-07
0,0,4.948609e-07
0,0,3.5902127e-07
0,0,3.8985925e-07
0,0,6.4819847e-07
0,0,4.8223023e-07
0,0,2.8571392e-07
0,0,6.807173e-07
0,0,3.4056706e-07
0,0,2.2784535e-07
0,0,1.6948845e-06
0,0,4.369853e-07
0,0,3.9214393e-07
0,0,1.7559421e-07
0,0,5.937565e-06
0,0,2.8450802e-07
0,0,1.2526224e-06
0,0,8.314265e-07
0,0,1.2910618e-06
0,0,4.703645e-07
0,0,2.3930556e-07
0,0,5.9931926e-07
0,0,2.7581433e-07
0,0,3.4237996e-07
0,0,3.3424383e-06
0,0,5.352866e-07
0,0,1.004064e-06
0,0,1.834382e-07
0,0,3.0801786e-07
0,0,3.9546916e-07
0,0,5.772542e-07
0,0,4.924157e-07
0,0,3.4320118e-07
0,0,4.4792185e-07
0,0,5.3554646e-07
0,0,1.3394775e-06
0,0,2.4863724e-07
0,0,1.166868e-06
0,0,2.2265561e-07
0,0,4.864497e-07
0,0,1.1155983e-06
0,0,1.2442644e-06
0,0,6.2837535e-07
0,0,1.3840968e-06
0,0,1.3934208e-06
0,0,7.639844e-07
0,0,2.048386e-06
0,0,5.2342654e-07
0,0,1.3501321e-07
0,0,5.232703e-07
0,0,4.0520817e-07
0,0,3.677035e-07
0,0,1.1566749e-06
0,0,3.7453765e-07
0,0,5.4502283e-07
0,0,4.449613e-06
0,0,2.2757041e-07
0,0,7.8925285e-07
0,0,1.1533384e-06
0,0,1.284834e-07
0,0,4.5606077e-07
0,0,7.434864e-07
0,0,5.678929e-07
0,0,4.2327983e-07
0,0,1.2615237e-06
0,0,2.4294684e-07
0,0,6.106568e-07
0,0,5.6951785e-07
0,0,2.7607857e-07
0,0,7.4151643e-07
0,0,4.2654838e-07
0,0,7.753266e-07
0,0,6.496652e-07
0,0,3.4557377e-07
0,0,4.3455537e-07
0,0,9.5358973e-07
0,0,4.2572543e-07
0,0,2.4948758e-07
0,0,2.3635594e-06
0,0,2.4656738e-06
0,0,5.0346125e-07
0,0,5.039892e-07
0,0,6.447195e-07
0,0,6.1477516e-07
0,0,4.0446267e-07
0,0,8.8124284e-07
0,0,8.9384673e-07
0,0,7.861736e-07
0,1,0.8063655
0,0,4.2123537e-07
0,0,5.1696344e-07
0,0,3.400643e-07
0,0,1.7243551e-06
0,0,4.5067483e-07
0,0,8.667328e-07
0,0,3.7127262e-07
0,0,1.1178987e-06
0,0,1.2031209e-06
0,0,3.474312e-07
0,0,1.7707573e-06
0,0,7.100292e-07
0,0,7.628551e-07
0,0,2.9646517e-07
0,0,6.7608175e-07
0,0,3.8555174e-07
0,0,3.870475e-07
0,0,8.4405906e-07
0,0,9.183194e-07
0,0,8.5774843e-07
0,0,6.881544e-07
0,0,5.966338e-07
0,0,4.4977974e-06
0,0,5.8740744e-07
0,0,2.575975e-07
0,0,6.681039e-07
0,0,1.573167e-06
0,0,6.653386e-07
0,0,3.702384e-07
0,0,3.051112e-07
0,0,8.379643e-07
0,0,2.7697916e-07
0,0,3.827174e-07
0,0,6.2575845e-07
0,0,9.4179364e-07
0,0,1.3245717e-06
0,0,1.106677e-06
0,0,1.0260794e-06
0,0,2.9655706e-07
0,0,6.067998e-07
0,0,2.9714195e-07
0,0,1.1767861e-06
0,0,2.8930634e-07
0,0,1.9399914e-07
0,0,5.3388965e-07
0,0,2.6605574e-07
0,0,3.2863838e-07
0,0,3.4142425e-07
0,0,1.4707492e-06
0,0,6.5699294e-07
0,0,9.606207e-07
0,0,1.6619997e-07
0,0,1.5286969e-07
0,0,2.1838832e-06
0,0,1.4072103e-06
0,0,4.0229915e-07
0,0,7.497251e-07
0,0,8.722296e-07
0,0,1.3103466e-06
0,0,5.719748e-07
0,0,2.87314e-06
0,0,6.9463596e-07
0,0,1.3615329e-06
0,0,1.1702613e-06
0,0,3.9448938e-07
0,0,5.8279284e-07
0,0,2.4735772e-07
0,0,3.6901207e-07
0,0,3.5977328e-07
0,0,7.0990194e-07
0,0,1.1144754e-06
0,0,1.6179474e-06
0,0,2.9092766e-07
0,0,2.0788154e-07
0,0,1.6138375e-06
0,0,3.561224e-07
0,0,8.238674e-07
0,0,5.670032e-07
0,0,1.2110975e-06
0,0,2.4057897e-07
0,0,1.2980272e-06
0,0,4.907047e-07
0,0,6.9643085e-07
0,0,3.8594246e-07
0,0,5.96503e-07
0,0,1.3799478e-06
0,0,2.1639525e-07
0,0,8.4696666e-07
0,0,4.3528414e-07
0,0,1.7409668e-07
0,0,8.845637e-07
0,0,9.3614835e-06
0,0,3.561078e-07
0,0,1.1006083e-06
0,0,2.0218499e-07
0,0,3.786903e-07
0,0,3.4670205e-07
0,0,3.7399906e-07
0,0,1.5340584e-06
0,0,2.1598477e-07
0,0,5.370844e-07
0,0,1.1329157e-06
0,0,7.056327e-07
0,0,8.091268e-07
0,0,2.1309299e-07
0,0,4.6800776e-07
0,0,2.278465e-06
0,0,6.7800977e-07
0,0,2.8100712e-07
0,0,5.0451865e-07
0,0,1.1252116e-06
0,0,2.4124733e-07
0,0,5.523431e-07
0,0,8.389462e-07
0,0,6.648693e-07
0,0,6.27221e-07
0,0,1.813846e-07
0,0,2.4186423e-07
0,0,4.2775173e-07
0,0,3.7500266e-07
0,0,4.8983503e-07
0,0,5.928439e-07
0,0,3.2533788e-07
0,0,2.9064034e-07
0,0,6.868385e-07
0,0,8.330035e-07
0,0,2.874368e-07
0,0,9.328938e-07
0,0,2.449936e-07
0,0,5.7429287e-07
0,0,1.4383506e-06
0,0,3.135393e-07
0,0,9.182406e-07
0,0,6.614995e-07
0,0,2.6843566e-07
0,0,4.017348e-07
0,0,3.8046372e-07
0,0,3.258723e-07
0,0,2.2072808e-07
0,0,2.1268613e-07
0,0,6.129691e-07
0,0,6.3862456e-07
0,0,4.9783307e-07
0,0,5.3861555e-07
0,0,1.9037003e-06
0,0,6.628869e-07
0,0,1.5007757e-07
0,0,4.1634925e-07
0,0,2.7036202e-07
0,0,4.6221888e-07
0,0,1.2297085e-06
0,0,1.1465359e-06
0,0,4.0821962e-07
0,0,2.4606484e-07
0,0,2.0975168e-07
0,0,9.0768765e-08
0,0,0.12241605
0,0,2.0839683e-07
0,0,7.4886617e-07
0,0,7.369032e-07
0,0,1.9468155e-07
0,0,3.5223906e-07
0,0,3.3665337e-06
0,0,7.2628364e-07
0,0,8.043812e-07
0,0,4.6853296e-07
0,0,6.3245335e-07
0,0,3.6286932e-07
0,0,2.2363048e-07
0,0,6.3018535e-07
0,0,1.1311764e-06
0,0,6.3513943e-07
0,0,7.496722e-07
0,0,6.340459e-07
0,0,5.163283e-07
0,0,8.083725e-07
0,0,1.0056835e-06
0,0,9.665423e-07
0,0,4.3826654e-07
0,0,1.0768089e-06
0,0,2.8415363e-07
0,0,2.710203e-07
0,0,2.5436802e-07
0,0,3.457729e-07
0,0,1.7718656e-07
0,0,1.0701137e-06
0,0,1.2719318e-07
0,0,2.4860142e-07
0,0,1.0264846e-06
0,0,3.5573476e-07
0,0,4.796224e-07
0,0,5.376636e-07
0,0,3.8700395e-07
0,0,4.901972e-07
0,0,1.7071288e-06
0,0,3.1302392e-07
0,0,2.6709372e-07
0,0,1.2168525e-06
0,0,2.4922528e-07
0,0,1.1647554e-06
0,0,9.515139e-07
0,0,9.082043e-07
0,0,6.120648e-07
0,0,1.4873778e-07
0,0,3.682945e-07
0,0,0.0069342502
0,0,1.9548676e-07
0,0,6.4497226e-07
0,0,2.8528616e-06
0,0,5.0662715e-07
0,0,6.67152e-07
0,0,6.219193e-07
0,0,6.8379813e-07
0,0,1.0271015e-06
0,0,2.1874016e-06
0,0,6.016569e-07
0,0,3.4319953e-07
0,0,6.5182985e-07
0,0,1.7590563e-07
0,0,1.454413e-07
0,0,2.2925258e-06
0,0,3.8607647e-07
0,0,5.0659474e-07
0,0,1.7950204e-07
0,0,6.6642514e-07
0,0,2.5325383e-07
0,0,2.4231352e-07
0,0,1.0621325e-06
0,0,5.0301446e-07
0,0,3.5654108e-07
0,0,9.0180197e-07
0,0,1.0186499e-06
0,0,1.6722257e-07
0,0,2.5867254e-07
0,0,2.8736198e-07
0,0,4.5696194e-07
0,0,3.962491e-07
0,0,4.698328e-07
0,0,7.3071124e-07
0,0,1.2456417e-06
0,0,1.960814e-06
0,0,1.2593036e-06
0,0,2.6381062e-07
0,0,3.6147566e-07
0,0,4.861751e-07
0,0,3.1312484e-07
0,0,3.3994306e-07
0,0,3.3539897e-07
0,0,6.90211e-07
0,0,5.8495334e-07
0,0,1.2824424e-06
0,0,3.2332895e-07
0,0,4.0640987e-07
0,0,7.9236605e-07
0,0,2.550513e-07
0,0,2.7088308e-07
0,0,1.0069388e-06
0,0,5.937447e-07
0,0,2.4744131e-06
0,0,6.71246e-07
0,0,9.977869e-07
0,0,7.3410376e-07
0,0,5.494604e-07
0,0,6.247674e-07
0,0,7.971167e-07
0,0,7.444641e-07
0,0,5.0688953e-07
0,0,7.491584e-08
0,0,4.4137002e-07
0,0,6.448366e-06
0,0,2.5424941e-07
0,0,1.7475507e-07
0,0,4.7044213e-07
0,0,9.474076e-07
0,0,2.6255117e-07
0,0,3.0862708e-07
0,0,1.1120229e-06
0,0,4.8719113e-07
0,0,3.8751804e-07
0,0,1.3552151e-06
0,0,1.0490166e-06
0,0,3.34458e-07
0,0,5.227765e-07
0,0,5.116018e-07
0,0,2.344435e-06
0,0,1.190418e-06
0,0,9.483614e-07
0,0,5.155868e-07
0,0,9.87202e-07
0,0,6.390577e-07
0,0,3.1407438e-07
0,0,6.24463e-07
0,0,2.6433395e-07
0,0,9.581714e-07
0,0,3.420872e-07
0,0,8.5868476e-07
0,0,1.2421219e-06
0,0,9.109254e-07
0,0,5.038042e-07
0,0,7.27064e-07
0,0,8.933763e-07
0,0,2.3121102e-07
0,0,4.323059e-07
0,0,1.1145243e-06
0,0,0.116426274
0,0,3.7689247e-07
0,0,6.7436497e-07
0,0,6.7952516e-07
0,0,5.420138e-07
0,0,1.4337748e-07
0,0,3.0142402e-07
0,0,2.9198358e-07
0,0,7.221266e-07
0,0,3.9422915e-07
0,0,9.5347974e-07
0,0,1.7865765e-06
0,0,1.4982676e-06
0,0,2.1383269e-06
0,0,1.5786255e-06
0,0,1.1890735e-06
0,0,1.3643835e-06
0,0,1.9916788e-06
0,0,1.2349982e-06
0,0,2.6058126e-07
0,0,8.449933e-07
0,0,0.00033148873
0,0,7.486355e-07
0,0,1.7643332e-06
0,0,1.1939812e-06
0,0,2.4331158e-07
0,0,3.9798363e-07
0,0,1.6840509e-06
0,0,4.3637309e-07
0,0,3.8199687e-07
0,0,6.2497656e-07
0,0,5.0068894e-07
0,0,9.556618e-07
0,0,2.7747674e-07
0,0,3.390847e-07
0,0,2.5664215e-07
0,0,3.7802386e-06
0,0,1.923351e-07
0,0,2.062228e-06
0,0,1.1173956e-06
0,0,4.975545e-07
0,0,2.8658226e-07
0,0,6.0697454e-07
0,0,7.093836e-07
0,0,3.527598e-07
0,0,2.2276669e-07
0,0,6.1259976e-07
0,0,1.9593284e-07
0,0,1.609563e-06
0,0,2.8317112e-07
0,0,3.4110113e-07
0,0,5.102107e-07
0,0,6.637827e-07
0,0,8.656523e-07
0,0,4.1911957e-07
0,0,6.2448447e-07
0,0,1.6549802e-07
0,0,4.7669255e-07
0,0,1.6568783e-06
0,0,7.2319756e-07
0,0,2.75419e-07
0,0,1.4841955e-06
0,0,3.3883933e-07
0,0,3.9030604e-07
0,0,0.00021852921
0,0,3.1335247e-07
0,0,4.4700818e-07
0,0,5.4471053e-07
0,0,1.477007e-06
0,0,5.4863153e-07
0,0,2.1288315e-07
0,0,2.3128891e-06
0,0,2.4311325e-07
0,0,9.2656575e-07
0,0,2.7415746e-07
0,0,1.3949498e-06
0,0,1.2084922e-06
0,0,2.0164093e-06
0,0,1.0863884e-06
0,0,7.7282635e-07
0,0,3.7205493e-07
0,0,4.7097853e-07
0,0,2.770534e-07
0,0,4.9563835e-07
0,0,1.0045131e-06
0,0,6.5627967e-07
0,0,5.2832723e-07
0,0,2.1999622e-06
0,0,3.976752e-07
0,0,8.809462e-07
0,0,2.7315403e-07
0,0,1.7280626e-06
0,0,3.7627333e-07
0,0,6.196688e-06
0,0,1.5181406e-07
0,0,4.952325e-07
0,0,3.7015158e-07
0,0,1.9984414e-07
0,0,1.6668488e-06
0,0,8.134161e-07
0,0,5.4310146e-07
0,0,5.867815e-07
0,0,5.8590246e-07
0,0,2.3071452e-07
0,0,4.3957508e-07
0,0,3.0517697e-07
0,0,6.9971094e-07
0,0,1.1109157e-07
0,0,7.502121e-07
0,0,1.9212996e-07
0,0,1.7153148e-07
0,0,1.0754071e-06
0,0,6.440073e-07
0,0,1.0345867e-06
0,0,3.2328484e-07
0,0,9.052046e-07
0,0,2.6622934e-07
0,0,1.0705904e-06
0,0,8.7734776e-07
0,0,5.337481e-07
0,0,1.2123871e-06
0,0,4.853857e-07
0,0,2.329294e-06
0,0,6.2003664e-07
0,0,1.1102977e-06
0,0,6.4375246e-07
0,0,1.1766795e-06
0,0,6.3675697e-07
0,0,3.3075696e-07
0,0,1.9363299e-07
0,0,4.5136863e-07
0,0,1.936871e-07
0,0,9.0985407e-07
0,0,2.2900194e-06
0,0,3.9266035e-07
0,0,1.3574451e-06
0,0,5.349661e-07
0,0,3.216175e-07
0,0,8.3092556e-07
0,0,7.939992e-07
0,0,8.165522e-07
0,0,9.120815e-07
0,0,1.0731e-06
0,0,7.4495415e-07
0,0,2.8533353e-07
0,0,7.364662e-07
0,0,2.0445478e-07
0,0,3.336609e-07
0,0,2.3496517e-07
0,0,6.6361497e-07
0,0,2.0967508e-07
0,0,7.6768873e-07
0,0,9.49048e-07
0,0,1.7070166e-06
0,0,2.311883e-07
0,0,4.1379292e-07
0,0,1.6595699e-07
0,0,5.20297e-07
0,0,5.7349814e-07
0,0,2.4506255e-07
0,0,4.2849607e-07
0,0,1.9326617e-06
0,0,1.3342362e-06
0,0,7.800265e-07
0,0,2.327955e-06
0,0,4.548858e-07
0,0,4.2114738e-07
0,0,2.1175958e-07
0,0,4.1552735e-07
0,0,1.2125305e-06
0,0,1.8022895e-06
0,0,2.0599125e-06
0,0,1.5249899e-06
0,0,6.80496e-07
0,0,1.2490711e-06
0,0,1.6722829e-06
0,0,4.6909855e-07
0,0,6.460311e-07
0,0,2.154126e-06
0,0,6.69935e-07
0,0,2.5446553e-07
0,0,6.6387514e-07
0,0,3.193855e-06
0,0,5.182439e-07
0,0,2.6115495e-07
0,0,3.6632446e-07
0,0,5.615439e-07
0,0,7.466334e-07
0,0,8.6772525e-07
0,0,2.654138e-07
0,0,8.908079e-07
0,0,3.1175776e-07
0,0,3.4006075e-07
0,0,7.725308e-07
0,0,1.4101041e-06
0,0,6.3513096e-07
0,0,3.5511954e-07
0,0,6.7222874e-07
0,0,2.8262127e-07
0,0,2.3581822e-07
0,0,5.75448e-07
0,0,9.687839e-07
0,0,1.7325411e-06
0,0,3.4387082e-07
0,0,3.0106804e-07
0,0,9.985541e-07
0,0,3.226008e-07
0,0,3.8429963e-07
0,0,6.412733e-07
0,0,7.6811347e-07
0,0,3.5164632e-07
0,0,1.3773603e-06
0,0,4.3653296e-07
0,0,6.085575e-07
0,0,4.1268274e-07
0,0,3.0814435e-06
0,0,1.5483978e-06
0,0,4.4955317e-07
0,0,3.5222294e-07
0,0,5.378984e-07
0,0,9.229631e-07
0,0,0.020167785
0,0,8.364273e-07
0,0,4.360615e-07
0,0,0.1437136
0,0,8.6524625e-07
0,0,5.751616e-07
0,0,4.054811e-07
0,0,1.8673178e-06
0,0,8.662155e-07
0,0,8.6712635e-07
0,0,5.4829053e-07
0,0,5.548472e-07
0,0,3.4617705e-07
0,0,2.843903e-07
0,0,0.28248668
0,0,2.3263517e-07
0,0,5.670427e-07
0,0,2.658612e-07
0,0,2.0693349e-07
0,0,8.0241836e-07
0,0,3.0737833e-06
0,0,3.3960185e-07
0,0,5.6490313e-07
0,0,7.419083e-07
0,0,1.1429157e-06
0,0,2.649697e-07
0,0,4.485695e-07
0,0,4.429644e-07
0,0,5.8077603e-07
0,0,5.3662825e-07
0,0,4.92466e-07
0,0,2.7022102e-06
0,0,3.0290633e-07
0,0,3.236703e-06
0,0,3.8275975e-06
0,0,6.871333e-07
0,0,1.3076377e-06
0,0,2.451472e-06
0,0,6.301048e-07
0,0,1.0521432e-05
0,0,1.4817772e-06
0,0,5.227191e-07
0,0,4.226711e-07
0,0,3.4756744e-07
0,0,5.3426703e-07
0,0,1.0159597e-06
0,0,9.504069e-08
0,0,1.3479788e-06
0,0,9.796439e-07
0,0,8.5416247e-07
0,0,9.078587e-07
0,0,3.0333243e-07
0,0,1.900773e-07
0,0,1.218012e-07
0,0,2.8791197e-07
0,0,3.7299813e-07
0,0,5.849751e-07
0,0,1.5447769e-06
0,0,5.514274e-07
0,0,1.326317e-07
0,0,1.4923709e-06
0,0,1.6476824e-06
0,0,9.1488056e-07
0,0,5.7961074e-07
0,0,8.860868e-07
0,0,1.5278022e-06
0,0,2.6077544e-06
0,0,3.0476687e-07
0,0,1.0931394e-06
0,0,1.2440651e-06
0,0,2.031271e-06
0,0,2.5698012e-07
0,0,4.611824e-07
0,0,9.530297e-07
0,0,1.0179419e-06
0,0,2.6531765e-07
0,0,1.1754692e-06
0,0,6.7560622e-06
0,0,2.8516678e-07
0,0,1.0743984e-06
0,0,4.919027e-07
0,0,5.6120666e-07
0,0,1.2057168e-06
0,0,3.8349782e-07
0,0,4.3698364e-07
0,0,5.348926e-07
0,0,9.954763e-07
0,0,6.906646e-07
0,0,1.0253947e-06
0,0,2.1191535e-07
0,0,2.0369337e-06
0,0,5.2455584e-07
0,0,6.2945674e-07
0,0,6.562734e-07
0,0,2.180569e-07
0,0,2.619604e-07
0,0,1.0275287e-06
0,0,5.4486117e-07
0,0,8.174755e-07
0,0,7.3712806e-07
0,0,3.3912676e-07
0,0,1.6021065e-07
0,0,1.1727114e-06
0,0,6.759425e-07
0,0,3.3754924e-07
0,0,1.0025617e-06
0,0,3.808605e-07
0,0,1.195808e-06
0,0,9.738973e-07
0,0,1.1762104e-06
0,0,1.1022343e-06
0,0,2.5737086e-06
0,0,8.2351784e-07
0,0,2.5939016e-07
0,0,2.601795e-07
0,0,1.9449944e-06
0,0,2.9822755e-07
0,0,3.6834228e-07
0,0,9.4675914e-07
0,0,2.2081484e-07
0,0,1.5698654e-06
0,0,5.1892096e-07
0,0,1.3265767e-06
0,0,3.2303922e-07
0,0,8.208997e-07
0,0,1.5384461e-06
0,0,8.709744e-07
0,0,4.7624906e-07
0,0,6.3797506e-07
0,0,4.2722624e-07
0,0,5.9463093e-07
0,0,4.2891716e-07
0,0,7.894862e-07
0,0,6.032415e-07
0,0,1.3617706e-06
0,0,3.9557167e-06
0,0,5.258892e-07
0,0,3.202656e-07
0,0,2.1211976e-07
0,0,4.7499717e-07
0,0,3.1863993e-07
0,0,4.045097e-07
0,0,5.4619665e-07
0,0,2.1425329e-07
0,0,3.2041345e-07
0,0,1.50848e-06
0,0,9.688856e-07
0,0,6.9204793e-07
0,0,6.3566483e-07
0,0,2.043193e-07
0,0,7.914778e-07
0,0,1.3479132e-06
0,0,2.652835e-07
0,0,4.351418e-07
0,0,4.99259e-07
0,0,9.4786674e-07
0,0,2.2120444e-06
0,0,1.9258601e-07
0,0,1.5730111e-06
0,0,1.0688358e-06
0,0,4.5858727e-07
0,0,7.241293e-07
0,0,1.8220258e-07
0,0,1.955389e-06
0,0,1.2410966e-06
1,1,0.519266
0,0,5.701944e-07
0,0,6.9584064e-07
0,0,3.6202835e-07
0,0,1.904207e-06
0,0,5.926421e-07
0,0,8.860125e-07
0,0,2.0495084e-07
0,0,2.4479206e-07
0,0,3.834773e-06
0,0,1.003884e-06
0,0,1.9568256e-06
0,0,8.132951e-07
0,0,2.6176662e-07
0,0,2.8225628e-07
0,0,2.142346e-06
0,0,4.7959634e-07
0,0,6.6583124e-07
0,0,2.5995853e-06
0,0,8.170414e-07
0,0,2.8742966e-07
0,0,4.0389685e-07
0,0,7.1232574e-07
0,0,1.9142997e-06
0,0,5.574025e-07
0,0,1.0643814e-06
0,0,2.7552832e-07
0,0,3.9371815e-07
0,0,4.7187322e-07
0,0,6.699286e-07
0,0,3.874312e-07
0,0,8.4765435e-07
0,0,4.8279855e-07
0,0,2.7436988e-07
0,0,9.092373e-07
0,0,6.271558e-07
0,0,8.583287e-07
0,0,3.1748372e-05
0,0,4.7646074e-07
0,0,1.0988997e-06
0,0,4.6093263e-07
0,0,3.813686e-07
0,0,4.1741114e-07
0,0,4.887757e-07
0,0,9.279931e-07
0,0,4.1269453e-07
0,0,8.408951e-07
0,0,4.0474433e-07
0,0,1.6436411e-06
0,0,2.057367e-07
0,0,7.472032e-07
0,0,5.958645e-07
0,0,2.3219123e-07
0,0,7.551132e-07
0,0,9.141741e-07
0,0,3.2156476e-07
0,0,3.7367641e-07
0,0,7.3648134e-06
0,0,8.337077e-07
0,0,2.3244165e-06
0,0,1.8076361e-06
0,0,6.2400636e-07
0,0,3.7300953e-07
0,0,1.4982633e-06
0,0,1.2336328e-06
0,0,7.801329e-07
0,0,6.500755e-07
0,0,2.167164e-07
0,0,5.081654e-07
0,0,2.9990343e-07
0,0,1.4096724e-06
0,0,7.68754e-07
0,0,2.1631375e-07
0,0,9.222275e-07
0,0,4.178684e-07
0,0,6.665123e-07
0,0,2.3059465e-07
0,0,1.2070835e-06
0,0,3.3275904e-07
0,0,5.633521e-07
0,0,8.689508e-07
0,0,1.1983118e-05
0,0,9.79287e-07
0,0,3.5130643e-07
0,0,1.0736372e-06
0,0,2.6807928e-07
0,0,9.637148e-07
0,0,3.165709e-07
0,0,4.1908484e-07
0,0,8.524657e-07
0,0,1.0741032e-06
0,0,2.6739423e-07
0,0,4.4912423e-07
0,0,2.0989175e-07
0,0,8.564521e-07
0,0,1.0383171e-06
0,0,7.060763e-07
0,0,5.739386e-07
0,0,3.3003258e-07
0,0,4.1686337e-07
0,0,2.613027e-07
0,0,5.003123e-07
0,0,4.5150125e-07
0,0,6.90419e-07
0,0,1.9273557e-07
0,0,9.875622e-08
0,0,2.9108668e-07
0,0,1.2228005e-06
0,0,4.974843e-07
0,0,2.457066e-06
0,0,7.188402e-07
0,0,3.150845e-07
0,0,4.969517e-07
0,0,5.717567e-07
0,0,4.0884922e-07
0,0,9.2573015e-07
0,0,3.4339172e-07
0,0,1.3017263e-06
0,0,9.920834e-07
0,0,1.2652612e-06
0,0,3.6583817e-06
0,0,4.92949e-07
0,0,9.313764e-07
0,0,2.8076656e-07
0,0,4.145062e-07
0,0,4.3454006e-07
0,0,6.5212146e-07
0,0,5.065753e-06
0,0,1.9725155e-06
0,0,9.193534e-07
0,0,2.057414e-07
0,0,1.5423155e-06
0,0,2.9293972e-07
0,0,5.8367056e-07
0,0,2.0720554e-06
0,0,5.2987633e-07
0,0,1.0394217e-06
0,0,5.0732626e-07
0,0,9.214689e-07
0,0,5.1492344e-07
0,0,8.4276246e-07
0,0,6.3492206e-07
0,0,1.3759173e-06
0,0,2.1793612e-07
0,0,2.1038325e-06
0,0,7.386206e-07
0,0,2.2225877e-06
0,0,8.571989e-07
0,0,6.248794e-07
0,0,3.1047423e-07
0,0,1.968564e-07
0,0,9.4028144e-07
0,0,4.819296e-07
0,0,4.4133046e-07
0,0,5.3931973e-07
0,0,1.0363623e-06
0,0,1.277009e-06
0,0,1.6449724e-06
0,0,2.9497974e-07
0,0,6.80348e-07
1,0,0.40421563
0,0,6.918169e-07
0,0,5.3335225e-07
0,0,5.449412e-07
0,0,3.2737992e-07
0,0,4.841818e-07
0,0,1.6859327e-06
0,0,1.6135622e-06
0,0,3.8514938e-07
0,0,3.119716e-07
0,0,3.0025117e-07
0,0,4.283314e-07
0,0,1.0964073e-06
0,0,2.0161467e-07
0,0,8.9439766e-07
0,0,5.1286554e-07
0,0,8.506563e-07
0,0,9.5141684e-07
0,0,1.5793754e-06
0,0,4.528035e-07
0,0,7.988145e-07
0,0,5.4225427e-07
0,0,7.548123e-07
0,0,1.9856327e-06
0,0,4.013599e-07
0,0,1.0040936e-06
0,0,2.484853e-07
0,0,3.6516366e-07
0,0,2.0689363e-07
0,0,1.0286022e-06
0,0,1.4308969e-06
0,0,6.42709e-07
0,0,1.7964227e-06
0,0,6.11254e-07
0,0,1.2177812e-06
0,0,2.437977e-07
0,0,3.8788295e-07
0,0,9.95914e-07
0,0,4.0627657e-07
0,0,4.227963e-06
0,0,1.2862308e-06
0,0,9.365781e-07
0,0,6.5693655e-07
0,0,7.4424474e-07
0,0,3.4353224e-07
0,0,4.0143146e-07
0,0,5.6291225e-07
0,0,6.274681e-07
0,0,5.185262e-07
0,0,9.120589e-07
0,0,5.03747e-07
0,0,5.510888e-07
0,0,6.6105173e-07
0,0,1.4004455e-06
0,0,9.920947e-07
0,0,3.311395e-07
0,0,1.6738721e-06
0,0,1.6448297e-06
0,0,1.3123451e-06
0,0,1.8306245e-07
0,0,4.5619427e-07
0,0,1.2574287e-07
0,0,3.1993923e-07
0,0,1.295838e-06
0,0,5.6853344e-07
0,0,3.419039e-07
0,0,3.401678e-07
0,0,2.9904152e-07
0,0,1.1426902e-06
0,0,4.3538464e-07
0,0,2.3323719e-07
0,0,2.990843e-07
0,0,1.2081754e-06
0,0,1.012494e-06
0,0,1.5619817e-07
0,0,4.843684e-07
0,0,3.4239824e-07
0,0,2.977422e-07
0,0,3.7132293e-07
0,0,6.289605e-07
0,0,6.938798e-07
0,0,1.7491345e-06
0,0,2.7994332e-07
0,0,2.1774811e-07
0,0,1.9897394e-07
0,0,3.3537992e-06
0,0,1.0214496e-06
0,0,4.0738504e-07
0,0,4.6535345e-07
0,0,1.3353947e-06
0,0,2.1623786e-07
0,0,6.580269e-07
0,0,3.6830434e-07
0,0,9.309732e-07
0,0,1.8062229e-06
0,0,1.353133e-07
0,0,1.2725812e-06
0,0,6.456092e-07
0,0,8.486387e-07
0,0,1.339521e-06
0,0,8.5199025e-07
0,0,4.9489347e-07
0,0,3.5838738e-07
0,0,1.3748314e-06
0,0,1.0765409e-06
0,0,5.25146e-07
0,0,1.3461238e-06
0,0,2.393277e-07
0,0,6.593084e-07
0,0,4.3170647e-07
0,0,3.2484556e-07
0,0,1.8575068e-07
0,0,5.737569e-07
0,0,1.7406113e-06
0,0,1.1691726e-06
0,0,8.959044e-07
0,0,6.7666423e-07
0,0,8.364895e-07
0,0,1.5244488e-07
0,0,3.4528816e-07
0,0,6.9202483e-06
0,0,2.167349e-06
0,0,7.0041455e-07
0,0,4.4790988e-07
0,0,4.810209e-06
0,0,7.493941e-07
0,0,5.1938684e-07
0,0,3.0560705e-06
0,0,7.592863e-07
0,0,6.778494e-07
0,0,1.2395151e-06
0,0,4.3532856e-07
0,0,2.464982e-07
0,0,5.555991e-07
0,0,1.1609739e-06
0,0,4.0340487e-07
0,0,4.3993322e-07
0,0,3.1921266e-07
0,0,5.2265784e-07
0,0,1.5853966e-06
0,0,1.5238312e-06
0,0,3.8344623e-07
0,0,1.1862091e-06
0,0,4.4200564e-07
0,0,3.6569057e-07
0,0,5.9561677e-07
0,0,1.0698749e-06
0,0,1.463718e-06
0,0,2.2682905e-06
0,0,6.1459053e-07
0,0,9.476634e-07
0,0,5.9179774e-07
0,0,2.2233319e-06
0,0,1.7074609e-06
0,0,4.920228e-07
0,0,1.8848176e-07
0,0,3.14635e-07
0,0,6.1713894e-07
0,0,9.1932094e-07
0,0,1.812141e-06
0,0,4.357015e-07
0,0,2.8540973e-07
0,0,8.2848135e-07
0,0,8.4666146e-07
0,0,6.802689e-07
0,0,2.387976e-07
0,0,6.265168e-07
0,0,1.3970876e-07
0,0,9.336272e-07
0,0,1.2027217e-06
0,0,3.9433067e-07
0,0,1.547453e-07
0,0,3.478055e-07
0,0,2.9883417e-06
0,0,2.0978509e-07
0,0,5.1658594e-07
0,0,1.252417e-06
0,0,1.6820206e-07
0,0,7.3402884e-07
0,0,4.464233e-07
0,0,1.3618057e-06
0,0,1.7998076e-06
0,0,1.5133544e-07
0,0,3.4924636e-07
0,0,2.831422e-07
0,0,1.1642798e-07
0,0,3.2629956e-07
0,0,1.8899512e-07
0,0,2.854279e-06
0,0,6.5512285e-07
0,0,9.479092e-07
0,0,1.3376533e-06
0,0,1.3990665e-06
0,0,1.1011259e-06
0,0,9.232193e-07
0,0,3.5520728e-07
0,0,3.6375772e-07
0,0,1.9988106e-06
0,0,6.360687e-07
0,0,6.829548e-07
0,0,3.1506665e-06
0,0,5.9629485e-07
0,0,7.6463095e-07
0,0,8.409544e-07
0,0,3.7747338e-06
0,0,1.2389384e-06
0,0,1.5543944e-06
0,0,6.654687e-07
0,0,3.2789671e-07
0,0,3.650658e-07
0,0,7.6403103e-07
0,0,1.0549901e-06
0,0,1.5126375e-06
0,0,1.2551324e-06
0,0,9.692848e-07
0,0,1.9647784e-06
0,0,4.5731946e-07
0,0,1.0679422e-06
0,0,8.6650465e-07
0,0,1.4131503e-07
0,0,6.9416046e-07
0,0,6.4202965e-07
0,0,1.826652e-07
0,0,8.833338e-07
0,0,8.9985525e-07
0,0,2.7697837e-07
0,0,4.294265e-06
0,0,1.7522869e-07
0,0,6.158829e-06
0,0,8.6031923e-07
0,0,2.5083987e-06
0,0,1.2622722e-06
0,0,1.6747631e-06
0,0,1.891422e-06
0,0,1.2455656e-06
0,0,8.0351646e-07
0,0,1.2576126e-06
0,0,6.275651e-07
0,0,6.955023e-07
0,0,5.2692593e-07
0,0,6.5583106e-07
0,0,1.2319657e-06
0,0,2.5592801e-06
0,0,5.1765016e-07
0,0,3.9550724e-07
0,0,1.0756163e-06
0,0,2.5682652e-07
0,0,3.8269005e-07
0,0,3.565227e-07
0,0,8.153072e-07
0,0,5.006636e-07
0,0,7.4197413e-07
0,0,8.2295884e-07
0,0,1.5259178e-07
0,0,0.00020448293
0,0,3.1321892e-07
0,0,4.1538155e-07
0,0,3.5899183e-07
0,0,9.416104e-07
0,0,9.246132e-07
0,0,3.5502572e-07
0,0,3.240967e-07
0,0,1.1063098e-06
0,0,1.0141746e-06
0,0,5.700101e-07
0,0,2.075172e-06
0,0,2.2970879e-07
0,0,8.2236573e-07
0,0,1.6060042e-06
0,0,2.5003493e-07
0,0,4.9732154e-07
0,0,3.238344e-07
0,0,5.769135e-07
0,0,6.420719e-07
0,0,2.7966288e-07
0,0,6.131989e-07
0,0,1.1451906e-06
0,0,2.8604492e-07
0,0,7.902273e-07
0,0,9.946383e-07
0,0,3.975212e-07
0,0,2.5398307e-07
0,0,5.8554826e-07
0,0,1.744655e-07
0,0,6.761765e-07
0,0,2.640175e-07
0,0,6.7722914e-07
0,0,3.804013e-07
0,0,2.7346994e-07
0,0,1.3338038e-06
0,0,2.0709174e-06
0,0,2.9121634e-07
0,0,2.2188954e-07
0,0,5.460295e-07
0,0,3.9832386e-07
0,0,2.7579514e-07
0,0,1.7087628e-07
0,0,3.7403936e-07
0,0,1.7202128e-06
0,0,4.7661803e-07
0,0,1.2931957e-07
0,0,5.0533436e-07
0,0,6.1818565e-07
0,0,1.5200849e-06
0,0,8.5485027e-07
0,0,3.976847e-07
0,0,3.5778028e-06
0,0,9.133201e-07
0,0,7.162467e-07
0,0,4.1281933e-07
0,0,4.5384277e-07
0,0,1.1350267e-06
0,0,2.5958985e-07
0,0,9.182608e-07
0,0,1.21571e-06
0,0,2.626914e-07
0,0,1.0513442e-06
0,0,4.3929595e-07
0,0,6.1325676e-07
0,0,4.3675948e-07
0,0,5.9996603e-07
0,0,4.4544342e-07
0,0,4.616664e-07
0,0,5.28289e-07
0,0,2.2935593e-07
0,0,4.6598316e-07
0,0,4.045981e-07
0,0,4.5515696e-07
0,0,4.1667894e-07
0,0,1.2417892e-06
0,0,4.5770298e-07
0,0,1.3262023e-06
0,0,1.9126155e-06
0,0,6.4814776e-07
0,0,8.936269e-07
0,0,6.9530137e-07
0,0,6.75179e-07
0,0,1.5099582e-06
0,0,1.143812e-06
0,0,4.949109e-07
0,0,6.5193267e-06
0,0,1.0388034e-06
0,0,5.400573e-07
0,0,1.2504728e-06
0,0,3.7535614e-07
0,0,6.7942665e-07
0,0,3.2273775e-07
0,0,1.1079686e-06
0,0,0.003663016
0,0,2.2661554e-07
0,0,1.0540467e-06
0,0,6.183136e-07
0,0,2.1425654e-07
0,0,6.177384e-07
0,0,8.68844e-07
0,0,1.0045179e-06
0,0,4.342753e-07
0,0,6.844917e-07
0,0,5.4569733e-07
0,0,1.3643822e-06
0,0,4.1950946e-07
0,0,1.076238e-06
0,0,9.1965154e-07
0,0,1.3389028e-06
0,0,1.543631e-06
0,0,3.9881306e-07
0,0,4.4462954e-06
0,0,4.351816e-07
0,0,3.822866e-07
0,0,1.6912436e-06
0,0,3.8608567e-07
0,0,5.315486e-07
0,0,8.786498e-07
0,0,4.1670157e-07
0,0,2.1504036e-07
0,0,5.0344494e-07
0,0,8.8337e-07
0,0,8.972391e-07
0,0,3.926641e-07
0,0,4.0624826e-07
0,0,1.0625822e-06
0,0,3.2255375e-07
0,0,1.8494901e-06
0,0,3.779222e-07
0,0,6.7487974e-07
0,0,6.3339013e-07
0,0,4.836031e-07
0,0,2.9282492e-07
0,0,1.212815e-06
0,0,2.6655073e-06
0,0,3.7102168e-07
0,0,2.9746403e-07
0,0,1.055602e-06
0,0,3.1031794e-07
0,0,4.3846015e-07
0,0,3.808191e-06
0,0,7.423082e-07
0,0,9.66829e-07
0,0,2.3575325e-07
0,0,5.112116e-07
0,0,3.410796e-07
0,0,9.380092e-07
0,0,1.1453425e-06
0,0,9.62141e-05
0,0,7.738633e-07
0,0,1.6980702e-06
0,0,3.9373768e-07
0,0,5.7666267e-07
0,0,4.565107e-07
0,0,2.6364086e-07
0,0,3.5094715e-07
0,0,3.105123e-06
0,0,3.634536e-07
0,0,7.4721606e-07
0,0,1.0723714e-06
0,0,1.175865e-06
0,0,1.0184305e-06
0,0,1.1000448e-06
0,0,2.5321063e-07
0,0,3.1137327e-07
0,0,8.746051e-07
0,0,1.6980621e-06
0,0,7.2723043e-07
0,0,8.092371e-07
0,0,2.6452054e-07
0,0,3.282429e-06
0,0,5.748189e-07
0,0,1.0073297e-06
0,0,8.084719e-07
0,0,3.491105e-07
0,0,3.8060233e-07
0,0,5.9510353e-07
0,0,6.22714e-07
0,0,4.6403375e-06
0,0,9.918392e-07
0,0,8.0440736e-07
0,0,1.1026517e-06
0,0,1.234665e-06
0,0,8.2928443e-07
0,0,5.9911866e-07
0,0,7.1198684e-07
0,0,5.7112396e-07
0,0,1.4880576e-06
0,0,3.8673124e-06
0,0,0.00019241878
0,0,2.53278e-07
0,0,5.923613e-07
0,0,9.688125e-07
0,0,1.1033176e-06
0,0,1.9774848e-07
0,0,6.8643305e-05
0,0,2.7915098e-06
0,0,1.6622548e-07
0,0,1.4227447e-06
0,0,3.8689473e-07
0,0,4.5100288e-07
0,0,4.5380904e-07
0,0,3.1345198e-07
0,0,6.2710376e-07
0,0,3.9258848e-07
0,0,2.4838698e-07
0,0,1.5986907e-06
0,0,6.2843683e-06
0,0,4.576686e-06
0,0,3.006632e-07
0,0,4.8002096e-07
0,0,1.309406e-06
0,0,8.4412426e-07
0,0,4.394598e-07
0,0,2.0675142e-07
0,0,6.6700693e-07
0,0,7.7696103e-07
0,0,3.8713608e-07
0,0,5.2957176e-07
0,0,4.7610783e-07
0,0,2.9609134e-07
0,0,3.7258255e-07
0,0,9.795868e-07
0,0,5.9481414e-07
0,0,3.177778e-07
0,0,4.132384e-07
0,0,2.9646205e-07
0,0,2.4669785e-07
0,0,3.5646968e-07
0,0,3.754639e-07
0,0,2.5362195e-07
0,0,2.8529922e-07
0,0,5.672618e-07
0,0,1.4736542e-06
0,0,1.751991e-07
0,0,7.981109e-07
0,0,1.0776041e-06
0,0,3.922883e-07
0,0,3.872897e-07
0,0,4.992123e-07
0,0,4.885921e-07
0,0,1.7700077e-06
0,0,1.8124643e-06
0,0,1.9734813e-07
0,0,1.5060953e-06
0,0,4.1251042e-07
0,0,2.2788792e-07
0,0,5.1742705e-07
0,0,1.994601e-07
0,0,5.63695e-07
0,0,6.324696e-07
0,0,2.1780697e-06
0,0,4.4580423e-07
0,0,4.843758e-07
0,0,4.104447e-07
0,0,6.300279e-07
0,0,3.335941e-07
0,0,2.9804386e-07
0,0,1.761643e-06
0,0,7.917738e-07
0,0,2.3834417e-07
0,0,5.430678e-07
0,0,4.4568563e-07
0,0,8.88673e-07
0,0,4.1234048e-07
0,0,1.7066374e-06
0,0,2.1517556e-07
0,0,7.765839e-07
0,0,4.6568772e-07
0,0,4.3969456e-07
0,0,5.402103e-07
0,0,1.0815307e-06
0,0,1.0319734e-06
0,0,2.353729e-07
0,0,1.93465e-07
0,0,2.089755e-06
0,0,1.454161e-06
0,0,7.191686e-07
0,0,3.0797878e-07
0,0,4.6472854e-07
0,0,3.7024833e-07
0,0,7.3241426e-07
0,0,0.12654486
0,0,1.3200497e-06
0,0,4.6530863e-07
0,0,6.784069e-07
0,0,5.5391456e-07
0,0,8.262468e-07
0,0,5.521046e-07
0,0,1.0048323e-06
0,0,1.459322e-06
0,0,8.120504e-07
0,0,5.4980165e-07
0,0,1.0002935e-06
0,0,5.077372e-07
0,0,1.278659e-06
0,0,5.366948e-07
0,0,5.249973e-07
0,0,8.305738e-07
0,0,4.6225017e-07
0,0,3.1490697e-07
0,0,9.1715805e-07
0,0,6.445117e-07
0,0,5.631582e-07
0,0,4.7137442e-07
0,0,5.4067465e-07
0,0,1.3428465e-06
0,0,1.3325447e-07
0,0,6.155513e-07
0,0,2.4306456e-07
0,0,1.041146e-06
0,0,1.7996413e-06
0,0,3.313344e-07
0,0,7.5074246e-07
0,0,3.2731842e-07
0,0,1.1378402e-06
0,0,1.0842044e-06
0,0,3.2583685e-07
0,0,3.6393084e-07
0,0,1.5983509e-06
0,0,3.275995e-07
0,0,2.1062644e-07
0,0,9.672257e-07
0,0,3.7418314e-07
0,0,6.9698166e-07
0,0,1.3861614e-06
0,0,9.704132e-07
0,0,6.41611e-08
0,0,3.2717548e-07
0,0,6.2236904e-07
0,0,7.7372306e-07
0,0,3.4200858e-07
0,0,5.158524e-07
0,0,9.263369e-07
0,0,2.5864193e-07
0,0,1.975971e-07
0,0,3.4613316e-07
0,0,3.3511444e-07
0,0,6.1244907e-07
0,0,3.00094e-07
0,0,5.9323986e-07
0,0,4.7629356e-07
0,0,6.6545283e-07
0,0,9.1238775e-07
0,0,9.2595894e-07
0,0,6.1147966e-07
0,0,1.3777847e-06
0,0,3.7661578e-06
0,0,2.2773006e-06
0,0,3.3721753e-07
0,0,8.175207e-07
0,0,3.4963625e-07
0,0,1.4763916e-06
0,0,3.7225507e-07
0,0,7.3403305e-07
0,0,4.2522473e-07
0,0,3.3076864e-07
0,0,2.3209404e-07
0,0,0.06284989
0,0,5.328159e-07
0,0,0.0014990888
0,0,4.795039e-07
0,0,3.1231008e-07
0,0,1.7012538e-07
0,0,5.6393156e-07
0,0,7.5966153e-07
0,0,6.686686e-07
0,0,6.712671e-07
0,0,2.1480588e-07
0,0,5.718881e-07
0,0,1.7738723e-06
0,0,7.747974e-07
0,0,5.1279363e-07
0,0,3.8059363e-07
0,0,1.4699472e-06
0,0,1.9408168e-07
0,0,1.108255e-06
0,0,2.1926995e-07
0,0,4.4426278e-07
0,0,1.2162747e-06
0,0,1.5815067e-06
0,0,2.9793844e-07
0,0,4.806352e-07
0,0,2.1548318e-07
0,0,9.960688e-07
0,0,4.2870306e-06
0,0,6.4553717e-07
0,0,2.8285882e-07
0,0,2.68429e-06
0,0,3.1717907e-06
0,0,9.3179926e-07
0,0,3.8976108e-07
0,0,5.275439e-07
0,0,4.4889472e-07
0,0,7.443221e-07
0,0,8.587625e-07
0,0,6.4137663e-07
0,0,9.880525e-07
0,0,2.0276498e-06
0,0,6.0651917e-07
0,0,3.5222092e-07
0,0,3.0996506e-07
0,0,6.6569146e-07
0,0,5.363914e-07
0,0,6.862054e-07
0,0,2.4858767e-07
0,0,4.6935136e-07
0,0,6.097019e-07
0,0,1.5660584e-06
0,0,5.409289e-07
0,0,4.4519006e-06
0,0,9.335524e-07
0,0,6.2044774e-07
0,0,3.1733052e-07
0,0,2.5766162e-06
0,0,1.1034585e-06
0,0,1.9887074e-07
0,0,4.1597497e-07
0,0,3.3905172e-07
0,0,2.2422417e-07
0,0,2.1964383e-06
0,0,1.8010285e-06
0,0,7.324415e-07
0,0,1.4968236e-06
0,0,5.5181454e-07
0,0,8.994391e-07
0,0,3.5631027e-07
0,0,1.0070771e-06
0,0,1.8116297e-07
0,0,9.613484e-07
0,0,6.355624e-07
0,0,2.7040895e-07
0,0,4.3582702e-07
0,0,7.2836036e-07
0,0,6.873273e-07
0,0,9.671094e-07
0,0,4.355524e-07
0,0,3.8052684e-07
0,0,2.4362462e-06
0,0,1.3662456e-06
0,0,6.625981e-07
0,0,1.9324661e-06
0,0,6.298789e-07
0,0,1.0331787e-06
0,0,1.749298e-06
0,0,6.707443e-07
0,0,2.334466e-07
0,0,1.3785587e-06
0,0,4.1772773e-07
0,0,4.8667613e-07
0,0,5.9512223e-07
0,0,2.0653387e-07
0,0,3.6731623e-07
0,0,2.900301e-07
0,0,5.563929e-07
0,0,6.9848346e-07
0,0,4.3173446e-07
0,0,1.6412039e-06
0,0,6.0444216e-07
0,0,2.3986313e-06
0,0,7.538921e-07
0,0,9.560875e-07
0,0,1.2338999e-06
0,0,4.4871365e-07
0,0,6.615348e-07
0,0,4.8566216e-07
0,0,6.0800875e-07
0,0,1.3438304e-06
0,0,2.9373832e-06
0,0,4.9525045e-07
0,0,2.4506932e-07
0,0,3.0277954e-07
0,0,9.492109e-07
0,0,8.3078766e-07
0,0,1.2090547e-06
0,0,3.907362e-07
0,0,1.0498979e-07
0,0,4.207355e-07
0,0,6.4639227e-07
0,0,6.942922e-07
0,0,2.4067742e-07
0,0,1.1700783e-06
0,0,5.6694007e-06
0,0,5.683979e-07
0,0,5.8097436e-07
0,0,4.2338965e-07
0,0,6.37767e-07
0,0,1.0613254e-06
0,0,1.1029209e-06
0,0,1.5060579e-06
0,0,2.0346764e-07
0,0,2.1446118e-07
0,0,4.657508e-07
0,0,8.937105e-07
0,0,6.686087e-07
0,0,4.6365953e-06
0,0,3.1980625e-07
0,0,3.0734796e-07
0,0,5.711354e-07
0,0,6.8731754e-07
0,0,1.2133922e-06
0,0,9.385049e-07
0,0,2.8901624e-07
0,0,2.226365e-07
0,0,4.465225e-07
0,0,1.1248596e-06
0,0,3.8603852e-07
0,0,1.381005e-06
0,0,9.505788e-07
0,0,6.266363e-07
0,0,3.2168498e-07
0,0,3.2021853e-07
0,0,3.431848e-07
0,0,8.746285e-07
0,0,2.7962875e-07
0,0,1.4570371e-06
0,0,2.1146332e-07
0,0,1.0359946e-06
0,0,1.5072807e-06
0,0,7.508176e-07
0,0,3.5592145e-06
0,0,5.3417943e-07
0,0,5.8051245e-07
0,0,1.0276522e-06
0,0,7.590163e-07
0,0,3.734502e-07
0,0,4.464782e-07
0,0,4.6825824e-07
0,0,7.4542385e-07
0,0,1.4337927e-06
0,0,1.2399714e-06
0,0,1.626326e-06
0,0,1.1920039e-06
0,0,4.057591e-06
0,0,1.1431981e-06
0,0,4.7943763e-07
0,0,2.4316216e-07
0,0,8.112152e-07
0,0,5.5916644e-07
0,0,5.372422e-07
0,0,2.8779638e-07
0,0,9.127324e-07
0,0,1.99618e-06
0,0,5.367153e-07
0,0,2.7021173e-07
0,0,2.5334664e-06
0,0,2.4744503e-07
0,0,7.09841e-07
0,0,9.988046e-07
0,0,2.2799814e-07
0,0,4.0104882e-07
0,0,4.6133064e-07
0,0,2.9981678e-07
0,0,8.7795206e-07
0,0,2.755772e-07
0,0,1.2406114e-06
0,0,6.690775e-07
0,0,1.8388813e-06
0,0,5.3810214e-07
0,0,5.1875554e-06
0,0,4.3694445e-07
0,0,2.949308e-07
0,0,1.4107875e-06
0,0,3.1817748e-07
0,0,2.3061598e-07
0,0,0.0028730347
0,0,3.2200236e-07
0,0,5.3594243e-07
0,0,3.7371026e-07
0,0,3.0278272e-07
0,0,3.6729628e-07
0,0,7.8886524e-07
0,0,4.0937167e-07
0,0,7.347839e-07
0,0,3.7008593e-07
0,0,6.4060214e-07
0,0,8.853232e-07
0,0,6.66272e-07
0,0,5.0382965e-07
0,0,2.915084e-07
0,0,5.74329e-07
0,0,9.995707e-07
0,0,5.2573677e-07
0,0,6.7291376e-07
0,0,5.651947e-07
0,0,1.4073286e-06
0,0,2.3720115e-06
0,0,4.3966227e-07
0,0,3.191682e-07
0,0,6.249396e-07
0,0,5.159906e-07
0,0,4.729279e-07
0,0,7.474755e-07
0,0,3.2162595e-06
0,0,4.6156384e-07
0,0,2.0718824e-07
0,0,5.637326e-07
0,0,3.6065928e-06
0,0,4.5991746e-07
0,0,3.684101e-07
0,0,2.4511098e-06
0,0,8.640218e-07
0,0,1.2054719e-06
0,0,4.0417154e-07
0,0,5.952193e-07
0,0,3.2214427e-07
0,0,1.3814594e-06
0,0,4.6808185e-07
0,0,3.8885779e-07
0,0,7.7005126e-07
0,0,1.2247987e-06
0,0,2.7687986e-07
0,0,4.6762005e-07
0,0,8.916111e-07
0,0,5.9505925e-07
0,0,4.0140696e-07
0,0,6.605193e-07
0,0,7.021675e-07
0,0,7.150987e-07
0,0,5.4648376e-07
0,0,4.5507454e-07
0,0,1.0874425e-06
0,0,2.6547684e-07
0,0,1.122379e-06
0,0,5.284422e-07
0,0,8.654897e-07
0,0,3.5225722e-07
0,0,6.986594e-07
0,0,1.4010641e-06
0,0,3.5242826e-07
0,0,2.5341717e-07
0,0,2.9703824e-07
0,0,4.4035215e-07
0,0,5.895215e-07
0,0,5.182711e-07
0,0,2.7967863e-07
0,0,1.0347347e-06
0,0,7.230107e-07
0,0,2.2986394e-07
0,0,4.340087e-07
0,0,8.8819945e-07
0,0,7.180714e-07
0,0,7.212847e-06
0,0,1.3348625e-06
0,0,3.671453e-07
0,0,1.8126319e-06
0,0,2.9792028e-07
0,0,1.4597479e-06
0,0,9.007156e-07
0,0,4.631044e-07
0,0,7.269274e-07
0,0,3.049166e-07
0,0,5.077953e-07
0,0,8.069583e-07
0,0,7.7145523e-07
0,0,1.3729826e-06
0,0,4.61478e-07
0,0,4.981674e-07
0,0,7.64749e-07
0,0,4.1687412e-07
0,0,8.418427e-07
0,0,8.0420335e-07
0,0,4.4118988e-07
0,0,6.223346e-07
0,0,3.5198485e-07
0,0,4.5619345e-07
0,0,1.3084898e-06
0,0,5.0388974e-07
0,0,1.7671605e-06
0,0,5.954634e-07
0,0,1.8080742e-07
0,0,4.95914e-07
0,0,2.632522e-07
0,0,6.089854e-07
0,0,2.27884e-07
0,0,1.5524344e-06
0,0,3.5532926e-07
0,0,1.5119365e-06
0,0,4.0218944e-07
0,0,1.9389297e-07
0,0,1.1044114e-06
0,0,1.8392501e-07
0,0,1.7263791e-06
0,0,2.8056448e-07
0,0,1.0090882e-06
0,0,4.8550976e-07
0,0,2.8360324e-07
0,0,1.6726882e-07
0,0,2.8325428e-07
0,0,2.8977712e-07
0,0,2.9184497e-07
0,0,1.0822087e-06
0,0,7.795721e-07
0,0,4.1520846e-07
0,0,4.4590856e-06
0,0,1.5132954e-06
0,0,3.0742095e-07
0,0,2.0221019e-06
0,0,6.8797203e-07
0,0,4.9205283e-07
0,0,2.6655886e-07
0,0,2.0836158e-06
0,0,9.298304e-07
0,0,3.880635e-07
0,0,2.0329512e-06
0,0,1.6644582e-06
0,0,4.969859e-07
0,0,9.608177e-07
0,0,4.1741592e-07
0,0,1.465109e-06
0,0,1.1246719e-06
0,0,8.270635e-07
0,0,9.43426e-07
0,0,1.0817923e-07
0,0,1.6476022e-07
0,0,2.3185428e-06
0,0,4.4362685e-07
0,0,3.596964e-07
0,0,5.005667e-07
0,0,4.6268192e-07
0,0,5.172514e-07
0,0,3.8232963e-07
0,0,1.004836e-06
0,0,5.7659173e-07
0,0,6.671272e-07
0,0,1.1313729e-06
0,0,8.0482783e-07
0,0,1.1635077e-06
0,0,2.2448892e-06
0,0,3.070787e-07
0,0,9.1256095e-07
0,0,1.0635159e-06
0,0,6.378735e-07
0,0,2.7906742e-07
0,0,7.003311e-07
0,0,9.628532e-07
0,0,3.3484383e-07
0,0,3.4563573e-07
0,0,1.1225278e-06
0,0,4.160095e-07
0,0,3.6642302e-07
0,0,4.3482194e-07
0,0,2.5315072e-07
0,0,2.8265146e-07
0,0,4.546412e-07
0,0,6.3947044e-07
0,0,1.167499e-06
0,0,1.065956e-06
0,0,1.4528122e-06
0,0,3.2967941e-06
0,0,1.4220707e-06
0,0,2.1275083e-07
0,0,3.910292e-07
0,0,6.7579555e-07
0,0,2.706507e-07
0,0,1.2410338e-06
0,0,3.7985464e-07
0,0,2.7327414e-07
0,0,3.8293535e-07
0,0,8.7986166e-08
0,0,3.3710464e-07
0,0,2.389015e-07
0,0,6.729767e-07
0,0,7.3563996e-07
0,0,1.2718941e-07
0,0,2.4550702e-06
0,0,1.4023207e-06
0,0,5.039195e-07
0,0,7.4530806e-07
0,0,1.2086352e-06
0,0,4.1109698e-07
0,0,2.2410102e-07
0,0,1.3581638e-06
0,0,5.917786e-07
0,0,1.9621496e-06
0,0,4.3660538e-07
0,0,5.6552034e-07
0,0,9.722344e-07
0,0,8.6022567e-07
0,0,8.345883e-07
0,0,6.8752996e-07
0,0,4.265305e-07
0,0,9.4376804e-07
0,0,1.5365342e-06
0,0,2.0622112e-07
0,0,9.9831354e-08
0,0,1.3974303e-06
0,0,2.9783866e-06
0,0,6.425632e-07
0,0,5.1441106e-07
0,0,1.3132803e-06
0,0,1.3203215e-06
0,0,3.441973e-07
0,0,4.2213375e-07
0,0,3.864301e-07
0,0,3.165362e-07
0,0,9.3404844e-07
0,0,2.2793509e-07
0,0,6.038602e-07
0,0,8.6159434e-07
0,0,5.51369e-07
0,0,9.2411597e-07
0,0,5.877358e-07
0,0,9.440192e-07
0,0,5.2474047e-07
0,0,8.592189e-07
0,0,2.0201135e-07
0,0,1.154876e-06
0,0,1.6637804e-06
0,0,9.4031014e-07
0,0,9.813878e-07
0,0,3.6312275e-07
0,0,4.296045e-07
0,0,4.8563805e-07
0,0,3.389124e-07
0,0,7.8771427e-07
0,0,4.0797326e-07
0,0,1.9963518e-07
0,0,1.2515808e-07
0,0,3.7049452e-07
0,0,3.6848635e-07
0,0,1.1066464e-06
0,0,1.2398071e-06
0,0,4.6910745e-07
0,0,2.0352547e-07
0,0,6.2166373e-07
0,0,3.0520724e-07
0,0,5.853992e-07
0,0,1.1895011e-06
0,0,4.6295958e-07
0,0,4.836013e-07
0,0,4.6757377e-06
0,0,8.387998e-07
0,0,3.38787e-07
0,0,6.4236036e-07
0,0,7.5665804e-07
0,0,7.970673e-07
0,0,1.0559293e-06
0,0,2.9260494e-07
0,0,4.6424927e-07
0,0,4.880449e-07
0,0,1.0560118e-06
0,0,3.976289e-07
0,0,4.2593905e-07
0,0,9.319646e-07
0,0,1.0511367e-06
0,0,3.4378883e-07
0,0,5.659012e-07
0,0,1.2569423e-06
0,0,7.602329e-06
0,0,4.044781e-07
0,0,9.1537635e-07
0,0,3.6278493e-06
0,0,5.6815185e-07
0,0,5.7328873e-07
0,0,7.6269004e-07
0,0,1.1471506e-06
0,0,6.1781145e-07
0,0,5.219983e-07
0,0,4.944934e-07
0,0,2.214818e-06
0,0,1.0453695e-06
0,0,2.7472724e-06
0,0,8.189292e-07
0,0,1.5456523e-06
0,0,1.6134128e-06
0,0,3.3179522e-06
0,0,1.3759144e-07
0,0,1.9045048e-06
0,0,9.340966e-07
0,0,8.8998337e-07
0,0,4.6978352e-07
0,0,3.6715127e-07
0,0,1.8404867e-06
0,0,1.1162017e-06
0,0,2.9575637e-07
0,0,1.1074868e-06
0,0,5.745805e-07
0,0,4.5315468e-07
0,0,5.435834e-07
0,0,7.1552165e-07
0,0,1.6759408e-07
0,0,6.0641855e-07
0,0,6.492174e-07
0,0,1.1313729e-06
0,0,7.388376e-07
0,0,1.519253e-06
0,0,5.278785e-07
0,0,2.0476398e-06
0,0,4.0824958e-07
0,0,6.7499553e-07
0,0,9.2090573e-07
0,0,7.8923546e-07
0,0,6.8198113e-07
0,0,4.3060328e-07
0,0,4.2029797e-07
0,0,1.7894702e-06
0,0,7.160069e-07
0,0,1.0494539e-06
0,0,2.717035e-07
0,0,1.7430498e-06
0,0,5.0591734e-07
0,0,5.81109e-07
0,0,9.234793e-08
0,0,2.6505816e-07
0,0,1.5177426e-06
0,0,3.8676154e-07
0,0,5.3367023e-07
0,0,4.0832865e-07
0,0,6.253331e-07
0,0,7.2805136e-07
0,0,9.1963136e-07
0,0,9.960318e-07
0,0,3.5328029e-07
0,0,4.2220057e-07
0,0,7.311288e-07
0,0,3.6088872e-07
0,0,6.4199105e-07
0,0,4.8629477e-07
0,0,3.061211e-07
0,0,5.3402715e-07
0,0,2.7456224e-06
0,0,2.3448242e-06
0,0,6.520325e-07
0,0,2.8210587e-07
0,0,7.9584436e-07
0,0,6.173597e-07
0,0,3.1659295e-07
0,0,3.296551e-07
0,0,4.7228335e-07
0,0,6.598922e-07
0,0,2.4531255e-06
0,0,1.8379733e-06
0,0,2.2533803e-07
0,0,4.5340022e-07
0,0,8.8897906e-07
0,0,1.8078912e-06
0,0,3.6910465e-06
0,0,7.5423156e-07
0,0,3.5003094e-07
0,0,1.2280467e-06
0,0,5.17136e-07
0,0,3.8667451e-07
0,0,2.9049627e-07
0,0,7.5010485e-07
0,0,1.1018885e-06
0,0,8.477514e-07
0,0,3.6784064e-07
0,0,6.612466e-07
0,0,2.8342151e-06
0,0,4.8396714e-07
0,0,1.3750831e-06
0,0,5.8091507e-07
0,0,1.1261187e-06
0,0,9.178842e-07
0,0,2.838576e-07
0,0,2.832235e-07
0,0,7.4420427e-07
0,0,6.0617685e-07
0,0,2.0418743e-07
0,0,2.831125e-07
0,0,4.5786803e-07
0,0,1.3029e-06
0,0,8.676607e-07
0,0,6.2768896e-07
0,0,3.7833402e-07
0,0,2.976993e-07
0,0,4.9661156e-07
0,0,3.6447548e-07
0,0,1.1837309e-06
0,0,3.3362846e-07
0,0,4.7428964e-07
0,0,3.5778914e-06
0,0,6.1257754e-07
0,0,1.3711285e-06
0,0,1.1389324e-06
0,0,2.3931864e-06
0,0,1.9691517e-07
0,0,2.7809585e-07
0,0,8.1249345e-07
0,0,2.774775e-06
0,0,2.4838441e-06
0,0,2.2786772e-07
0,0,2.9151923e-07
0,0,3.0909456e-07
0,0,9.4775913e-07
0,0,1.1190485e-06
0,0,2.761839e-06
0,0,4.4122274e-07
0,0,1.7539753e-06
0,0,3.2720638e-07
0,0,1.3053253e-06
0,0,6.104763e-07
0,0,4.8129255e-07
0,0,8.135899e-07
0,0,0.00027207937
0,0,4.232693e-07
0,0,3.702275e-07
0,0,2.166067e-07
0,0,3.0804165e-07
0,0,1.1453916e-06
0,0,6.062873e-07
0,0,5.013751e-07
0,0,1.2740105e-06
0,0,3.106149e-07
0,0,5.8709605e-07
0,0,1.4397875e-06
0,0,0.016426628
0,0,3.8154468e-07
0,0,1.5366368e-06
0,0,4.463624e-07
0,0,6.334312e-07
0,0,1.8807216e-06
0,0,2.896901e-07
0,0,5.3904466e-07
0,0,1.9879235e-06
0,0,1.0186956e-06
0,0,2.9309956e-07
0,0,9.166508e-07
0,0,9.3975245e-07
0,0,3.8443304e-07
0,0,2.1465966e-07
0,0,1.0597173e-06
0,0,1.1495895e-06
0,0,5.5655795e-07
0,0,6.633043e-07
0,0,1.9830217e-07
0,0,3.2000668e-07
0,0,5.107234e-07
0,0,4.6756966e-07
0,0,6.248496e-07
0,0,8.12675e-08
0,0,1.2580816e-06
0,0,2.2973559e-06
0,0,4.6488637e-07
0,0,2.4497683e-06
0,0,7.529056e-07
0,0,4.6882928e-07
0,0,5.8585107e-07
0,0,1.0934783e-06
0,0,4.0544282e-07
0,0,5.065706e-07
0,0,2.4256512e-06
0,0,1.1675469e-06
0,0,6.8052645e-07
0,0,8.448071e-07
0,0,2.7344151e-07
0,0,6.8312676e-07
0,0,4.5371294e-07
0,0,4.344087e-07
0,0,4.2469787e-07
0,0,3.745659e-07
0,0,3.0645e-07
0,0,1.9688156e-07
0,0,1.852691e-07
0,0,6.915874e-07
0,0,6.568802e-07
0,0,3.333559e-07
0,0,2.7964631e-06
0,0,4.7457743e-07
0,0,1.3117633e-06
0,0,3.57371e-07
0,0,5.172514e-07
0,0,6.2610104e-07
0,0,3.4873545e-07
0,0,8.9206446e-07
0,0,7.289983e-07
0,0,4.662472e-07
0,0,6.0673847e-07
0,0,3.3457283e-07
0,0,7.336475e-07
0,0,6.863363e-07
0,0,9.3443424e-07
0,0,1.080368e-06
0,0,7.136945e-07
0,0,1.5330286e-07
0,0,2.4171598e-07
0,0,2.0927115e-07
0,0,2.6306546e-07
0,0,1.8383903e-06
0,0,1.6604184e-06
0,0,4.4614663e-07
0,0,2.1481642e-06
0,0,3.062966e-07
0,0,9.634125e-07
0,0,4.4160745e-07
0,0,4.7005778e-07
0,0,4.6835112e-07
0,0,9.5113927e-07
0,0,4.009058e-07
0,0,3.4424815e-07
0,0,1.0999524e-06
0,0,5.5545235e-07
0,0,5.7978104e-07
0,0,1.5454604e-07
0,0,6.158936e-07
0,0,3.0576223e-07
0,0,3.7899127e-07
0,0,2.6864132e-07
0,0,3.609025e-07
0,0,7.892287e-07
0,0,2.7856754e-07
0,0,4.6263563e-07
0,0,1.6085977e-07
0,0,1.6361437e-07
0,0,6.592474e-07
0,0,3.2535186e-07
0,0,1.2958071e-06
0,0,3.1599166e-06
0,0,5.5952063e-07
0,0,1.2238902e-06
0,0,1.3831904e-06
0,0,1.1456592e-06
0,0,8.1870354e-07
0,0,2.2102752e-06
0,0,7.5348026e-07
0,0,2.430831e-07
0,0,5.897498e-06
0,0,1.2307455e-06
0,0,7.703715e-07
0,0,3.340538e-07
0,0,3.1423274e-06
0,0,2.6046624e-07
0,0,3.503753e-07
0,0,3.1556294e-07
0,0,7.3426764e-07
0,0,4.193175e-07
0,0,3.9171334e-07
0,0,1.4659448e-06
0,0,1.0884706e-06
0,0,1.1576228e-06
0,0,3.6050483e-07
0,0,3.0698266e-07
0,0,6.549123e-07
0,0,2.0091295e-07
0,0,5.155022e-07
0,0,6.46975e-07
0,0,1.9635165e-07
0,0,3.1918285e-07
0,0,4.252389e-07
0,0,2.8358107e-07
0,0,1.2914743e-06
0,0,5.655608e-07
0,0,6.1037616e-07
0,0,8.1448104e-07
0,0,1.3013702e-06
0,0,2.2332752e-06
0,0,8.041013e-07
0,0,7.779211e-07
0,0,2.0770012e-06
0,0,2.476653e-07
0,0,1.4891224e-06
0,0,2.1000989e-07
0,0,5.8383813e-07
0,0,6.416177e-07
0,0,1.2861425e-06
0,0,9.230608e-07
0,0,6.0825926e-07
0,0,8.9731356e-07
1,0,0.022396905
0,0,3.200964e-07
0,0,9.12279e-07
0,0,2.6899866e-07
0,0,2.3535473e-07
0,0,5.5332805e-07
0,0,4.133835e-07
0,0,3.84663e-07
0,0,2.884028e-07
0,0,3.117081e-07
0,0,5.70152e-07
0,0,6.142571e-07
0,0,3.889238e-07
0,0,1.0737929e-06
0,0,3.379725e-07
0,0,3.4699445e-07
0,0,8.526283e-07
0,0,3.716308e-07
0,0,2.3554962e-07
0,0,1.1157548e-06
0,0,3.5249175e-07
0,0,2.6657895e-06
0,0,6.4959147e-07
0,0,1.0383666e-06
0,0,2.4324635e-07
0,0,8.7482204e-07
0,0,7.488047e-07
0,0,3.5509416e-07
0,0,5.4076077e-07
0,0,8.8096385e-07
0,0,4.0741924e-07
0,0,7.704347e-07
0,0,1.708243e-07
0,0,1.2763138e-06
0,0,6.8894957e-07
0,0,6.8998395e-07
0,0,2.71753e-07
0,0,1.0389391e-06
0,0,3.796044e-07
0,0,6.712985e-07
0,0,1.8253215e-07
0,0,3.1039576e-07
0,0,2.5314782e-07
0,0,3.0754586e-07
0,0,4.6138075e-07
0,0,6.5445715e-07
0,0,2.6586804e-07
0,0,5.682678e-07
0,0,7.328279e-07
0,0,3.3185492e-07
0,0,5.460665e-07
0,0,7.127457e-07
0,0,1.6454275e-06
0,0,3.9677548e-07
0,0,5.8021243e-07
0,0,1.0162562e-06
0,0,6.1665594e-07
0,0,3.452427e-07
0,0,2.7250042e-06
0,0,4.5690484e-07
0,0,1.7809423e-06
0,0,1.1834712e-06
0,0,1.0556e-06
0,0,4.876467e-07
0,0,2.9985704e-06
0,0,1.4452435e-06
0,0,2.2456773e-06
0,0,6.648515e-07
0,0,6.347168e-07
0,0,2.7287933e-07
0,0,4.6268812e-07
0,0,2.471653e-07
0,0,1.2106275e-06
0,0,7.1912336e-07
0,0,6.440552e-07
0,0,5.769113e-07
0,0,1.2183803e-07
0,0,1.0901765e-06
0,0,5.0215647e-07
0,0,6.865504e-07
0,0,2.8244367e-06
0,0,1.9566993e-07
0,0,9.998109e-07
0,0,6.1332287e-07
0,0,1.8145936e-07
0,0,3.354217e-07
0,0,1.1581783e-06
0,0,6.054512e-07
0,0,8.3643295e-07
0,0,5.4593835e-07
0,0,1.2911147e-06
0,0,1.0243147e-06
0,0,5.018022e-07
0,0,5.371782e-07
0,0,1.7864743e-06
0,0,9.263033e-07
0,0,8.3537105e-07
0,0,5.2340204e-07
0,0,1.7884603e-06
0,0,7.887464e-07
0,0,3.307112e-07
0,0,4.8183125e-07
0,0,1.1988413e-07
0,0,3.424799e-07
0,0,6.273658e-07
0,0,1.5155745e-06
0,0,6.4733297e-07
0,0,6.974098e-07
0,0,2.4667645e-07
0,0,1.2600232e-06
0,0,1.1099071e-06
0,0,5.851391e-07
0,0,1.633163e-06
0,0,4.2007036e-07
0,0,1.234056e-07
0,0,4.5017356e-07
0,0,3.370606e-07
0,0,3.7700102e-07
0,0,8.5708126e-07
0,0,1.4375276e-07
0,0,4.86145e-07
0,0,7.389581e-07
0,0,1.5625778e-06
0,0,1.4033574e-06
0,0,3.241848e-07
0,0,6.277015e-07
0,0,5.243998e-07
0,0,1.009687e-06
0,0,8.183359e-07
0,0,1.2587801e-06
0,0,3.8184172e-07
0,0,5.935618e-07
0,0,9.4762635e-07
0,0,3.0181222e-06
0,0,3.0763857e-07
0,0,8.547508e-07
0,0,7.8344243e-07
0,0,2.9158596e-07
0,0,2.661245e-07
0,0,7.660074e-07
0,0,5.838019e-07
0,0,6.545808e-07
0,0,7.407559e-07
0,0,1.6914322e-06
0,0,6.5563097e-07
0,0,2.2934114e-06
0,0,5.2255865e-07
0,0,8.240953e-07
0,0,1.3608943e-06
0,0,3.2895224e-07
0,0,3.7016076e-07
0,0,4.9442457e-07
0,0,2.8660196e-07
0,0,1.5993281e-06
0,0,5.8854516e-07
0,0,5.682738e-07
0,0,4.5836038e-07
0,0,8.820382e-07
0,0,1.2133437e-06
0,0,1.6851658e-06
0,0,2.8586354e-07
0,0,7.657649e-07
0,0,5.7244904e-07
0,0,1.7692618e-06
0,0,4.961131e-07
0,0,6.713632e-07
0,0,2.0985073e-07
0,0,0.32198137
0,0,1.1017352e-06
0,0,9.332737e-07
0,0,1.6629239e-06
0,0,7.9091797e-07
0,0,4.993085e-07
0,0,5.3683664e-07
0,0,1.016512e-06
0,0,4.4209335e-07
0,0,5.0472704e-07
0,0,3.3705194e-07
0,0,8.926039e-07
0,0,7.267874e-07
0,0,3.39112e-06
0,0,2.3183739e-07
0,0,1.3622954e-06
0,0,3.3186944e-07
0,0,1.1878048e-07
0,0,1.446388e-06
0,0,1.2320714e-06
0,0,1.1639327e-06
0,0,9.386311e-07
0,0,3.711753e-07
0,0,5.7833745e-07
0,0,2.5967725e-07
0,0,1.175291e-06
0,0,2.4587274e-07
0,0,1.6676596e-06
0,0,7.068161e-07
0,0,8.642047e-07
0,0,2.3929306e-06
0,0,7.204269e-07
0,0,3.0212072e-07
0,0,6.339588e-07
0,0,8.1612484e-07
0,0,2.3551705e-07
0,0,1.5781152e-06
0,0,1.0847959e-06
0,0,1.0098498e-06
0,0,1.9027583e-06
0,0,4.654462e-07
0,0,3.2993216e-07
0,0,6.5254017e-07
0,0,1.3429105e-06
0,0,2.8126263e-07
0,0,5.5616476e-07
0,0,4.7153807e-07
0,0,1.3131839e-06
0,0,4.5719165e-07
0,0,6.9050395e-07
0,0,1.0928549e-06
0,0,1.251031e-06
0,0,7.948333e-07
0,0,2.6833558e-07
0,0,5.5587947e-07
0,0,2.3631284e-07
0,0,2.891447e-07
0,0,7.456151e-07
0,0,1.1849885e-07
0,0,3.2226473e-07
0,0,6.3285034e-07
0,0,3.2345847e-07
0,0,6.075149e-07
0,0,4.75013e-07
0,0,7.955378e-07
0,0,3.2444448e-06
0,0,5.923161e-07
0,0,2.2574334e-06
0,0,8.051833e-07
0,0,1.5943803e-07
0,0,6.7029674e-07
0,0,4.749247e-06
0,0,3.790079e-07
0,0,9.779375e-07
0,0,0.15035933
0,0,1.3357653e-06
0,0,5.7117023e-07
0,0,1.203736e-06
0,0,2.614969e-07
0,0,4.4315834e-07
0,0,1.5220143e-06
0,0,5.885205e-07
0,0,3.1778237e-07
0,0,2.3670147e-07
0,0,2.7498913e-07
0,0,4.4445986e-07
0,0,1.6439405e-06
0,0,3.219953e-07
0,0,2.5228383e-07
0,0,3.2236616e-07
0,0,3.2346804e-07
0,0,3.7936263e-07
0,0,4.3900445e-07
0,0,1.5570264e-06
0,0,4.4036054e-07
0,0,5.1013336e-07
0,0,1.1011952e-06
0,0,4.0200766e-07
0,0,7.133686e-07
0,0,7.9613886e-07
0,0,3.275648e-07
0,0,8.6538074e-07
0,0,6.297792e-07
0,0,3.5697383e-07
0,0,4.5834287e-07
0,0,1.2012692e-06
0,0,1.8934884e-06
0,0,4.1626112e-07
0,0,5.667962e-07
0,0,8.2396247e-07
0,0,2.6318742e-06
0,0,3.8849714e-07
0,0,1.2586529e-06
0,0,3.8371698e-07
0,0,5.019027e-07
0,0,9.3782313e-07
0,0,1.162464e-06
0,0,4.934175e-07
0,0,2.989188e-06
0,0,5.833161e-07
0,0,4.593047e-07
0,0,4.081324e-07
0,0,1.7466524e-06
0,0,3.7821425e-07
0,0,6.1420786e-07
0,0,1.2681351e-06
0,0,4.1689196e-07
0,0,1.7280494e-06
0,0,6.889904e-07
0,0,4.9566245e-07
0,0,7.934375e-07
0,0,1.9841582e-06
0,0,1.4186775e-06
0,0,4.5318149e-07
0,0,1.2558986e-06
0,0,3.6679114e-07
0,0,6.1243094e-07
0,0,2.4005436e-07
0,0,1.0556815e-06
0,0,4.2012724e-07
0,0,4.3509237e-07
0,0,1.5369344e-06
0,0,3.1661347e-07
0,0,4.14628e-07
0,0,9.4274077e-07
0,0,5.1430754e-07
0,0,9.045979e-07
0,0,4.3364875e-07
0,0,1.034194e-06
0,0,5.144169e-07
0,0,2.9034283e-07
0,0,1.064688e-06
0,0,4.3321143e-07
0,0,3.0848526e-07
0,0,7.635495e-07
0,0,6.8241576e-07
0,0,5.720217e-07
0,0,5.274578e-07
0,0,6.295216e-07
0,0,7.5639684e-07
0,0,5.9457705e-07
0,0,2.2130627e-07
0,0,7.351308e-07
0,0,8.0572863e-07
0,0,6.327803e-07
0,0,1.6296609e-07
0,0,8.556341e-07
0,0,2.4864607e-06
0,0,1.3531204e-06
0,0,4.2633815e-07
0,0,4.714252e-07
0,0,6.23301e-07
0,0,1.8797788e-07
0,0,5.7572686e-07
0,0,1.5792339e-06
0,0,5.402504e-07
0,0,2.970427e-06
0,0,5.2461587e-07
0,0,9.85773e-07
0,0,2.6877353e-07
0,0,1.7991918e-07
0,0,6.490484e-07
0,0,9.766634e-07
0,0,5.264181e-07
0,0,1.7907386e-06
0,0,4.000591e-07
0,0,1.5616749e-07
0,0,6.032438e-07
0,0,1.3435703e-06
0,0,2.5918246e-07
0,0,7.8289867e-07
0,0,2.3320968e-06
0,0,3.259621e-07
0,0,6.2315775e-07
0,0,3.8052866e-07
0,0,2.4941764e-07
0,0,4.3894167e-07
0,0,1.5941006e-06
0,0,1.4371536e-06
0,0,2.4610782e-07
0,0,2.3787753e-07
0,0,1.5930078e-07
0,0,1.6788953e-06
0,0,1.4714129e-06
0,0,1.0639105e-06
0,0,4.5881305e-07
0,0,1.9704828e-06
0,0,2.7947706e-07
0,0,6.335019e-07
0,0,2.1125804e-06
0,0,9.413644e-07
0,0,2.4068567e-07
0,0,3.4149917e-07
0,0,2.4790284e-06
0,0,2.0690165e-06
0,0,1.3442162e-06
0,0,5.0556815e-07
0,0,3.644428e-07
0,0,4.2997502e-07
0,0,5.204762e-07
0,0,1.0726097e-06
0,0,3.863014e-06
0,0,3.312968e-07
0,0,2.818988e-07
0,0,3.5065605e-07
0,0,6.516135e-07
0,0,5.0273195e-07
0,0,7.996658e-07
0,0,5.3269855e-07
0,0,0.037039276
0,0,8.2798607e-07
0,0,1.0677284e-06
0,0,8.9607875e-07
0,0,3.3664202e-07
0,0,3.0273506e-07
0,0,2.2483871e-07
0,0,1.5117519e-07
0,0,1.5191821e-06
0,0,2.0883285e-06
0,0,1.3061447e-06
0,0,9.802195e-07
0,0,1.1661582e-06
0,0,1.3193725e-06
0,0,1.12852106e-07
0,0,9.275469e-06
0,0,3.4909226e-06
0,0,6.516726e-07
0,0,3.3388434e-07
0,0,1.4819452e-06
0,0,4.7296754e-07
0,0,1.5940944e-07
0,0,4.4629644e-07
0,0,1.161058e-06
0,0,1.1097409e-06
0,0,0.002727451
0,0,6.188617e-07
0,0,4.613328e-07
0,0,7.4094527e-07
0,0,6.607051e-07
0,0,5.639547e-07
0,0,1.1165403e-06
0,0,5.5759176e-07
0,0,5.6862615e-07
0,0,3.4644194e-07
0,0,8.1787397e-07
0,0,1.3151165e-06
0,0,2.9284473e-07
0,0,2.8477623e-07
0,0,1.7593749e-06
0,0,1.6412274e-06
0,0,3.3096615e-07
0,0,5.76743e-07
0,0,5.116716e-07
0,0,3.2199745e-07
0,0,3.2004024e-07
0,0,8.519643e-07
0,0,1.4126736e-06
0,0,2.1464934e-06
0,0,5.799862e-07
0,0,3.4546963e-07
0,0,6.956668e-07
0,0,2.7764906e-07
0,0,8.1007875e-07
0,0,5.664044e-07
0,0,8.061814e-07
0,0,8.251688e-07
0,0,1.8534156e-07
0,0,6.154398e-07
0,0,6.911271e-07
0,0,1.1843891e-06
0,0,6.535815e-07
0,0,4.768731e-07
0,0,7.611525e-07
0,0,6.957232e-07
0,0,1.1819565e-06
0,0,2.4157217e-07
0,0,4.393802e-07
0,0,3.719226e-07
0,0,8.6246496e-07
0,0,2.7820195e-07
0,0,1.2081628e-06
0,0,5.700123e-07
0,0,2.858862e-07
0,0,1.3534004e-06
0,0,5.461722e-07
0,0,7.442504e-07
0,0,5.7127374e-07
0,0,1.507837e-06
0,0,5.516388e-07
0,0,3.8724207e-07
0,0,3.9809714e-07
0,0,9.4447756e-07
0,0,5.4854104e-07
0,0,6.2343474e-07
0,0,7.5924726e-07
0,0,1.9122763e-06
0,0,1.3435396e-06
0,0,1.3026354e-06
0,0,2.1720595e-07
0,0,4.14473e-07
0,0,7.074122e-07
0,0,1.0873237e-07
0,0,1.1573876e-06
0,0,4.4795942e-07
0,0,1.6255304e-06
0,0,2.89663e-07
0,0,4.830795e-07
0,0,2.0497176e-07
0,0,5.04974e-07
0,0,1.5277905e-06
0,0,1.2577589e-06
0,0,8.579423e-07
0,0,5.1587256e-07
0,0,2.3921132e-07
0,0,1.2944337e-06
0,0,2.0926556e-07
0,0,7.127409e-07
0,0,1.7803803e-06
0,0,1.9621838e-07
0,0,2.9866843e-07
0,0,1.5850883e-06
0,0,3.9106646e-07
0,0,4.1200755e-07
0,0,7.765269e-07
0,0,3.81786e-07
0,0,5.0593815e-07
0,0,3.5729468e-07
0,0,5.522726e-07
0,0,3.9450032e-07
0,0,6.252448e-07
0,0,6.4402326e-07
0,0,3.329411e-06
0,0,1.3793505e-06
0,0,1.0878097e-06
0,0,4.1948587e-07
0,0,6.7887936e-07
0,0,1.9047646e-06
0,0,1.600735e-07
0,0,5.8195866e-07
0,0,1.9437879e-07
0,0,7.2828396e-07
0,0,7.857365e-07
0,0,6.5961973e-07
0,0,6.224563e-07
0,0,2.0956672e-07
0,0,8.701591e-07
0,0,5.0706893e-07
0,0,3.0294407e-06
0,0,1.6155776e-06
0,0,4.0880363e-07
0,0,6.717968e-07
0,0,2.2375207e-07
0,0,7.812727e-07
0,0,3.817951e-07
0,0,4.60358e-07
0,0,4.8115623e-07
0,0,4.7624042e-07
0,0,2.1171435e-07
0,0,1.7964003e-06
0,0,1.4491632e-06
0,0,2.863069e-07
0,0,4.6371386e-07
0,0,8.8560705e-07
0,0,2.4766819e-06
0,0,9.4543725e-07
0,0,1.1287659e-06
0,0,3.853856e-07
0,0,1.7207806e-06
0,0,5.950524e-07
0,0,8.6721974e-07
0,0,9.0088054e-07
0,0,8.9719373e-07
0,0,4.9172496e-07
0,0,8.9081044e-07
0,0,5.092924e-07
0,0,3.5008202e-07
0,0,8.633727e-07
0,0,3.304029e-07
0,1,0.6858799
0,0,4.3904845e-07
0,0,2.1012659e-06
0,0,7.4981875e-07
0,0,8.5066773e-07
0,0,1.1427131e-06
0,0,2.5385765e-07
0,0,2.9795095e-07
0,0,2.3970692e-06
0,0,1.3734567e-06
0,0,2.3755901e-07
0,0,9.952864e-07
0,0,2.4717923e-07
0,0,8.7829125e-07
0,0,8.7786583e-07
0,0,1.4936153e-06
0,0,1.6160277e-07
0,0,6.401362e-07
0,0,9.4003303e-07
0,0,1.8754956e-07
0,0,3.52556e-07
0,0,4.773326e-07
0,0,7.277736e-07
0,0,6.03596e-07
0,0,5.149048e-07
0,0,3.418501e-07
0,0,8.5086975e-07
0,0,9.1367036e-07
0,0,2.8459483e-06
0,0,5.372053e-07
0,0,3.9900138e-07
0,0,4.2096508e-07
0,0,1.1787224e-06
0,0,1.1742469e-06
0,0,5.1431044e-07
0,0,5.7657024e-07
0,0,4.628682e-07
0,0,2.126403e-07
0,0,4.961108e-07
0,0,2.803259e-07
0,0,1.0471216e-06
0,0,3.040649e-07
0,0,2.0170078e-06
0,0,2.309644e-07
0,0,9.727389e-07
0,0,2.081591e-07
0,0,3.465662e-07
0,0,1.7554329e-06
0,0,8.9762943e-07
0,0,3.2272698e-07
0,0,9.2097935e-06
0,0,1.2478102e-06
0,0,1.5699776e-06
0,0,4.0583123e-07
0,0,1.2964783e-06
0,0,2.1864935e-07
0,0,8.0937065e-07
0,0,4.0677435e-07
0,0,2.8352483e-07
0,0,2.5067075e-07
0,0,9.959045e-07
0,0,3.4681943e-07
0,0,3.1526093e-07
0,0,5.868268e-07
0,0,5.9106225e-07
0,0,1.0441458e-06
0,0,6.247477e-07
0,0,1.3633546e-06
0,0,3.1969097e-07
0,0,2.7624844e-07
0,0,7.606235e-07
0,0,2.669425e-06
0,0,5.28544e-07
0,0,3.3916717e-07
0,0,3.5765535e-07
0,0,5.615584e-07
0,0,0.0015802229
0,0,3.81129e-07
0,0,9.225636e-07
0,0,3.6913173e-07
0,0,5.059077e-07
0,0,2.1719147e-07
0,0,4.3639062e-07
0,0,1.2437222e-06
0,0,2.661301e-07
0,0,3.6601998e-06
0,0,7.5391443e-07
0,0,4.2641986e-07
0,0,7.971889e-07
0,0,2.8021657e-07
0,0,8.467672e-07
0,0,1.1476943e-06
0,0,2.3686857e-07
0,0,1.9498405e-07
0,0,3.0307191e-07
0,0,2.9789865e-07
0,0,5.715522e-07
0,0,5.756665e-07
0,0,1.5345016e-06
0,0,3.1297944e-07
0,0,1.4400882e-06
0,0,4.8071087e-07
0,0,7.9026654e-07
0,0,1.0888486e-06
0,0,4.580392e-07
0,0,9.278338e-07
0,0,5.213759e-07
0,0,9.524545e-07
0,0,4.0852652e-07
0,0,2.9872257e-07
0,0,2.4354907e-07
0,0,5.766451e-06
0,0,4.5141215e-07
0,0,0.0031923905
0,0,3.1122036e-07
0,0,8.125268e-07
0,0,3.9344486e-06
0,0,3.7460805e-07
0,0,6.7745196e-07
0,0,4.9161054e-07
0,0,2.9315015e-07
0,0,1.08832594e-07
0,0,3.4392755e-07
0,0,2.5487938e-07
0,0,6.4129836e-07
0,0,8.840197e-07
0,0,3.7587415e-07
0,0,3.6668692e-07
0,0,1.2065036e-06
0,0,4.767298e-07
0,0,6.390596e-07
0,0,1.6006466e-06
0,0,6.6501e-07
0,0,5.7413405e-07
0,0,4.62689e-07
0,0,1.8520741e-06
0,0,4.900808e-07
0,0,7.288829e-07
0,0,1.2176129e-06
0,0,0.001053347
0,0,1.8950226e-07
0,0,3.1320576e-07
0,0,1.4084187e-06
0,0,1.4347324e-06
0,0,1.7503412e-07
0,0,5.6123446e-07
0,0,2.3075854e-07
1,0,0.45446503
0,0,2.343216e-07
0,0,2.572391e-06
0,0,1.9170382e-06
0,0,1.1062085e-06
0,0,1.1889397e-06
0,0,5.368054e-07
0,0,4.376075e-07
0,0,3.7901117e-07
0,0,2.331211e-07
0,0,2.835126e-06
0,0,6.802455e-07
0,0,4.1089706e-07
0,0,3.514891e-07
0,0,9.764232e-07
0,0,1.160718e-06
0,0,1.1257719e-06
0,0,1.2797326e-06
0,0,3.866011e-07
0,0,1.3300579e-06
0,0,8.658711e-07
0,0,5.0408437e-07
0,0,4.8072184e-06
0,0,1.0401377e-06
0,0,9.1484657e-07
0,0,3.713477e-07
0,0,4.421941e-07
0,0,5.751018e-07
0,0,9.128455e-07
0,0,2.5147094e-07
0,0,1.1701006e-06
0,0,3.3783812e-07
0,0,2.2358867e-07
0,0,1.0773462e-06
0,0,6.35526e-07
0,0,4.564406e-07
0,0,5.721767e-07
0,0,3.4732156e-07
0,0,6.748488e-07
0,0,1.8229397e-06
0,0,1.58157e-06
0,0,3.770082e-06
0,0,2.3553016e-06
0,0,6.089552e-07
0,0,4.693227e-07
0,0,4.347249e-07
0,0,2.7211996e-07
0,0,2.136526e-07
0,0,6.636403e-07
0,0,9.661626e-07
0,0,4.0856273e-07
0,0,1.156783e-06
0,0,1.2257918e-06
0,0,2.9116995e-07
0,0,4.4265445e-07
0,0,2.602542e-06
0,0,7.7618853e-07
0,0,2.8791143e-07
0,0,4.2932965e-07
0,0,8.9950436e-07
0,0,7.972406e-07
0,0,7.879645e-07
0,0,1.0654285e-06
0,0,2.3454251e-07
0,0,8.784697e-07
0,0,4.591733e-07
0,0,5.894006e-07
0,0,7.980576e-07
0,0,3.324739e-07
0,0,3.4026414e-07
0,0,2.8156936e-07
0,0,4.7624042e-07
0,0,1.5105602e-06
0,0,1.0431954e-06
0,0,2.362444e-06
0,0,2.744175e-07
0,0,5.556065e-07
0,0,7.198953e-07
0,0,8.145122e-07
0,0,1.7336305e-07
0,0,2.7654864e-06
0,0,7.485291e-07
0,0,5.3820736e-07
0,0,1.8701211e-06
0,0,8.312109e-07
0,0,4.6762187e-07
0,0,8.3352165e-07
0,0,2.4421358e-06
0,0,1.7937352e-07
0,0,1.5554724e-06
0,0,1.537937e-07
0,0,2.722835e-07
0,0,1.0842137e-06
0,0,9.798803e-07
0,0,1.9330155e-06
0,0,8.52473e-07
0,0,5.475965e-07
0,0,8.032352e-07
0,0,8.220121e-07
0,0,3.5983337e-06
0,0,5.313119e-07
0,0,3.462507e-07
0,0,3.3858285e-07
0,0,1.5316972e-07
0,0,2.934514e-07
0,0,1.4844475e-06
0,0,3.4757745e-06
0,0,2.8575508e-07
0,0,4.6692938e-07
0,0,7.647162e-07
0,0,2.3871587e-07
0,0,2.3001248e-06
0,0,1.608633e-06
0,0,3.4392363e-07
0,0,5.783237e-07
0,0,4.7307358e-07
0,0,6.22844e-07
0,0,7.811431e-07
0,0,2.7826326e-07
0,0,5.1916453e-07
0,0,4.6964507e-07
0,0,1.5824104e-06
0,0,5.338952e-07
0,0,1.7537245e-06
0,0,2.5002302e-07
0,0,5.3235976e-07
0,0,4.4937357e-07
0,0,3.717956e-07
0,0,8.1226653e-07
0,0,1.2797217e-06
0,0,1.0911272e-06
0,0,4.4078112e-07
0,0,4.814082e-07
0,0,7.698831e-07
0,0,8.296e-07
0,0,3.0453873e-06
0,0,8.372118e-07
0,0,9.3461153e-07
0,0,8.945776e-07
0,0,1.061776e-06
0,0,4.5362685e-07
0,0,2.788187e-07
0,0,4.7072436e-07
0,0,2.3586614e-07
0,0,8.82087e-07
0,0,6.049883e-07
0,0,4.146972e-07
0,0,2.4943998e-07
0,0,6.126073e-07
0,0,1.3041968e-06
0,0,2.3867497e-06
0,0,5.8129524e-07
0,0,1.3720729e-06
0,0,5.714983e-07
0,0,6.921443e-07
0,0,1.2593324e-06
0,0,1.6271916e-07
0,0,2.5088507e-06
0,0,6.226285e-07
0,0,8.254301e-07
0,0,1.3417251e-06
0,0,4.0994675e-07
0,0,7.4176046e-07
0,0,7.9818017e-07
0,0,1.3567187e-07
0,0,3.8082925e-07
0,0,8.7509824e-07
0,0,3.1697178e-07
0,0,0.0014281492
0,0,4.442293e-07
0,0,8.7692365e-07
0,0,1.2382698e-06
0,0,7.3146776e-07
0,0,4.8842674e-07
0,0,8.1504135e-07
0,0,8.045968e-07
0,0,4.0871592e-07
0,0,2.1856927e-07
0,0,1.5841876e-07
0,0,4.103324e-07
0,0,4.5242237e-07
0,0,2.3525509e-07
0,0,4.3443274e-07
0,0,5.659395e-07
0,0,7.2062477e-07
0,0,1.3335417e-06
0,0,6.0988157e-07
0,0,3.4398627e-07
0,0,1.5416141e-06
0,0,4.2658704e-07
0,0,3.8103522e-07
0,0,7.1797757e-07
0,0,5.266506e-07
0,0,1.8518058e-06
0,0,2.1397109e-07
0,0,6.3758336e-07
0,0,2.6788862e-07
0,0,2.3535517e-07
0,0,3.4360792e-07
0,0,7.9843596e-07
0,0,3.5382683e-07
0,0,2.3416234e-07
0,0,2.9560127e-07
0,0,2.4603958e-06
0,0,1.2008924e-06
0,0,1.0659509e-06
0,0,1.5081865e-06
0,0,6.1630965e-07
0,0,1.4756356e-06
0,0,8.283866e-07
0,0,5.6282045e-07
0,0,4.1537123e-07
0,0,4.727254e-07
0,0,2.874091e-07
0,0,5.2232e-07
0,0,4.7103606e-07
0,0,1.3107954e-06
0,0,5.408175e-07
0,0,1.1641647e-06
0,0,9.3414195e-07
0,0,1.0584608e-06
0,0,7.390977e-07
0,0,1.2138205e-06
0,0,3.9615995e-07
0,0,4.825619e-07
0,0,2.770069e-07
0,0,2.5607621e-06
0,0,1.2626058e-06
0,0,1.4660746e-07
0,0,1.0697546e-06
0,0,4.3645176e-07
0,0,1.9504748e-07
0,0,9.6448105e-08
0,0,4.2081572e-07
0,0,4.600455e-07
0,0,5.7660765e-07
0,0,4.4103422e-07
0,0,1.8797282e-06
0,0,3.8837786e-07
0,0,2.140516e-06
0,0,3.9943575e-07
0,0,8.3933294e-08
0,0,8.7412656e-07
0,0,5.522173e-07
0,0,9.86277e-07
0,0,5.998985e-07
0,0,5.170837e-07
0,0,6.562528e-07
0,0,1.9478234e-06
0,0,3.0006623e-07
0,0,3.446634e-07
0,0,8.9256645e-07
0,0,7.656554e-07
0,0,4.0899548e-07
0,0,4.2539062e-07
0,0,1.0612854e-07
0,0,7.188792e-07
0,0,4.6801e-07
0,0,6.8864745e-07
0,0,2.7668716e-07
0,0,5.5020445e-07
0,0,5.6643153e-06
0,0,1.2145512e-06
0,0,5.4109404e-07
0,0,1.1619375e-06
0,0,8.9313613e-07
0,0,1.4916723e-06
0,0,4.5879025e-07
0,0,9.582244e-07
0,0,3.3567068e-07
0,0,4.8913944e-07
0,0,6.9232186e-07
0,0,8.942577e-07
0,0,1.3902204e-06
0,0,2.6303033e-07
0,0,2.6139168e-07
0,0,8.439487e-07
0,0,2.5367854e-07
0,0,1.1030471e-06
0,0,6.4707007e-07
0,0,7.715229e-07
0,0,1.3239707e-06
0,0,5.450093e-07
0,0,1.7641432e-07
0,0,1.2778776e-06
0,0,6.000181e-07
0,0,1.4820569e-06
0,0,1.2233063e-07
0,0,2.816964e-07
0,0,9.842728e-07
0,0,3.1077195e-07
0,0,3.793008e-07
0,0,3.5572253e-07
0,0,9.370069e-07
0,0,4.0149618e-07
0,0,3.8948056e-07
0,0,1.934192e-06
0,0,2.1775911e-07
0,0,2.9101113e-06
0,0,7.0965893e-07
0,0,2.2024237e-07
0,0,4.008439e-07
0,0,3.949155e-07
0,0,7.197518e-07
0,0,3.9055067e-07
0,0,5.794057e-07
0,0,9.574808e-07
0,0,5.468904e-07
0,0,6.402998e-07
0,0,2.002241e-06
0,0,2.7093631e-06
0,0,4.3582327e-07
0,0,6.2073957e-07
0,0,6.2380826e-07
0,0,5.438375e-07
0,0,8.1822975e-07
0,0,4.8777457e-07
0,0,8.5250883e-07
0,0,4.91506e-07
0,0,3.787875e-07
0,0,3.9018175e-07
0,0,4.937611e-07
0,0,0.00011342619
0,0,3.319695e-07
0,0,1.6744677e-06
0,0,2.1460501e-07
0,0,4.1562998e-07
0,0,5.032942e-07
0,0,5.5369117e-07
0,0,2.017499e-07
0,0,8.9266695e-07
0,0,2.3388634e-06
0,0,6.946664e-07
0,0,4.0248835e-07
0,0,1.0080697e-06
0,0,6.534375e-07
0,0,6.6807263e-07
0,0,4.5601507e-07
0,0,6.28563e-07
0,0,7.1839474e-07
0,0,3.574562e-07
0,0,6.866257e-07
0,0,6.264063e-07
0,0,4.8378257e-07
0,0,6.6844166e-07
0,0,7.4820514e-07
0,0,5.0198076e-07
0,0,1.884406e-07
0,0,1.0910575e-06
0,0,6.778546e-07
0,0,4.5407657e-07
0,0,1.4634948e-06
0,0,7.0193187e-07
0,0,1.9494364e-06
0,0,2.1992175e-06
0,0,6.934373e-07
0,0,7.280631e-07
0,0,2.4555428e-07
0,0,7.6216867e-07
0,0,8.2771373e-07
0,0,4.84119e-07
0,0,6.734363e-07
0,0,4.6424483e-07
0,0,2.585041e-07
0,0,4.8099746e-06
0,0,3.1808904e-06
0,0,3.3896444e-07
0,0,9.040391e-07
0,0,1.3898241e-06
0,0,6.514259e-07
0,0,3.3474583e-07
0,0,5.285505e-07
0,0,9.667211e-07
0,0,1.0386577e-06
0,0,4.123102e-07
0,0,4.4629772e-07
0,0,9.670283e-07
0,0,6.766521e-06
0,0,2.6875096e-06
0,0,7.6147415e-07
0,0,2.7518038e-07
0,0,3.326702e-07
0,0,1.5434177e-06
0,0,3.7617323e-07
0,0,0.02540568
0,0,1.1618887e-06
0,0,3.8279515e-07
0,0,1.7636117e-07
0,0,1.1127942e-06
0,0,5.6857897e-07
0,0,6.4434147e-07
0,0,1.3938643e-07
0,0,6.704169e-07
0,0,1.3992681e-06
0,0,3.5222972e-06
0,0,2.4603153e-07
0,0,7.0762474e-07
0,0,2.273332e-06
0,0,1.300617e-06
0,0,8.654129e-07
0,0,6.9066925e-07
0,0,2.7715885e-07
0,0,2.9518066e-07
0,0,3.5354722e-07
0,0,1.4671252e-06
0,0,6.862093e-07
0,0,6.1601406e-07
0,0,6.3279725e-07
0,0,2.1971539e-07
0,0,3.3228275e-07
0,0,6.6007783e-07
0,0,9.184692e-07
0,0,2.4211695e-07
0,0,1.4029666e-06
0,0,4.8226656e-07
0,0,3.3638563e-07
0,0,2.947446e-06
0,0,7.668853e-07
0,0,2.5383343e-07
0,0,3.064848e-07
0,0,3.538933e-07
0,0,1.2139196e-07
0,0,1.3254373e-06
0,0,5.48233e-07
0,0,1.0270554e-06
0,0,4.4662212e-07
0,0,4.1377987e-07
0,0,6.673607e-07
0,0,1.1912459e-06
0,0,4.1694963e-07
0,0,7.4519284e-07
0,0,8.4258085e-07
0,0,1.217988e-06
0,0,3.845999e-07
0,0,1.2003217e-07
0,0,1.2325909e-06
0,0,4.0090226e-06
0,0,4.2941406e-07
0,0,2.4413814e-06
0,0,2.995216e-07
0,0,3.849327e-07
0,0,5.0674305e-07
0,0,2.214499e-06
0,0,9.433388e-07
0,0,2.3843563e-06
0,0,4.4305355e-07
0,0,5.825722e-07
0,0,3.234597e-07
0,0,1.5283341e-06
0,0,2.920922e-07
0,0,2.6825447e-07
0,0,1.7712368e-06
0,0,2.9604504e-07
0,0,2.331647e-07
0,0,6.548399e-07
0,0,9.2494747e-07
0,0,2.1737692e-07
0,0,4.3384443e-07
0,0,1.8136058e-07
0,0,2.7523574e-06
0,0,1.1740252e-06
0,0,8.0074415e-07
0,0,2.6844486e-06
0,0,5.3846713e-07
0,0,5.4708187e-07
0,0,8.435046e-07
0,0,4.1626626e-07
0,0,1.7290583e-06
0,0,8.207752e-07
0,0,6.2013487e-07
0,0,6.2121035e-07
0,0,1.370003e-06
0,0,4.1091118e-07
0,0,1.0067765e-06
0,0,8.66608e-07
0,0,6.209734e-07
0,0,8.7242506e-07
0,0,8.0023574e-07
0,0,1.5504856e-06
0,0,2.3079429e-06
0,0,1.3560762e-06
0,0,4.6567396e-07
0,0,8.8405596e-07
0,0,6.3762957e-07
0,0,3.43546e-07
0,0,2.2982032e-07
0,0,5.1772173e-07
0,0,1.2842967e-06
0,0,5.629273e-07
0,0,3.7019606e-07
0,0,1.4499854e-07
0,0,5.513106e-07
0,0,3.530398e-07
0,0,2.3640347e-07
0,0,5.322476e-07
0,0,8.610448e-07
0,0,8.5430503e-07
0,0,4.339847e-07
0,0,1.1291136e-06
0,0,8.8129747e-07
0,0,3.8279663e-07
0,0,2.6339154e-07
0,0,7.72047e-07
0,0,1.2038806e-06
0,0,1.3025646e-06
0,0,5.4985986e-07
0,0,3.448614e-06
0,0,8.495481e-07
0,0,1.3587646e-07
0,0,5.8763544e-06
0,0,5.649527e-07
0,0,1.1877486e-06
0,0,4.2860887e-07
0,0,3.066491e-07
0,0,1.5737013e-06
0,0,4.74168e-06
0,0,2.5243858e-07
0,0,2.065504e-07
0,0,6.7853955e-07
0,0,7.3832496e-08
0,0,4.0357685e-07
0,0,2.308339e-06
0,0,2.8236395e-06
0,0,1.1867963e-06
0,0,2.3582752e-06
0,0,6.1514345e-07
0,0,4.8527e-07
0,0,3.0076185e-07
0,0,5.354106e-07
0,0,6.373086e-07
0,0,5.0630206e-07
0,0,9.9195e-07
0,0,5.1752875e-07
0,0,6.358194e-07
0,0,7.9428474e-07
0,0,3.705058e-07
0,0,7.410887e-07
0,0,1.8800515e-07
0,0,3.7823807e-07
0,0,1.1558743e-06
0,0,3.6481453e-07
0,0,2.7993024e-06
0,0,1.1211273e-06
0,0,6.04241e-07
1,0,0.13253385
0,0,3.2427448e-07
0,0,3.0246784e-07
0,0,1.0052146e-06
0,0,1.5314973e-06
0,0,2.9991804e-07
0,0,3.199957e-07
0,0,4.1310327e-07
0,0,1.3691958e-06
0,0,7.05974e-07
0,0,5.6467906e-07
0,0,5.20049e-07
0,0,3.265346e-07
0,0,8.521959e-07
0,0,9.243716e-07
0,0,7.3267205e-07
0,0,1.1294723e-06
0,0,3.5989441e-07
0,0,1.4884108e-07
0,0,2.4507192e-06
0,0,6.786716e-07
0,0,1.0180546e-06
0,0,9.61574e-07
0,0,6.224432e-07
0,0,2.7764034e-07
0,0,8.782242e-07
0,0,3.4957992e-07
0,0,1.3180206e-06
0,0,9.1990415e-07
0,0,2.9352248e-07
0,0,7.637585e-07
0,0,5.484364e-07
0,0,6.471003e-07
0,0,5.1995477e-07
0,0,8.4526727e-07
0,0,8.995489e-07
0,0,3.4069993e-07
0,0,6.2299017e-07
0,0,6.789506e-07
0,0,1.128458e-06
0,0,1.6937972e-07
0,0,7.6219555e-07
0,0,7.2394425e-07
0,0,2.5211858e-07
0,0,8.506604e-07
0,0,2.5074127e-07
0,0,8.386558e-07
0,0,1.7940514e-06
0,0,3.8843453e-07
0,0,5.406339e-07
0,0,4.648234e-07
0,0,1.6790892e-07
0,0,1.6880675e-06
0,0,8.628113e-07
0,0,1.5963856e-06
0,0,9.805748e-07
0,0,2.4346248e-06
0,0,1.6272289e-06
0,0,8.176993e-07
0,0,4.1308792e-07
0,0,5.628865e-07
0,0,3.4539815e-07
0,0,2.000817e-06
0,0,3.6832049e-07
0,0,5.2244457e-07
0,0,3.563796e-07
0,0,4.3043045e-07
0,0,1.7820773e-06
0,0,3.3401366e-07
0,0,1.7052804e-06
0,0,1.1461259e-06
0,0,9.0634745e-07
0,0,9.369471e-07
0,0,5.009268e-07
0,0,9.1543296e-07
0,0,6.159794e-07
0,0,6.0956523e-07
0,0,1.8728374e-06
0,0,6.262145e-07
0,0,4.059497e-07
0,0,5.1987894e-07
0,0,6.5674175e-07
0,0,4.219695e-07
0,0,4.1645606e-07
0,0,1.3639229e-06
0,0,2.9776572e-07
0,0,7.1435437e-07
0,0,2.1890878e-06
0,0,3.7992854e-07
0,0,2.615081e-07
0,0,4.735972e-07
0,0,8.4544064e-07
0,0,7.3382375e-07
0,0,2.0528122e-07
0,0,1.474479e-07
0,0,2.8894732e-07
0,0,3.5680637e-07
0,0,2.5524085e-07
0,0,1.9640616e-07
0,0,3.9490385e-07
0,0,1.1980053e-06
0,0,5.141364e-07
0,0,2.2661e-06
0,0,1.4910735e-06
0,0,9.187954e-08
0,0,7.7101834e-07
0,0,1.4425844e-06
0,0,3.065175e-07
0,0,7.89758e-07
0,0,4.596653e-07
0,0,3.2845696e-07
0,0,6.5563034e-07
0,0,1.7539369e-06
0,0,1.1273759e-06
0,0,5.5873676e-07
0,0,1.308838e-06
0,0,3.375238e-07
0,0,3.876718e-07
0,0,9.972113e-07
0,0,4.3278817e-07
0,0,9.4890595e-07
0,0,1.8652676e-07
0,0,5.8568565e-07
0,0,1.1444711e-06
0,0,8.029434e-07
0,0,4.598964e-07
0,0,6.239469e-07
0,0,5.473329e-07
0,0,1.33616e-07
0,0,3.167941e-07
0,0,1.1567862e-06
0,0,6.8860084e-07
0,0,8.9853717e-07
0,0,1.0389937e-06
0,0,6.641709e-07
0,0,6.1375704e-07
0,0,8.175043e-07
0,0,1.0050834e-06
0,0,5.378749e-07
0,0,3.0004045e-07
0,0,9.910932e-07
0,0,5.238655e-07
0,0,7.9816334e-07
0,0,5.3960423e-07
0,0,6.507789e-07
0,0,1.8496736e-06
0,0,6.1574684e-07
0,0,1.0058284e-06
0,0,7.2662726e-07
0,0,6.584375e-07
0,0,1.682306e-06
0,0,3.1840972e-07
0,0,4.8546116e-07
0,0,2.3361517e-07
0,0,7.7695057e-07
0,0,3.6754818e-07
0,0,2.4034279e-07
0,0,1.8509657e-07
0,0,0.096880734
0,0,1.1831722e-06
0,0,1.9079322e-07
0,0,6.953458e-07
0,0,2.153744e-06
0,0,3.3921117e-07
0,0,3.399554e-07
0,0,2.9432078e-07
0,0,3.9331886e-07
0,0,3.3474137e-07
0,0,3.6205734e-07
0,0,5.093949e-07
0,0,5.072619e-07
0,0,8.8635556e-07
0,0,5.699715e-07
0,0,5.8250777e-07
0,0,1.1299021e-06
0,0,3.9851955e-07
0,0,9.346338e-07
0,0,3.0046397e-07
0,0,2.6596038e-06
0,0,8.0271985e-07
0,0,5.8325764e-07
0,0,8.693371e-07
0,0,1.1843831e-07
0,0,9.318322e-07
0,0,1.3134606e-06
0,0,5.091045e-07
0,0,1.917388e-07
0,0,8.3124417e-07
0,0,4.4231265e-07
0,0,1.6807586e-07
0,0,6.741342e-07
0,0,9.676777e-07
0,0,2.0903271e-06
0,0,1.5401314e-06
0,0,1.7404253e-06
0,0,3.3086454e-07
0,0,3.1961142e-07
0,0,5.8898934e-07
0,0,9.890048e-07
0,0,1.0781632e-06
0,0,1.0479827e-06
0,0,1.8781213e-07
0,0,6.612914e-07
0,0,3.0539727e-06
0,0,2.9332773e-07
0,0,1.0762166e-06
0,0,1.6545115e-06
0,0,4.8211945e-07
0,0,6.609484e-07
0,0,1.1724654e-06
0,0,1.143342e-06
0,0,4.916326e-07
0,0,1.8550124e-07
0,0,1.2769761e-06
0,0,3.0275325e-07
0,0,6.981192e-07
0,0,1.2502152e-06
0,0,4.7338546e-07
0,0,2.674159e-06
0,0,5.011289e-07
0,0,7.172522e-07
0,0,1.8656551e-06
0,0,2.8442068e-07
0,0,1.7927621e-07
0,0,6.671609e-07
0,0,3.1539565e-07
0,0,6.771943e-07
0,0,1.0221688e-06
0,0,1.6991036e-07
0,0,4.501388e-07
0,0,2.3293842e-07
0,0,9.210199e-07
0,0,6.99857e-07
0,0,3.5858363e-07
0,0,5.771292e-07
0,0,1.770001e-07
0,0,5.2672544e-07
0,0,9.770687e-07
0,0,6.6398337e-07
0,0,7.448092e-07
0,0,1.7183585e-06
0,0,2.7255865e-06
0,0,2.4425407e-07
0,0,4.766112e-07
0,0,6.7865085e-07
0,0,6.6731235e-07
0,0,5.0834814e-07
0,0,2.9503537e-06
0,0,1.6636425e-06
0,0,8.310516e-07
0,0,1.6429186e-07
0,0,2.3452712e-06
0,0,9.0358145e-07
0,0,5.009554e-07
0,0,1.4468983e-06
0,0,1.7507736e-07
0,0,3.5705997e-07
0,0,1.1308023e-06
0,0,9.600236e-07
0,0,3.773424e-07
0,0,2.405824e-07
0,0,1.6363185e-07
0,0,1.3890012e-06
0,0,5.7028797e-07
0,0,1.2062217e-06
0,0,1.2038083e-06
0,0,2.160376e-06
0,0,2.8583221e-07
0,0,1.0435314e-05
0,0,5.1539854e-07
0,0,1.35386e-06
0,0,3.2719015e-07
0,0,3.5129403e-07
0,0,7.8230534e-07
0,0,3.2525165e-07
0,0,6.600426e-07
0,0,6.704738e-07
0,0,6.066916e-07
0,0,1.3828527e-06
0,0,3.350863e-07
0,0,3.125249e-07
0,0,2.5938325e-06
0,0,1.9077752e-06
0,0,4.2479752e-07
0,0,4.4014976e-07
0,0,2.670894e-07
0,0,5.999798e-07
0,0,2.477003e-06
0,0,1.7692078e-06
0,0,3.4930267e-07
0,0,1.8415581e-07
0,0,5.528443e-07
0,0,4.949878e-06
0,0,2.031089e-06
0,0,3.2022007e-07
0,0,3.9804132e-07
0,0,3.0479072e-07
0,0,4.184155e-07
0,0,2.3145611e-07
0,0,4.264514e-06
0,0,3.8816643e-07
0,0,7.6828786e-07
0,0,4.946981e-07
0,0,8.959915e-07
0,0,5.484709e-07
0,0,2.6097172e-07
0,0,2.1493845e-07
0,0,5.502034e-07
0,0,2.7498126e-07
0,0,3.2825872e-07
0,0,2.9948067e-06
0,0,3.8720736e-07
0,0,4.927009e-07
0,0,8.0179797e-07
0,0,4.4558493e-07
0,0,1.2872445e-06
0,0,1.4646815e-06
0,0,6.673512e-07
0,0,1.7567827e-06
0,0,5.5183875e-07
0,0,7.585597e-07
0,0,1.0084688e-06
0,0,5.2687267e-07
0,0,8.303734e-07
0,0,4.3935253e-07
0,0,8.469755e-07
0,0,1.2924559e-07
0,0,2.3006262e-07
0,0,3.5384573e-07
0,0,1.0466274e-06
0,0,4.6354052e-07
0,0,4.1348716e-07
0,0,0.20246485
0,0,1.4569952e-07
0,0,6.486536e-07
0,0,3.2479474e-07
0,0,2.0192158e-07
0,0,2.7440753e-06
0,0,8.310531e-07
0,0,3.1684425e-07
0,0,1.2021471e-06
0,0,2.6159717e-06
0,0,3.1449147e-06
0,0,4.624186e-07
0,0,3.4141743e-07
0,0,4.010782e-06
0,0,1.5641358e-06
0,0,1.2449975e-07
0,0,4.3469217e-07
0,0,1.4461893e-06
0,0,1.2357264e-06
0,0,2.288737e-07
0,0,1.5143046e-06
0,0,8.965069e-07
0,0,8.892673e-07
0,0,2.3658411e-07
0,0,5.3123694e-07
0,0,2.3427676e-06
0,0,1.3631701e-06
0,0,4.0953097e-07
0,0,1.179108e-06
0,0,3.6195177e-06
0,0,8.7167075e-07
0,0,1.1474679e-06
0,0,9.549548e-07
0,0,3.4368625e-07
0,0,1.0299843e-06
0,0,3.181183e-07
0,0,4.6370633e-07
0,0,1.264974e-06
0,0,5.2909365e-07
0,0,7.6315206e-07
0,0,6.0026997e-07
0,0,1.7179343e-07
0,0,5.8179603e-07
0,0,1.077862e-06
0,0,4.797711e-07
0,0,3.9246646e-07
0,0,2.020574e-07
0,0,2.2145025e-07
0,0,1.0788066e-07
0,0,5.743482e-07
0,0,1.2726748e-06
0,0,5.409743e-07
0,0,5.3858753e-06
0,0,6.671488e-07
0,0,2.0913707e-07
0,0,6.9555006e-07
0,0,3.2614914e-06
0,0,3.637362e-07
0,0,2.5170561e-07
0,0,1.6087114e-07
0,0,7.389588e-07
0,0,7.640521e-07
0,0,6.381308e-07
0,0,1.1020619e-06
0,0,3.0345655e-07
0,0,4.024776e-07
0,0,2.0166698e-07
0,0,7.2157724e-07
0,0,7.64749e-07
0,0,4.8911704e-07
0,0,8.7247827e-07
0,0,1.8248948e-06
0,0,4.930163e-07
0,0,5.377051e-07
0,0,2.463626e-07
0,0,6.924803e-07
0,0,1.0251404e-06
0,0,1.094458e-06
0,0,1.1904316e-06
0,0,1.823879e-07
0,0,4.3602827e-07
0,0,6.416905e-07
0,0,2.3391323e-07
0,0,5.7483203e-07
0,0,1.3513536e-06
0,0,1.4727957e-06
0,0,3.6933878e-07
0,0,1.1183946e-06
0,0,4.6550346e-07
0,0,4.3209488e-07
0,0,2.1475527e-07
0,0,9.80977e-07
0,0,1.394407e-06
0,0,1.4291213e-06
0,0,5.4062207e-07
0,0,1.1746321e-06
0,0,3.4840838e-07
0,0,2.9611223e-07
0,0,4.6087155e-07
0,0,1.000493e-06
0,0,6.7147135e-07
0,0,5.625033e-07
0,0,1.102557e-06
0,0,4.3045875e-07
0,0,0.18430237
0,0,5.0084316e-07
0,0,1.9578901e-07
0,0,1.6539025e-06
0,0,1.9270776e-06
0,0,7.226254e-07
0,0,4.5468542e-07
0,0,7.750864e-07
1,0,0.18193454
0,0,5.4787813e-07
0,0,1.676278e-07
0,0,3.4105884e-07
0,0,5.1505657e-07
0,0,7.25197e-07
0,0,1.7490113e-07
0,0,1.009072e-06
0,0,5.1501974e-07
0,0,1.393042e-06
0,0,7.4712773e-07
0,0,2.0548923e-07
0,0,4.891987e-07
0,0,4.1112753e-07
0,0,1.2671027e-06
0,0,1.9568909e-06
0,0,1.431604e-06
0,0,2.700036e-06
0,0,2.5298928e-07
0,0,7.4595795e-07
0,0,4.904043e-07
0,0,1.0594182e-06
0,0,3.5449625e-07
0,0,5.591717e-07
0,0,2.8965667e-07
0,0,1.6820188e-06
0,0,3.928278e-07
0,0,6.9438687e-07
0,0,3.1166056e-07
0,0,7.962011e-06
0,0,1.1293603e-06
0,0,2.7090144e-07
0,0,5.9342375e-07
0,0,2.860389e-07
0,0,3.6028314e-07
0,0,7.943491e-07
0,0,6.610208e-07
0,0,2.5476808e-07
0,0,9.999244e-07
0,0,4.3803968e-07
0,0,5.859477e-07
0,0,4.9808716e-07
0,0,9.4293046e-07
0,0,1.4039236e-06
0,0,4.1405107e-07
0,0,4.284094e-07
0,0,5.160556e-07
0,0,1.0396924e-06
0,0,8.751458e-07
0,0,2.2274163e-07
0,0,4.6042737e-07
0,0,8.8398014e-07
0,0,3.0418934e-07
0,0,1.1269835e-06
0,0,4.2990123e-07
0,0,7.102866e-07
0,0,3.7380187e-07
0,0,4.2985488e-07
0,0,4.4432377e-07
0,0,4.8280543e-07
0,0,3.9392737e-07
0,0,1.1888071e-06
0,0,2.7677848e-07
0,0,4.9584963e-07
0,0,5.6546156e-07
0,0,6.257841e-07
0,0,7.485448e-07
0,0,8.493358e-07
0,0,1.2315897e-06
0,0,4.837217e-07
0,0,1.1753021e-06
0,0,7.882065e-07
0,0,4.7355027e-07
0,0,2.4202507e-07
0,0,7.4153905e-07
0,0,8.5244704e-07
0,0,6.000656e-07
0,0,4.611226e-07
0,0,2.763346e-07
0,0,9.950757e-07
0,0,6.5045936e-07
0,0,2.6119908e-06
0,0,6.71392e-07
0,0,6.961354e-07
0,0,1.2244793e-07
0,0,1.8841235e-06
0,0,3.0801684e-06
0,0,1.0359333e-06
0,0,2.758983e-07
0,0,1.6355759e-06
0,0,4.624014e-07
0,0,8.407924e-07
0,0,3.9879555e-07
0,0,8.559801e-07
0,0,3.5505656e-07
0,0,1.5593712e-07
0,0,1.4377335e-06
0,0,1.1143574e-06
0,0,8.999385e-07
0,0,3.9113996e-07
0,0,7.4679645e-07
0,0,8.7482033e-07
0,0,6.758355e-07
0,0,3.4148559e-06
0,0,5.2023256e-07
0,0,3.4863072e-07
0,0,1.8514278e-06
0,0,1.8757956e-06
0,0,5.5695403e-07
0,0,1.0971542e-06
0,0,4.1103934e-07
0,0,1.2467267e-06
0,0,6.8052645e-07
0,0,8.982202e-07
0,0,3.7422777e-07
0,0,2.854707e-07
0,0,0.00025859944
0,0,6.296657e-07
0,0,1.4990792e-07
0,0,1.0342444e-06
0,0,5.979668e-07
0,0,5.7371864e-07
0,0,9.885822e-07
0,0,7.900578e-07
0,0,2.5843312e-07
0,0,1.8105811e-06
0,0,3.663486e-07
0,0,6.364e-07
0,0,9.032291e-07
0,0,1.171369e-06
0,0,3.8285395e-07
0,0,4.3875377e-07
0,0,5.1476536e-07
0,0,7.033236e-07
0,0,3.344256e-06
0,0,8.557638e-07
0,0,2.5538012e-07
0,0,0.021010986
0,0,3.629794e-07
0,0,5.0349826e-07
0,0,5.248786e-07
0,0,1.0867105e-06
0,0,5.594331e-07
0,0,3.0870186e-07
0,0,1.2637153e-06
0,0,3.3523972e-07
0,0,2.232959e-07
0,0,2.697573e-07
0,0,5.405473e-07
1,0,0.29059917
0,0,4.773504e-07
0,0,2.432677e-07
0,0,1.7053683e-06
0,0,1.1962254e-06
0,0,1.5714546e-07
0,0,7.6628504e-07
0,0,2.452681e-06
0,0,2.4356839e-06
0,0,3.6612641e-07
0,0,9.520568e-07
0,0,5.796981e-07
0,0,2.8541976e-06
0,0,9.275197e-07
0,0,8.325897e-07
0,0,1.5525054e-06
0,0,2.21845e-06
0,0,1.0954259e-06
0,0,2.3091374e-07
0,0,5.327819e-07
0,0,1.1323465e-06
0,0,5.864604e-07
0,0,2.069327e-07
0,0,3.2392862e-07
0,0,5.0466014e-07
0,0,1.3748707e-06
0,0,6.7848845e-07
0,0,3.3605087e-07
0,0,2.7693081e-06
0,0,1.4923108e-07
0,0,6.582347e-07
0,0,2.3717733e-07
0,0,1.5114205e-06
0,0,3.898246e-06
0,0,1.4893396e-06
0,0,3.390779e-07
0,0,9.685779e-07
0,0,1.5394441e-07
0,0,0.39347595
0,0,3.9337812e-07
0,0,8.739639e-07
0,0,1.0120596e-06
0,0,5.3136716e-07
0,0,1.1090003e-06
0,0,1.026422e-06
0,0,6.3602744e-07
0,0,3.4774814e-07
0,0,7.608905e-07
0,0,1.4360178e-06
0,0,1.2802319e-06
0,0,7.216082e-07
0,0,6.50016e-07
0,0,6.735712e-07
0,0,8.563573e-07
0,0,3.8384286e-07
0,0,2.1943379e-05
0,0,9.317015e-07
0,0,6.9827104e-07
0,0,2.7690203e-07
0,0,1.1365019e-06
0,0,2.1913344e-07
0,0,1.0320875e-06
0,0,6.6203216e-07
0,0,1.3980394e-06
0,0,2.687715e-07
0,0,6.265022e-06
0,0,6.658388e-07
0,0,2.8892143e-07
0,0,3.015183e-07
0,0,2.9627748e-07
0,0,5.55213e-07
0,0,6.584237e-07
0,0,7.6386857e-07
0,0,1.0856633e-06
0,0,3.8214336e-07
0,0,1.0935513e-06
0,0,1.4253238e-06
0,0,6.138337e-07
0,0,5.058214e-07
0,0,5.4666305e-07
0,0,8.872411e-07
0,0,4.599999e-07
0,0,4.466724e-07
0,0,9.550404e-07
0,0,7.1464945e-07
0,0,2.789916e-07
0,0,1.5203634e-06
0,0,2.0068009e-07
0,0,1.3096845e-06
0,0,2.9976877e-07
0,0,1.7168072e-06
0,0,6.275489e-07
0,0,4.4182778e-07
0,0,1.1103465e-06
0,0,1.6234901e-06
0,0,2.9170772e-06
0,0,3.2193756e-07
0,0,1.0120576e-06
0,0,1.9315382e-07
0,0,2.6695926e-07
0,0,5.106094e-07
0,0,2.1149046e-06
0,0,2.671546e-07
0,0,5.570863e-07
0,0,6.359571e-07
0,0,5.312876e-07
0,0,1.0308344e-06
0,0,4.052341e-07
0,0,2.6433494e-07
0,0,5.678485e-07
0,0,1.7515449e-06
0,0,2.3390544e-07
0,0,1.2407286e-06
0,0,5.4542005e-07
0,0,4.827843e-07
0,0,2.5500435e-07
0,0,3.1706307e-07
0,0,4.906087e-07
0,0,4.078786e-06
0,0,1.7396156e-06
0,0,1.4051117e-06
0,0,6.08872e-06
0,0,4.7110075e-07
0,0,7.189821e-07
0,0,5.386484e-07
0,0,7.4268416e-07
0,0,1.3543649e-06
0,0,2.1832043e-06
0,0,8.483506e-07
0,0,4.3312838e-07
0,0,6.497358e-07
0,0,1.9890504e-07
0,0,4.5524732e-07
0,0,4.412282e-07
0,0,1.2264549e-06
0,0,3.5740848e-07
0,0,2.0340865e-07
0,0,4.28475e-06
0,0,7.555144e-07
0,0,6.4174804e-07
0,0,1.2243537e-06
0,0,6.956204e-07
0,0,7.723017e-07
0,0,7.4261055e-07
0,0,1.1143372e-06
0,0,8.5452257e-07
0,0,2.850485e-07
0,0,2.147511e-06
0,0,4.0149504e-07
0,0,5.661992e-07
0,0,5.5385016e-07
0,0,5.4764513e-07
0,0,1.1923881e-06
0,0,1.1386011e-06
0,0,3.161277e-07
0,0,1.483819e-06
0,0,4.1202676e-07
0,0,9.3173884e-07
0,0,4.158786e-07
0,0,1.1571559e-06
0,0,1.5851079e-07
0,0,3.405089e-07
0,0,6.9791815e-07
0,0,2.7905173e-07
0,0,3.39723e-07
0,0,3.8737798e-07
0,0,7.598485e-07
0,0,3.7577735e-07
0,0,3.8633905e-07
0,0,3.6978957e-07
0,0,4.1441334e-07
0,0,2.5170345e-07
0,0,2.6774637e-07
0,0,4.829012e-07
0,0,3.966079e-07
0,0,3.5064872e-07
0,0,5.982634e-07
0,0,2.968759e-06
0,0,1.9002813e-06
0,0,3.175427e-07
0,0,2.3051778e-06
0,0,1.923147e-06
0,0,7.4453776e-05
0,0,2.5862568e-07
0,0,4.7067323e-07
0,0,3.008372e-06
0,0,3.192926e-06
0,0,9.198594e-07
0,0,1.1821041e-06
0,0,1.527751e-07
0,0,9.862807e-07
0,0,4.8047804e-07
0,0,5.623167e-07
0,0,7.3152637e-07
0,0,7.420555e-07
0,0,1.0028649e-06
0,0,4.7488032e-07
0,0,2.507946e-07
0,0,7.6724007e-07
0,0,5.670968e-07
0,0,3.7297255e-07
0,0,3.2997562e-07
0,0,1.6017475e-06
0,0,1.2233569e-06
0,0,2.374447e-06
0,0,4.2156367e-07
0,0,8.012842e-07
0,0,1.7859635e-07
0,0,2.0133061e-06
0,0,1.467832e-06
0,0,2.1511328e-06
0,0,1.0249049e-06
0,0,1.7901563e-06
0,0,7.600507e-07
0,0,4.6276136e-07
0,0,1.3789138e-06
0,0,2.8142253e-07
0,0,7.217466e-07
0,0,5.6845533e-07
0,0,5.370706e-07
0,0,9.2585026e-07
0,0,4.6730221e-07
0,0,1.5264216e-06
0,0,7.052889e-07
0,0,2.1828349e-07
0,0,4.3529118e-07
0,0,3.432221e-07
0,0,2.0993218e-07
0,0,5.5031785e-07
0,0,2.8633585e-07
0,0,1.7410862e-06
0,0,6.000799e-07
0,0,3.9993358e-07
0,0,2.5176948e-07
0,0,1.8701338e-07
0,0,5.0724157e-07
0,0,9.298622e-07
0,0,1.2709137e-06
0,0,1.957541e-07
0,0,3.8190402e-07
0,0,1.0998318e-06
0,0,9.397426e-07
0,0,1.5950205e-06
0,0,7.008355e-07
0,0,1.4880832e-06
0,0,8.1031135e-07
0,0,8.683122e-07
0,0,1.5646624e-06
0,0,5.805108e-07
0,0,5.295571e-07
0,0,6.12622e-07
0,0,2.0489877e-06
0,0,2.604772e-06
0,0,7.558207e-07
0,0,7.314719e-07
0,0,5.825711e-07
0,0,6.685947e-07
0,0,7.654072e-07
0,0,1.0675838e-06
0,0,8.3435515e-07
0,0,1.6004542e-07
0,0,7.702767e-07
0,0,1.272591e-06
0,0,7.539683e-07
0,0,1.3698385e-06
0,0,7.7991416e-07
0,0,1.5667499e-07
0,0,4.0365694e-07
0,0,2.1358353e-07
0,0,4.2904276e-07
0,0,3.2748483e-07
1,0,0.030541822
0,0,5.7085606e-07
0,0,6.6945984e-07
0,0,3.140672e-07
0,0,8.6827157e-07
0,0,3.4172984e-07
0,0,1.0173587e-06
0,0,2.6088937e-06
0,0,1.1828168e-06
0,0,9.3251396e-07
0,0,7.876902e-07
0,0,1.0775501e-07
0,0,4.519437e-07
0,0,2.956709e-07
0,0,1.2162226e-06
0,0,8.314812e-07
0,0,7.60889e-07
0,0,3.1103284e-07
0,0,2.2291385e-06
0,0,1.3589528e-06
0,0,9.883192e-07
0,0,4.897934e-07
0,0,3.356662e-07
0,0,3.3622973e-07
0,0,4.2971266e-07
0,0,2.1544186e-07
0,0,1.002038e-06
0,0,3.1056916e-06
0,0,5.950859e-06
0,0,3.6875946e-07
0,0,1.2024292e-06
0,0,2.6886428e-07
0,0,3.9211105e-07
0,0,1.9514155e-06
0,0,3.032812e-07
0,0,4.32322e-07
0,0,8.6402747e-07
0,0,1.2402459e-06
0,0,1.8611663e-06
0,0,6.724076e-07
0,0,2.1275764e-06
0,0,4.2216476e-07
0,0,2.3615648e-07
0,0,2.395853e-07
0,0,1.1535155e-06
0,0,7.926403e-07
0,0,4.1894657e-07
0,0,7.596499e-07
0,0,5.1946165e-07
0,0,1.0415482e-06
0,0,6.701382e-07
0,0,1.6451183e-07
0,0,9.1670233e-07
0,0,2.2742447e-06
0,0,4.3255747e-07
0,0,7.166771e-07
0,0,1.1343342e-06
0,0,2.6202935e-07
0,0,7.2536506e-07
0,0,3.8763483e-07
0,0,1.4763846e-06
0,0,1.1160538e-06
0,0,0.19364223
0,0,7.400371e-07
0,0,8.6903293e-07
0,0,1.4756934e-06
0,0,7.245935e-07
0,0,2.972828e-07
0,0,3.644362e-07
0,0,4.141032e-07
0,0,4.1384422e-07
0,0,8.3087565e-07
0,0,3.9947616e-07
0,0,1.0489296e-06
0,0,8.0194474e-07
0,0,3.1217755e-07
0,0,3.8782528e-07
0,0,2.0016688e-07
0,0,7.7117716e-07
0,0,3.5771063e-07
0,0,3.1075177e-07
0,0,4.089436e-07
0,0,0.000617168
0,0,3.199075e-07
0,0,1.1341232e-06
0,0,9.5203677e-07
0,0,3.4492973e-07
0,0,3.36628e-06
0,0,6.8636905e-07
0,0,9.062221e-07
0,0,3.5179525e-07
0,0,7.7163253e-07
0,0,2.5629756e-06
0,0,4.9147553e-07
0,0,5.646495e-07
0,0,8.932639e-07
0,0,8.494671e-07
0,0,3.1738924e-07
0,0,3.474365e-07
0,0,4.8241884e-07
0,0,1.0667044e-06
0,0,8.695236e-07
0,0,4.1598213e-07
0,0,5.1245047e-07
0,0,1.3802189e-06
0,0,1.5845033e-07
0,0,3.033893e-06
0,0,5.7102426e-07
0,0,1.3161641e-06
0,0,4.893755e-06
0,0,1.736695e-07
0,0,6.0383894e-07
0,0,7.849636e-07
0,0,1.963876e-07
0,0,5.82869e-07
0,0,4.5005422e-07
0,0,7.5592953e-07
0,0,3.6048627e-07
0,0,8.315074e-07
0,0,9.2715976e-07
0,0,3.772841e-07
0,1,0.70036256
0,0,6.75474e-07
0,0,4.7391933e-07
0,0,1.8242996e-06
0,0,2.5637112e-07
0,0,7.1581167e-07
0,0,4.2280013e-07
0,0,1.6923132e-06
0,0,2.6986433e-07
0,0,3.6889526e-07
0,0,7.1713384e-07
0,0,1.3230085e-07
0,0,6.0950134e-07
0,0,9.766969e-07
0,0,5.228094e-07
0,0,4.7349062e-07
0,0,0.24412791
0,0,1.1889589e-06
0,0,1.6642343e-06
0,0,4.389789e-07
0,0,1.2096765e-06
0,0,4.700367e-07
0,0,3.518268e-07
0,0,2.0614108e-07
0,0,2.018415e-07
0,0,2.2239948e-07
0,0,6.939923e-07
0,0,3.4955525e-07
0,0,7.721795e-07
0,0,6.524231e-07
0,0,3.358208e-07
0,0,2.3168401e-07
0,0,5.7046583e-07
0,0,1.3323189e-06
0,0,3.5669956e-07
0,0,1.963481e-07
0,0,3.37556e-07
0,0,6.3898096e-07
0,0,1.1304346e-06
0,0,1.1180874e-06
0,0,5.028327e-07
0,0,7.102656e-07
0,0,2.2176725e-07
0,0,1.807521e-07
0,0,6.4379486e-07
0,0,2.1647885e-07
0,0,3.5908496e-07
0,0,7.8544514e-07
0,0,7.9051455e-07
0,0,4.2830405e-07
0,0,3.3507033e-07
0,0,7.7904735e-07
0,0,3.7253812e-07
0,0,2.3302441e-07
0,0,8.392398e-07
0,0,5.4611644e-07
0,0,3.0767806e-06
0,0,2.598824e-06
0,0,5.1789493e-06
0,0,5.354867e-07
0,0,2.183271e-06
0,0,7.8784655e-07
0,0,5.002985e-07
0,0,4.6365102e-07
0,0,4.810209e-07
0,0,2.692253e-07
0,0,1.509598e-07
0,0,7.631921e-07
0,0,2.7361708e-07
0,0,8.376031e-07
0,0,1.9357482e-07
0,0,1.8186073e-06
0,0,1.1934621e-06
0,0,5.6739816e-07
0,0,1.1437876e-07
0,0,6.932931e-07
0,0,1.0584699e-06
0,0,1.2841068e-06
0,0,5.645364e-07
0,0,6.965338e-07
0,0,4.5522125e-07
0,0,1.1207969e-06
0,0,3.623219e-07
0,0,9.329926e-07
0,0,2.8006403e-07
0,0,4.9099816e-07
0,0,2.6986177e-07
0,0,3.3370034e-07
0,0,3.597815e-07
0,0,2.5566308e-06
0,0,6.747137e-07
0,0,3.983797e-07
0,0,1.0486715e-06
0,0,9.270935e-07
0,0,5.8648885e-07
0,0,4.2763753e-07
0,0,8.519155e-07
0,0,2.458915e-07
0,0,4.9946135e-07
0,0,5.3269093e-07
0,0,1.9731576e-07
0,0,7.6264206e-07
0,0,9.391316e-07
0,0,8.6267386e-07
0,0,1.6977075e-06
0,0,3.3470306e-07
0,0,1.682895e-07
0,0,3.387621e-07
0,0,1.8753128e-06
0,0,1.7030377e-06
0,0,2.1795493e-06
0,0,2.8033125e-07
0,0,6.6623517e-07
0,0,6.7064644e-07
0,0,8.742883e-07
0,0,6.738115e-07
0,0,3.8671394e-07
0,0,2.117214e-07
0,0,7.734693e-07
0,0,6.721729e-07
0,0,1.3049245e-06
0,0,1.6341306e-07
0,0,2.9490465e-07
0,0,2.957087e-07
0,0,7.424767e-07
0,0,3.0675645e-07
0,0,9.1544786e-07
0,0,1.5333461e-06
0,0,4.0490224e-07
0,0,4.5515873e-07
0,0,6.1378336e-07
0,0,4.6341282e-07
0,0,3.2332954e-07
0,0,7.258689e-07
0,0,4.4772963e-07
0,0,5.1635493e-07
0,0,2.6563084e-06
0,0,6.665416e-06
0,0,3.208155e-07
0,0,4.5087478e-07
0,0,4.6718858e-07
0,0,2.9127577e-07
0,0,1.5906503e-06
0,0,8.3099604e-07
0,0,1.4846585e-06
0,0,3.683321e-07
0,0,1.3161165e-06
0,0,6.3176975e-07
0,0,1.725859e-06
0,0,6.213763e-07
0,0,6.3084013e-07
0,0,1.9979168e-06
0,0,1.3361374e-06
0,0,5.0418726e-07
0,0,6.0295963e-07
0,0,5.713429e-07
0,0,8.5431725e-07
0,0,8.079486e-07
0,0,3.1708032e-07
0,0,2.846448e-07
0,0,8.173235e-07
0,0,6.5257626e-07
0,0,3.4188176e-07
0,0,7.9140085e-07
0,0,2.4765916e-07
0,0,3.6416037e-07
0,0,4.681466e-07
0,0,2.455098e-07
0,0,9.2623884e-07
0,0,3.788189e-07
0,0,3.3557333e-07
0,0,5.608674e-07
0,0,7.5462225e-07
0,0,6.5365504e-07
0,0,1.5081765e-06
0,0,2.2519386e-07
0,0,5.6718386e-07
0,0,7.8199207e-07
0,0,2.1371893e-06
0,0,4.180055e-07
0,0,5.0576347e-07
0,0,1.1399995e-06
0,0,1.6001658e-06
0,0,7.45141e-07
0,0,6.858842e-07
0,0,4.777675e-07
0,0,8.282973e-07
0,0,2.3499678e-07
0,0,2.7673678e-07
0,0,3.7634655e-07
0,0,6.736355e-07
0,0,1.2032666e-06
0,0,5.5914666e-07
0,0,2.1848821e-07
0,0,6.473614e-07
0,0,0.13449742
0,0,4.4082526e-07
0,0,5.245704e-07
0,0,9.524319e-07
0,0,7.655802e-07
0,0,5.074211e-07
0,0,4.09038e-07
0,0,2.4749838e-07
0,0,3.3905624e-07
0,0,1.2430747e-06
0,0,3.5802495e-07
0,0,1.1544851e-06
0,0,1.7518523e-06
0,0,8.720715e-07
0,0,7.575302e-07
0,0,6.426919e-07
0,0,2.9431857e-07
0,0,5.20945e-07
0,0,3.515256e-07
0,0,1.2555729e-06
0,0,2.404847e-07
0,0,1.240224e-07
0,0,3.863645e-07
0,0,0.024555905
0,0,2.6266462e-06
0,0,3.8344518e-07
0,0,2.5418956e-06
0,0,5.337344e-07
0,0,1.2198444e-06
0,0,2.871976e-07
0,0,0.42395502
0,0,4.013829e-07
0,0,3.1110434e-07
0,0,3.716705e-07
0,0,4.086403e-07
0,0,3.9858074e-07
0,0,8.8807997e-07
0,0,2.1792448e-07
0,0,1.6199994e-06
0,0,4.0067798e-07
0,0,9.1412096e-07
0,0,4.0009266e-07
0,0,1.5993496e-07
0,0,2.889625e-07
0,0,1.2626394e-06
0,0,1.0974686e-07
0,0,1.991368e-07
0,0,1.0562494e-06
0,0,1.471723e-06
0,0,3.519362e-07
0,0,1.0257008e-06
0,0,9.731091e-07
0,0,1.8133702e-06
0,0,3.4551542e-07
0,0,4.2338256e-06
0,0,3.6601506e-07
0,0,2.8103338e-07
0,0,4.3457737e-07
0,0,9.3925433e-07
0,0,3.366032e-07
0,0,4.1130204e-07
0,0,9.883522e-07
0,0,6.384303e-07
0,0,3.5968546e-07
0,0,1.6954939e-06
0,0,1.1366234e-06
0,0,1.9730729e-07
0,0,4.2918188e-07
0,0,1.320246e-06
0,0,3.5070255e-07
0,0,3.492048e-06
0,0,2.7896017e-06
0,0,4.182224e-07
0,0,1.0624019e-06
0,0,4.9742397e-07
0,0,5.8160686e-07
0,0,4.845551e-07
0,0,6.806582e-07
0,0,8.794403e-07
0,0,3.804093e-07
0,0,2.9265937e-07
0,0,4.0629513e-07
0,0,1.2396742e-07
0,0,7.775592e-07
0,0,2.822937e-07
0,0,4.80654e-07
0,0,1.880383e-07
0,0,4.5511533e-07
0,0,1.0444631e-07
0,0,1.5846907e-06
0,0,1.1314376e-06
0,0,1.4352922e-06
0,0,3.7717834e-07
0,0,7.418326e-07
0,0,2.5094057e-06
0,0,1.1994812e-06
0,0,1.0011687e-06
0,0,6.2164594e-07
0,0,5.259183e-07
0,0,8.77188e-07
0,0,2.117504e-06
0,0,7.141527e-07
0,0,2.2596488e-07
0,0,3.23781e-07
0,0,6.586975e-07
0,0,6.292947e-07
0,0,8.991252e-07
0,0,7.8574254e-07
0,0,3.3029248e-06
0,0,3.0101141e-06
0,0,2.4223542e-07
0,0,3.725449e-07
0,0,1.0986221e-06
0,0,1.0614722e-06
0,0,3.7105356e-06
0,0,2.9871686e-07
0,0,1.5628193e-06
0,0,6.8019625e-07
0,0,6.831496e-07
0,0,4.1498123e-07
0,0,4.8427046e-07
0,0,0.28916055
0,0,4.5231835e-07
0,0,7.898838e-07
0,0,1.0206112e-06
0,0,2.4147755e-06
0,0,7.406846e-07
0,0,2.017853e-07
0,0,5.944824e-07
0,0,2.775903e-07
0,0,1.5592121e-06
0,0,4.4937443e-07
0,0,3.2976484e-07
0,0,2.5781202e-07
0,0,4.504501e-07
0,0,9.816548e-06
0,0,3.7518546e-07
0,0,5.0235957e-07
0,0,8.283398e-06
0,0,4.0083128e-07
0,0,4.5981525e-07
0,0,2.8639593e-07
0,0,3.8279552e-07
0,0,4.8963744e-07
0,0,3.7646967e-07
0,0,3.299564e-07
0,0,5.236442e-07
0,0,9.431472e-07
0,0,2.7408323e-06
0,0,7.4009847e-07
0,0,2.44814e-07
0,0,2.3899105e-07
0,0,1.3681947e-06
0,0,1.6313697e-06
0,0,7.661835e-07
0,0,3.368071e-07
0,0,4.855371e-07
0,0,3.7917312e-07
0,0,2.2157849e-07
0,0,8.945239e-07
0,0,4.5525425e-07
0,0,8.000236e-07
0,0,4.6810064e-07
0,0,7.596217e-07
0,0,7.8284796e-07
0,0,3.3993396e-07
0,0,3.0203114e-07
0,0,3.2062252e-07
0,0,9.82789e-07
0,0,4.5410383e-07
0,0,5.8218126e-07
0,0,6.186604e-07
0,0,6.962323e-07
0,0,4.0990255e-07
0,0,1.3101076e-07
0,0,2.9396224e-06
0,0,4.6710528e-07
0,0,4.9960954e-07
0,0,3.6020828e-07
0,0,5.447032e-07
0,0,4.7518293e-07
0,0,5.233666e-07
0,0,6.442711e-06
0,0,3.1444392e-07
0,0,3.267399e-07
0,0,3.1268885e-07
0,0,1.8155419e-06
0,0,3.2220942e-07
0,0,3.9003552e-07
0,0,2.0909299e-07
0,0,4.3536093e-07
0,0,7.9875355e-07
0,0,6.792188e-06
0,0,4.437022e-07
0,0,2.0692235e-06
0,0,3.2983937e-07
0,0,1.0242628e-06
0,0,6.2632387e-07
0,0,3.2205827e-07
0,0,2.5611524e-07
0,0,2.8286422e-07
0,0,1.509077e-06
0,0,2.5118504e-06
0,0,1.4445739e-06
0,0,8.0008385e-07
0,0,3.0246352e-07
0,0,1.3073344e-07
0,0,8.424346e-07
0,0,5.5221466e-07
0,0,5.575641e-07
0,0,5.1999695e-07
0,0,5.63666e-07
0,0,1.2137036e-06
0,0,2.5614506e-07
0,0,6.334137e-07
0,0,2.9795294e-07
0,0,2.5713948e-07
0,0,1.0039241e-06
0,0,1.3287951e-06
0,0,3.158273e-07
0,0,9.849808e-07
0,0,2.794075e-07
0,0,2.2304815e-07
0,0,9.635273e-07
0,0,6.950786e-07
0,0,5.6905634e-07
0,0,9.079003e-07
0,0,6.381071e-07
0,0,3.595572e-07
0,0,3.572984e-07
0,0,3.8868652e-07
0,0,4.081647e-07
0,0,2.0618965e-07
0,0,4.987155e-07
0,0,9.5319695e-07
0,0,6.473713e-07
0,0,1.4840738e-06
0,0,3.333203e-07
0,0,1.927065e-06
0,0,7.149712e-07
0,0,3.3945452e-07
0,0,2.4263106e-06
0,0,2.773447e-06
0,0,2.1736054e-07
0,0,3.019174e-07
0,0,6.148942e-07
0,0,6.661862e-07
0,0,1.4205674e-06
0,0,8.004724e-07
0,0,3.0007043e-06
0,0,4.7212842e-07
0,0,4.290542e-07
0,0,5.627936e-07
0,0,1.1480424e-06
0,0,7.8864036e-07
0,0,2.5621517e-07
0,0,2.0313047e-07
0,0,9.556053e-07
0,0,7.582986e-07
0,0,2.2158123e-07
0,0,1.0422914e-06
0,0,3.8437696e-07
0,0,1.8640266e-07
0,0,4.8046655e-07
0,0,2.617202e-06
0,0,2.631189e-07
0,0,1.6914e-06
0,0,1.9215561e-07
0,0,3.0387213e-07
0,0,4.959854e-07
0,0,3.2493293e-07
0,0,7.5510025e-07
0,0,3.9023124e-07
0,0,1.540343e-06
0,0,2.615418e-06
0,0,5.445438e-07
0,0,3.858405e-07
0,0,2.7337499e-06
0,0,6.949215e-07
0,0,1.9330825e-07
0,0,4.1279964e-07
0,0,3.6126098e-06
0,0,1.6227842e-06
0,0,2.2438225e-07
0,0,1.2576234e-06
0,0,1.115326e-06
0,0,5.5738815e-07
0,0,9.75858e-07
0,0,1.5081922e-06
0,0,4.740025e-07
0,0,8.894819e-07
0,0,2.392027e-06
0,0,5.5430246e-07
0,0,7.736943e-07
0,0,6.769947e-07
0,0,6.480921e-07
0,0,1.2963918e-06
0,0,3.1057866e-06
0,0,5.7401144e-07
0,0,2.860542e-07
0,0,4.2183837e-07
0,0,6.6923576e-07
0,0,6.500903e-07
0,0,1.0403589e-06
0,0,1.5977457e-06
0,0,1.4116998e-06
0,0,1.6450274e-06
0,0,4.29378e-07
0,0,8.474207e-07
0,0,9.08225e-07
0,0,3.3707187e-07
0,0,7.886125e-07
0,0,2.7228222e-07
0,0,3.3520135e-07
0,0,3.3781006e-07
0,0,5.486582e-07
0,0,4.9290765e-07
0,0,7.9377963e-07
0,0,3.2320284e-07
0,0,2.9448674e-07
0,0,1.4240248e-06
0,0,4.7450138e-07
0,0,4.5767894e-07
0,0,1.3729447e-06
0,0,6.497594e-07
0,0,4.1828622e-07
0,0,4.8735006e-07
0,0,3.7268384e-07
0,0,6.257429e-07
0,0,6.9805265e-07
0,0,3.0245891e-07
0,0,5.1189807e-07
0,0,8.4595035e-07
0,0,6.1257583e-07
0,0,2.928243e-06
0,0,3.1355634e-07
0,0,5.4382707e-07
0,0,6.0995256e-07
0,0,2.379747e-06
0,0,5.613207e-07
0,0,1.7886733e-06
0,0,1.9397989e-07
0,0,2.036947e-06
0,0,3.8385457e-07
0,0,3.2230253e-07
0,0,7.6121273e-07
0,0,1.969997e-07
0,0,4.562269e-07
0,0,6.4305726e-07
0,0,4.6381604e-07
0,0,1.0831286e-06
0,0,1.8404656e-06
0,0,1.004062e-06
0,0,2.6864106e-07
0,0,3.4737556e-07
0,0,1.1897746e-06
0,0,9.0243003e-07
0,0,2.5046886e-06
0,0,5.2880716e-07
0,0,3.7495187e-07
0,0,8.400198e-07
0,0,1.0150744e-06
0,0,4.221724e-07
0,0,3.0935612e-07
0,0,2.0283603e-07
0,0,6.0469466e-07
0,0,4.7609694e-07
0,0,7.277119e-07
0,0,1.7745273e-07
0,0,1.5082296e-06
0,0,1.4973391e-06
0,0,5.340243e-06
0,0,1.7240822e-06
0,0,3.2652497e-07
0,0,7.1062266e-07
0,0,4.704071e-07
0,0,3.29165e-07
0,0,3.0348116e-07
0,0,6.7603145e-07
0,0,1.4171062e-06
0,0,2.6099488e-06
0,0,5.249487e-07
0,0,1.3550264e-06
0,0,2.874749e-07
0,0,4.7072436e-07
0,0,6.656223e-05
0,0,1.2071077e-06
0,0,5.650653e-07
0,0,2.7935235e-07
0,0,3.4353815e-07
0,0,6.0677314e-07
0,0,1.0275992e-06
0,0,5.586105e-07
0,0,5.879073e-07
0,0,3.464915e-07
0,0,4.7413275e-07
0,0,4.2512417e-07
0,0,5.795665e-07
0,0,9.591726e-07
0,0,5.5216776e-07
0,0,4.628011e-07
0,0,2.0067797e-07
0,0,2.0462974e-07
0,0,2.2930868e-07
0,0,5.557989e-07
0,0,1.9513914e-06
0,0,4.0031975e-07
0,0,5.1228045e-07
0,0,7.090447e-07
0,0,4.554518e-07
0,0,4.503019e-07
0,0,3.384773e-07
0,0,8.633233e-07
0,0,4.761764e-06
0,0,1.5035996e-06
0,0,2.3613425e-06
0,0,1.2800305e-06
0,0,1.0037422e-06
0,0,4.735904e-07
0,0,3.1259017e-07
0,0,4.913673e-07
0,0,2.7736323e-07
0,0,3.545595e-07
0,0,4.5762832e-07
0,0,6.900115e-07
0,0,7.878578e-07
0,0,7.8270756e-07
0,0,8.682112e-07
0,0,5.551034e-07
0,0,1.7404935e-06
0,0,2.952798e-07
0,0,1.07577776e-07
0,0,4.385705e-07
0,0,1.1172646e-06
0,0,3.6335206e-07
0,0,4.1216828e-07
0,0,1.7805317e-07
0,0,5.884924e-07
0,0,5.525776e-07
0,0,1.3528147e-06
0,0,1.0295748e-06
0,0,7.71857e-07
0,0,3.8854085e-07
0,0,2.5389298e-07
0,0,1.3855456e-06
0,0,9.564139e-07
0,0,5.6272603e-07
0,0,3.355946e-06
0,0,6.890488e-07
0,0,1.4475002e-06
0,0,5.1718735e-07
0,0,8.898815e-07
0,0,1.4069097e-06
0,0,9.937718e-07
0,0,2.6526703e-07
0,0,3.4568583e-07
0,0,8.156821e-07
0,0,2.2227127e-06
0,0,5.639875e-07
0,0,4.5779343e-06
0,0,1.4541733e-06
0,0,1.2430463e-06
0,0,9.55475e-07
0,0,2.76391e-07
0,0,7.4287186e-07
0,0,1.7723978e-06
0,0,7.686638e-07
0,0,1.2859156e-06
0,0,4.447664e-07
0,0,1.7054937e-07
0,0,1.2328625e-06
0,0,3.6184332e-07
0,0,6.336439e-07
0,0,4.1509958e-07
0,0,6.5576415e-07
0,0,4.935789e-07
0,0,2.1064404e-06
0,0,4.3702195e-07
0,0,3.6722548e-07
0,0,3.1881564e-07
0,0,9.387537e-07
0,0,2.1193828e-06
0,0,8.8559426e-07
0,0,2.7434737e-07
0,0,1.2749318e-06
0,0,1.2622891e-06
0,0,5.133358e-07
0,0,6.6012126e-07
0,0,3.6801222e-07
0,0,2.5063682e-06
0,0,8.649484e-07
0,0,1.5056916e-06
0,0,4.2068734e-07
0,0,1.9020781e-06
0,0,1.3283212e-06
0,0,5.2350487e-07
0,0,7.4262397e-07
0,0,2.710265e-07
0,0,1.6187377e-06
0,0,3.1041934e-06
0,0,1.6058235e-07
0,0,7.6185984e-07
0,0,5.753279e-07
0,0,8.620916e-07
0,0,9.906227e-07
0,0,3.7778995e-07
0,0,2.6870305e-07
0,0,1.0380977e-07
0,0,3.7138952e-07
0,0,5.6033497e-07
0,0,5.8677085e-07
0,0,1.0615502e-06
0,0,3.6892692e-07
0,0,5.5809556e-07
0,0,9.2968673e-07
0,0,1.4634568e-07
0,0,2.2471897e-06
0,0,4.1241677e-07
0,0,8.850548e-07
0,0,7.780139e-07
0,0,1.1306178e-06
0,0,5.847754e-07
0,0,2.6844435e-07
0,0,3.265531e-06
0,0,9.5258986e-07
0,0,1.2975096e-07
0,0,7.926963e-07
0,0,1.9369061e-07
0,0,1.0584133e-06
0,0,9.699395e-07
0,0,2.7441357e-07
0,0,1.4385056e-06
0,0,2.8043203e-06
0,0,4.4928615e-07
0,0,1.0457574e-06
0,0,2.8809077e-07
0,0,1.5497968e-06
0,0,3.017486e-06
0,0,1.8000947e-07
0,0,3.1918984e-07
0,0,4.2449806e-06
0,0,1.1226423e-06
0,0,2.9957445e-07
0,0,4.377127e-07
0,0,3.4070945e-06
0,0,1.0194789e-06
0,0,3.9798857e-07
0,0,1.4065677e-06
0,0,4.7008376e-07
0,0,4.1463508e-07
0,0,1.0650252e-06
0,0,6.029263e-07
0,0,7.857373e-07
0,0,1.1003166e-06
0,0,3.4045112e-07
0,0,5.832532e-07
0,0,4.2962168e-07
0,0,9.684809e-07
0,0,1.6647884e-07
0,0,3.5635136e-07
0,0,1.4719293e-06
0,0,3.7868054e-07
0,0,5.075818e-07
0,0,1.797401e-06
0,0,5.5187456e-07
0,0,2.6920654e-06
0,0,3.9462486e-07
0,0,1.8368377e-06
0,0,1.287894e-06
0,0,5.582095e-07
0,0,5.3385963e-07
0,0,7.2451195e-07
0,0,3.3099363e-07
0,0,9.4890953e-07
0,0,5.220128e-07
0,0,1.2674987e-07
0,0,8.5880026e-07
0,0,5.339324e-07
0,0,5.5202355e-07
0,0,6.2034957e-07
0,0,1.1360587e-06
0,0,1.792743e-06
0,0,7.9330357e-07
0,0,1.3169602e-06
0,0,4.362287e-07
0,0,2.78336e-07
0,0,5.9222907e-07
0,0,1.6134128e-07
0,0,4.120738e-06
0,0,5.65489e-07
0,0,5.9292137e-07
0,0,5.3181884e-07
0,0,1.1592844e-06
0,0,9.379707e-07
0,0,1.73778e-06
0,0,5.7289196e-07
0,0,2.2915631e-07
0,0,2.9887843e-07
0,0,2.2390063e-07
0,0,7.404155e-07
0,0,1.1194767e-06
0,0,9.849676e-07
0,0,5.4787756e-07
0,0,2.303558e-06
0,0,1.4647262e-06
0,0,3.5641764e-07
0,0,3.4801386e-07
0,0,6.742448e-07
0,0,1.1518468e-06
0,0,3.8427248e-07
0,0,3.94486e-07
0,0,9.021788e-07
0,0,4.4834408e-07
0,0,5.6908567e-07
0,0,1.6709869e-06
0,0,8.9500173e-07
0,0,3.0296872e-07
0,0,3.629555e-07
0,0,5.667297e-07
0,0,2.1459427e-06
0,0,2.2855022e-07
0,0,1.137481e-06
0,0,3.8174124e-07
0,0,3.6124234e-07
0,0,7.0519746e-07
0,0,7.710236e-06
0,0,1.5779603e-06
0,0,1.1528051e-06
0,0,2.588327e-06
0,0,3.6963408e-07
0,0,8.5262997e-07
0,0,2.5420338e-06
0,0,2.0240242e-07
0,0,5.0951394e-07
0,0,4.0601162e-07
0,0,4.3238055e-07
0,0,2.9183711e-06
0,0,1.6945565e-07
0,0,6.1805713e-07
0,0,2.6173416e-07
0,0,1.0455728e-06
0,0,4.0313603e-07
0,0,2.986108e-06
0,0,7.943764e-07
0,0,1.0916101e-06
0,0,1.1622024e-06
0,0,3.038536e-07
0,0,0.071722835
0,0,6.570606e-07
0,0,2.4887353e-07
0,0,3.352573e-07
0,0,4.6674145e-07
0,0,2.5619903e-07
0,0,4.6146087e-07
0,0,1.6109605e-06
0,0,9.99769e-07
0,0,6.5010585e-07
0,0,2.890843e-07
0,0,4.3693527e-07
0,0,1.1038111e-06
0,0,4.580799e-06
0,0,7.665993e-07
0,0,8.982468e-07
0,0,4.7125664e-07
0,0,4.8088145e-07
0,0,9.17606e-07
0,0,4.1090294e-07
0,0,7.550095e-07
0,0,1.0295149e-06
0,0,7.675079e-07
0,0,2.680954e-07
0,0,3.9196408e-07
0,0,1.0639587e-07
1,0,0.09271676
0,0,5.317702e-07
0,0,2.420225e-07
0,0,1.7302937e-06
0,0,2.768495e-07
0,0,1.6937503e-06
0,0,2.8876937e-07
0,0,1.2565971e-06
0,0,7.3246804e-07
0,0,5.458696e-07
0,0,4.164313e-06
0,0,3.2869523e-06
0,0,4.0912383e-07
0,0,7.3872206e-07
0,0,4.2791737e-07
0,0,1.6566823e-06
0,0,1.2468408e-06
0,0,3.7491253e-07
0,0,3.5293112e-06
0,0,1.0021287e-06
0,0,3.5806727e-07
0,0,2.3794061e-07
0,0,8.561973e-07
0,0,9.558796e-07
0,0,9.818918e-08
0,0,3.343754e-07
0,0,2.214136e-06
0,0,7.095987e-07
0,0,4.7420008e-07
0,0,2.0560344e-06
0,0,5.4725825e-07
0,0,1.1196817e-06
0,0,4.3269776e-07
0,0,2.7773567e-07
0,0,1.5258771e-06
0,0,2.4652904e-06
0,0,6.495605e-07
0,0,3.17535e-06
0,0,3.0617218e-07
0,0,1.3638202e-06
0,0,3.414728e-07
0,0,2.824394e-07
0,0,4.842746e-07
0,0,2.5822324e-06
0,0,5.927133e-07
0,0,3.9343252e-07
0,0,4.1842347e-07
0,0,5.805899e-07
0,0,1.3201537e-07
0,0,3.711367e-07
0,0,2.3106551e-07
0,0,9.572855e-07
0,0,2.1690084e-07
0,0,1.8041175e-06
0,0,8.018644e-07
0,0,1.3242308e-06
0,0,5.41333e-07
0,0,7.5472946e-07
0,0,3.370905e-07
0,0,7.9700266e-07
0,0,6.5238146e-07
0,0,4.6707277e-07
0,0,8.710899e-07
0,0,3.771017e-07
0,0,8.1982785e-07
0,0,4.4220508e-07
0,0,2.6647294e-07
0,0,6.6499035e-07
0,0,5.4282236e-07
0,0,5.4418143e-07
0,0,1.5231657e-06
0,0,1.1346349e-06
0,0,4.5824554e-06
0,0,4.6018067e-07
0,0,1.0343904e-06
0,0,1.2882945e-06
0,0,2.363401e-07
0,0,1.9186722e-07
0,0,1.950011e-06
0,0,5.5616954e-07
0,0,2.7277213e-07
0,0,7.19301e-07
0,0,5.4415443e-07
0,0,3.9684775e-07
0,0,7.0954184e-07
0,0,5.6501317e-06
0,0,1.4053047e-06
0,0,3.406632e-07
0,0,2.9311298e-07
0,0,3.7750868e-07
0,0,9.984627e-07
0,0,5.054134e-07
0,0,6.6283195e-07
0,0,3.3153415e-07
0,0,5.7601846e-07
0,0,3.6142018e-07
0,0,3.1899296e-07
0,0,4.421604e-07
0,0,7.07913e-07
0,0,4.118677e-07
0,0,8.0078615e-07
0,0,5.0077966e-07
0,0,4.8738167e-07
0,0,3.3165716e-07
0,0,3.142882e-06
0,0,5.417245e-07
0,0,5.986755e-07
0,0,1.615633e-07
0,0,4.6191434e-07
0,0,3.3178182e-07
0,0,4.586052e-07
0,0,1.1548706e-06
0,0,1.7604758e-06
0,0,1.2488484e-06
0,0,7.036349e-07
0,0,8.938101e-07
0,0,4.4145335e-07
0,0,6.5662215e-07
0,0,1.0821513e-07
0,0,6.0388675e-07
0,0,5.5497685e-07
0,0,3.660081e-07
0,0,2.6435762e-07
0,0,1.510082e-06
0,0,2.0659584e-06
0,0,3.4281908e-07
0,0,7.339386e-07
0,0,2.4812775e-06
0,0,2.886061e-07
0,0,9.364906e-07
0,0,3.2541578e-07
0,0,1.468063e-06
0,0,1.8520176e-06
0,0,5.149755e-07
0,0,1.4578322e-06
0,0,8.14544e-07
0,0,2.5348194e-07
0,0,3.4202826e-06
0,0,2.6113507e-06
0,0,4.0209164e-07
0,0,2.9230037e-07
0,0,7.080736e-07
0,0,9.814861e-07
0,0,4.0994203e-07
0,0,1.1167916e-06
0,0,1.4561246e-06
0,0,6.1816854e-07
0,0,2.1792157e-07
0,0,4.026803e-07
0,0,5.703032e-07
0,0,6.59553e-07
0,0,2.1438418e-06
0,0,1.3852022e-06
0,0,2.1026239e-07
0,0,3.392652e-07
0,0,4.4537038e-07
0,0,2.7934274e-07
0,0,3.8413617e-07
0,0,1.0947158e-06
0,0,6.5343005e-07
0,0,5.140707e-07
0,0,3.0363594e-06
0,0,3.0212883e-07
0,0,9.670393e-07
0,0,3.7394878e-07
0,0,2.100236e-06
0,0,4.538627e-07
0,0,9.49891e-07
0,0,9.2032883e-07
0,0,8.6930066e-07
0,0,4.0694272e-07
0,0,1.116651e-06
0,0,1.1718405e-06
0,0,8.5732154e-07
0,0,5.598238e-07
0,0,1.8422239e-07
0,0,1.875424e-07
0,0,1.1095377e-06
0,0,4.9509316e-07
0,0,7.452163e-07
0,0,1.7561564e-07
0,0,0.12718041
0,0,3.9580647e-07
0,0,2.2229353e-06
0,0,1.1223318e-06
0,0,6.738372e-07
0,0,4.652802e-07
0,0,2.5720718e-07
0,0,1.7465059e-06
0,0,5.713239e-07
0,0,3.6078032e-07
0,0,1.1810096e-07
0,0,1.1092574e-06
0,0,7.7908606e-07
0,0,8.6643445e-07
0,0,1.7536043e-07
0,0,4.4488982e-07
0,0,4.4533388e-07
0,0,3.0737892e-06
0,0,5.9112426e-07
0,0,3.8367048e-07
0,0,4.116364e-07
0,0,4.819981e-07
0,0,4.7081417e-07
0,0,4.1587543e-07
0,0,9.301523e-07
0,0,3.5494145e-07
0,0,2.0135712e-06
0,0,4.561482e-07
0,0,2.9493924e-07
0,0,1.0196879e-06
0,0,1.1004645e-06
0,0,2.5944954e-07
0,0,2.530916e-07
0,0,1.0732944e-06
0,0,6.600564e-07
0,0,2.737815e-07
0,0,4.6975256e-07
0,0,3.621841e-07
0,0,3.620881e-07
0,0,8.8437145e-07
0,0,5.596743e-07
0,0,4.0682283e-07
0,0,3.6424929e-06
0,0,4.909607e-07
0,0,6.1662473e-07
0,0,8.6622134e-07
0,0,5.146603e-07
0,0,1.983733e-07
0,0,4.2643896e-07
0,0,1.9720402e-07
0,0,9.1059974e-07
0,0,4.8777645e-07
0,0,2.9928972e-07
0,0,1.7681955e-06
0,0,7.389652e-07
0,0,1.199241e-06
0,0,8.8597955e-07
0,0,7.514272e-07
0,0,2.682826e-07
0,0,7.2397046e-07
0,0,3.4587083e-07
0,0,6.202827e-07
0,0,1.2558975e-06
0,0,6.592103e-07
0,0,3.024641e-07
0,0,2.6951275e-07
0,0,3.0489565e-07
0,0,1.6853139e-07
0,0,3.9060208e-07
0,0,6.9746176e-07
0,0,4.819682e-07
0,0,2.876142e-07
0,0,9.760331e-07
0,0,3.4458222e-07
0,0,5.908988e-07
0,0,2.5761787e-07
0,0,1.4685094e-07
0,0,5.2971774e-07
0,0,1.3509633e-06
0,0,1.3477114e-06
0,0,1.712626e-07
0,0,1.1983503e-06
0,0,1.9796585e-07
0,0,6.0346764e-07
0,0,6.082859e-07
0,0,3.8559517e-07
0,0,6.7298953e-07
0,0,3.0039521e-07
0,0,1.553274e-06
0,0,1.4103449e-06
0,0,1.1757237e-06
0,0,1.6539909e-07
0,0,1.0852741e-06
0,0,2.777611e-07
0,0,1.9357647e-07
0,0,6.542718e-07
0,0,2.244809e-07
0,0,4.70992e-07
0,0,7.234363e-07
0,0,3.1742192e-07
0,0,1.5418053e-06
0,0,4.0811025e-07
0,0,1.172253e-06
0,0,9.027132e-07
0,0,4.4091564e-07
0,0,3.0914161e-06
0,0,6.194829e-07
0,0,3.8680284e-07
0,0,8.4747165e-07
0,0,6.480501e-07
0,0,5.950848e-07
0,0,2.669687e-07
0,0,3.1300868e-07
0,0,4.2846867e-07
0,0,5.553899e-07
0,0,6.977598e-07
0,0,1.1127592e-06
0,0,0.004595109
0,1,0.6780851
0,0,7.6351307e-07
0,0,5.9265847e-07
0,0,4.878197e-07
0,0,5.396557e-07
0,0,2.2320678e-06
0,0,1.5546551e-07
0,0,1.1314947e-06
0,0,8.141852e-07
0,0,6.0353494e-07
0,0,3.0288688e-06
0,0,1.3548623e-06
0,0,3.334678e-07
0,0,8.217597e-07
0,0,6.257513e-07
0,0,4.4912164e-07
0,0,7.8302486e-07
0,0,3.465338e-07
0,0,6.132866e-07
0,0,1.5842359e-07
0,0,3.372291e-07
0,0,1.6734381e-07
0,0,8.560324e-07
0,0,1.997007e-07
0,0,3.1280179e-06
0,0,1.7470491e-07
0,0,2.2562918e-07
0,0,3.383453e-07
0,0,5.0635856e-07
0,0,3.1744205e-06
0,0,6.046693e-07
0,0,3.3681738e-07
0,0,1.0785767e-06
0,0,1.1135692e-06
0,0,6.003444e-07
0,0,5.7781097e-07
0,0,4.3496502e-07
0,0,1.1061559e-06
0,0,3.9222473e-07
0,0,2.946241e-07
0,0,4.4196435e-07
0,0,8.291073e-07
0,0,3.9762855e-07
0,0,2.745646e-07
0,0,4.5786277e-07
0,0,2.3019892e-07
0,0,2.3297243e-07
0,0,4.1158222e-07
0,0,2.2828118e-07
0,0,6.5855556e-07
0,0,1.8529715e-06
0,0,2.1673667e-07
0,0,1.9370145e-06
0,0,1.8922772e-06
0,0,5.719399e-07
0,0,1.7211056e-06
0,0,1.7213074e-06
0,0,2.9628086e-07
0,0,0.1587297
0,0,1.461507e-07
0,0,3.5588542e-07
0,0,1.4344873e-07
0,0,2.5533362e-07
0,0,2.8632084e-07
0,0,2.2269192e-07
0,0,5.6056587e-07
0,0,1.0346025e-06
0,0,1.559374e-07
1,0,0.09147852
0,0,2.0942348e-07
0,0,2.0025318e-07
0,0,3.3344108e-07
0,0,6.8897987e-07
0,0,6.248842e-07
0,0,2.084232e-06
0,0,1.908378e-07
0,0,2.1478263e-06
0,0,4.36401e-07
0,0,3.7867875e-07
0,0,8.304091e-07
0,0,1.5002092e-06
0,0,3.57202e-07
0,0,6.31005e-07
0,0,1.0803484e-06
0,0,8.301288e-07
0,0,4.3531986e-07
0,0,1.8093644e-07
0,0,2.640452e-06
0,0,3.178054e-07
0,0,3.186354e-07
0,0,3.0950366e-07
0,0,6.903933e-07
0,0,1.2801635e-06
0,0,5.5884016e-07
0,0,5.946094e-07
0,0,4.4946057e-07
0,0,7.5287835e-07
0,0,3.0830438e-07
0,0,4.5446302e-07
0,0,6.467449e-07
0,0,9.651422e-07
0,0,1.2283571e-06
0,0,4.855371e-07
0,0,6.1505546e-07
0,0,3.0089268e-07
0,0,6.339412e-07
0,0,8.2601673e-07
0,0,9.636752e-07
0,0,6.4130506e-07
0,0,2.3596759e-07
0,0,8.3701855e-07
0,0,1.2753655e-07
0,0,4.1973396e-07
0,0,9.697877e-07
0,0,3.5924568e-06
0,0,6.433652e-07
0,0,6.99318e-07
0,0,5.5374875e-07
0,0,6.045027e-07
0,0,3.3024637e-07
0,0,1.7940636e-07
0,0,2.3124673e-07
0,0,9.181215e-07
0,0,7.850235e-07
0,0,6.6004884e-07
0,0,1.061371e-06
0,0,1.1383123e-06
0,0,7.851321e-07
0,0,2.099323e-06
0,0,7.1129523e-07
0,0,1.0823284e-06
0,0,1.0361528e-06
0,0,1.1482012e-06
0,0,3.9528663e-07
0,0,1.6473164e-06
0,0,3.6875736e-07
0,0,9.0359777e-07
0,0,7.0367315e-07
0,0,2.4832639e-06
0,0,4.6312516e-07
0,0,9.55291e-07
0,0,7.0765105e-07
0,0,1.5067101e-06
0,0,5.849383e-07
0,0,4.5051326e-07
0,0,5.8739397e-07
0,0,4.1200008e-07
0,0,4.5830922e-07
0,0,8.0360303e-07
0,0,3.4655298e-07
0,0,1.3994479e-07
0,0,1.3865264e-06
0,0,5.167278e-07
0,0,2.9620624e-06
0,0,4.178939e-07
0,0,2.2968207e-07
0,0,9.306847e-07
0,0,9.4959944e-07
0,0,3.101889e-07
0,0,3.6241107e-07
0,0,1.02255e-06
0,0,8.400214e-07
0,0,5.3576207e-07
0,0,2.6837446e-07
0,0,3.8491032e-07
0,0,6.3076317e-07
0,0,7.340695e-07
0,0,7.0242606e-07
0,0,9.3354794e-07
0,0,3.7313302e-07
0,0,3.7811762e-07
0,0,4.2098674e-07
0,0,1.0030351e-06
0,0,3.8310048e-07
0,0,9.019132e-08
0,0,4.168204e-07
0,0,1.2764424e-07
0,0,1.4174292e-06
0,0,3.7948456e-07
0,0,5.927942e-07
0,0,5.0206023e-07
0,0,1.1184404e-06
0,0,6.625141e-07
0,0,6.870318e-07
0,0,1.9936e-06
0,0,5.278176e-07
0,0,1.4477058e-06
0,0,2.8747078e-07
0,0,1.1979927e-06
0,0,1.0504602e-06
0,0,0.0012497285
0,0,3.139582e-07
0,0,6.2174735e-07
0,0,1.7750604e-07
0,0,3.2143398e-06
0,0,2.2020059e-07
0,0,4.876737e-07
0,0,6.8465096e-07
0,0,2.4266672e-06
0,0,4.992437e-07
0,0,3.7206853e-05
0,0,9.906406e-07
0,0,2.4260416e-07
0,0,4.5852477e-07
0,0,2.2858073e-07
0,0,9.818418e-07
0,0,4.5105324e-07
0,0,4.4370174e-07
0,0,3.498715e-06
0,0,5.752955e-07
0,0,1.879924e-07
0,0,1.0929946e-06
0,0,3.0515514e-07
0,0,1.6351719e-06
0,0,1.2540017e-06
0,0,1.2672224e-06
0,0,7.4559523e-07
0,0,5.2036205e-07
0,0,4.564506e-07
0,0,2.300135e-07
0,0,1.3959782e-07
0,0,6.8943797e-07
0,0,5.146529e-07
0,0,6.382769e-07
0,0,4.4304934e-07
0,0,6.742094e-07
0,0,1.7277347e-06
0,0,3.282825e-07
0,0,2.6526553e-07
0,0,7.3518686e-07
0,0,3.3215696e-07
0,0,5.4296527e-07
0,0,1.1719668e-06
0,0,2.22798e-06
0,0,6.545258e-07
0,0,4.2917742e-07
0,0,3.2888292e-07
0,0,1.5329936e-06
0,0,2.5837247e-07
0,0,4.4357313e-07
0,0,1.8308639e-07
0,0,1.6343566e-07
0,0,5.425626e-07
0,0,5.0922637e-07
0,0,6.9950937e-07
0,0,8.9236477e-07
0,0,7.3578216e-05
0,0,5.208561e-07
0,0,3.7700428e-07
0,0,3.61374e-07
0,0,5.180334e-07
0,0,1.3853765e-06
0,0,1.4981919e-06
0,0,1.5724022e-06
0,0,1.9857679e-07
0,0,2.0455522e-07
0,0,4.942388e-07
0,0,3.562073e-07
0,0,9.3247036e-07
0,0,7.84918e-07
0,0,1.4508197e-06
0,0,2.2082863e-06
0,0,6.5405413e-07
0,0,1.4345122e-06
0,0,5.893691e-07
0,0,5.7399444e-07
0,0,1.2111147e-06
0,0,4.5044624e-07
0,0,1.1106388e-06
0,0,3.3073438e-06
0,0,5.536099e-07
0,0,6.218896e-07
0,0,2.1335714e-07
0,0,9.2018234e-07
0,0,2.5651002e-07
0,0,8.569439e-07
0,0,4.5927135e-07
0,0,1.4265039e-07
0,0,4.554527e-07
0,0,1.2887426e-07
0,0,5.7735656e-07
0,0,8.3769737e-07
0,0,7.271555e-07
0,0,2.5222826e-07
0,0,5.0612533e-07
0,0,1.2843971e-06
0,0,6.551603e-07
0,0,0.089074664
0,0,3.9090057e-07
0,0,1.3741537e-06
0,0,3.9807054e-07
0,0,5.586851e-07
0,0,6.537292e-07
0,0,4.089388e-06
0,0,3.1014514e-07
0,0,5.043397e-07
0,0,1.2274367e-06
0,0,6.974577e-07
0,0,1.7316012e-06
0,0,3.8652112e-07
0,0,4.7763086e-07
0,0,3.1586646e-07
0,0,1.1466003e-06
0,0,5.9235225e-07
0,0,2.9222142e-06
0,0,8.523779e-07
0,0,4.1509247e-07
0,0,5.4403097e-07
0,0,6.5743546e-07
0,0,1.1244114e-06
0,0,1.5794116e-06
0,0,6.395528e-07
0,0,1.5576071e-06
0,0,1.1125554e-06
0,0,3.6073732e-07
0,0,1.5014516e-06
0,0,3.2297776e-06
0,0,7.761205e-07
0,0,5.6177583e-07
0,0,2.858085e-07
0,0,3.7337114e-07
0,0,2.663449e-07
0,0,6.089139e-07
0,0,2.5314398e-07
0,0,9.891438e-08
0,0,3.3230683e-07
0,0,2.0866482e-06
0,0,3.4687832e-07
0,0,1.37151e-07
0,0,2.2119516e-06
0,0,9.05905e-07
0,0,6.5381397e-07
0,0,2.4837682e-06
0,0,1.2621604e-06
0,0,6.3482667e-06
0,0,1.3242018e-06
0,0,3.0205132e-07
0,0,4.7153225e-07
0,0,6.027142e-07
0,0,4.361002e-07
0,0,7.6314114e-07
0,0,3.059873e-06
0,0,3.6607688e-07
0,0,9.919698e-07
0,0,7.249094e-07
0,0,3.752817e-07
0,0,1.9850459e-06
0,0,2.2471696e-07
0,0,4.903501e-07
0,0,4.6342382e-07
0,0,2.8975197e-07
0,0,1.3957651e-07
0,0,3.6046256e-07
0,0,8.3957207e-07
0,0,6.29766e-07
0,0,2.8714666e-07
0,0,8.837441e-07
0,0,2.3085825e-07
0,0,1.7801818e-07
0,0,3.1154673e-07
0,0,3.3386686e-07
0,0,2.5366572e-07
0,0,2.883684e-07
0,0,2.0320874e-07
0,0,4.77212e-07
0,0,5.478316e-07
0,0,2.0866642e-06
0,0,6.0625143e-07
0,0,1.2077521e-07
0,0,3.9286826e-07
0,0,1.4048877e-07
0,0,1.1264902e-06
0,0,6.479822e-07
0,0,8.9331417e-07
0,0,4.1012703e-07
0,0,8.564218e-07
0,0,5.464416e-07
0,0,2.6646686e-07
0,0,4.0001328e-07
0,0,6.04516e-07
0,0,2.6733431e-07
0,0,5.144223e-07
0,0,2.6666514e-06
0,0,3.2224168e-07
0,0,5.300785e-07
0,0,4.7020976e-07
0,0,2.937193e-06
0,0,8.248965e-07
0,0,7.612759e-07
0,0,7.146555e-07
0,0,2.7596695e-07
0,0,5.011174e-07
0,0,7.147373e-07
0,0,5.834602e-07
0,0,2.5798937e-07
0,0,2.879551e-07
0,0,2.8630527e-07
0,0,1.2484411e-06
0,0,4.2134943e-07
0,0,3.0406693e-07
0,0,4.1681608e-07
0,0,2.1440953e-06
0,0,5.4108784e-07
0,0,3.0801434e-07
0,0,3.320914e-07
0,0,4.4093878e-07
0,0,6.6277255e-07
0,0,2.0007526e-07
0,0,1.5003263e-07
0,0,3.322577e-07
0,0,1.5187403e-06
0,0,7.0548805e-07
0,0,5.066087e-07
0,0,3.9173202e-07
0,0,4.4897138e-07
0,0,3.7377907e-07
0,0,1.801807e-07
0,0,3.7900068e-07
0,0,3.6551938e-07
0,0,4.996238e-07
0,0,1.2589456e-06
0,0,6.348966e-07
0,0,7.7641215e-07
0,0,3.4828446e-07
0,0,7.244311e-07
0,0,6.3251366e-07
0,0,1.4406666e-06
0,0,8.0179643e-07
0,0,3.5859975e-06
0,0,1.5616423e-06
0,0,8.827779e-07
0,0,1.4303662e-06
0,0,3.552547e-07
0,0,6.272587e-07
0,0,1.9527113e-06
0,0,4.910103e-07
0,0,6.1330354e-07
0,0,7.314538e-07
0,0,7.0233625e-07
0,0,4.2854674e-07
0,0,4.404273e-07
0,0,3.1824698e-07
0,0,9.60465e-07
0,0,3.7361335e-07
0,0,1.0576899e-06
0,0,5.5418775e-07
0,0,1.0725331e-06
0,0,4.2041984e-07
0,0,6.467147e-07
0,0,5.7468238e-08
0,0,3.3629644e-07
0,0,1.2746109e-06
0,0,2.4487073e-07
0,0,1.022355e-06
0,0,5.880694e-07
0,0,2.1458065e-07
0,0,7.1592433e-07
0,0,3.3244442e-07
0,0,6.9917195e-07
0,0,2.846812e-07
0,0,2.4019084e-07
0,0,1.5757481e-06
0,0,2.2596669e-06
0,0,2.3136695e-07
0,0,1.972198e-07
0,0,6.554384e-07
0,0,7.3356557e-07
0,0,2.5825327e-07
0,0,1.0913113e-06
0,0,1.4238891e-06
0,0,1.7682294e-06
0,0,2.3433256e-07
0,0,6.7908985e-07
0,0,7.045992e-07
0,0,1.8834683e-07
0,0,9.3053205e-07
0,0,5.893045e-07
0,0,5.528085e-07
0,0,1.4830905e-06
0,0,1.2405711e-06
0,0,2.371955e-06
0,0,1.5681296e-06
0,0,1.3606954e-07
0,0,1.0602763e-06
0,0,5.6866355e-07
0,0,7.6170295e-07
0,0,7.623584e-07
0,0,2.9736023e-07
0,0,7.3291034e-07
0,0,2.573085e-07
0,0,3.7360765e-06
0,0,9.539244e-07
0,0,5.35644e-07
0,0,3.816859e-07
0,0,1.9817968e-07
0,0,2.866555e-06
0,0,7.250712e-07
0,0,7.281103e-07
0,0,6.6975866e-07
0,0,3.8631512e-07
0,0,4.8546394e-07
0,0,3.4217533e-07
0,0,3.0084132e-07
0,0,7.483021e-07
0,0,5.174621e-07
0,0,1.0030265e-06
0,0,6.7587996e-07
0,0,5.139918e-07
0,0,4.2480522e-07
0,0,1.3334272e-06
0,0,7.7879406e-07
0,0,8.3253576e-07
0,0,6.786599e-07
0,0,2.8707328e-07
0,0,4.3214848e-07
0,0,1.7794248e-07
0,0,2.9404248e-07
0,0,1.4812035e-06
0,0,8.0115746e-07
0,0,1.5680639e-06
0,0,2.1232854e-06
0,0,1.4213767e-05
0,0,2.8348995e-07
0,0,3.73603e-07
0,0,1.0429089e-06
0,0,7.1458396e-07
0,0,9.0796874e-07
0,0,1.2012968e-06
0,0,4.2005274e-07
0,0,8.966523e-07
0,0,1.8933603e-06
0,0,3.2241013e-07
0,0,1.2962669e-06
0,0,3.8891937e-07
0,0,2.9400857e-07
0,0,1.9863532e-07
0,0,2.1137591e-06
0,0,6.5725243e-07
0,0,4.5070368e-07
0,0,7.988061e-07
0,0,1.5923761e-06
0,0,1.4437624e-07
0,0,9.201525e-07
0,0,3.2369147e-07
0,0,2.7973701e-06
0,0,5.511645e-07
0,0,1.0222448e-06
0,0,9.719878e-07
0,0,1.2827262e-06
0,0,4.800594e-07
0,0,1.2116145e-07
0,0,6.869525e-07
0,0,9.3471766e-07
0,0,8.0381835e-07
0,0,3.126959e-06
0,0,5.4946827e-07
0,0,1.2720656e-06
0,0,1.3503887e-06
0,0,8.782652e-07
0,0,6.327616e-07
0,0,8.2532773e-07
0,0,5.832237e-07
0,0,9.506464e-06
0,0,5.397303e-07
0,0,1.0246634e-06
0,0,1.7907951e-06
0,0,7.47924e-07
0,0,9.471999e-07
0,0,3.6675444e-06
0,0,1.1089592e-06
0,0,7.875536e-07
0,0,2.8614176e-07
0,0,9.888425e-07
0,0,2.1348761e-07
0,0,8.678941e-07
0,0,8.974385e-07
0,0,3.90184e-07
0,0,3.1167986e-07
0,0,7.212642e-07
0,0,2.1791885e-07
0,0,2.676131e-06
0,0,5.748463e-07
0,0,6.071517e-07
0,0,1.5736291e-06
0,0,8.6627e-07
0,0,3.9924345e-07
0,0,5.915721e-07
0,0,3.4701432e-07
0,0,5.383223e-07
0,0,1.3936852e-06
0,0,6.2300626e-07
0,0,2.5355496e-07
0,0,7.4715547e-07
0,0,0.013797298
0,0,6.258704e-06
0,0,4.7449865e-07
0,0,1.2153669e-06
0,0,6.421576e-07
0,0,4.3530113e-07
0,0,3.3021834e-07
0,0,0.00060702814
0,0,4.604836e-07
0,0,1.0061796e-06
0,0,4.596083e-07
0,0,4.895282e-07
0,0,8.1386383e-07
0,0,5.0287395e-07
0,0,3.4590315e-07
0,0,8.771553e-07
0,0,5.918316e-07
0,0,8.1266086e-07
0,0,9.088619e-07
0,0,1.7458e-07
0,0,1.3846721e-07
0,0,5.385077e-07
0,0,2.547907e-07
0,0,1.3943261e-06
0,0,5.2835145e-07
0,0,3.6124615e-07
0,0,6.9070086e-07
0,0,9.889284e-07
0,0,4.7690037e-07
0,0,1.25601e-06
0,0,4.9348245e-07
0,0,5.3999753e-07
0,0,9.9507e-07
0,0,2.172077e-06
0,0,1.39177e-06
0,0,6.634093e-07
0,0,4.928964e-07
0,0,2.7754e-07
0,0,2.4052184e-07
0,0,2.2230392e-06
0,0,0.008539206
0,0,7.052075e-07
0,0,3.6390344e-07
0,0,2.3428943e-07
0,0,3.5342214e-07
0,0,4.9571304e-07
0,0,1.3237674e-06
0,0,7.0820334e-07
0,0,3.0250362e-07
0,0,3.6917152e-07
0,0,1.8314538e-06
0,0,1.4035822e-06
0,0,3.314216e-07
0,0,2.3863848e-07
0,0,3.2651687e-07
0,0,6.515744e-07
0,0,1.3887893e-06
0,0,2.7291915e-07
0,0,6.500966e-07
0,0,9.2936574e-07
0,0,9.3250156e-07
0,0,2.0605098e-06
0,0,8.263926e-07
0,0,1.2504083e-06
0,0,3.0171611e-06
0,0,7.079447e-07
0,0,6.6324355e-07
0,0,4.2547623e-07
0,0,4.935356e-07
0,0,1.4763579e-06
0,0,3.1896283e-07
0,0,0.0042822566
0,0,7.020256e-07
0,0,1.0180779e-06
0,0,1.6100866e-07
0,0,7.703502e-07
0,0,1.063589e-06
0,0,1.9978977e-06
0,0,8.4728424e-07
0,0,5.707199e-07
0,0,1.3909792e-06
0,0,2.6306068e-07
0,0,3.6297664e-07
0,0,7.782936e-07
0,0,1.4222361e-06
0,0,2.081356e-06
0,0,5.6708814e-07
0,0,4.1277485e-07
0,0,3.159523e-07
0,0,6.6254125e-07
0,0,1.7988076e-07
0,0,3.8020184e-07
0,0,1.1196613e-06
0,0,1.256862e-06
0,0,7.626114e-07
0,0,1.0409534e-06
0,0,1.6122746e-06
0,0,2.900622e-07
0,0,3.6006296e-07
0,0,7.445983e-07
0,0,5.7329146e-07
0,0,1.2023604e-06
0,0,9.293906e-07
0,0,4.980962e-07
0,0,5.8262226e-06
0,0,8.8901976e-07
0,0,1.2349382e-06
0,0,1.0665162e-06
0,0,1.5751155e-07
0,0,6.6548137e-07
0,0,8.6061794e-07
0,0,3.65465e-07
0,0,1.070228e-06
0,0,3.450429e-07
0,0,5.482748e-07
0,0,8.3054925e-07
0,0,1.1909744e-06
0,0,1.2500317e-06
0,0,1.7506464e-06
0,0,5.5181664e-07
0,0,4.7911493e-07
0,0,1.052537e-06
0,0,7.456301e-07
0,0,1.521612e-07
0,0,6.9862205e-07
0,0,1.515638e-06
0,0,3.8278057e-07
0,0,5.840442e-07
0,0,2.2476024e-07
0,0,7.320358e-07
0,0,1.6463111e-05
0,0,6.8677764e-07
0,0,1.079472e-06
0,0,2.6906744e-07
0,0,9.92603e-07
0,0,1.2530704e-06
0,0,4.9723616e-07
0,0,7.8907823e-07
0,0,1.046301e-06
0,0,1.4298368e-07
0,0,1.3917179e-07
0,0,4.1509483e-07
0,0,2.1486376e-06
0,0,8.003632e-07
0,0,1.6611091e-06
0,0,2.0040221e-07
0,0,1.1104195e-06
0,0,7.4117213e-07
0,0,1.8998831e-07
0,0,8.282191e-07
0,0,9.51769e-07
0,0,6.454947e-07
0,0,3.1792165e-06
0,0,1.6059185e-07
0,0,3.3986169e-07
0,0,3.0834642e-07
0,0,4.6553808e-07
0,0,3.981879e-07
0,0,5.3384633e-07
0,0,4.8489574e-07
0,0,3.7324048e-07
0,0,3.9660523e-07
0,0,2.8943018e-06
0,0,1.347529e-06
0,0,6.6622437e-07
0,0,5.378754e-07
0,0,1.8473364e-07
0,0,3.7488002e-07
0,0,9.699053e-07
0,0,3.9868414e-07
0,0,3.840384e-07
0,0,1.913055e-06
0,0,2.2144484e-06
0,0,2.6166776e-07
0,0,2.1753618e-07
0,0,4.2294448e-07
0,0,1.3537878e-06
0,0,5.169437e-07
0,0,0.06025787
0,0,8.7365726e-07
0,0,7.446182e-07
0,0,6.257656e-07
0,0,5.549234e-07
0,0,5.289347e-07
0,0,5.044624e-07
0,0,3.6394476e-07
0,0,3.7515251e-06
0,0,7.6645466e-07
0,0,1.1166798e-06
0,0,4.803259e-07
0,0,1.3191524e-06
0,0,1.2736518e-07
0,0,9.906425e-07
0,0,1.2707488e-06
0,0,6.690494e-07
0,0,1.8941387e-06
0,0,8.170151e-05
0,0,8.9716895e-07
0,0,1.448631e-07
0,0,4.6691113e-07
0,0,4.4361965e-07
0,0,2.6050773e-07
0,0,1.5191921e-07
0,0,3.0765645e-07
0,0,6.8065174e-07
0,0,2.8441687e-07
0,0,1.2436606e-06
0,0,1.2095283e-07
0,0,6.0522086e-07
0,0,7.7663054e-07
0,0,5.226339e-07
0,0,9.351804e-07
0,0,1.1599657e-06
0,0,2.7972635e-07
0,0,2.3930212e-07
0,0,1.584931e-06
0,0,3.7831705e-07
0,0,4.992685e-07
0,0,4.0768856e-07
0,0,1.489405e-06
0,0,7.007199e-07
0,0,6.9385203e-07
0,0,7.182817e-07
0,0,6.2722165e-07
0,0,4.693675e-07
0,0,4.589395e-07
0,0,6.2082773e-07
0,0,1.6237689e-07
0,0,3.6724583e-07
0,0,7.06936e-07
0,0,2.8557306e-06
0,0,1.1530162e-06
0,0,1.319292e-06
0,0,7.7746427e-07
0,0,4.388542e-07
0,0,1.0046042e-06
0,0,8.3561247e-07
0,0,4.5172607e-07
0,0,1.0417887e-06
0,0,2.6045902e-07
0,0,4.2119638e-07
0,0,3.4254913e-07
0,0,4.5722135e-07
0,0,4.8336705e-07
0,0,7.357115e-07
0,0,9.417649e-07
0,0,9.1743794e-07
0,0,5.131063e-07
0,0,1.0794492e-06
0,0,4.6974495e-07
0,0,6.4287576e-07
0,0,1.3255234e-06
0,0,5.0831163e-06
0,0,7.0624134e-07
0,0,1.4621052e-06
0,0,2.7358183e-07
0,0,3.7880446e-07
0,0,7.107318e-07
0,0,4.5410167e-07
0,0,2.1704227e-06
0,0,3.6066783e-07
0,0,7.488733e-07
0,0,3.069489e-06
0,0,2.3881703e-06
0,0,5.6339024e-07
0,0,6.549492e-07
0,0,3.1547927e-07
0,0,4.5534802e-07
0,0,1.1876897e-06
0,0,7.2476007e-07
0,0,5.904245e-07
0,0,2.974631e-06
0,0,2.950892e-07
0,0,3.8706338e-07
0,0,7.7213014e-07
0,0,8.0026626e-07
0,0,7.387051e-07
0,0,5.3209993e-07
0,0,4.754472e-07
0,0,7.6471696e-07
0,0,6.871694e-07
0,0,7.873065e-07
0,0,1.1033396e-06
0,0,4.5390607e-06
0,0,3.2960543e-07
0,0,2.1390936e-06
0,0,1.7390003e-06
0,0,3.8652885e-07
0,0,3.5662268e-07
0,0,7.080588e-07
0,0,2.980095e-07
0,0,3.2297407e-06
0,0,4.802508e-07
0,0,2.7249627e-07
0,0,6.8848e-07
0,0,0.011332843
0,0,2.2113642e-07
0,0,1.4566132e-07
0,0,3.2623703e-07
0,0,2.8527527e-06
0,0,4.5184154e-07
0,0,7.6306395e-07
0,0,4.999212e-07
0,0,4.0415267e-07
0,0,7.9739186e-07
0,0,9.2615755e-07
0,0,7.210242e-07
0,0,8.644718e-07
0,0,8.017436e-07
0,0,6.2704936e-07
0,0,1.250573e-06
0,0,1.1438175e-06
0,0,2.0257815e-07
0,0,1.1112024e-06
0,0,5.529856e-07
0,0,2.4440482e-07
0,0,2.5331641e-07
0,0,1.7924815e-06
0,0,6.400519e-07
0,0,5.901971e-07
0,0,1.6041398e-06
0,0,4.7857515e-07
0,0,1.0907723e-06
0,0,1.8263924e-07
0,0,4.4724828e-07
0,0,8.569774e-07
0,0,1.501407e-07
0,0,6.215019e-07
0,0,8.708465e-07
0,0,3.242544e-07
0,0,5.224974e-07
0,0,2.4430742e-07
0,0,9.339968e-07
0,0,8.001922e-07
0,0,3.5397267e-07
0,0,1.10227056e-07
0,0,7.5475253e-07
0,0,5.7924825e-07
0,0,2.724178e-07
0,0,1.1351837e-06
0,0,8.347889e-07
0,0,2.1988811e-07
0,0,9.2639965e-07
0,0,3.499198e-07
0,0,1.5358384e-06
0,0,6.9875665e-07
0,0,6.1936885e-07
0,0,7.9423694e-07
0,0,6.8214115e-07
0,0,1.1982291e-06
0,0,1.3924457e-06
0,0,2.9397998e-07
0,0,1.4772957e-07
0,0,1.1181589e-06
0,0,1.2606903e-06
0,0,1.7749062e-06
0,0,4.3032168e-07
0,0,3.2844568e-07
0,0,1.5030735e-06
0,0,8.197997e-07
0,0,4.2103613e-07
0,0,7.6071495e-07
0,0,1.8589617e-07
0,0,3.106392e-07
0,0,8.131252e-07
0,0,7.305782e-07
0,0,7.692043e-07
0,0,1.0749717e-07
0,0,3.7224265e-07
0,0,4.469558e-07
0,0,4.0525728e-07
0,0,2.4937083e-06
0,0,2.1995879e-07
0,0,5.073887e-07
0,0,4.807457e-07
0,0,1.2243572e-06
0,0,3.2388135e-07
0,0,9.550869e-07
0,0,2.8372605e-07
0,0,1.8640104e-07
0,0,1.3179977e-07
0,0,3.4329228e-06
0,0,6.1589657e-07
0,0,1.1217915e-06
0,0,3.611955e-07
0,0,3.8680096e-06
0,0,6.004864e-07
0,0,1.9167715e-06
0,0,1.0627292e-06
0,0,5.5517324e-07
0,0,3.3458286e-06
0,0,2.0316651e-07
0,0,3.8063175e-07
0,0,3.3368286e-07
0,0,8.180362e-07
0,0,3.854617e-06
0,0,5.4384054e-07
0,0,8.726389e-07
0,0,2.5799332e-07
0,0,3.2048374e-07
0,0,3.2874996e-07
0,0,6.676542e-07
0,0,5.5028795e-07
0,0,3.6802734e-07
0,0,2.4598555e-07
0,0,6.6551695e-07
0,0,3.858582e-07
0,0,8.926022e-07
0,0,4.852066e-07
0,0,1.7638772e-06
0,0,3.9895076e-07
0,0,8.0974127e-07
0,0,4.9009617e-07
0,0,1.5422788e-06
0,0,1.0301759e-06
0,0,6.8742963e-07
0,0,1.2064794e-06
0,0,4.6287832e-07
0,0,3.856569e-06
0,0,6.331576e-07
0,0,5.648401e-07
0,0,5.7903947e-07
0,0,9.466445e-07
0,0,1.6513209e-06
0,0,1.3352992e-06
0,0,3.586606e-07
0,0,4.0024865e-06
0,0,1.2846775e-06
0,0,5.160994e-07
0,0,5.122189e-07
0,0,3.5395138e-07
0,0,3.8392525e-07
0,0,3.003405e-07
0,0,2.441137e-06
0,0,5.2367517e-07
0,0,4.6414212e-07
0,0,4.4435558e-07
0,0,4.9026823e-07
0,0,2.525272e-06
0,0,1.0393737e-07
0,0,2.2465332e-07
0,0,3.3448225e-07
0,0,1.0551279e-06
0,0,2.990882e-06
0,0,1.7476158e-07
0,0,8.6328804e-08
0,0,9.526007e-07
0,0,3.4402794e-07
0,0,4.4358754e-07
0,0,9.5080736e-07
0,0,6.945114e-07
0,0,7.199241e-07
0,0,1.2270363e-06
0,0,3.5602798e-07
0,0,1.4958832e-06
0,0,2.3222208e-06
0,0,9.1391524e-07
0,0,2.5997736e-07
0,0,6.337569e-07
0,0,3.0980726e-07
0,0,3.0016326e-07
0,0,2.9852006e-07
0,0,2.3766368e-07
0,0,1.1556264e-06
0,0,1.8345653e-06
0,0,1.081309e-06
0,0,5.473073e-07
0,0,6.59123e-07
0,0,5.161142e-07
0,0,1.4257806e-06
0,0,6.387994e-07
0,0,2.948813e-07
0,0,3.4725764e-07
0,0,2.7988594e-07
0,0,3.844261e-07
0,0,4.342136e-07
0,0,2.5180236e-07
0,0,7.879495e-07
0,0,2.026548e-06
0,0,2.5833452e-07
0,0,7.541136e-07
0,0,1.2337493e-06
0,0,4.478659e-07
0,0,5.011996e-07
0,0,7.6755697e-07
0,0,1.0420558e-06
0,0,1.66109e-07
0,0,5.862691e-07
0,0,1.2141064e-06
0,0,9.24436e-07
0,0,2.340923e-06
0,0,8.9212654e-07
0,0,8.0420097e-07
0,0,2.6465125e-07
0,0,1.2940917e-06
0,0,3.6601472e-07
0,0,2.9760932e-07
0,0,3.1875697e-07
0,0,5.8028604e-07
0,0,8.0073653e-07
0,0,6.635156e-07
0,0,3.0739983e-07
0,0,5.8423745e-07
0,0,3.123035e-07
0,0,5.7817095e-07
0,0,9.679999e-07
0,0,3.0181147e-07
0,0,3.34599e-07
0,0,4.3360862e-07
0,0,2.3553974e-07
0,0,6.9833493e-07
0,0,5.097341e-07
0,0,5.587549e-07
0,0,5.880408e-07
0,0,4.9721626e-07
0,0,9.638858e-07
0,0,1.6518895e-06
0,0,1.2763211e-06
0,0,5.113236e-06
0,0,6.0671124e-07
0,0,2.234237e-07
0,0,3.1275445e-07
0,0,6.1876665e-07
0,0,7.6597604e-07
0,0,2.7014372e-07
0,0,2.358171e-07
0,0,7.71807e-07
0,0,4.790409e-07
0,0,4.0400894e-07
0,0,1.7356287e-07
0,0,7.4616e-07
0,0,1.2458828e-06
0,0,2.3885684e-07
0,0,8.4285085e-07
0,0,2.8966494e-07
0,0,2.6363278e-07
0,0,1.1811429e-06
0,0,4.416572e-07
0,0,6.51288e-07
0,0,4.3757805e-06
0,0,6.555028e-07
0,0,4.9036504e-07
0,0,1.9331833e-06
0,0,2.1825776e-06
0,0,1.9223107e-06
0,0,3.4002863e-07
0,0,1.0144628e-06
0,0,1.9812732e-07
0,0,4.286575e-07
0,0,7.67284e-07
0,0,2.1032254e-07
0,0,6.9211325e-07
0,0,1.4531919e-06
0,0,5.9055236e-07
0,0,4.591908e-07
0,0,3.933395e-07
0,0,2.4967775e-07
0,0,4.923293e-07
0,0,1.7313123e-07
0,0,2.1215112e-07
0,0,4.989258e-07
0,0,3.1953368e-07
0,0,4.76683e-07
0,0,3.4960767e-06
0,0,8.7726744e-07
0,0,6.1267684e-07
0,0,1.4840116e-06
0,0,4.9944896e-07
0,0,7.169533e-07
0,0,1.0986934e-06
0,0,4.0700874e-07
0,0,4.012665e-07
0,0,1.6143916e-06
0,0,2.3051088e-07
0,0,1.2786932e-06
0,0,1.3082115e-06
0,0,6.67474e-07
0,0,3.4507548e-07
0,0,2.883805e-07
0,0,4.2958808e-07
0,0,1.4323412e-07
0,0,3.9640594e-07
0,0,3.855422e-07
0,0,9.90241e-07
0,0,7.629366e-07
0,0,2.3920454e-06
0,0,6.346617e-07
0,0,1.1210311e-06
0,0,3.0405505e-07
0,0,4.37706e-07
0,0,1.2882084e-06
0,0,2.0566383e-06
0,0,6.2143255e-07
0,0,6.779988e-07
0,0,7.061423e-07
0,0,7.6494746e-07
0,0,2.0029934e-06
0,0,4.706714e-07
0,0,1.6251121e-06
0,0,2.864079e-06
0,0,9.603588e-07
0,0,7.3199527e-07
0,0,7.75914e-07
0,0,5.330187e-07
0,0,3.5360893e-07
0,0,2.7283457e-07
0,0,9.88258e-07
0,0,5.8375184e-07
0,0,3.8576655e-07
0,0,6.20791e-07
0,0,3.7534005e-07
0,0,1.3535631e-06
0,0,4.6814972e-07
0,0,1.11267e-06
0,0,8.7555736e-07
0,0,6.920288e-07
0,0,4.2058667e-07
0,0,7.873065e-07
0,0,2.6954592e-07
0,0,1.2248045e-06
0,0,3.2274053e-07
1,0,0.24860156
0,0,6.6884206e-07
0,0,6.909038e-07
0,0,1.8167212e-06
0,0,2.704221e-07
0,0,2.140712e-06
0,0,2.193336e-06
0,0,5.825328e-07
0,0,3.5842294e-07
0,0,6.317408e-07
0,0,4.1832135e-07
0,0,4.1157907e-07
0,0,1.1725828e-06
0,0,7.9525637e-07
0,0,3.109872e-07
0,0,5.9483114e-07
0,0,2.5709264e-07
0,0,1.5711175e-06
0,0,6.45334e-07
0,0,5.2137295e-07
0,0,1.9496564e-07
0,0,8.198638e-07
0,0,2.880265e-07
0,0,1.8700264e-06
0,0,2.021343e-07
0,0,4.678994e-06
0,0,4.0103964e-07
0,0,1.8527635e-07
0,0,1.0320428e-07
0,0,1.703499e-07
0,0,2.803414e-07
0,0,2.8947684e-06
0,0,4.6379301e-07
0,0,8.274572e-07
0,0,7.3684697e-07
0,0,1.9129405e-07
0,0,4.00785e-07
0,0,3.8511002e-06
0,0,1.6149799e-06
0,0,3.1986573e-07
0,0,8.445542e-07
0,0,5.858254e-07
0,0,1.9859244e-06
0,0,4.2400706e-07
0,0,3.2059225e-07
0,0,5.110464e-07
0,0,3.0547835e-07
0,0,4.7575517e-07
0,0,1.1222934e-06
0,0,2.3062215e-07
0,0,4.7071046e-07
0,0,1.0566142e-06
0,0,3.427511e-07
0,0,1.4016587e-06
0,0,3.5719142e-07
0,0,6.8958786e-07
0,0,1.9159037e-07
0,0,5.116452e-07
0,0,3.6078927e-07
0,0,1.448214e-06
0,0,5.649662e-07
0,0,9.2715624e-07
0,0,5.649107e-07
0,0,1.0335355e-06
0,0,1.2692312e-06
0,0,3.2438784e-06
0,0,1.7200735e-07
0,0,3.5155546e-07
0,0,4.400469e-07
0,0,3.9855414e-07
0,0,6.708633e-07
0,0,5.9887304e-07
0,0,5.34706e-07
0,0,4.1516648e-07
0,0,6.054333e-07
0,0,3.7633112e-07
0,0,3.237844e-07
0,0,4.1740037e-07
0,0,8.937291e-07
0,0,2.2078673e-06
0,0,4.7302757e-07
0,0,3.8908038e-07
0,0,3.521769e-07
0,0,1.6686414e-07
0,0,1.6153589e-06
0,0,1.9981307e-07
0,0,5.456125e-07
0,0,1.7515885e-07
0,0,1.4663713e-06
0,0,5.3514367e-07
0,0,3.7863543e-07
0,0,3.0344056e-06
0,0,4.3020924e-07
0,0,1.172229e-07
0,0,4.4627302e-07
0,0,4.955225e-07
0,0,5.162338e-07
0,0,1.6748096e-06
0,0,5.257819e-07
0,0,3.655051e-07
0,0,2.0284725e-07
0,0,1.3822552e-07
0,0,2.8206955e-07
0,0,1.377317e-06
0,0,5.309685e-07
0,0,2.3295495e-06
0,0,1.248952e-06
0,0,6.070909e-07
0,0,3.0937433e-06
0,0,2.8756457e-07
0,0,2.9329437e-06
0,0,4.6147142e-07
0,0,8.3043363e-07
0,0,1.622317e-06
0,0,6.0527e-07
0,0,1.0587486e-06
0,0,0.0013504699
0,0,1.8651801e-06
0,0,3.1263158e-07
0,0,1.6906583e-07
0,0,2.7184737e-07
0,0,5.613367e-07
0,0,5.1700925e-07
0,0,7.352136e-07
0,0,5.571346e-07
0,0,7.6175377e-07
0,0,1.3942326e-07
0,0,1.8862216e-06
0,0,1.2439855e-06
0,0,3.3284252e-07
0,0,1.200075e-06
0,0,6.416434e-07
0,0,4.1989531e-07
0,0,2.543241e-07
0,0,2.2351267e-06
0,0,3.2344118e-07
0,0,9.4336673e-07
0,0,2.1078158e-07
0,0,4.8308914e-07
0,0,3.7071433e-07
0,0,3.7278727e-07
0,0,5.1021607e-07
0,0,2.5112035e-07
0,0,2.797306e-07
0,0,1.01997475e-05
0,0,7.5430495e-07
0,0,2.1977804e-07
0,0,1.4300647e-06
0,0,6.1230713e-07
0,0,1.5395499e-06
0,0,6.9218055e-07
0,0,9.813475e-07
0,0,4.8684603e-07
0,0,4.5878284e-07
0,0,7.035879e-07
0,0,5.20373e-07
0,0,5.468503e-07
0,0,3.513527e-07
0,0,6.489797e-07
0,0,5.9479936e-07
0,0,6.765372e-06
0,0,2.1557855e-07
0,0,4.0147274e-06
0,0,4.0437706e-07
0,0,4.3969666e-07
0,0,4.902084e-07
0,0,1.3321004e-06
0,0,2.3119499e-06
0,0,1.3138354e-06
0,0,7.577159e-07
0,0,2.7011615e-07
0,0,1.1053058e-06
0,0,4.1068355e-07
0,0,8.1040173e-07
0,0,2.813238e-07
0,0,7.995873e-07
0,0,3.744334e-07
0,0,7.482679e-07
0,0,4.7023622e-07
0,0,1.0131034e-06
0,0,2.7739497e-07
0,0,4.5729243e-07
0,0,7.8867043e-07
0,0,3.2879512e-07
0,0,1.2674266e-06
0,0,5.715855e-07
0,0,5.809145e-07
0,0,3.1397047e-07
0,0,1.4904522e-06
0,0,1.1425098e-07
0,0,7.8720666e-07
0,0,1.0357526e-06
0,0,2.7598327e-07
0,0,1.1685495e-06
0,0,4.1971475e-07
0,0,2.2307688e-07
0,0,9.136808e-07
0,0,1.5532578e-06
0,0,2.8214998e-07
0,0,4.5968943e-07
0,0,6.7504834e-07
0,0,2.294837e-07
0,0,1.5900981e-06
0,0,2.0124176e-06
0,0,2.2415018e-07
0,0,6.138899e-07
0,0,3.406931e-07
0,0,0.00018786082
0,0,2.5789885e-07
0,0,0.001053757
0,0,1.432934e-07
0,0,4.8026135e-07
0,0,6.0483546e-07
0,0,5.2075427e-07
0,0,4.440558e-06
0,0,3.8955412e-07
0,0,2.9295478e-07
0,0,1.4865952e-06
0,0,1.2705889e-06
0,0,4.90948e-07
0,0,1.3320317e-06
0,0,1.4299338e-06
0,0,6.3293305e-07
0,0,0.0012438436
0,0,2.6727056e-07
0,0,3.905771e-07
0,0,1.5714872e-05
0,0,4.7633492e-07
0,0,1.4035729e-06
0,0,8.14795e-07
0,0,1.9591378e-07
0,0,3.4974e-07
0,0,2.2075484e-07
0,0,7.9244234e-07
0,0,2.7271932e-07
0,0,9.4497307e-07
0,0,1.3136674e-06
0,0,1.0949925e-06
0,0,2.3666104e-07
0,0,6.870469e-07
0,0,3.9682467e-07
0,0,8.5196103e-07
0,0,7.8331846e-07
0,0,1.3907669e-06
0,0,3.4451156e-07
0,0,5.2217155e-07
0,0,4.6863843e-07
1,0,0.3547151
0,0,1.1950168e-06
0,0,2.2228411e-07
0,0,4.049451e-07
0,0,9.11898e-07
0,0,5.3078725e-07
0,0,3.1671192e-07
0,0,5.849946e-07
0,0,7.138947e-07
0,0,1.3261606e-06
0,0,6.701938e-07
0,0,5.482445e-07
0,0,8.308138e-07
0,0,8.6022817e-07
1,0,0.4471492
0,0,2.429144e-07
0,0,1.9205687e-07
0,0,4.2973684e-07
0,0,3.9501488e-06
0,0,2.7447166e-07
0,0,5.743789e-07
0,0,8.931924e-07
0,0,1.0980963e-06
0,0,9.4777363e-07
0,0,1.4719306e-07
0,0,4.007999e-07
0,0,1.020079e-06
0,0,4.800333e-07
0,0,9.733699e-07
0,0,7.6098337e-07
0,0,3.6559084e-07
0,0,1.4952814e-06
0,0,4.530013e-07
0,0,5.104453e-07
0,0,4.0893423e-07
0,0,3.8612356e-07
0,0,1.309672e-06
0,0,2.4729474e-07
0,0,4.3373683e-07
0,0,3.2175097e-07
0,0,9.043521e-07
0,0,7.0715726e-07
0,0,1.080025e-06
0,0,8.3999333e-07
0,0,1.1903011e-06
0,0,5.2345547e-07
0,0,8.3815365e-07
0,0,3.826302e-07
0,0,1.1650466e-06
0,0,5.300133e-07
0,0,3.5644416e-07
0,0,6.058289e-07
0,0,5.128308e-07
0,0,5.8402634e-07
0,0,4.769108e-07
0,0,2.9053118e-07
0,0,4.5887168e-07
0,0,7.4359065e-07
0,0,1.2053363e-06
0,0,3.6051514e-07
0,0,1.6591316e-07
0,0,4.3731131e-07
0,0,1.1629519e-06
0,0,3.1680315e-07
0,0,1.2706555e-06
0,0,5.34528e-07
0,0,5.803248e-07
0,0,3.191095e-07
0,0,5.123498e-07
0,0,6.3341065e-07
0,0,5.165263e-07
0,0,5.9048534e-07
0,0,5.6417525e-07
0,0,2.2296742e-06
0,0,2.9467245e-07
0,0,5.127408e-07
0,0,3.566118e-07
0,0,4.1893657e-07
0,0,8.75286e-07
0,0,2.0105651e-07
0,0,7.824718e-07
0,0,4.5650808e-07
0,0,5.6244755e-07
0,0,4.2234433e-07
0,0,1.9253716e-07
0,0,2.6410262e-06
0,0,7.2255784e-07
0,0,7.7551823e-07
0,0,2.6775683e-07
0,0,6.0539577e-07
0,0,1.4092598e-06
0,0,4.2556388e-07
0,0,1.2900981e-06
0,0,2.2876851e-07
0,0,3.822002e-07
0,0,2.3707883e-06
0,0,1.2205252e-06
0,0,5.1381136e-07
0,0,4.1423434e-07
0,0,2.6554776e-06
0,0,1.2352115e-06
0,0,7.3894256e-07
0,0,5.087609e-07
0,0,9.542865e-07
0,0,6.819954e-07
0,0,5.495741e-07
0,0,6.454621e-07
0,0,2.5624277e-07
0,0,4.9313195e-07
0,0,1.4221575e-06
0,0,8.063313e-07
0,0,1.2663767e-06
0,0,1.4004307e-06
0,0,1.8557233e-06
0,0,7.5837886e-07
0,0,1.156666e-06
0,0,3.294948e-07
0,0,1.1342183e-06
0,0,1.2064046e-06
0,0,7.3466265e-07
0,0,2.8483214e-06
0,0,1.2811499e-07
0,0,3.5540347e-07
0,0,3.5664786e-07
0,0,1.0333964e-06
0,0,1.1466386e-06
0,0,5.8489474e-07
1,1,0.53584915
0,0,1.2187793e-06
0,0,1.1136085e-06
0,0,7.862755e-07
0,0,5.7229124e-07
1,0,0.002527334
0,0,5.088254e-07
0,0,1.2133587e-06
0,0,2.1379535e-06
0,0,1.2631657e-06
0,0,2.6960374e-06
0,0,0.00504692
0,0,7.105488e-07
0,0,1.3679717e-06
0,0,9.073905e-07
0,0,3.9792974e-07
0,0,5.452562e-07
0,0,6.330411e-07
0,0,7.588969e-07
0,0,4.899457e-07
0,0,5.374554e-07
0,0,1.3934805e-06
0,0,3.5727908e-06
0,0,1.5025631e-06
0,0,9.0357196e-07
0,0,1.5833583e-06
0,0,5.9366994e-07
0,0,3.1075374e-06
0,0,5.962971e-07
0,0,4.0041138e-07
0,0,1.6811723e-07
0,0,3.1029927e-07
0,0,1.2521697e-06
0,0,2.7947408e-06
0,0,6.3627255e-07
0,0,2.97983e-06
0,0,2.823104e-07
0,0,3.2259067e-07
0,0,4.529037e-07
0,0,6.9393076e-07
0,0,1.7520814e-07
0,0,3.376104e-07
0,0,1.2732559e-07
0,0,3.5960142e-07
0,0,1.0563441e-06
0,0,8.09566e-07
0,0,4.929321e-07
0,0,8.7860286e-07
0,0,3.4951036e-06
0,0,6.7960354e-07
0,0,9.674202e-07
0,0,2.228808e-05
0,0,1.2485864e-06
0,0,8.00916e-07
0,0,3.8056967e-07
0,0,2.2950633e-06
0,0,6.0285157e-07
0,0,3.178128e-06
0,0,1.9355083e-07
0,0,3.940273e-07
0,0,4.041122e-07
0,0,8.267899e-07
0,0,2.2050128e-07
0,0,2.9537162e-07
0,0,9.914978e-07
0,0,3.9302563e-07
0,0,2.2963964e-06
0,0,1.184666e-06
0,0,5.176704e-07
0,0,3.7919628e-07
0,0,7.1295915e-07
0,0,2.3274133e-06
0,0,3.5409926e-07
0,0,1.3608437e-06
0,0,3.5930248e-07
0,0,5.124158e-07
0,0,1.3962833e-06
0,0,1.2178451e-06
0,0,6.631854e-07
0,0,3.0951458e-07
0,0,7.264277e-07
0,0,1.6973529e-06
0,0,1.4427867e-06
0,0,4.898303e-07
0,0,1.4461727e-06
0,0,8.1377607e-07
0,0,8.2827836e-07
0,0,5.949775e-07
0,0,1.2135612e-06
0,0,3.4426262e-07
0,0,3.619441e-07
0,0,3.3511444e-07
0,0,6.956482e-07
0,0,1.0248999e-06
0,0,8.233325e-07
0,0,5.6935545e-07
0,0,1.5611032e-06
0,0,3.802776e-07
0,0,8.1878864e-07
0,0,1.6304459e-06
0,0,5.097317e-07
0,0,5.1586863e-07
0,0,3.1631288e-07
0,0,8.3516716e-07
0,0,3.270457e-07
0,0,1.1733568e-06
0,0,5.5199246e-07
1,0,0.022473216
0,0,4.1699775e-07
0,0,2.4924934e-06
0,0,3.6558636e-06
0,0,7.9186896e-07
0,0,1.4644762e-06
0,0,5.545801e-07
0,0,2.524246e-07
0,0,5.655064e-06
0,0,4.6684207e-07
0,0,3.623278e-07
0,0,1.0765215e-06
0,0,5.5093955e-07
0,0,4.498032e-07
0,0,1.0368526e-06
0,0,1.3032294e-06
0,0,1.1596072e-06
0,0,3.1295139e-07
0,0,1.2666412e-06
1,0,0.38922358
0,0,7.5611416e-07
0,0,8.807337e-07
0,0,1.3074042e-07
0,0,4.912361e-07
0,0,6.3215543e-07
0,0,3.689994e-07
0,0,8.6954935e-07
0,0,3.0318031e-07
0,0,5.2963435e-07
0,0,8.0837094e-07
0,0,3.167953e-07
0,0,1.0332595e-06
0,0,1.0122371e-06
0,0,3.4130122e-07
0,0,1.5806938e-06
0,0,2.9051787e-07
0,0,5.5916695e-07
0,0,3.6280807e-07
0,0,2.4783304e-07
0,0,5.8745115e-07
0,0,1.8175062e-06
0,0,2.7110664e-07
0,0,6.199379e-07
0,0,5.7372904e-07
0,0,3.6704972e-07
0,0,5.721712e-07
0,0,4.7574838e-07
0,0,3.7277553e-07
0,0,3.9237997e-07
0,0,4.012133e-07
0,0,1.2526905e-06
0,0,6.7680946e-07
0,0,1.8897001e-06
0,0,1.0840969e-06
0,0,1.1135521e-06
0,0,1.2484817e-06
0,0,5.5928854e-07
0,0,8.4008065e-07
0,0,5.551542e-07
0,0,2.366889e-06
0,0,1.5137704e-06
0,0,1.6192056e-06
0,0,5.8737714e-07
0,0,7.246315e-07
0,0,1.7910857e-07
0,0,1.9161249e-07
0,0,8.942714e-07
0,0,3.5599777e-07
0,0,3.7827306e-07
0,0,2.229468e-06
0,0,0.30708796
0,0,3.4012174e-07
0,0,1.1829014e-06
0,0,5.05134e-07
0,0,4.418115e-06
0,0,3.949234e-07
0,0,3.231332e-07
0,0,3.6774102e-07
0,0,6.724012e-07
0,0,1.967237e-07
0,0,5.345336e-07
0,0,5.753843e-07
0,0,3.5991707e-07
0,0,3.811203e-07
0,0,3.7308317e-07
0,0,3.2521876e-07
0,0,5.375533e-07
0,0,3.3423927e-07
0,0,2.9200526e-06
0,0,3.3319887e-07
0,0,2.422539e-07
0,0,1.1588368e-06
0,0,2.415913e-07
0,0,8.0117655e-07
0,0,4.9938325e-07
0,0,2.2902718e-07
0,0,9.2282494e-07
0,0,1.0340491e-06
0,0,4.6825244e-07
0,0,7.497415e-07
0,0,3.667072e-07
0,0,1.1455959e-06
0,0,7.7194755e-07
0,0,1.1475181e-06
0,0,1.6718365e-06
0,0,1.5019814e-06
0,0,6.9254173e-07
0,0,3.3840757e-07
0,0,2.3934213e-06
0,0,6.998984e-07
0,0,2.0816653e-06
0,0,6.5054184e-07
0,0,3.185403e-07
0,0,4.9247916e-07
0,0,0.000118355274
0,0,1.1426858e-06
0,0,1.0255258e-06
0,0,4.003186e-07
0,0,9.0626963e-07
0,0,4.381951e-07
0,0,1.9919112e-07
0,0,1.918743e-06
0,0,2.4950189e-06
0,0,1.3115568e-06
0,0,8.4499646e-07
0,0,7.360842e-07
0,0,1.0272905e-06
0,0,2.2158123e-07
0,0,3.2624964e-06
0,0,1.9506044e-06
0,0,7.1307204e-07
0,0,8.246008e-07
0,0,4.0643145e-06
0,0,2.45371e-07
0,0,6.127908e-07
0,0,2.606725e-07
0,0,8.0410285e-07
0,0,4.5878983e-07
0,0,2.6651362e-06
0,0,7.5576236e-07
0,0,6.333309e-07
0,0,5.122819e-07
0,0,4.6461645e-07
0,0,3.65265e-07
0,0,3.2429767e-07
0,0,1.0601296e-06
0,0,7.3797e-07
0,0,4.952646e-07
0,0,2.447589e-07
0,0,5.659665e-07
0,0,4.848786e-07
0,0,8.25031e-07
0,0,1.6007334e-06
0,0,8.462231e-07
0,0,4.1301936e-07
0,0,4.6366742e-07
0,0,3.4214398e-07
0,0,3.6139224e-07
0,0,4.0718845e-07
0,0,5.367629e-07
0,0,3.3172645e-07
0,0,3.2172335e-07
0,0,2.517925e-07
0,0,1.0610835e-06
0,0,5.545023e-07
0,0,5.5309744e-07
0,0,8.1009034e-07
0,0,7.216743e-07
0,0,7.4705935e-07
0,0,5.3946684e-07
0,0,2.4437481e-06
0,0,1.4887233e-06
1,1,0.64604586
0,0,4.0335058e-07
0,0,1.1866028e-06
0,0,1.4514728e-07
0,0,8.103863e-07
0,0,1.1430443e-06
0,0,9.864115e-07
0,0,4.559264e-07
0,0,1.7182732e-06
0,0,4.8400636e-07
0,0,1.3416047e-06
0,0,2.9237117e-07
0,0,9.739558e-07
0,0,3.913127e-07
0,0,1.2483447e-06
0,0,1.3823661e-06
0,0,9.788706e-07
0,0,4.995018e-07
0,0,0.009127435
0,0,3.1249687e-07
0,0,6.934776e-07
0,0,1.1487522e-06
0,0,2.7860847e-07
0,0,3.370947e-07
0,0,4.1233577e-07
0,0,0.16255784
0,0,8.441725e-07
0,0,4.982292e-07
0,0,1.7886327e-07
0,0,2.3575728e-07
0,0,1.6541817e-06
0,0,5.0565114e-07
0,0,2.4094181e-06
0,0,3.1600865e-07
0,0,2.1477311e-07
0,0,4.776063e-07
0,0,3.6008254e-07
0,0,3.4967394e-07
0,0,4.881869e-07
0,0,4.952981e-07
0,0,8.7622556e-07
0,0,4.550897e-07
0,0,2.464667e-07
0,0,1.5861075e-06
0,0,2.776043e-07
0,0,2.9150587e-07
0,0,1.2080959e-06
0,0,5.984848e-07
0,0,1.5610303e-06
0,0,1.4663755e-06
0,0,2.8449388e-06
0,0,4.774815e-07
0,0,1.7311092e-07
0,0,9.805234e-07
0,0,9.463114e-07
0,0,9.997528e-07
0,0,5.18364e-07
0,0,6.814727e-07
0,0,8.863717e-07
0,0,1.0460695e-06
0,0,6.2926565e-06
0,0,9.752831e-07
0,0,8.5820096e-07
0,0,1.7352366e-07
0,0,6.954374e-08
0,0,5.6714117e-07
0,0,9.399864e-07
0,0,8.2035496e-07
0,0,1.645735e-07
0,0,6.1788216e-07
0,0,8.8984933e-07
0,0,4.0773836e-07
0,0,7.476986e-07
0,0,6.702168e-07
0,0,2.9233775e-07
0,0,2.6255566e-07
0,0,5.124915e-07
0,0,1.7129771e-07
0,0,4.1345984e-06
0,0,2.6696412e-07
0,0,5.0974677e-07
0,0,2.6925252e-07
0,0,2.8916344e-07
0,0,2.9596515e-07
0,0,3.323959e-07
0,0,4.6763301e-07
0,0,8.5415843e-07
0,0,1.7011822e-06
0,0,8.129563e-07
0,0,1.2342965e-06
0,0,1.0261557e-06
0,0,4.9858187e-07
0,0,3.782864e-07
0,0,1.4313132e-06
0,0,5.0242284e-07
0,0,8.625151e-07
0,0,2.0905512e-07
0,0,1.8433324e-06
0,0,1.5675226e-06
0,0,1.6474405e-07
0,0,2.9268338e-07
0,0,1.1145678e-06
0,0,4.4984654e-07
0,0,2.3596701e-06
0,0,5.2636386e-07
0,0,5.43672e-07
0,0,6.816599e-07
0,0,6.8263637e-07
0,0,6.7217485e-07
0,0,3.6415688e-07
0,0,7.0166476e-07
0,0,1.3385351e-06
0,0,3.472689e-07
0,0,2.221557e-07
0,0,8.909651e-07
0,0,1.8068917e-07
0,0,5.0437677e-07
0,0,3.0702276e-07
0,0,6.790911e-07
0,0,4.3094178e-07
0,0,5.23834e-07
0,0,1.3879166e-07
0,0,4.1799075e-07
0,0,6.816599e-07
0,0,3.0471978e-07
0,0,7.576704e-07
0,0,6.5139113e-07
0,0,6.057406e-07
0,0,1.4670636e-06
0,0,4.184646e-07
0,0,1.723096e-06
0,0,5.386238e-07
0,0,1.047579e-06
0,0,8.6543935e-07
0,0,1.2522903e-06
0,0,1.3925357e-07
0,0,9.0660586e-07
0,0,2.2957674e-07
0,0,8.446726e-07
0,0,1.341349e-06
0,0,2.3981e-07
0,0,7.714295e-07
0,0,7.0423505e-07
0,0,4.0292616e-07
0,0,6.0697806e-07
0,0,7.5041174e-07
0,0,1.2396309e-06
0,0,2.5250597e-07
0,0,2.7579043e-07
0,0,3.347257e-07
0,0,9.437284e-07
0,0,1.2150667e-06
0,0,2.667684e-07
0,0,9.201999e-07
0,0,3.5428943e-07
0,0,2.8917117e-07
0,0,9.0837835e-07
0,0,1.0091625e-06
0,0,1.9251183e-07
0,0,1.1599856e-06
0,0,4.0116322e-07
0,0,1.2814876e-06
0,0,1.0165421e-06
0,0,3.2066487e-06
0,0,4.56475e-07
0,0,7.4907683e-07
0,0,7.006551e-07
0,0,4.000957e-07
0,0,4.6725856e-07
0,0,2.2264584e-07
0,0,8.5579893e-07
0,0,2.165857e-06
0,0,1.4490124e-06
0,0,5.7876343e-07
0,0,3.7362153e-07
0,0,3.559849e-07
0,0,5.029535e-07
0,0,4.963398e-07
0,0,2.9397046e-07
0,0,5.886541e-07
0,0,4.2073793e-07
0,0,5.963853e-08
0,0,5.1343767e-07
0,0,1.1476352e-06
0,0,9.0023383e-07
0,0,1.205189e-06
0,0,2.322491e-06
0,0,1.6253523e-07
0,0,1.368461e-06
0,0,3.8878477e-07
0,0,3.4320672e-07
0,0,4.2763875e-07
0,0,6.263764e-07
0,0,1.2099614e-06
0,0,1.554006e-06
0,0,2.2868155e-06
0,0,4.7684034e-07
0,0,2.711351e-07
0,0,5.860908e-07
0,0,1.3359297e-06
0,0,3.2078677e-07
0,0,1.250326e-06
0,0,1.2695157e-06
0,0,2.9622854e-06
0,0,1.6704086e-06
0,0,1.7926217e-07
0,0,1.2291667e-06
0,0,3.218071e-07
0,0,6.101597e-07
0,0,3.3965657e-07
0,0,7.620764e-07
0,0,3.8518354e-07
0,0,1.016896e-06
0,0,7.579638e-07
0,0,1.0478618e-06
0,0,1.412338e-07
0,0,2.8357024e-07
0,0,6.27841e-07
0,0,3.219606e-07
0,0,1.0731909e-06
0,0,4.5276548e-07
0,0,3.213287e-07
0,0,7.886373e-07
0,0,9.2848086e-07
0,0,2.212094e-07
0,0,7.1517215e-06
0,0,6.110821e-07
0,0,1.809283e-06
0,0,1.8868387e-06
0,0,3.315171e-07
0,0,3.8345286e-07
0,0,1.3741052e-06
0,0,1.0016013e-06
0,0,2.9990946e-07
0,0,5.1893875e-07
0,0,3.1736954e-07
0,0,1.3184192e-06
0,0,6.9920857e-06
0,0,4.1814425e-07
0,0,1.8370623e-07
0,0,7.6340825e-07
0,0,6.178197e-07
0,0,2.1063708e-07
0,0,2.3205093e-06
0,0,1.1698357e-07
0,0,4.9722007e-07
0,0,2.4186724e-07
0,0,3.457353e-07
0,0,6.830871e-07
0,0,3.8862052e-07
0,0,3.816353e-07
0,0,4.8178896e-07
0,0,9.120285e-07
0,0,2.1665275e-07
0,0,9.995821e-07
0,0,3.1349265e-07
0,0,7.899071e-07
0,0,1.9409292e-06
0,0,3.4807758e-07
0,0,2.2479455e-07
0,0,3.6777612e-07
0,0,3.1637109e-07
0,0,2.47679e-07
0,0,6.1939835e-07
0,0,1.1158398e-06
0,0,3.7867045e-07
0,0,9.917343e-07
0,0,6.6342074e-07
0,0,1.8717199e-07
0,0,5.0928656e-07
0,0,2.2546634e-07
0,0,8.245245e-07
0,0,7.7616187e-07
0,0,6.766287e-07
0,0,3.5309637e-07
0,0,1.5047931e-06
0,0,1.7958371e-07
1,0,0.06584086
0,0,3.641447e-07
0,0,4.441134e-06
0,0,1.8792676e-06
0,0,2.8369251e-07
0,0,3.6202664e-07
0,0,3.0765528e-07
0,0,4.5468673e-07
0,0,1.1237338e-06
0,0,3.4020024e-07
0,0,3.6060317e-07
0,0,5.680728e-07
0,0,1.5650446e-06
0,0,4.2649876e-07
0,0,6.590374e-07
0,0,3.2147798e-07
0,0,3.9411972e-07
0,0,5.665962e-07
0,0,5.460336e-07
0,0,3.7441197e-07
0,0,8.6114585e-07
0,0,1.1183248e-07
0,0,2.3028323e-07
0,0,1.0275277e-06
0,0,5.470344e-07
0,0,4.0165628e-07
0,0,1.192188e-06
0,0,8.524918e-07
0,0,2.3506655e-06
0,0,6.3623673e-07
0,0,2.9471369e-06
0,0,6.5003206e-07
0,0,5.7067695e-07
0,0,8.8331603e-07
0,0,3.482984e-07
0,0,6.5326304e-07
0,0,5.84057e-07
0,0,3.2646827e-07
0,0,7.187819e-07
0,0,2.5062963e-07
0,0,2.0223893e-06
0,0,5.2367415e-07
0,0,1.0180788e-06
0,0,1.2510167e-06
0,0,5.9322565e-07
0,0,5.596722e-07
0,0,4.279578e-07
0,0,7.5263284e-07
0,0,2.611901e-06
0,0,6.701056e-07
0,0,9.4369426e-07
0,0,3.8965555e-07
0,0,1.752265e-06
0,0,2.6432915e-07
0,0,5.333828e-07
0,0,1.4227869e-06
0,0,3.0992298e-06
0,0,4.5346985e-07
0,0,9.380378e-07
0,0,5.3406177e-07
0,0,3.413683e-07
0,0,5.41286e-07
0,0,2.3111386e-06
0,0,6.099985e-07
0,0,5.4670375e-07
0,0,3.732451e-07
0,0,7.881351e-07
0,0,4.5286137e-07
0,0,1.471803e-06
0,0,2.8417367e-07
0,0,7.6528164e-07
0,0,1.979717e-07
0,0,4.0259889e-07
0,0,5.071787e-07
0,0,8.9244736e-07
0,0,4.614688e-07
0,0,2.0463054e-07
0,0,3.9012554e-07
0,0,8.51045e-07
0,0,5.9647226e-07
0,0,1.9380068e-06
0,0,7.521463e-07
0,0,2.1643572e-07
0,0,5.380693e-07
0,0,6.04851e-07
0,0,8.642896e-07
0,0,1.0655464e-06
0,0,2.9047575e-07
0,0,1.4330532e-06
0,0,3.921892e-07
0,0,4.0508377e-07
0,0,6.534219e-07
0,0,4.0550316e-07
0,0,6.0975714e-07
0,0,2.633285e-07
0,0,8.186473e-07
0,0,5.98252e-07
0,0,4.9960477e-07
0,0,3.6136232e-06
0,0,1.0195722e-06
0,0,6.411522e-07
0,0,4.4145207e-07
0,0,4.0571385e-06
0,0,2.2084306e-07
0,0,2.9401866e-07
0,0,3.0206775e-07
0,0,4.7352447e-07
0,0,4.4420767e-07
0,0,1.6612515e-06
0,0,2.5668476e-07
0,0,3.2648822e-07
0,0,9.766793e-07
0,0,1.5328153e-06
0,0,1.174985e-06
0,0,6.087374e-07
0,0,3.5338743e-07
0,0,8.7141393e-07
0,0,4.1971114e-07
0,0,9.116919e-07
0,0,0.14684385
0,0,4.1092764e-07
0,0,5.6960147e-07
0,0,3.0839496e-07
0,0,8.843292e-07
0,0,9.362611e-07
0,0,1.5566536e-06
0,0,9.724764e-07
0,0,1.0488055e-06
0,0,2.7006516e-07
0,0,9.592942e-07
0,0,1.6426289e-07
0,0,1.1754041e-06
0,0,6.058502e-06
0,0,1.3799307e-06
0,0,8.3598314e-07
0,0,4.188167e-07
0,0,6.828246e-07
0,0,3.158309e-07
0,0,1.7728544e-07
0,0,1.966543e-07
0,0,8.6296683e-07
0,0,5.037225e-07
0,0,3.887851e-07
0,0,1.2089338e-06
0,0,8.0450167e-07
0,0,1.3373072e-07
0,0,8.9521006e-07
0,0,1.5432514e-06
0,0,9.767147e-07
0,0,7.437658e-07
0,0,4.7192316e-07
0,0,3.3705902e-07
0,0,2.2890686e-07
0,0,2.89776e-07
1,0,0.26594907
0,0,2.3082787e-07
0,0,1.0743184e-06
0,0,6.512408e-07
0,0,1.468833e-07
0,0,1.265097e-06
0,0,5.212397e-07
0,0,3.0637725e-07
0,0,1.0045696e-06
0,0,4.1859468e-07
0,0,7.8384005e-07
0,0,2.1353749e-07
0,0,2.636773e-07
0,0,8.5023294e-07
0,0,1.1963749e-06
0,0,6.329469e-07
0,0,1.4751446e-06
0,0,4.0180686e-07
0,0,5.7615915e-07
0,0,3.5547328e-07
0,0,1.6512831e-06
0,0,6.907957e-07
0,0,4.7439326e-07
0,0,7.280687e-07
0,0,4.572322e-07
0,0,2.6716836e-07
0,0,7.9340043e-07
0,0,3.9009913e-07
0,0,1.6617016e-06
0,0,2.1110104e-07
0,0,4.209956e-07
0,0,6.1605226e-07
0,0,3.566778e-07
0,0,6.569522e-07
0,0,4.4693363e-07
0,0,7.6129913e-07
0,0,2.4726504e-07
0,0,1.9870616e-07
0,0,9.985627e-07
0,0,2.0589471e-07
0,0,2.0640598e-06
0,0,7.6319793e-07
0,0,8.527373e-07
0,0,6.349129e-07
0,0,3.146746e-07
0,0,1.336832e-06
0,0,9.59446e-07
0,0,5.259329e-07
0,0,7.082128e-07
0,0,9.5181167e-07
0,0,4.825302e-07
0,0,3.0747782e-07
0,0,1.2547792e-06
0,0,4.475508e-07
0,0,1.3353706e-06
0,0,2.0591876e-06
0,0,2.7610702e-07
0,0,2.3156628e-07
0,0,7.9977565e-07
0,0,7.212814e-07
0,0,2.549691e-07
0,0,1.3713797e-06
0,0,4.516007e-07
0,0,2.8984374e-07
0,0,1.5067516e-07
0,0,1.4582992e-07
0,0,2.7109527e-07
0,0,1.1209049e-06
0,0,1.7666014e-07
0,0,2.9791826e-07
0,0,3.2526157e-07
0,0,5.974851e-07
0,0,1.5056972e-07
0,0,1.8007828e-06
0,0,1.6680541e-06
0,0,1.2566786e-06
0,0,3.9375007e-07
0,0,4.4421364e-07
0,0,2.7476761e-07
0,0,0.124832675
0,0,9.388352e-07
0,0,0.002036049
0,0,3.1282667e-07
0,0,1.9953366e-06
0,0,5.5826007e-07
0,0,2.8993773e-07
0,0,5.1544373e-07
0,0,3.4121334e-07
0,0,6.8506506e-07
0,0,3.6604789e-07
0,0,6.4057707e-07
0,0,8.5257705e-07
0,0,6.175316e-07
0,0,2.1227497e-07
0,0,5.516851e-07
0,0,7.113868e-07
0,0,2.1761088e-07
0,0,2.6176363e-07
0,0,6.2279e-07
0,0,5.278529e-07
0,0,3.3856833e-07
0,0,4.8381855e-07
0,0,5.846767e-07
0,0,1.0193224e-06
0,0,6.427838e-07
0,0,2.6338023e-07
0,0,4.2111043e-07
0,0,6.9603044e-07
0,0,1.0534638e-06
0,0,8.83087e-07
0,0,0.000996639
0,0,3.005405e-07
0,0,1.1154441e-06
0,0,1.2354366e-06
0,0,3.7096333e-07
0,0,8.7558993e-07
0,0,4.999808e-07
0,0,1.9260547e-07
0,0,5.1323985e-07
0,0,5.6232153e-07
0,0,1.5587245e-06
0,0,2.9902523e-07
0,0,2.4195444e-07
0,0,2.360406e-06
0,0,2.4418327e-07
0,0,7.5232924e-07
0,0,1.685304e-06
0,0,6.5430055e-07
0,0,2.7075964e-07
0,0,3.703723e-06
0,0,7.5144015e-07
0,0,5.716912e-07
0,0,7.0089834e-07
0,0,1.9970601e-07
0,0,8.30139e-07
0,0,3.0619555e-07
0,0,5.396269e-07
0,0,2.6996216e-07
0,0,3.8719406e-07
0,0,1.3214062e-06
0,0,2.116771e-06
0,0,1.7179701e-06
0,0,2.8251858e-07
0,0,4.500272e-07
0,0,7.770551e-07
0,0,1.3690315e-06
0,0,3.3696097e-07
0,0,3.4363808e-07
0,0,4.411314e-07
0,0,5.757016e-07
0,0,6.3090454e-07
0,0,1.2413641e-06
0,0,6.9343133e-07
0,0,2.7388361e-07
0,0,2.0072527e-07
0,0,4.492639e-07
0,0,3.7221247e-07
0,0,1.1407803e-06
0,0,2.4921314e-07
0,0,3.2627172e-06
0,0,2.2705359e-07
0,0,1.090529e-06
0,0,1.8907552e-07
0,0,4.3613096e-07
0,0,4.502668e-06
0,0,3.5190834e-07
0,0,2.250559e-06
0,0,1.345885e-06
0,0,7.891828e-07
0,0,4.0695673e-07
0,0,2.4068544e-07
0,0,1.24818e-07
0,0,2.3043152e-07
0,0,6.9968553e-07
0,0,2.1405303e-06
0,0,1.7272964e-06
0,0,6.333086e-07
0,0,2.3476741e-07
0,0,6.6326385e-07
0,0,4.605636e-06
0,0,4.4631983e-07
0,0,7.857538e-07
0,0,2.0495611e-07
0,0,1.2647968e-06
0,0,1.4292029e-07
0,0,2.970275e-07
0,0,3.2001003e-07
0,0,1.3912219e-06
0,0,6.0228496e-07
0,0,3.192556e-07
0,0,1.6666246e-06
0,0,5.91294e-07
0,0,1.3181564e-06
0,0,3.1249627e-07
0,0,5.8632554e-07
0,0,2.8603017e-07
0,0,8.201171e-07
0,0,2.2302454e-07
0,0,3.1049674e-07
0,0,1.2026884e-06
0,0,3.632398e-07
0,0,5.995622e-07
0,0,4.055815e-06
0,0,1.5646074e-06
0,0,2.5852455e-07
0,0,1.6042134e-07
0,0,6.6577655e-07
0,0,2.225516e-07
1,0,0.06957128
0,0,1.3981559e-05
0,0,8.2489413e-07
0,0,4.8209324e-07
0,0,6.4194757e-07
0,0,6.3929974e-07
0,0,3.0210143e-07
0,0,6.1090316e-07
0,0,4.819663e-07
0,0,2.5377437e-07
0,0,5.999019e-06
0,0,3.309447e-07
0,0,1.3993441e-06
0,0,3.9554525e-06
0,0,4.817857e-07
0,0,1.3985634e-07
0,0,2.2222146e-06
0,0,4.71943e-07
0,0,2.3756536e-07
0,0,2.3149606e-07
0,0,4.2408269e-07
0,0,3.5266763e-07
0,0,5.040108e-07
0,0,1.0462312e-06
0,0,2.6653877e-06
0,0,9.909751e-07
1,0,0.4738029
0,0,5.299284e-07
0,0,1.1035733e-06
0,0,5.792593e-07
0,0,2.5886206e-07
0,0,7.798145e-07
0,0,1.1023805e-06
0,0,5.815431e-06
0,0,3.3313438e-07
0,0,7.6857657e-07
0,0,7.0645217e-07
0,0,5.2831723e-07
0,0,3.9905842e-07
0,0,3.4136045e-07
0,0,6.89605e-07
0,0,1.4807824e-07
0,0,2.5873027e-07
0,0,2.4946783e-07
0,0,3.1843703e-07
0,0,2.341691e-06
0,0,4.876839e-07
0,0,5.5692163e-07
0,0,2.999046e-07
0,0,3.51144e-07
0,0,2.3453183e-06
0,0,5.86777e-07
0,0,2.2782686e-07
0,0,2.4646857e-07
0,0,3.6375042e-07
0,0,1.3261492e-06
0,0,4.5104676e-07
0,0,1.2257942e-06
0,0,4.0849378e-07
0,0,1.1344305e-06
0,0,3.1150722e-07
0,0,1.2676671e-06
0,0,1.0972547e-06
0,0,2.2986788e-07
0,0,1.3330077e-06
0,0,3.5632385e-07
0,0,1.8936962e-06
0,0,1.887417e-07
0,0,1.0860506e-06
0,0,4.7507146e-07
0,0,8.114311e-07
0,0,4.5756025e-07
0,0,5.0972244e-07
0,0,4.6725097e-07
0,0,2.5766752e-07
0,0,1.6765595e-06
0,0,6.026245e-07
0,0,4.7451724e-07
0,0,7.671384e-07
0,0,1.6019109e-06
0,0,4.9577494e-07
0,0,1.2541727e-06
0,0,7.5436395e-07
0,0,3.217028e-07
0,0,1.0096159e-06
0,0,5.1020635e-07
0,0,3.8053955e-07
0,0,1.8721249e-06
0,0,5.7896716e-07
0,0,1.0075199e-06
0,0,1.4761422e-07
0,0,2.3374444e-07
0,0,2.757239e-07
0,0,7.251369e-07
0,0,1.5016363e-06
0,0,4.3410884e-07
0,0,4.2412026e-07
0,0,1.3669505e-06
0,0,3.6218375e-07
0,0,3.650397e-07
0,0,8.2283253e-07
0,0,8.09065e-07
0,0,4.938911e-07
0,0,3.652859e-07
0,0,7.312237e-07
0,0,9.660853e-07
0,0,8.405719e-07
0,0,3.2583065e-07
0,0,0.047081266
0,0,0.071540065
0,0,2.2668299e-07
0,0,9.0731606e-07
0,0,3.7360763e-07
0,0,3.101395e-07
0,0,1.2365905e-06
0,0,1.5929882e-06
0,0,7.50512e-07
0,0,1.2968802e-06
0,0,3.2241473e-07
0,0,9.5101774e-07
0,0,8.575628e-07
0,0,3.1977177e-07
0,0,1.2621034e-07
0,0,1.8610423e-07
0,0,1.1051361e-06
0,0,1.3017956e-07
0,0,7.420166e-07
0,0,1.1326403e-06
0,0,9.57616e-07
0,0,7.8627255e-07
0,0,3.9299034e-06
0,0,2.088198e-07
0,0,6.412549e-07
0,0,4.513145e-06
0,0,2.7043373e-07
0,0,4.220214e-07
0,0,1.5964892e-07
0,0,4.5639578e-07
0,0,1.1973782e-06
0,0,1.8051898e-06
0,0,1.1002787e-06
0,0,4.6216374e-07
0,0,5.0013864e-07
0,0,5.5381e-07
0,0,4.6270532e-07
0,0,2.4520514e-07
0,0,4.837249e-07
0,0,6.755004e-07
0,0,4.0015715e-07
0,0,3.6881752e-07
0,0,1.1320107e-06
0,0,8.2012036e-07
0,0,2.962707e-07
0,0,7.8055405e-07
0,0,4.1198552e-07
0,0,1.4834029e-07
0,0,2.8006132e-06
0,0,3.986309e-07
0,0,1.3106904e-06
0,0,2.5202914e-07
0,0,2.5335723e-07
0,0,2.5302185e-07
0,0,1.0277001e-06
0,0,4.554644e-07
0,0,1.617804e-06
0,0,2.9348666e-07
0,0,1.534787e-07
0,0,5.658192e-07
0,0,6.7145095e-07
0,0,2.934869e-06
0,0,2.9091407e-07
0,0,4.220758e-07
0,0,5.8056116e-07
0,0,2.042445e-07
0,0,8.1225176e-07
0,0,5.158996e-07
0,0,9.826633e-07
0,0,1.0752276e-06
0,0,2.8940403e-07
0,0,1.2224822e-06
0,0,2.3510594e-07
0,0,1.1902821e-05
0,0,5.5854554e-07
0,0,3.106352e-06
0,0,5.718706e-07
0,0,3.064281e-07
0,0,3.106783e-07
0,0,3.520023e-07
0,0,1.9516594e-06
0,0,7.8155887e-07
0,0,1.1325311e-06
0,0,1.2001153e-05
0,0,4.709817e-07
0,0,7.200155e-07
0,0,6.90826e-07
0,0,6.384285e-07
0,0,6.870868e-07
0,0,4.7085052e-07
0,0,5.0141716e-07
0,0,4.035503e-07
0,0,1.390157e-06
0,0,7.280382e-07
0,0,2.5495524e-07
0,0,2.0843192e-06
0,0,7.723909e-07
0,0,1.136467e-05
0,0,1.9722804e-06
0,0,2.0504813e-06
0,0,3.1591662e-06
0,0,8.9228223e-07
0,0,1.16115e-06
0,0,0.2714284
0,0,5.3268735e-07
0,0,6.2113213e-07
0,0,4.2195305e-07
0,0,7.578576e-07
0,0,3.574068e-07
0,0,3.2629117e-07
0,0,3.9916958e-07
0,0,2.7986752e-07
0,0,8.146924e-07
0,0,9.3773906e-07
0,0,1.1267922e-06
0,0,2.109993e-06
0,0,7.643014e-07
0,0,2.3040127e-06
0,0,6.14219e-07
0,0,6.811043e-07
0,0,9.2283017e-07
0,0,1.7320554e-06
0,0,1.4196885e-06
0,0,2.4103788e-06
0,0,3.925757e-07
0,0,5.2393943e-07
0,0,5.43881e-07
0,0,8.9316195e-08
0,0,1.4123651e-06
0,0,5.0495333e-07
0,0,6.707405e-07
0,0,1.3454602e-06
0,0,9.722427e-07
0,0,2.861944e-06
0,0,3.7078118e-07
0,0,3.1351416e-07
0,0,5.8062153e-07
0,0,3.4077303e-07
0,0,2.587601e-07
0,0,1.4596557e-07
0,0,5.94403e-07
0,0,5.6773314e-07
0,0,3.084032e-07
0,0,2.709226e-07
0,0,1.7610535e-06
0,0,5.8081145e-07
0,0,2.5343484e-06
0,0,9.162916e-07
0,0,8.8295053e-07
0,0,9.36813e-07
0,0,1.5377509e-06
0,0,4.7557958e-07
0,0,4.2905953e-07
0,0,1.2249353e-06
0,0,1.0441718e-06
0,0,3.7962468e-07
0,0,1.1605675e-06
0,0,5.000681e-07
0,0,1.4154894e-06
0,0,2.3948888e-07
0,0,1.1569418e-06
0,0,3.4867662e-07
0,0,5.5226207e-07
0,0,1.7674103e-07
0,0,3.3493708e-07
0,0,5.0960534e-07
0,0,1.1637106e-06
0,0,5.7630365e-07
0,0,1.7901189e-06
0,0,6.246274e-07
0,0,1.3748222e-06
0,0,4.428461e-07
0,0,7.6214906e-07
0,0,4.0691478e-07
0,0,4.2103895e-07
0,0,3.2618445e-07
0,0,3.479947e-06
0,0,2.1083527e-07
0,0,1.5014745e-06
0,0,4.149765e-07
0,0,3.489594e-07
0,0,1.7367413e-06
0,0,1.3615329e-06
0,0,8.854921e-07
0,0,4.430354e-07
0,0,9.85024e-07
0,0,6.9494075e-07
0,0,3.1635182e-07
0,0,3.9863958e-06
0,0,1.0216624e-07
0,0,7.2584464e-07
0,0,4.245159e-06
0,0,1.8553928e-07
0,0,1.6477452e-06
0,0,4.132095e-06
0,0,0.2499241
0,0,1.352024e-06
0,0,8.667146e-07
0,0,1.7127011e-06
0,0,2.3360635e-06
0,0,8.831518e-07
0,0,6.920816e-07
0,0,2.5497109e-06
0,0,2.0664804e-06
0,0,4.467623e-07
0,0,1.4697508e-07
0,0,1.406443e-06
1,1,0.98089725
0,0,1.0150154e-06
0,0,6.37635e-07
0,0,6.742968e-07
0,0,7.137081e-07
0,0,6.595939e-07
0,0,4.4636496e-07
0,0,3.3631855e-07
0,0,1.2614961e-06
0,0,5.1038694e-07
0,0,5.5530774e-07
0,0,5.369876e-07
0,0,4.734834e-07
0,0,9.0303695e-07
0,0,1.10047445e-07
0,0,4.072017e-07
0,0,2.8491397e-07
0,0,3.120332e-07
0,0,3.2779795e-07
1,0,0.47828814
0,0,3.984234e-07
0,0,5.436129e-07
0,0,4.848879e-07
0,0,3.89057e-07
0,0,2.0520861e-07
0,0,4.853112e-07
0,0,2.1249069e-07
0,0,4.4733787e-07
0,0,9.453724e-07
0,0,1.2060929e-06
0,0,1.09061794e-07
0,0,1.8799541e-06
0,0,3.0448885e-07
0,0,5.2685505e-07
0,0,1.2708518e-06
0,0,6.2926773e-07
0,0,5.070244e-07
0,0,4.242558e-07
0,0,3.3092954e-07
0,0,4.1325026e-07
0,0,4.9393867e-07
0,0,1.3430758e-06
0,0,1.4812163e-06
0,0,8.806287e-07
0,0,2.4348958e-07
0,0,9.1729015e-07
0,0,3.3133531e-07
0,0,5.781031e-07
0,0,5.1430015e-07
0,0,5.1792324e-07
0,0,2.2753265e-07
0,0,2.9037162e-07
0,0,4.399219e-07
0,0,7.899878e-07
0,0,5.7008623e-07
0,0,1.5212422e-06
0,0,2.0441345e-07
0,0,8.479381e-07
0,0,0.39071357
0,0,3.7291738e-07
0,0,6.3924244e-07
0,0,1.4986318e-07
0,0,8.5902553e-07
0,0,1.5708897e-06
0,0,2.1181087e-07
0,0,9.262618e-07
0,0,1.9929848e-07
0,0,5.728597e-07
0,0,2.8789825e-07
0,0,5.576286e-06
0,0,8.3945685e-07
0,0,1.7939354e-07
0,0,1.8156598e-07
0,0,3.844063e-07
0,0,6.381181e-07
0,0,4.284515e-07
0,0,4.6658707e-07
0,0,3.1275297e-07
0,0,2.8273502e-07
0,0,4.0060388e-07
0,0,4.2010478e-07
0,0,1.4178578e-06
0,0,1.0817639e-06
0,0,6.004314e-07
0,0,8.752334e-07
0,0,2.0835391e-07
0,0,8.457552e-07
0,0,5.442375e-07
0,0,2.1678266e-06
0,0,5.3053117e-07
0,0,4.1225988e-07
0,0,1.4291565e-07
0,0,5.253088e-07
0,0,3.3001777e-07
0,0,5.746364e-07
0,0,4.1296462e-07
0,0,4.1745598e-06
0,0,3.2397094e-07
0,0,1.2661847e-06
0,0,2.0668045e-07
0,0,2.1498296e-07
0,0,1.8230093e-06
0,0,5.6843743e-07
0,0,4.1649977e-07
0,0,1.7163128e-06
0,0,7.2437103e-07
0,0,1.0341951e-06
0,0,1.1305175e-06
0,0,1.0365688e-06
0,0,6.011975e-07
0,0,3.3430877e-07
0,0,5.871644e-07
0,0,6.108968e-07
0,0,4.0069673e-07
0,0,7.2189874e-07
0,0,3.2346168e-06
0,0,3.5281934e-07
0,0,1.0763572e-06
0,0,6.3468593e-07
0,0,2.4291623e-07
0,0,3.0421272e-06
0,0,5.3372315e-07
0,0,3.9441494e-07
0,0,1.5053355e-07
0,0,6.3298256e-07
0,0,3.3138116e-07
0,0,0.043404073
0,0,2.505522e-07
0,0,2.2117143e-07
0,0,7.3335855e-07
0,0,2.8365323e-06
0,0,4.869389e-07
0,0,7.398247e-07
0,0,4.0315834e-07
0,0,1.118722e-06
0,0,7.129258e-07
0,0,5.7606684e-07
0,0,2.7342714e-06
0,0,8.6252004e-07
0,0,6.6933086e-07
0,0,4.1816136e-07
0,0,2.103644e-06
0,0,7.4997894e-07
0,0,0.1582281
0,0,3.509147e-07
0,0,1.5180466e-06
0,0,2.801284e-07
0,0,2.2104112e-07
0,0,1.0396229e-06
0,0,4.6236391e-07
0,0,8.8265926e-07
0,0,4.538229e-07
0,0,1.2867507e-07
0,0,1.167656e-06
0,0,5.377389e-07
0,0,3.7939554e-07
0,0,2.305459e-06
0,0,3.1166175e-07
0,0,4.4113816e-07
0,0,1.1846813e-07
0,0,5.127189e-07
0,0,5.51236e-07
0,0,3.5516052e-07
0,0,7.277209e-07
0,0,8.358612e-07
0,0,1.4373168e-06
0,0,2.5438114e-06
0,0,1.8197334e-06
0,0,1.0736383e-06
0,0,6.815605e-07
0,0,6.630861e-07
0,0,2.9956587e-07
0,0,7.387925e-07
0,0,1.8089484e-06
0,0,1.9957001e-06
0,0,3.3108927e-07
0,0,1.8616228e-07
0,0,2.3448242e-06
0,0,8.851992e-07
0,0,6.078812e-07
0,0,1.6575675e-06
0,0,9.2488744e-07
0,0,2.9169496e-07
0,0,4.6874212e-07
0,0,7.1535925e-07
0,0,2.1924768e-06
0,0,3.265944e-07
0,0,1.6045913e-06
0,0,1.2579796e-06
0,0,6.908504e-07
0,0,5.8194087e-07
0,0,4.3495422e-07
0,0,9.171921e-07
0,0,1.2445764e-06
0,0,5.8007305e-07
0,0,4.33435e-07
0,0,1.8906631e-07
0,0,1.4107524e-06
0,0,3.2099547e-07
0,0,5.188264e-07
0,0,1.3064623e-06
0,0,5.682906e-07
0,0,2.4678704e-07
0,0,1.7615389e-06
0,0,5.6672917e-07
0,0,3.3143078e-07
0,0,7.50794e-07
0,0,4.3836394e-07
0,0,4.5615386e-07
0,0,7.1266345e-07
0,0,3.899083e-07
0,0,8.982434e-07
0,0,8.491334e-07
0,0,5.5141686e-07
0,0,1.9447297e-07
0,0,3.995215e-07
0,0,1.1643234e-06
0,0,1.844903e-06
0,0,2.8275093e-07
0,0,2.0284544e-06
0,0,2.5124134e-06
0,0,4.7168965e-07
0,0,4.92528e-07
0,0,3.2559083e-07
0,0,4.9358835e-07
0,0,1.3305755e-06
0,0,3.9367498e-07
0,0,1.02313855e-07
0,0,1.7260071e-06
0,0,4.0745067e-07
0,0,2.4551144e-07
0,0,8.2775085e-07
0,0,1.1570665e-06
0,0,1.2987541e-06
0,0,2.0348432e-07
0,0,6.5488547e-07
0,0,1.4062391e-06
0,0,4.017896e-07
0,0,9.801803e-07
0,0,1.1445169e-06
0,0,6.493691e-07
0,0,2.4061728e-07
0,0,1.8099889e-06
0,0,1.2912953e-07
0,0,1.628019e-06
0,0,5.677922e-07
0,0,7.165842e-07
0,0,1.6169555e-06
0,0,1.3875565e-07
0,0,1.0497222e-06
0,0,1.8266882e-06
0,0,1.1175299e-06
0,0,9.744241e-07
0,0,6.3338774e-07
0,0,1.2278822e-07
0,0,2.52408e-07
0,0,7.248237e-07
0,0,5.316961e-07
0,0,1.548937e-06
0,0,8.9958326e-07
0,0,5.4248807e-07
0,0,3.0464355e-06
0,0,6.7002895e-07
0,0,2.5964556e-07
0,0,4.6386685e-07
0,0,1.2045823e-06
0,0,1.0618812e-06
0,0,1.4588044e-06
0,0,1.0434809e-06
0,0,6.398109e-07
0,0,3.2126452e-06
0,0,8.71384e-07
0,0,4.063896e-06
0,0,1.4835614e-07
0,0,2.6320927e-06
0,0,8.22423e-07
0,0,1.8333624e-07
0,0,3.259214e-07
0,0,8.928679e-07
0,0,3.1042183e-07
0,0,6.674218e-07
0,0,3.6741608e-07
0,0,2.5328282e-07
0,0,2.4138956e-07
0,0,2.4156302e-06
0,0,3.356556e-07
0,0,8.0736777e-07
0,0,2.5921756e-07
0,0,3.4513903e-07
0,0,4.517713e-07
0,0,2.110786e-06
0,0,4.6160608e-07
0,0,2.7627138e-07
0,0,2.889479e-07
0,0,1.5430497e-06
0,0,1.1641847e-06
0,0,4.2877363e-07
0,0,3.950436e-07
0,0,9.512536e-07
0,0,9.979809e-07
0,0,1.6753959e-06
0,0,1.3395261e-06
0,0,3.7705496e-07
0,0,5.7672753e-07
0,0,5.857097e-07
0,0,1.3385926e-06
0,0,2.0926009e-06
0,0,6.031109e-07
0,0,8.7684754e-07
0,0,1.1371535e-06
0,0,6.7626877e-07
0,0,7.531743e-07
0,0,1.7863961e-07
0,0,4.7618911e-07
0,0,2.1233318e-06
0,0,4.3212373e-07
0,0,9.4118667e-07
0,0,3.3852345e-07
0,0,0.07433131
0,0,2.5592797e-07
0,0,3.8771913e-07
0,0,3.0553196e-07
0,0,9.1440955e-07
0,0,6.9896856e-07
0,0,1.7790482e-07
0,0,1.3075316e-06
0,0,6.128259e-07
0,0,1.773737e-06
0,0,2.6190693e-07
0,0,5.471982e-07
0,0,3.577611e-07
0,0,9.005696e-07
0,0,8.3406394e-07
0,0,5.1409614e-07
0,0,1.4629128e-06
0,0,3.4632566e-07
0,0,6.6612654e-07
0,0,2.2119748e-06
0,0,1.0571978e-06
0,0,1.4835912e-06
0,0,7.029796e-07
0,0,8.5455514e-07
0,0,5.987857e-07
0,0,1.5964434e-07
0,0,1.1363188e-06
0,0,6.6016787e-07
0,0,1.0610785e-06
0,0,1.9165873e-07
0,0,4.988306e-07
0,0,1.228534e-06
0,0,3.7045706e-07
0,0,8.9505124e-07
0,0,1.7134312e-06
0,0,5.8360433e-07
0,0,1.1659624e-06
0,0,1.0518146e-06
0,0,3.3025924e-07
0,0,5.0500677e-07
0,0,2.4976134e-07
0,0,2.824507e-07
0,0,2.9999757e-07
0,0,2.9872228e-07
0,0,4.190728e-07
0,0,4.1823995e-07
0,0,8.70648e-07
0,0,3.1756727e-07
0,0,4.6231054e-07
0,0,3.4029836e-06
0,0,3.0135158e-07
0,0,1.7713162e-06
0,0,4.789222e-07
0,0,4.0997136e-07
0,0,7.664488e-07
0,0,2.2568383e-07
0,0,2.3355548e-07
0,0,1.0125906e-06
0,0,3.0101262e-07
0,0,5.35184e-07
0,0,7.034115e-07
0,0,3.3245803e-07
0,0,3.3041722e-06
0,0,9.704586e-07
0,0,9.653945e-07
0,0,1.1142065e-06
0,0,2.218102e-07
0,0,2.1624403e-07
0,0,2.8062843e-07
0,0,7.0815804e-07
0,0,2.5171352e-07
0,0,7.078326e-07
0,0,4.1128442e-07
0,0,4.637824e-07
0,0,5.709165e-07
0,0,2.6706903e-07
0,0,7.4967e-07
0,0,1.1331416e-06
0,0,1.5452557e-06
0,0,1.1267052e-06
0,0,1.3616174e-06
0,0,2.8194987e-07
0,0,7.124616e-07
0,0,4.7831094e-07
0,0,4.7965345e-06
0,0,1.4354318e-06
0,0,5.5838626e-07
0,0,2.93644e-07
0,0,1.481332e-06
0,0,1.229556e-06
0,0,6.6811407e-07
0,0,6.834148e-07
0,0,1.768668e-07
0,0,7.5886135e-07
0,0,6.7180065e-07
0,0,1.0856922e-06
0,0,3.9167747e-07
0,0,2.7105054e-07
0,0,3.0945853e-07
0,0,1.3031884e-06
0,0,1.0600003e-06
0,0,8.464128e-07
0,0,9.135048e-07
0,0,1.1415269e-06
0,0,2.7946933e-07
0,0,4.6586806e-07
0,0,3.1661168e-07
0,0,8.4713474e-07
0,0,1.97986e-06
0,0,3.3851248e-07
0,0,5.909129e-07
0,0,9.604494e-07
0,0,3.8997973e-07
0,0,2.1018632e-06
0,0,2.712256e-06
0,0,6.632847e-07
0,0,2.8513657e-07
0,0,3.988008e-06
0,0,6.25153e-07
0,0,3.0515952e-07
0,0,4.433118e-07
0,0,3.3621274e-07
0,0,3.5015785e-07
0,0,1.221727e-06
0,0,3.022268e-07
0,0,3.9950316e-07
0,0,3.9890665e-07
0,0,1.8569997e-06
0,0,4.954162e-07
0,0,8.591172e-07
0,0,3.0133518e-07
0,0,1.2678654e-06
0,0,6.141909e-07
0,0,5.548292e-07
0,0,4.0754512e-07
0,0,2.6040613e-07
0,0,1.0959307e-06
0,0,8.3739707e-07
0,0,2.7356177e-07
0,0,8.397803e-07
0,0,1.1985046e-06
0,0,4.797546e-07
0,0,4.975426e-07
0,0,2.0909392e-06
0,0,6.915861e-07
0,0,9.992476e-07
0,0,1.141085e-06
0,0,6.13647e-07
0,0,1.3536855e-07
0,0,7.8334307e-07
0,0,2.8781616e-07
0,0,5.3133977e-07
0,0,3.1523328e-07
0,0,4.6413507e-07
0,0,2.1299141e-07
0,0,1.2143033e-06
0,0,7.216206e-07
0,0,3.800307e-07
0,0,4.72015e-07
0,0,3.652065e-07
0,0,2.6788274e-07
0,0,3.690237e-06
0,0,1.8525618e-06
0,0,4.189022e-07
0,0,3.5882616e-07
0,0,2.064058e-06
0,0,4.290935e-07
0,0,1.9179672e-06
0,0,2.5445243e-07
0,0,6.906304e-07
0,0,8.3700024e-07
0,0,3.44621e-07
0,0,1.4637361e-06
0,0,2.6690938e-07
0,0,1.7431964e-07
0,0,1.8062319e-07
0,0,3.3076012e-07
0,0,8.2699256e-07
0,0,1.140905e-07
0,0,5.924686e-07
0,0,5.9465987e-07
0,0,4.738579e-07
0,0,1.2975631e-06
0,0,2.6887173e-07
0,0,4.2318334e-07
0,0,8.1832724e-07
0,0,9.565854e-07
0,0,4.3725294e-07
0,0,1.2341937e-07
0,0,2.9519643e-07
0,0,4.3903836e-07
0,0,3.4213517e-07
0,0,4.1005268e-07
0,0,6.049704e-07
0,0,3.2944735e-07
0,0,1.3990787e-06
0,0,5.4496616e-07
0,0,4.2504143e-07
0,0,5.0973074e-07
0,0,8.825743e-07
0,0,3.3563235e-06
0,0,1.2831299e-06
0,0,3.9273453e-07
0,0,1.1540546e-06
0,0,1.2485991e-07
0,0,3.975641e-07
0,0,5.8925673e-07
0,0,9.946459e-07
0,0,4.19766e-07
0,0,1.2256002e-06
0,0,8.886612e-07
0,0,9.558377e-07
0,0,8.184069e-07
0,0,4.5763966e-07
0,0,1.8086952e-07
0,0,2.96336e-07
0,0,1.8223382e-06
0,0,1.441083e-06
0,0,7.3630605e-07
0,0,3.27579e-06
0,0,6.0232054e-07
0,0,2.5737552e-06
0,0,4.614679e-07
0,0,4.251501e-07
0,0,1.5804496e-06
0,0,8.9262693e-07
0,0,6.2242304e-07
0,0,5.0682524e-07
0,0,1.4670356e-06
0,0,9.076873e-07
0,0,7.139307e-07
0,0,1.3506241e-07
0,0,5.1945176e-07
0,0,5.5578886e-07
0,0,2.5867402e-07
0,0,1.156976e-06
0,0,1.8318188e-06
0,0,5.104906e-07
0,0,3.8113953e-07
0,0,4.241235e-07
0,0,4.863513e-07
0,0,1.8927103e-06
0,0,5.79969e-07
0,0,4.4025978e-07
0,0,1.6522125e-06
0,0,9.2039653e-07
0,0,2.2112019e-07
0,0,6.914423e-07
0,0,4.4011827e-07
0,0,9.879112e-07
0,0,3.3125258e-07
0,0,1.1684537e-06
0,0,7.104776e-07
0,0,1.3549696e-06
0,0,8.50778e-07
0,0,2.513796e-07
0,0,1.8778111e-06
0,0,1.1706387e-06
0,0,4.299463e-07
0,0,1.5030289e-06
0,0,1.2023352e-06
0,0,1.1172907e-07
0,0,6.3087265e-07
0,0,5.6410903e-07
0,0,7.6806367e-07
0,0,9.585928e-07
0,0,4.5410945e-07
0,0,1.0265179e-06
0,0,1.9121218e-07
0,0,8.71418e-07
0,0,4.5077727e-06
0,0,4.674453e-07
0,0,1.3763922e-07
0,0,1.5441818e-06
0,0,3.050987e-07
0,0,2.1301842e-07
0,0,3.3294697e-07
0,0,1.558821e-06
0,0,1.6369631e-06
0,0,2.647174e-07
0,0,7.6273295e-07
0,0,1.814919e-07
0,0,4.5640405e-07
0,0,4.9175077e-07
0,0,5.0372444e-07
0,0,7.41363e-07
0,0,1.7045001e-07
0,0,5.3653e-07
0,0,3.821018e-07
0,0,8.790437e-07
0,0,9.890331e-07
0,0,2.0169506e-07
0,0,2.1146494e-07
0,0,3.6450712e-07
0,0,1.0623365e-07
0,0,9.482877e-06
0,0,1.4207124e-06
0,0,4.26128e-07
0,0,8.829362e-07
0,0,0.002427697
0,0,1.25821e-06
0,0,1.7227246e-06
0,0,1.2831078e-06
0,0,7.6884857e-07
0,0,3.6389477e-07
0,0,6.6524285e-07
0,0,1.3406595e-06
0,0,8.325437e-07
0,0,5.434087e-07
0,0,1.648638e-07
0,0,9.35514e-07
0,0,9.65088e-07
0,0,9.755603e-07
0,0,6.4238486e-07
0,0,4.3430722e-07
0,0,7.3723425e-07
0,0,3.4269848e-07
0,0,8.3546195e-07
0,0,6.617992e-07
0,0,5.171074e-07
0,0,7.809577e-07
0,0,4.770309e-07
0,0,6.4917776e-07
0,0,6.455667e-07
0,0,8.435939e-07
0,0,1.5322088e-06
0,0,9.2929224e-07
0,0,9.3338946e-07
0,0,5.597704e-07
0,0,7.458278e-07
0,0,2.8042322e-07
0,0,9.657905e-07
0,0,4.0001825e-07
0,0,7.252171e-07
0,0,4.5212647e-07
0,0,3.6915463e-07
0,0,4.6726078e-07
0,0,2.548916e-06
0,0,6.0289983e-07
0,0,7.21073e-07
0,0,4.2360168e-07
0,0,1.5489545e-07
0,0,5.4274267e-07
0,0,7.192153e-07
0,0,2.8685625e-07
0,0,1.0812038e-06
0,0,9.093223e-07
0,0,1.1728569e-06
0,0,8.223979e-07
0,0,6.631089e-07
0,0,6.5468686e-07
0,0,7.2695514e-07
0,0,3.9802765e-07
0,0,3.5897781e-07
0,0,4.085534e-07
0,0,2.9050318e-07
0,0,3.503028e-07
0,0,4.4416024e-07
0,0,1.0730732e-06
0,0,1.9387282e-07
0,0,1.0109792e-06
0,0,6.6841295e-07
0,0,2.9640015e-07
0,0,7.257505e-07
0,0,7.9985125e-07
0,0,3.997071e-07
0,0,1.2851959e-06
0,0,2.5789024e-07
0,0,1.2302457e-06
0,0,8.030315e-07
0,0,4.605095e-07
0,0,9.3476933e-07
0,0,5.684423e-07
0,0,8.942859e-07
0,0,9.783078e-07
0,0,4.9470754e-07
0,0,1.0990758e-06
0,0,1.4203358e-06
0,0,4.6575394e-07
0,0,2.0071257e-06
0,0,2.423646e-07
0,0,3.4365587e-06
0,0,5.557332e-07
0,0,5.8265005e-07
0,0,3.9413328e-07
0,0,1.6502772e-06
0,0,4.9667835e-07
0,0,8.9004874e-07
0,0,3.528008e-07
0,0,5.281515e-07
0,0,2.4892765e-07
0,0,1.8128635e-06
0,0,1.1795332e-06
0,0,6.2672837e-07
0,0,6.26242e-07
0,0,5.96738e-07
0,0,2.7794817e-07
0,0,4.352526e-07
0,0,3.0853842e-06
0,0,5.0682814e-07
0,0,4.925679e-07
0,0,9.078596e-07
0,0,3.0487095e-07
0,0,6.845524e-07
0,0,1.1068248e-06
0,0,6.0328347e-07
0,0,2.8177192e-07
0,0,5.4623416e-07
0,0,3.9390895e-07
0,0,5.6090863e-07
0,0,3.1346065e-07
0,0,1.5643968e-06
0,0,3.1205968e-07
0,0,2.1999801e-07
0,0,8.445147e-07
0,0,7.158977e-07
0,0,1.1074351e-06
0,0,5.816812e-07
0,0,2.2883331e-07
0,0,1.8896988e-07
0,0,5.034723e-07
0,0,8.3804656e-07
0,0,3.0610067e-07
0,0,3.0689543e-07
0,0,1.0772886e-06
0,0,0.06598094
0,0,6.363666e-07
0,0,6.540291e-07
0,0,4.9415445e-07
0,0,2.414418e-07
0,0,5.03994e-07
0,0,9.0404683e-07
0,0,1.218476e-06
0,0,3.4971532e-07
0,0,1.081963e-06
0,0,4.7909435e-07
0,0,3.3177548e-07
0,0,7.801686e-07
0,0,1.606378e-06
0,0,6.621831e-07
0,0,6.5367186e-07
0,0,3.4682935e-07
0,0,8.514672e-07
0,0,8.233726e-07
0,0,1.0481756e-06
0,0,8.684505e-07
0,0,2.2539948e-07
0,0,1.871024e-07
0,0,1.0294059e-06
0,0,2.7711337e-07
0,0,7.070534e-07
0,0,4.370999e-07
0,0,8.2139064e-07
0,0,3.2496732e-07
0,0,2.8115585e-06
0,0,1.076734e-06
0,0,2.514671e-07
0,0,2.9259427e-06
0,0,1.2327413e-06
0,0,0.0089718085
0,0,1.8893293e-07
0,0,2.862362e-07
0,0,8.055896e-07
0,0,2.98388e-07
0,0,1.0966667e-06
0,0,1.3800106e-07
0,0,3.5567234e-07
0,0,5.715408e-07
0,0,1.4914986e-07
0,0,2.3970938e-07
0,0,1.2427748e-06
0,0,9.857138e-07
0,0,4.341693e-07
0,0,1.612982e-06
0,0,3.0815005e-07
0,0,3.61221e-07
0,0,1.2861461e-06
0,0,2.988428e-07
0,0,5.363929e-07
0,0,3.4860645e-07
0,0,3.240247e-07
0,0,3.7743598e-07
0,0,1.6120871e-06
0,0,0.10912144
0,0,1.0343982e-06
0,0,6.099787e-07
0,0,1.073709e-06
0,0,2.13599e-07
0,0,2.194373e-07
0,0,1.1094203e-06
0,0,4.0515525e-07
0,0,8.8491976e-07
0,0,5.505777e-07
0,0,4.4366197e-07
0,0,5.157771e-07
0,0,5.605963e-07
0,0,2.737113e-07
0,0,2.9200226e-07
0,0,2.3189425e-07
0,0,1.5377684e-07
0,0,1.1661804e-06
0,0,9.950861e-07
0,0,2.8493704e-07
0,0,9.2289264e-07
0,0,1.2231014e-06
0,0,2.6663972e-06
0,0,2.391169e-07
0,0,2.8613357e-07
0,0,3.3523943e-07
0,0,1.04517454e-07
0,0,3.9191625e-07
0,0,7.6967325e-08
0,0,4.663375e-07
0,0,8.392919e-07
0,0,1.2811296e-06
0,0,4.4555307e-07
0,0,8.255552e-07
0,0,5.580562e-07
0,0,1.0534237e-06
0,0,4.1730405e-07
0,0,3.2552597e-07
0,0,3.5728377e-07
0,0,9.3420346e-07
0,0,1.8459663e-07
0,0,1.8376406e-07
0,0,1.0113774e-06
0,0,1.9271003e-07
0,0,4.4973027e-07
0,0,2.8988597e-06
0,0,5.894355e-07
0,0,0.018328646
0,0,5.0822695e-07
0,0,4.2030277e-07
0,0,5.384802e-06
0,0,3.9459437e-07
0,0,2.1305632e-06
0,0,1.2227096e-06
0,0,3.4672817e-07
0,0,6.759728e-07
0,0,1.2221197e-06
0,0,4.908034e-07
0,0,7.543402e-07
0,0,1.1724028e-06
0,0,7.815403e-07
0,0,9.905461e-07
0,0,2.3091617e-07
0,0,1.4128096e-06
0,0,5.242048e-07
0,0,5.530885e-07
0,0,1.1254884e-06
0,0,1.3362954e-06
0,0,1.8497054e-06
0,0,2.1699113e-06
0,0,1.7383984e-06
0,0,2.7658137e-07
0,0,5.5199087e-07
0,0,5.946372e-07
0,0,1.4711377e-07
0,0,7.721868e-07
0,0,2.7954286e-06
0,0,7.659855e-07
0,0,5.5701616e-07
0,0,1.345092e-06
0,0,2.0142114e-07
0,0,4.270482e-07
0,0,4.2789617e-07
0,0,1.29375e-06
0,0,1.3388744e-07
0,0,6.5398046e-07
0,0,3.5290077e-07
0,0,5.212506e-07
0,0,5.594603e-07
0,0,1.0731869e-06
0,0,3.1438663e-07
0,0,1.7124135e-06
0,0,5.0616734e-07
0,0,2.8522848e-06
0,0,3.9856163e-06
0,0,2.770732e-07
0,0,5.986583e-06
0,0,4.123043e-07
0,0,7.725345e-07
0,0,2.9743111e-07
0,0,3.0461956e-07
0,0,1.7224355e-06
0,0,3.1040452e-06
0,0,6.2511305e-07
0,0,1.0541081e-06
0,0,2.6001453e-07
0,0,2.5277152e-06
0,0,1.0114478e-06
0,0,9.4639444e-07
0,0,6.22992e-07
0,0,1.7110799e-06
0,0,5.1108486e-07
0,0,9.20192e-07
0,0,4.1477352e-07
0,0,2.8389903e-07
0,0,2.185601e-07
0,0,1.1944311e-06
0,0,4.9232983e-07
0,0,9.376914e-06
0,0,7.5917626e-07
0,0,5.576981e-07
0,0,4.4064535e-07
0,0,2.6356466e-07
0,0,7.3020277e-07
0,0,4.0682013e-07
0,0,3.579017e-07
0,0,1.2556005e-06
0,0,2.6642874e-07
0,0,3.0576106e-07
0,0,1.367343e-06
0,0,5.105461e-07
0,0,5.5175667e-07
0,0,3.8548743e-07
0,0,1.7553491e-06
0,0,1.4877029e-06
0,0,9.3779005e-07
0,0,1.8239222e-06
0,0,1.1497725e-06
0,0,9.0291985e-07
0,0,3.3536764e-07
0,0,4.5486453e-07
0,0,1.3247601e-06
0,0,8.396658e-07
0,0,6.745335e-07
0,0,6.62036e-07
0,0,2.0109997e-06
0,0,3.4912787e-06
0,0,3.1252458e-07
0,0,4.933031e-07
0,0,6.426692e-07
0,0,4.519372e-07
0,0,1.1385425e-06
0,0,2.9135774e-07
0,0,1.6153712e-07
0,0,1.4216422e-06
0,0,3.4902527e-07
0,0,5.0216175e-07
0,0,3.8962546e-07
0,0,6.0347975e-07
0,0,8.717256e-07
0,0,4.0499685e-07
0,0,5.3845895e-07
0,0,3.446236e-07
0,0,8.767865e-07
0,0,5.756253e-07
0,0,5.607412e-07
0,0,2.6133034e-07
0,0,1.8349224e-06
0,0,7.0468246e-07
0,0,1.3063813e-06
0,0,2.948394e-07
0,0,5.579583e-07
0,0,1.5060851e-06
0,0,7.5698205e-07
0,0,0.019165108
0,0,6.945664e-07
0,0,7.321126e-07
0,0,5.727903e-07
0,0,7.172412e-07
1,1,0.8945616
0,0,8.3290263e-07
0,0,4.7571206e-07
0,0,3.0689426e-07
0,0,5.6212207e-07
0,0,1.8821486e-07
0,0,5.4661666e-07
0,0,1.4651577e-07
0,0,7.6796704e-07
0,0,6.370643e-07
0,0,1.5434015e-06
0,0,1.3725555e-07
0,0,1.1102035e-06
0,0,3.0468755e-07
0,0,8.157941e-07
0,0,3.8019678e-07
0,0,3.1907953e-06
0,0,7.361558e-07
0,0,1.8984645e-06
0,0,2.259694e-07
0,0,8.183561e-07
0,0,1.4568649e-06
0,0,9.537644e-07
0,0,1.781418e-06
0,0,4.8434254e-07
0,0,6.5634106e-07
0,0,4.4745948e-07
0,0,2.3793227e-06
0,0,4.314846e-07
0,0,5.610418e-07
0,0,3.2330766e-07
0,0,1.0579058e-06
0,0,4.4883822e-07
0,0,1.2567554e-06
0,0,7.5604703e-07
0,0,8.9760204e-07
0,0,7.7458463e-07
0,0,3.2254388e-07
0,0,1.2672098e-07
0,0,2.9511423e-07
0,0,2.9940497e-06
0,0,7.389997e-07
0,0,5.011313e-07
0,0,2.3558655e-06
0,0,5.3956774e-07
0,0,6.731981e-07
0,0,6.0493005e-07
0,0,2.7361835e-07
0,0,3.7177438e-07
0,0,1.1248178e-06
0,0,3.6363596e-07
0,0,4.427718e-07
0,0,9.671251e-07
0,0,4.0550083e-07
0,0,1.5825025e-06
0,0,1.817465e-07
0,0,5.2958285e-07
0,0,7.63693e-07
0,0,6.81933e-07
0,0,4.827608e-07
0,0,3.1728118e-07
0,0,1.9011354e-07
0,0,2.7813455e-06
0,0,3.3792415e-07
0,0,8.5742215e-07
0,0,1.7729269e-06
0,0,0.0007955988
0,0,2.4681533e-06
0,0,4.844566e-07
0,0,5.731729e-07
0,0,5.623891e-07
0,0,1.0653636e-06
0,0,1.7233524e-06
0,0,9.801382e-07
0,0,3.5562252e-06
0,0,1.2868026e-06
0,0,9.73772e-07
0,0,1.1698953e-06
0,0,6.581487e-07
0,0,1.1611926e-07
0,0,6.581425e-07
0,0,2.2807404e-07
0,0,2.248338e-07
0,0,3.3683565e-07
0,0,5.569455e-07
0,0,7.6387073e-07
0,0,2.535049e-07
0,0,2.7476554e-07
0,0,3.1189603e-07
0,0,9.265613e-07
0,0,1.2781538e-07
0,0,4.4941643e-07
0,0,2.4417216e-06
0,0,1.1680448e-06
0,0,8.2220896e-07
0,0,2.2584143e-07
0,0,5.546959e-07
0,0,4.57514e-07
0,0,8.472624e-07
0,0,3.7888285e-07
0,0,5.504721e-07
0,0,4.585274e-07
0,0,1.7279689e-07
0,0,5.550896e-07
0,0,6.137552e-07
0,0,3.8909707e-07
0,0,1.0887863e-06
0,0,5.63566e-07
0,0,7.059995e-07
0,0,1.909155e-06
0,0,3.1674546e-07
0,0,1.0083678e-06
0,0,9.727231e-07
0,0,3.29745e-07
0,0,5.935715e-07
0,0,1.7453303e-06
0,0,2.3503605e-06
0,0,1.2275021e-06
0,0,2.3697025e-07
0,0,8.344681e-07
0,0,1.1376231e-06
0,0,7.9706496e-07
0,0,4.366795e-07
0,0,9.699701e-07
0,0,2.4278262e-07
0,0,1.8217878e-07
0,0,1.0220323e-06
0,0,1.1448925e-06
0,0,1.2395269e-06
0,0,1.2296346e-06
0,0,4.4622578e-07
0,0,5.6394504e-07
0,0,1.1480616e-07
0,0,7.7362637e-07
0,0,4.5509404e-07
0,0,3.523812e-07
0,0,6.306182e-07
0,0,2.412989e-06
0,0,1.8756757e-06
0,0,1.3311327e-06
0,0,4.5288687e-07
0,0,3.6161808e-07
0,0,4.5309207e-07
0,0,1.8901422e-07
0,0,1.6443121e-06
0,0,4.8497714e-07
0,0,9.503921e-07
0,0,5.946275e-07
0,0,1.9743095e-07
0,0,3.9026807e-07
0,0,1.7004412e-07
0,0,2.585206e-07
0,0,9.048309e-07
0,0,1.3419849e-06
0,0,6.8906525e-07
0,0,3.6986611e-07
0,0,4.5490617e-07
0,0,5.1309695e-07
0,0,2.5207243e-07
0,0,2.2808108e-06
0,0,4.4669585e-07
0,0,3.3641962e-07
0,0,2.9595668e-07
0,0,3.2335177e-07
0,0,8.923324e-07
0,0,6.8656084e-07
0,0,5.5724144e-07
0,0,4.151487e-07
0,0,7.155319e-07
0,0,2.1034873e-06
0,0,1.027663e-06
0,0,4.2847682e-07
0,0,3.6254764e-07
0,0,1.5431307e-06
0,0,1.3179474e-07
0,0,8.15105e-07
0,0,1.0185081e-06
0,0,6.9793083e-07
0,0,8.1210845e-07
0,0,8.8380654e-07
0,0,2.0721116e-07
0,0,7.2726647e-07
0,0,1.8659242e-07
0,0,2.7761885e-06
0,0,6.948055e-07
0,0,3.2951803e-07
0,0,1.8631005e-07
0,0,7.53412e-07
0,0,7.251216e-07
0,0,4.313291e-07
0,0,3.1479675e-07
0,0,3.7623528e-07
0,0,2.980672e-07
0,0,8.7718627e-07
0,0,7.467851e-07
0,0,4.9219364e-07
0,0,3.5169865e-07
0,0,5.8446375e-07
0,0,1.287037e-06
0,0,4.798539e-07
0,0,1.2488674e-06
0,0,5.2502935e-07
0,0,3.825744e-07
0,0,5.1176335e-07
0,0,3.849261e-07
0,0,2.9757584e-07
0,0,8.5987796e-07
0,0,2.3306997e-07
0,0,1.0855412e-06
0,0,1.1175107e-06
0,0,4.089397e-07
0,0,7.705956e-07
0,0,7.1309637e-06
0,0,1.6069833e-06
0,0,1.853458e-07
0,0,2.7593248e-07
0,0,1.7707659e-07
0,0,3.525516e-07
0,0,3.6773645e-07
0,0,1.1650855e-06
0,0,4.8610144e-07
0,0,6.620372e-07
0,0,1.1490107e-06
0,0,4.3226223e-07
0,0,1.318184e-06
0,0,1.0203222e-06
0,0,1.1357846e-06
0,0,7.698868e-07
0,0,4.387299e-07
0,0,3.5302776e-06
0,0,4.386634e-07
0,0,1.0287955e-06
0,0,3.4685485e-07
0,0,3.26033e-07
0,0,2.266582e-06
0,0,1.9947151e-07
0,0,1.16182e-06
0,0,4.4273466e-07
0,0,9.1537277e-07
0,0,3.417331e-07
0,0,5.422227e-07
0,0,3.4402467e-07
0,0,3.1137465e-06
0,0,1.5480182e-07
0,0,3.5686116e-07
0,0,1.2461346e-06
0,0,5.317514e-07
0,0,1.1466408e-06
0,0,8.6425575e-07
0,0,1.3145046e-06
0,0,1.1473037e-06
0,0,4.5439756e-07
0,0,7.065606e-07
0,0,5.786111e-07
0,0,1.4470102e-06
0,0,2.9554178e-07
0,0,7.3819103e-07
0,0,2.2703248e-06
0,0,1.1018675e-06
0,0,4.781363e-07
0,0,3.5624538e-07
0,0,3.550474e-07
0,0,1.2596074e-06
0,0,9.4705086e-07
0,0,1.1368217e-06
0,0,2.846155e-07
0,0,8.533792e-07
0,0,9.546561e-07
0,0,5.550019e-06
0,0,1.2828596e-06
0,0,1.14819635e-07
0,0,5.459472e-07
0,0,1.3691907e-06
0,0,1.735988e-07
0,0,1.4789507e-06
0,0,1.794536e-07
0,0,1.7329262e-07
0,0,1.0293923e-06
0,0,1.2405424e-07
0,0,4.897817e-06
0,0,3.5873413e-07
0,0,5.098304e-07
0,0,5.759438e-07
0,0,2.348039e-07
0,0,5.2883286e-07
0,0,2.3633634e-06
0,0,8.5213736e-07
0,0,1.8416208e-06
0,0,7.988046e-07
0,0,5.5198774e-07
0,0,6.290055e-07
0,0,1.0895435e-06
0,0,4.7151556e-07
0,0,8.5959346e-07
0,0,5.279928e-07
0,0,4.4139776e-07
0,0,0.093697965
0,0,6.6709794e-07
0,0,1.3780974e-06
0,0,9.946203e-07
0,0,9.19905e-07
0,0,5.298319e-07
0,0,1.4891677e-06
0,0,1.882504e-07
0,0,2.0637732e-07
0,0,3.3433457e-07
0,0,6.311621e-07
0,0,7.0253594e-07
0,0,6.0701046e-07
0,0,5.6585964e-07
0,0,3.089369e-07
0,0,7.2365157e-07
0,0,6.7258594e-07
0,0,1.942529e-06
0,0,5.7693444e-07
0,0,9.639346e-07
0,0,9.853575e-07
0,0,8.479567e-07
0,0,1.351587e-06
0,0,1.3570724e-06
0,0,3.3774438e-07
0,0,6.69811e-07
0,0,7.4750545e-07
0,0,2.8421484e-06
0,0,4.2748908e-07
0,0,9.977174e-07
0,0,6.006949e-07
0,0,3.6632483e-07
0,0,8.26417e-07
0,0,1.0072702e-06
0,0,4.4338535e-07
0,0,5.3347384e-07
0,0,6.492007e-07
0,0,1.4729474e-06
0,0,6.6948405e-07
0,0,1.4596782e-06
0,0,5.222438e-07
0,0,4.6919962e-07
0,0,1.4951103e-06
0,0,8.0540525e-07
0,0,2.2293375e-07
0,0,5.2329875e-07
0,0,2.90257e-07
0,0,2.629275e-07
0,0,9.078942e-07
0,0,4.6781054e-07
0,0,3.229499e-07
0,0,4.2135588e-07
0,0,6.749203e-07
0,0,3.1912955e-07
0,0,3.9342763e-07
0,0,4.8327166e-07
0,0,9.817388e-07
0,0,1.2936353e-06
0,0,6.978882e-07
0,0,6.2939495e-07
0,0,3.1093114e-07
0,0,1.2362722e-06
0,0,2.8761147e-07
0,0,3.9653528e-07
0,0,1.980668e-06
0,0,7.756343e-07
0,0,4.538982e-07
0,0,4.5838658e-07
0,0,6.890751e-07
0,0,9.818081e-07
0,0,4.4488561e-07
0,0,7.967374e-07
0,0,2.3639465e-07
0,0,2.594087e-07
0,0,3.967066e-07
0,0,2.373265e-06
0,0,1.512225e-06
0,0,2.2748522e-06
0,0,4.1511544e-07
0,0,5.6131853e-07
0,0,2.762769e-07
0,0,1.1812522e-06
0,0,2.5953344e-07
0,0,3.401678e-07
0,0,8.1245634e-07
0,0,1.6625004e-06
0,0,2.3518173e-07
0,0,4.4009266e-07
0,0,5.257047e-07
0,0,1.0427747e-06
0,0,4.8247585e-07
0,0,1.3862302e-06
0,0,3.177872e-07
0,0,4.0129942e-07
0,0,1.5241989e-06
0,0,1.2469371e-06
0,0,3.4026806e-07
0,0,6.583452e-07
0,0,7.6081506e-07
0,0,2.7816878e-07
0,0,4.4431826e-07
0,0,4.4910283e-07
0,0,6.06407e-07
0,0,4.2060313e-07
0,0,1.4439279e-06
0,0,5.798214e-07
0,0,4.386429e-07
0,0,3.0188255e-07
0,0,5.045023e-07
0,0,1.0254593e-06
0,0,4.4815e-07
0,0,1.3421666e-06
0,0,1.497679e-06
0,0,3.4412636e-07
0,0,3.0899246e-06
0,0,6.1605994e-07
0,0,4.603681e-07
0,0,3.1045732e-07
0,0,1.1113963e-06
0,0,7.185996e-07
0,0,6.715028e-07
0,0,3.254198e-07
0,0,4.5911986e-07
0,0,5.7433886e-07
0,0,2.8451672e-07
0,0,7.693055e-07
0,0,1.0642891e-06
0,0,4.0585675e-07
0,0,5.9671584e-07
0,0,7.7741385e-07
0,0,6.4616114e-07
0,0,2.7458844e-07
0,0,7.316645e-07
0,0,3.3735455e-07
0,0,4.013829e-07
0,0,5.307862e-07
0,0,3.6856085e-07
0,0,5.209365e-07
0,0,1.4167131e-06
0,0,1.3921814e-06
0,0,3.858166e-07
0,0,7.18381e-07
0,0,1.3312443e-06
0,0,1.0125588e-06
0,0,3.8064954e-07
0,0,4.8096814e-07
0,0,3.4930267e-07
0,0,6.6506135e-07
0,0,0.14483015
0,0,1.0808317e-06
0,0,3.2245978e-06
0,0,5.96313e-07
0,0,6.3272245e-07
0,0,7.067851e-07
0,0,3.7864083e-07
0,0,1.125775e-06
0,0,8.2159363e-07
0,0,4.3828677e-06
0,0,4.6672724e-07
0,0,8.101831e-07
0,0,3.045002e-07
0,0,6.153494e-07
0,0,2.2374589e-07
0,0,5.5824995e-07
0,0,7.8880805e-07
0,0,7.407517e-07
0,0,8.47732e-07
0,0,8.139173e-07
0,0,6.479945e-07
0,0,8.3170494e-07
0,0,4.933892e-07
0,0,5.179272e-07
0,0,4.5580955e-06
0,0,9.382517e-07
0,0,7.877962e-07
0,0,1.1526193e-06
0,0,9.826324e-07
0,0,3.3907403e-07
0,0,1.2542995e-06
0,0,6.42535e-07
0,0,4.3189385e-07
0,0,2.8516078e-07
0,0,1.1266526e-06
0,0,7.959802e-07
0,0,1.468084e-06
0,0,1.2184958e-06
0,0,0.002243282
0,0,2.7443974e-07
0,0,5.3338533e-07
0,0,2.2848296e-06
0,0,3.00345e-06
0,0,3.3240255e-07
0,0,3.8938024e-06
0,0,6.3201804e-07
0,0,2.531563e-07
0,0,5.5196085e-07
0,0,2.4231126e-06
0,0,2.5689585e-07
0,0,1.6709679e-07
0,0,1.7625118e-06
0,0,2.371303e-07
0,0,5.3084193e-07
0,0,6.9464716e-07
0,0,5.467835e-07
0,0,7.300565e-07
0,0,1.1299279e-06
0,0,5.0092245e-07
0,0,1.432284e-06
0,0,1.9335619e-07
0,0,3.681579e-07
0,0,7.4465225e-07
0,0,0.0006134023
0,0,6.066436e-07
0,0,5.510178e-07
0,0,6.403206e-07
0,0,3.776909e-07
0,0,3.5083502e-07
0,0,6.8645346e-07
0,0,3.026759e-07
0,0,1.1903375e-06
0,0,3.404375e-07
0,0,1.638589e-07
0,0,3.3598934e-07
0,0,4.248255e-07
0,0,4.5701907e-07
0,0,6.004085e-07
0,0,1.7653717e-06
0,0,6.816177e-07
0,0,3.4046315e-07
0,0,4.3194245e-07
0,0,5.794549e-07
0,0,1.6254003e-06
0,0,2.6733837e-06
0,0,8.6914645e-07
0,0,7.0674463e-07
0,0,6.8030715e-07
0,0,1.2015603e-06
0,0,9.053894e-07
0,0,1.6414764e-06
0,0,1.199424e-06
0,0,2.3686857e-07
0,0,1.1270673e-06
0,0,8.27368e-07
0,0,3.079873e-07
0,0,2.4294312e-07
0,0,4.5701296e-07
0,0,5.687525e-07
0,0,1.0347248e-06
0,0,2.0019895e-07
0,0,6.1178474e-07
0,0,1.3450725e-07
0,0,1.0114536e-06
0,0,4.9544224e-07
0,0,1.565349e-06
0,0,7.577383e-07
0,0,2.0434426e-07
0,0,4.5169418e-07
0,0,4.1346235e-07
0,0,7.0707426e-07
0,0,4.8672257e-07
0,0,3.442649e-07
0,0,3.3315757e-07
0,0,4.6507216e-07
0,0,6.860412e-07
0,0,2.1696414e-07
0,0,2.503697e-07
0,0,2.5920174e-06
0,0,5.9624705e-07
0,0,5.2610847e-07
0,0,1.1128813e-06
0,0,1.2592951e-06
0,0,1.7366849e-06
0,0,9.5230104e-07
0,0,1.3042389e-06
0,0,3.7763505e-07
0,0,2.445039e-07
0,0,6.007212e-07
0,0,3.7215676e-07
0,0,5.024487e-07
0,0,2.0488515e-07
0,0,8.177812e-07
0,0,3.2334898e-07
0,0,8.1456966e-07
0,0,5.760811e-07
0,0,4.108689e-07
0,0,3.2570762e-07
0,0,1.598017e-06
0,0,2.5526035e-06
0,0,5.151219e-07
0,0,4.6237008e-07
0,0,1.3642741e-06
0,0,7.618969e-07
0,0,3.2384798e-07
0,0,9.944922e-07
0,0,7.2565155e-07
0,0,6.5903936e-07
0,0,2.7665868e-07
0,0,1.2991765e-06
0,0,1.0734377e-06
0,0,4.184929e-07
0,0,2.2726807e-07
0,0,2.1250264e-07
0,0,4.3639184e-07
0,0,4.3555903e-07
0,0,6.200763e-07
0,0,5.597004e-07
0,0,3.2454057e-07
0,0,9.4604707e-07
0,0,2.2689048e-06
0,0,7.926026e-07
0,0,3.8006804e-06
0,0,4.939735e-07
0,0,2.522701e-07
0,0,8.8103775e-07
0,0,2.1619776e-06
0,0,8.451787e-07
0,0,5.3326426e-07
0,0,1.3297877e-06
0,0,8.0860224e-07
0,0,2.777558e-07
0,0,1.3241032e-06
0,0,4.301477e-07
0,0,2.836568e-07
0,0,6.935775e-07
0,0,3.050821e-07
0,0,3.7057225e-06
0,0,4.9359727e-07
0,0,3.3573565e-07
0,0,2.8904049e-07
0,0,9.837886e-07
0,0,7.461216e-07
0,0,1.6394597e-07
0,0,6.031845e-07
0,0,2.4702794e-07
0,0,1.3285717e-07
0,0,3.4566241e-07
0,0,3.585474e-07
0,0,1.0434342e-06
0,0,1.8084964e-06
0,0,1.1056718e-06
0,0,1.0221395e-06
0,0,6.837394e-07
0,0,5.769889e-07
0,0,6.5848207e-07
0,0,1.1084135e-06
0,0,7.534961e-07
0,0,2.5030575e-05
0,0,7.1837e-07
0,0,4.894852e-07
0,0,1.3073771e-06
0,0,7.829995e-07
0,0,9.4475587e-07
0,0,1.301297e-06
0,0,7.819884e-07
0,0,1.6995381e-06
0,0,8.040009e-07
0,0,1.7475958e-07
0,0,1.110052e-06
0,0,2.1653936e-07
0,0,5.4241355e-07
0,0,7.4553833e-07
0,0,5.3462435e-07
0,0,4.045977e-07
0,0,6.195278e-07
0,0,2.6688926e-07
0,0,6.7461906e-07
0,0,1.2598849e-06
0,0,1.805314e-07
0,0,5.2327226e-07
0,0,2.7191297e-07
0,0,2.3565927e-07
0,0,9.876268e-07
0,0,1.3282871e-06
0,0,4.776819e-07
0,0,1.9449853e-06
0,0,8.8336657e-07
0,0,8.399341e-07
0,0,5.337853e-07
0,0,4.1633731e-07
0,0,1.5231903e-06
0,0,3.349579e-07
0,0,8.188831e-07
0,0,2.7724292e-07
0,0,1.9093259e-06
0,0,2.4636688e-06
0,0,1.6817013e-06
0,0,5.159646e-07
0,0,1.7116822e-07
0,0,6.3823126e-07
0,0,3.0141308e-07
0,0,8.439865e-07
0,0,3.093091e-06
0,0,3.2988217e-07
0,0,1.2251153e-06
0,0,5.4635035e-07
0,0,1.9238189e-07
0,0,2.5811954e-07
0,0,5.588956e-07
0,0,2.3042207e-07
0,0,6.15137e-07
0,0,5.132545e-07
0,0,3.0419136e-07
0,0,9.910016e-07
0,0,1.7375149e-06
0,0,1.6243821e-06
0,0,3.3373186e-07
0,0,7.4639206e-07
0,0,2.764867e-07
0,0,1.652244e-07
0,0,4.4854298e-07
0,0,3.3363514e-07
0,0,8.6411734e-07
0,0,2.5532972e-07
0,0,1.6964354e-07
0,0,7.3659965e-07
0,0,2.891811e-07
0,0,4.7807384e-07
0,0,2.4916449e-06
0,0,7.4055885e-07
0,0,3.9872862e-07
0,0,2.7491492e-07
0,0,4.700555e-07
0,0,8.055773e-07
0,0,3.0845732e-07
0,0,6.6104354e-07
0,0,3.457897e-07
0,0,3.4331345e-07
0,0,3.6027734e-06
0,0,4.811452e-07
0,0,1.9960568e-07
0,0,2.2823795e-05
0,0,4.543954e-07
0,0,3.583809e-07
0,0,0.0002174764
0,0,1.234326e-06
0,0,1.120175e-06
0,0,3.644376e-07
0,0,4.985862e-07
0,0,1.029248e-06
0,0,4.628986e-07
0,0,3.1617625e-07
0,0,3.3837338e-07
0,0,6.198918e-07
0,0,3.2267218e-07
0,0,3.0271283e-07
0,0,1.2643794e-06
0,0,4.968645e-07
0,0,2.3545171e-07
0,0,1.2550677e-06
0,0,2.2267184e-06
0,0,6.2983963e-06
0,0,2.1728188e-06
0,0,1.3148552e-07
0,0,5.881109e-07
0,0,4.6140983e-07
0,0,8.0053337e-07
0,0,9.0843815e-07
0,0,1.1855045e-06
0,0,8.2342837e-07
0,0,4.342534e-07
0,0,4.3256534e-07
0,0,5.544357e-07
0,0,8.1516566e-07
0,0,7.0102334e-07
0,0,3.2380566e-07
0,0,1.1415084e-06
0,0,3.132177e-07
0,0,6.9617124e-07
0,0,5.266405e-07
0,0,6.036207e-07
0,0,1.4186614e-05
0,0,7.1401587e-07
0,0,4.5634965e-07
0,0,2.2253717e-07
0,0,7.8077665e-07
0,0,2.416927e-07
0,0,3.1332993e-06
0,0,6.2292844e-07
0,0,1.6086607e-06
0,0,4.492883e-07
0,0,3.554276e-06
0,0,2.2268938e-07
0,0,3.2318019e-06
0,0,8.399965e-07
0,0,2.665624e-07
0,0,5.832827e-07
0,0,4.1851047e-07
0,0,3.2307096e-07
0,0,8.818692e-07
0,0,1.2420177e-06
0,0,1.1776661e-06
0,0,3.792921e-07
0,0,8.654666e-07
0,0,2.3960058e-07
0,0,2.3800958e-07
0,0,6.099717e-07
0,0,1.8167905e-06
0,0,4.236271e-07
0,0,4.2517405e-07
0,0,7.6500874e-07
0,0,5.717649e-07
0,0,1.2425936e-06
0,0,5.2080145e-07
0,0,8.192409e-07
0,0,3.0012546e-07
0,0,2.344614e-06
0,0,1.3565846e-06
0,0,6.7927056e-07
0,0,7.393733e-07
0,0,9.7059e-07
0,0,3.074614e-07
0,0,2.0665897e-07
0,0,6.0114877e-07
0,0,7.265746e-07
0,0,5.187087e-07
0,0,2.9537077e-07
0,0,2.1861922e-06
0,0,4.3991517e-07
0,0,1.0544429e-06
0,0,6.491716e-07
0,0,5.798894e-07
0,0,1.2555932e-06
0,0,1.7236681e-07
0,0,7.2191244e-07
0,0,5.308374e-07
0,0,9.125244e-07
0,0,2.1637193e-07
0,0,7.162645e-07
0,0,6.602182e-07
0,0,3.0997543e-07
0,0,5.697047e-07
0,0,2.7271284e-07
0,0,1.090504e-06
0,0,4.908998e-06
0,0,6.793087e-07
0,0,4.0277172e-07
0,0,2.070158e-07
0,0,7.1443407e-07
0,0,2.1237086e-06
0,0,9.645571e-07
0,0,4.942704e-07
0,0,0.03571582
0,0,3.182822e-07
0,0,2.2363433e-07
0,0,7.343986e-07
0,0,1.944056e-06
0,0,2.8493923e-07
0,0,1.5707444e-06
0,0,4.2276906e-07
0,0,3.9042408e-07
0,0,2.059337e-06
0,0,7.3201693e-07
0,0,1.0499143e-06
0,0,7.00883e-07
0,0,3.5420564e-07
0,0,1.0397172e-06
0,0,4.239832e-07
0,0,8.476915e-07
0,0,3.825346e-07
0,0,8.329217e-07
0,0,5.4469854e-07
0,0,8.4644665e-07
0,0,1.120455e-06
0,0,2.032915e-07
0,0,4.1506078e-07
0,0,3.0500794e-07
0,0,2.998717e-07
0,0,5.2166337e-07
0,0,3.2423367e-07
0,0,9.454517e-07
0,0,6.776827e-07
0,0,8.249556e-07
0,0,1.344029e-06
0,0,7.908637e-07
0,0,4.754975e-07
0,0,1.0566998e-06
0,0,2.0179355e-07
0,0,4.323719e-07
0,0,1.39089e-07
0,0,6.272324e-07
0,0,4.6854726e-07
0,0,9.942239e-07
0,0,4.894707e-06
0,0,7.4478504e-07
0,0,1.2677941e-06
0,0,1.0961627e-06
0,0,4.2614747e-07
0,0,2.4593018e-07
0,0,1.5622187e-06
0,0,3.8707114e-07
0,0,4.430379e-07
0,0,3.5590443e-07
0,0,7.1718586e-07
0,0,9.4278295e-07
0,0,4.2693094e-07
0,0,2.2320009e-07
0,0,5.72353e-07
0,0,6.523354e-07
0,0,2.0080618e-06
0,0,1.215703e-06
0,0,1.7309094e-06
0,0,6.679478e-07
0,0,9.0956945e-07
0,0,7.129789e-07
0,0,7.3500604e-07
0,0,4.723379e-07
0,0,3.7847763e-06
0,0,6.609131e-07
0,0,7.306297e-07
0,0,0.00026878892
0,0,4.2930432e-07
0,0,1.121446e-06
0,0,3.700157e-07
0,0,4.122473e-07
0,0,8.5867987e-07
0,0,9.179683e-07
0,0,5.958509e-07
0,0,6.471528e-07
0,0,5.0634407e-07
0,0,2.9651153e-07
0,0,2.3309687e-07
0,0,6.603309e-07
0,0,1.6316514e-07
0,0,5.1653325e-07
0,0,9.127298e-07
0,0,5.543205e-07
0,0,4.2344416e-07
0,0,8.9265757e-07
0,0,3.8714163e-07
0,0,5.7220126e-07
0,0,5.3011496e-07
0,0,4.073392e-07
0,0,5.036466e-07
0,0,2.6698473e-07
0,0,9.520758e-07
0,0,1.4656135e-06
0,0,1.451181e-06
0,0,6.620315e-07
0,0,6.0787363e-07
0,0,2.0504128e-06
0,0,3.9358076e-07
0,0,2.2135764e-06
0,0,2.01791e-06
0,0,1.3334477e-06
0,0,2.0440116e-07
0,0,1.0307872e-06
0,0,2.3405315e-07
0,0,5.6277054e-07
0,0,5.4916546e-07
0,0,4.4249066e-07
0,0,1.8255984e-07
0,0,5.150418e-07
0,0,2.0544064e-07
0,0,2.5289881e-07
0,0,4.8254213e-07
0,0,8.8962787e-07
0,0,8.3623985e-07
0,0,4.0795612e-07
0,0,3.012332e-07
0,0,1.2731737e-06
0,0,4.0204182e-07
0,0,5.947478e-07
0,0,1.3791939e-06
0,0,1.1847179e-06
0,0,5.8420346e-07
0,0,4.464782e-07
0,0,1.1350343e-06
0,0,6.458934e-06
0,0,5.6327366e-07
0,0,1.1834092e-06
0,0,9.584556e-07
0,0,2.1387254e-07
0,0,2.4391054e-06
0,0,6.4249234e-06
0,0,2.2872969e-07
0,0,5.259715e-07
0,0,2.2496686e-06
0,0,6.382112e-07
0,0,2.3644816e-06
0,0,1.1651621e-06
1,0,0.23835959
0,0,2.4665198e-07
0,0,1.6106533e-07
0,0,6.608009e-07
0,0,1.1955844e-06
0,0,3.8657862e-07
0,0,4.7138522e-07
0,0,9.64054e-07
0,0,3.2252973e-07
0,0,4.864678e-07
0,0,6.082343e-07
0,0,3.1680406e-07
0,0,1.5980048e-07
0,0,8.067805e-07
0,0,2.505988e-07
0,0,8.3581415e-07
0,0,1.2155257e-06
0,0,5.765802e-07
0,0,8.4130653e-07
0,0,2.9307907e-06
0,0,7.2479116e-07
0,0,1.0945594e-05
0,0,6.3933146e-07
0,0,6.595417e-07
0,0,3.5223704e-07
0,0,2.1524184e-07
0,0,7.9650573e-07
0,0,9.1982525e-07
0,0,7.7784995e-07
0,0,2.1751711e-07
0,0,1.4198374e-06
0,0,6.296849e-07
0,0,4.2903827e-07
0,0,2.8855432e-06
0,0,6.1202223e-07
0,0,4.729256e-07
0,0,6.004486e-07
0,0,6.6131906e-07
0,0,4.877281e-07
0,0,4.4789454e-07
0,0,1.2285468e-06
0,0,1.040859e-06
0,0,2.4041267e-07
0,0,9.985637e-07
0,0,7.738079e-07
0,0,5.663542e-07
0,0,1.0827258e-06
0,0,3.7748921e-07
0,0,1.9914985e-06
0,0,6.9952745e-07
0,0,2.0911794e-07
0,0,5.9845e-07
0,0,2.7414987e-06
0,0,4.7074099e-07
0,0,1.3207409e-06
0,0,4.5960567e-07
0,0,4.5906512e-07
0,0,7.2519214e-07
0,0,6.0158635e-07
0,0,7.0728606e-07
0,0,7.4097005e-07
0,0,4.0150653e-07
0,0,2.5682823e-07
0,0,3.2863053e-07
0,0,2.667488e-07
0,0,3.332936e-07
0,0,2.679561e-06
0,0,2.9449704e-06
0,0,4.8419014e-07
0,0,1.73084e-06
0,0,6.470386e-07
0,0,8.0592076e-07
0,0,3.0434256e-07
0,0,1.0858445e-06
0,0,1.4495929e-07
0,0,5.658618e-07
0,0,6.5061505e-07
0,0,3.1524652e-07
0,0,2.4834983e-06
0,0,1.9708463e-07
0,0,2.7146082e-06
0,0,2.9314344e-07
0,0,4.1918634e-07
0,0,5.9768e-07
0,0,3.6008734e-07
0,0,8.545536e-07
0,0,4.851275e-07
0,0,1.4712712e-06
0,0,4.9958476e-07
0,0,2.7858638e-07
0,0,8.724941e-07
0,0,4.073349e-07
0,0,1.3005078e-06
0,0,2.8289094e-07
0,0,2.43075e-07
0,0,4.2924516e-06
0,0,1.5559604e-07
0,0,8.6340145e-07
0,0,3.033706e-07
0,0,2.6213186e-06
0,0,2.901537e-06
0,0,6.4135526e-07
0,0,9.088792e-07
0,0,4.8858277e-07
0,0,4.2501512e-07
0,0,1.7400224e-07
0,0,8.845856e-07
0,0,4.1665908e-07
0,0,0.0024285181
0,0,1.1117588e-06
0,0,6.042375e-07
0,0,9.0125775e-07
0,0,3.9304925e-07
0,0,3.449939e-07
0,0,3.713155e-07
0,0,8.453197e-07
0,0,4.3907605e-07
0,0,7.681779e-07
0,0,2.6465354e-06
0,0,1.4780016e-07
0,0,3.494456e-07
0,0,4.2549976e-07
0,0,7.458363e-07
0,0,4.2933416e-07
0,0,3.8087938e-07
0,0,5.8359376e-07
0,0,2.0953934e-07
0,0,3.0505942e-07
0,0,2.3671659e-07
0,0,5.3813653e-07
0,0,8.161046e-07
0,0,9.4994357e-07
0,0,3.226999e-07
0,0,3.7342028e-07
0,0,2.2531589e-07
0,0,6.369343e-07
0,0,4.761255e-07
0,0,8.5244704e-07
0,0,4.7375443e-07
0,0,4.022167e-07
0,0,6.569773e-07
0,0,7.152358e-07
0,0,4.2539833e-07
1,0,0.47736603
0,0,3.974136e-07
0,0,2.166636e-06
0,0,4.142138e-07
0,0,4.2874416e-07
0,0,7.995911e-07
0,0,6.7397474e-07
0,0,1.6598358e-06
0,0,4.6844272e-07
0,0,1.0054351e-06
0,0,5.5873835e-07
0,0,1.9548284e-07
0,0,2.502642e-07
0,0,2.9035087e-07
0,0,7.1345977e-07
0,0,6.8920855e-07
0,0,2.8662544e-07
0,0,1.7389686e-06
0,0,8.420155e-08
0,0,6.770916e-07
0,0,1.19185906e-07
0,0,4.7617732e-07
0,0,7.8175725e-07
0,0,2.9168184e-06
0,0,1.0098132e-06
0,0,3.4607837e-07
0,0,6.373639e-07
0,0,6.552028e-07
0,0,8.514568e-08
0,0,1.7436932e-06
0,0,2.4824607e-07
0,0,1.3226683e-06
0,0,7.411686e-07
0,0,6.833033e-07
0,0,2.7144142e-07
0,0,1.001886e-06
0,0,1.0046886e-06
0,0,6.804785e-07
0,0,1.7905371e-06
0,0,2.7059366e-07
0,0,5.3122784e-07
0,0,3.0041784e-07
0,0,4.075315e-07
0,0,1.1718997e-06
0,0,6.3881464e-07
0,0,4.366033e-07
0,0,3.7406897e-07
0,0,2.00243e-06
0,0,8.679545e-07
0,0,4.121632e-07
0,0,6.479908e-07
0,0,3.0514166e-06
0,0,9.600666e-07
0,0,7.347516e-07
0,0,1.1626502e-06
0,0,7.229018e-07
0,0,6.87248e-07
0,0,2.4514458e-07
0,0,5.514321e-07
0,0,3.4025473e-07
0,0,2.4830672e-06
0,0,4.0041712e-07
0,0,1.7412705e-06
0,0,1.8783273e-07
0,0,2.4633908e-07
0,0,3.4077334e-07
0,0,6.593813e-07
0,0,9.202797e-07
0,0,3.8092224e-07
0,0,8.9346923e-07
0,0,9.4229756e-07
0,0,2.1986924e-07
0,0,2.8312493e-07
0,0,1.14898e-06
0,0,2.6404925e-07
0,0,6.384206e-07
0,0,1.6987666e-06
0,0,1.6171144e-06
0,0,9.911197e-07
0,0,3.5531465e-07
0,0,1.7856635e-06
0,0,2.7735055e-07
0,0,2.4042902e-06
0,0,8.890189e-07
0,0,3.3133944e-07
0,0,2.2910277e-07
0,0,2.499751e-07
0,0,8.604497e-07
0,0,7.059827e-07
0,0,7.529056e-07
0,0,6.8967864e-07
0,0,1.1474557e-06
0,0,2.2809819e-07
0,0,1.2209554e-07
0,0,5.7412365e-07
0,0,3.307784e-07
0,0,1.7666786e-06
0,0,7.83426e-07
0,0,1.43697e-06
0,0,1.2405475e-06
0,0,7.1316856e-07
0,0,3.849742e-07
0,0,5.1242506e-07
0,0,8.592648e-07
0,0,3.6397353e-07
0,0,1.8818864e-07
0,0,4.9149895e-07
0,0,1.3304118e-06
0,0,2.6139617e-07
0,0,5.178447e-07
0,0,2.172302e-07
0,0,2.9778164e-07
0,0,8.5590744e-07
0,0,4.1114245e-07
0,0,8.521081e-07
0,0,5.214848e-07
0,0,1.097667e-06
0,0,3.3353652e-07
0,0,3.0549873e-07
0,0,1.4157134e-06
0,0,2.8336072e-07
0,0,6.1846754e-07
0,0,1.7268814e-06
0,0,4.460105e-07
0,0,8.1513696e-07
0,0,4.0712595e-07
0,0,5.166687e-07
0,0,4.3937223e-07
0,0,1.069523e-06
0,0,1.2916925e-06
0,0,3.248759e-07
0,0,5.603521e-07
0,0,2.839012e-07
0,0,5.8138113e-07
0,0,1.7340918e-07
0,0,5.928179e-07
0,0,1.5421875e-07
0,0,8.0102524e-07
0,0,6.377749e-07
0,0,3.9481722e-07
0,0,2.5381914e-07
0,0,4.9669353e-07
0,0,1.2085256e-06
0,0,5.4530875e-07
0,0,5.4334237e-07
0,0,3.7627584e-07
0,0,9.1804446e-07
0,0,1.1869537e-06
0,0,1.6481774e-06
0,0,8.233514e-07
0,0,1.2068649e-06
0,0,7.253139e-07
0,0,1.1786246e-06
0,0,1.4051332e-06
0,0,5.3230855e-07
0,0,8.689459e-07
0,0,4.598367e-07
0,0,5.031747e-07
0,0,3.8972877e-07
0,0,1.1360706e-06
0,0,7.540324e-07
0,0,2.84839e-07
0,0,6.290469e-07
0,0,3.767304e-07
0,0,5.31862e-07
0,0,2.1815009e-07
0,0,3.4816233e-06
0,0,2.6842338e-07
0,0,2.9761725e-07
0,0,4.2010564e-07
0,0,5.8576666e-07
0,0,2.514568e-07
0,0,3.9256713e-07
0,0,8.586913e-07
0,0,2.713327e-07
0,0,2.977893e-07
0,0,2.8321998e-07
0,0,1.5541393e-06
0,0,5.0671554e-07
0,0,5.5601146e-07
0,0,1.2299723e-06
0,0,4.739478e-07
0,0,1.2527045e-07
0,0,1.842596e-06
0,0,4.7360987e-07
0,0,3.2773133e-07
0,0,4.4933032e-07
0,0,3.7804116e-07
0,0,5.673175e-07
0,0,5.028485e-07
0,0,7.0409203e-07
0,0,2.3171524e-06
0,0,2.5078026e-07
0,0,2.7832775e-07
0,0,2.2701592e-07
0,0,2.2871723e-07
0,0,5.317154e-07
0,0,1.0335897e-06
0,0,7.180344e-07
0,0,2.5937533e-07
0,0,4.065939e-06
0,0,7.080811e-07
0,0,5.929723e-07
0,0,6.97217e-07
0,0,1.5431866e-06
0,0,4.242643e-07
0,0,3.0660055e-07
0,0,5.905174e-07
0,0,8.6046117e-07
0,0,4.3045222e-07
0,0,8.977286e-07
0,0,1.0736331e-06
0,0,3.1138263e-06
0,0,9.901249e-07
0,0,1.9855495e-06
0,0,5.398209e-07
0,0,7.9893556e-07
0,0,5.4379444e-07
0,0,5.2835696e-07
0,0,2.2784693e-06
0,0,1.2000602e-06
0,0,3.1088192e-07
0,0,2.4890392e-07
0,0,7.9738885e-07
0,0,8.274288e-07
0,0,1.0823366e-06
0,0,5.780629e-07
0,0,7.113624e-07
0,0,1.1385794e-06
0,0,8.4755413e-07
0,0,3.7659711e-07
0,0,7.323444e-07
0,0,3.005855e-07
0,0,1.0442544e-06
0,0,1.86059e-07
0,0,3.3824915e-07
0,0,8.818341e-08
0,0,3.5608953e-06
0,0,2.8126368e-07
0,0,1.1468836e-06
0,0,2.0415678e-06
0,0,1.7195208e-07
0,0,6.967603e-07
0,0,1.008037e-06
0,0,4.4662298e-07
0,0,2.1453073e-07
0,0,6.032357e-07
0,0,4.6332752e-07
0,0,4.0124394e-07
0,0,2.4601281e-06
0,0,4.0435816e-07
0,0,3.9792974e-07
0,0,1.3347632e-06
0,0,7.978011e-07
0,0,2.8836835e-06
0,0,3.8233256e-07
0,0,2.7761305e-07
0,0,4.211847e-07
0,0,6.91236e-07
0,0,3.70679e-07
0,0,3.8083726e-07
0,0,4.1211638e-07
0,0,7.498109e-07
0,0,1.3303953e-06
0,0,2.1826224e-07
0,0,3.230189e-07
0,0,7.895306e-07
0,0,7.7146774e-07
0,0,4.5822753e-07
0,0,1.6100681e-06
0,0,8.7922143e-07
0,0,1.3147616e-06
0,0,1.0011114e-06
0,0,4.249612e-07
0,0,3.0700403e-07
0,0,2.661849e-07
0,0,1.5984924e-06
0,0,4.9643256e-07
0,0,7.696475e-07
0,0,7.009886e-07
0,0,7.865845e-07
0,0,1.7663638e-07
0,0,3.5487375e-07
0,0,3.3504253e-07
0,0,1.2317953e-06
0,0,1.038327e-06
0,0,5.446362e-07
0,0,7.140826e-07
0,0,2.834064e-07
0,0,4.7449595e-07
0,0,8.41992e-07
0,0,4.4738135e-07
0,0,1.1496542e-06
0,0,3.411307e-07
0,0,3.7877878e-06
0,0,5.1721446e-07
0,0,5.191308e-07
0,0,4.5007914e-07
0,0,1.1211134e-06
0,0,3.000671e-07
0,0,2.3979285e-07
0,0,9.680728e-07
0,0,8.1400975e-07
0,0,2.8755963e-07
0,0,1.6581873e-06
0,0,3.9295668e-07
0,0,1.5298288e-06
0,0,7.991017e-07
0,0,2.3699307e-07
0,0,3.4054528e-07
0,0,3.5079321e-07
0,0,6.314361e-07
0,0,6.8713666e-07
0,0,1.0315385e-06
0,0,5.6084605e-07
0,0,7.2095065e-07
0,0,3.4843694e-07
0,0,1.5822306e-07
0,0,2.9288358e-07
0,0,8.1074035e-07
0,0,1.7714531e-06
0,0,5.0726624e-07
0,0,1.5485898e-06
0,0,5.1458863e-07
0,0,3.130599e-06
0,0,6.50086e-07
0,0,2.1140525e-07
0,0,5.0501643e-07
0,0,8.3452227e-07
0,0,7.8813815e-07
0,0,2.563958e-07
0,0,2.4375056e-06
0,0,1.4403163e-06
0,0,7.3133316e-07
0,0,2.9921946e-06
0,0,2.1762023e-07
0,0,1.4541026e-06
0,0,2.610245e-06
0,0,1.1328715e-06
0,0,8.293644e-07
0,0,5.119215e-07
0,0,3.311534e-07
0,0,3.779471e-07
0,0,9.568372e-07
0,0,3.1602463e-07
0,0,2.1788125e-07
0,0,1.0890335e-06
0,0,7.9900724e-07
0,0,1.191697e-06
0,0,2.6037955e-07
0,0,4.2900797e-07
0,0,1.1580833e-06
0,0,4.9486846e-07
0,0,1.3719459e-06
0,0,9.208952e-07
0,0,9.911339e-07
0,0,8.1640255e-06
0,0,1.1998518e-06
0,0,1.5140579e-05
0,0,2.1920931e-07
0,0,3.1828113e-06
0,0,7.6451494e-07
0,0,4.404567e-07
0,0,3.8544187e-07
0,0,7.213144e-07
0,0,4.9640846e-07
0,0,6.0929733e-07
0,0,4.9796176e-07
0,0,9.114207e-07
0,0,2.6659188e-07
0,0,1.159489e-06
0,0,3.4657387e-06
0,0,4.1343554e-07
0,0,8.118692e-07
0,0,5.9600086e-07
0,0,6.194161e-07
0,0,5.167086e-07
0,0,8.635983e-07
0,0,3.8052937e-07
0,0,7.7420214e-07
0,0,8.250224e-07
0,0,3.6248716e-07
0,0,1.2732283e-06
0,0,4.3584575e-07
0,0,8.599288e-07
0,0,6.152884e-07
0,0,4.958809e-07
0,0,1.6558785e-06
0,0,1.8272196e-06
0,0,1.8334968e-06
0,0,7.594724e-07
0,0,2.4239512e-07
0,0,7.043056e-07
0,0,3.0038348e-07
0,0,5.388704e-07
0,0,2.5189965e-07
0,0,5.369441e-07
0,0,5.416031e-07
0,0,4.3599704e-07
0,0,5.6671564e-07
0,0,3.7341633e-07
0,0,4.2695294e-07
0,0,4.3302927e-07
0,0,7.815335e-07
0,0,2.688384e-07
0,0,4.98396e-07
0,0,1.7038677e-06
0,0,9.271757e-07
0,0,2.814977e-07
0,0,5.1388344e-07
0,0,5.2226176e-07
0,0,4.478031e-07
0,0,0.008491419
0,0,1.0699989e-07
0,0,2.452938e-07
0,0,1.2455513e-06
0,0,3.482011e-07
0,0,5.820569e-07
0,0,2.3985254e-07
0,0,1.2127259e-06
0,0,4.149381e-07
0,0,2.4205968e-07
0,0,2.207404e-06
0,0,7.6282095e-07
0,0,6.247877e-07
0,0,1.7107781e-06
0,0,6.297654e-07
0,0,1.6011946e-07
0,0,1.2066531e-06
0,0,2.447097e-06
0,0,3.6385694e-07
0,0,5.5685416e-07
0,0,2.0525441e-07
0,0,4.4510458e-07
0,0,1.7721121e-06
0,0,4.2600078e-07
0,0,4.8566955e-07
0,0,5.0791584e-07
0,0,6.9638037e-07
0,0,4.1462837e-07
0,0,4.5875223e-07
0,0,2.679837e-07
0,0,3.8936656e-07
0,0,7.1586356e-07
0,0,7.8508486e-07
0,0,1.747234e-06
0,0,6.0472354e-07
0,0,1.0260433e-06
0,0,6.5059766e-07
0,0,7.6439466e-07
0,0,9.580563e-07
0,0,6.415926e-07
0,0,8.088513e-07
0,0,4.537839e-07
0,0,3.2142617e-07
0,0,2.894515e-07
0,0,9.71883e-07
0,0,2.4976038e-07
0,0,1.5754385e-06
0,0,8.399781e-07
0,0,8.4840326e-07
0,0,2.578922e-07
0,0,4.4345725e-07
0,0,2.2727568e-07
0,0,5.613035e-07
0,0,2.0247744e-06
0,0,3.5155276e-07
0,0,2.8858162e-07
0,0,9.757688e-07
0,0,1.3656094e-07
0,0,3.4255896e-07
0,0,8.543417e-07
0,0,5.13612e-07
0,0,3.444521e-07
0,0,2.1186715e-06
0,0,1.4841701e-06
0,0,1.076851e-06
0,0,2.028722e-07
0,0,4.561447e-07
0,0,9.235275e-07
0,0,3.1659354e-07
0,0,2.287675e-06
0,0,8.9875493e-07
0,0,2.9889696e-07
0,0,2.714365e-07
0,0,2.3054785e-05
0,0,1.3263262e-06
0,0,1.4683318e-06
0,0,2.5522797e-07
0,0,7.3882563e-07
0,0,4.2558253e-07
0,0,3.2054825e-07
0,0,7.064515e-07
0,0,3.0635184e-07
0,0,3.842025e-07
0,0,5.559765e-07
0,0,1.507666e-06
0,0,3.9071867e-07
0,0,6.0883497e-07
0,0,8.2055993e-07
0,0,2.5217028e-07
0,0,5.187814e-07
0,0,2.0504401e-06
0,0,8.061399e-07
0,0,4.3849025e-07
0,0,7.9577984e-07
0,0,5.221502e-07
0,0,3.75825e-07
0,0,0.37946242
0,0,1.8457955e-07
0,0,6.3562237e-07
0,0,2.1584557e-07
0,0,3.8654764e-07
0,0,1.6442996e-06
0,0,2.939797e-07
0,0,5.9962343e-07
0,0,4.410296e-07
0,0,5.6813616e-07
0,0,1.6266936e-06
0,0,5.3521154e-07
0,0,1.4535315e-06
0,0,1.2966094e-06
0,0,4.1650608e-07
0,0,2.9717427e-07
0,0,8.8020215e-07
0,0,7.773775e-07
0,0,1.7847237e-06
0,0,1.8632498e-07
0,0,3.1620974e-07
0,0,8.348343e-07
0,0,4.0087446e-07
0,0,6.0144004e-07
0,0,1.3081862e-07
0,0,6.96215e-07
0,0,2.9863853e-07
0,0,1.5027395e-06
0,0,1.0507548e-06
0,0,4.5685172e-07
0,0,1.3805349e-06
0,0,2.52077e-07
0,0,8.7317335e-07
0,0,6.764081e-07
0,0,9.5235373e-07
0,0,3.073884e-07
0,0,4.2277878e-07
0,0,1.889598e-07
0,0,9.918374e-07
0,0,1.5980505e-06
0,0,6.058503e-07
0,0,2.7008189e-06
0,0,2.1813281e-07
0,0,9.571659e-07
0,0,1.1801272e-06
0,0,4.962939e-07
0,0,8.8370194e-07
0,0,1.5177035e-07
0,0,6.75532e-07
0,0,6.2204566e-07
0,0,4.9195995e-07
0,0,3.6276796e-07
0,0,6.0889477e-07
0,0,3.3147737e-06
0,0,4.1682998e-07
0,0,1.921833e-07
0,0,1.8108074e-06
0,0,2.670158e-07
0,0,1.8338556e-05
0,0,3.3841565e-07
0,0,3.9083756e-07
0,0,2.1504056e-07
0,0,1.9291315e-06
0,0,1.0747622e-06
0,0,2.9180322e-07
0,0,4.0676193e-07
0,0,5.06848e-07
0,0,3.4866298e-07
0,0,1.1772911e-06
0,0,1.9404424e-06
0,0,2.6951892e-07
0,0,1.7884263e-07
0,0,6.831613e-07
0,0,7.835844e-07
0,0,4.586214e-07
0,0,4.4526635e-07
0,0,2.7343498e-07
0,0,1.0724942e-06
0,0,4.5360784e-07
0,0,2.7521895e-07
0,0,3.822494e-07
0,0,4.3542406e-07
0,0,6.0224534e-07
0,0,1.0762351e-06
0,0,1.2964919e-06
0,0,3.2264913e-07
0,0,8.88862e-07
0,0,1.6541013e-07
0,0,1.8281648e-07
0,0,2.5522357e-07
0,0,6.891816e-07
0,0,2.5126263e-07
0,0,8.1556146e-07
0,0,5.129678e-07
0,0,1.2958665e-06
0,0,7.2136464e-07
0,0,4.2820028e-07
0,0,3.2359114e-07
0,0,4.650655e-07
0,0,5.0884773e-07
0,0,3.6612295e-07
0,0,6.103476e-07
0,0,1.6046571e-06
0,0,4.37245e-07
0,0,7.746881e-07
0,0,2.2026464e-07
0,0,2.5781154e-07
0,0,3.160186e-07
0,0,1.8494958e-07
0,0,5.8882813e-07
0,0,7.2001274e-07
0,0,3.7694497e-07
0,0,3.2202908e-07
0,0,5.634058e-07
0,0,6.4653955e-07
0,0,2.6868767e-07
0,0,2.9060539e-06
0,0,2.203595e-06
0,0,7.9862707e-07
0,0,5.494494e-07
0,0,5.7670775e-07
0,0,1.947094e-07
0,0,1.9892584e-06
0,0,3.5114635e-07
0,0,2.0086957e-06
0,0,1.8501304e-06
0,0,7.606163e-07
0,0,5.059584e-07
0,0,1.6218065e-06
0,0,2.4756096e-06
0,0,6.946498e-07
0,0,6.4449914e-06
0,0,1.8851749e-06
0,0,8.639393e-07
0,0,5.7465775e-07
0,0,1.51304e-07
0,0,3.1824635e-07
0,0,1.3684127e-06
0,0,1.7103913e-07
0,0,1.6654886e-07
0,0,1.33786e-06
0,0,3.3029738e-07
0,0,6.3624007e-06
0,0,1.2544264e-06
0,0,1.0896558e-06
0,0,7.6279474e-07
0,0,6.50733e-07
0,0,1.0100839e-06
0,0,1.848032e-06
0,0,1.0747693e-06
0,0,2.5908435e-07
0,0,6.47488e-07
0,0,1.010501e-06
0,0,4.227727e-07
0,0,3.193884e-07
0,0,4.1992854e-07
0,0,5.2879807e-07
0,0,1.0131083e-06
0,0,1.6507241e-06
0,0,2.7806004e-07
0,0,7.9903623e-07
0,0,3.0487056e-06
0,0,6.5406095e-07
0,0,0.07309836
0,0,4.351453e-06
0,0,1.0069244e-06
0,0,6.1633784e-07
0,0,1.4448644e-07
0,0,1.5790381e-06
0,0,3.5236104e-07
0,0,2.8945425e-07
0,0,6.9244794e-07
0,0,2.732762e-07
0,0,2.8882778e-07
0,0,6.982131e-07
0,0,9.837313e-07
0,0,4.1636193e-07
0,0,5.877044e-07
0,0,2.8885364e-07
0,0,1.5882705e-06
0,0,2.4641804e-07
0,0,6.1938357e-07
0,0,3.6258845e-07
0,0,8.3864455e-07
0,0,4.54346e-07
0,0,0.06834341
0,0,1.4594319e-06
0,0,2.2653582e-07
0,0,6.913843e-07
0,0,6.9771716e-07
0,0,1.7452174e-07
0,0,1.9376612e-06
0,0,2.4725256e-07
0,0,1.6076623e-06
0,0,4.853112e-07
0,0,6.765926e-07
0,0,3.9321608e-07
0,0,8.0976747e-07
0,0,4.0294768e-07
0,0,2.9116907e-06
0,0,8.549342e-07
0,0,5.479523e-07
0,0,4.195103e-07
0,0,4.6672855e-07
0,0,3.1633428e-07
0,0,4.2776847e-07
0,0,0.00030959645
0,0,4.118335e-07
0,0,0.032625597
0,0,4.8056324e-07
0,0,2.2169029e-07
0,0,4.397629e-07
0,0,9.2274746e-07
0,0,1.8081795e-07
0,0,9.183431e-07
0,0,9.921391e-07
0,0,2.5186503e-07
0,0,1.3769716e-06
0,0,2.7224223e-07
0,0,3.4924568e-07
0,0,3.5308963e-07
0,0,3.6019142e-07
0,0,3.896121e-07
0,0,3.9067547e-07
0,0,2.465866e-07
0,0,7.138579e-07
0,0,7.4637705e-07
0,0,3.8624475e-07
0,0,3.4163992e-07
0,0,4.9643825e-07
0,0,8.472891e-07
0,0,1.008439e-06
0,0,8.9251716e-07
0,0,5.111429e-07
0,0,7.654006e-07
0,0,1.5095407e-06
0,0,2.678917e-07
0,0,1.1180597e-06
0,0,5.705692e-07
0,0,3.2738586e-07
0,0,1.3306528e-06
0,0,1.0575204e-06
0,0,3.192346e-07
0,0,2.1838656e-07
0,0,5.356895e-07
0,0,1.0017417e-06
0,0,1.073666e-06
0,0,2.3634597e-07
0,0,1.6886021e-07
0,0,3.7590748e-06
0,0,1.2517374e-06
0,0,5.046746e-07
0,0,6.1639196e-07
0,0,1.6733806e-06
0,0,3.7600572e-07
0,0,3.1573964e-07
0,0,5.5552175e-07
0,0,2.4554802e-06
0,0,1.3256143e-06
0,0,3.0649443e-07
0,0,5.9175824e-07
0,0,4.7658253e-07
0,0,4.3321967e-07
0,0,1.6323658e-06
0,0,1.1508421e-06
0,0,7.389137e-07
0,0,9.336895e-07
0,0,3.3269654e-07
0,0,1.0460157e-06
0,0,1.578225e-07
0,0,3.7021337e-07
0,0,3.5935835e-07
0,0,1.4472558e-06
0,0,8.0265016e-07
0,0,6.178444e-07
0,0,3.5873072e-07
0,0,2.7948798e-07
0,0,1.1053712e-06
0,0,1.105369e-06
0,0,4.16987e-07
0,0,1.0410855e-06
0,0,2.0448415e-06
0,0,3.257121e-06
0,0,1.9169893e-07
0,0,1.4084214e-06
0,0,7.820794e-07
0,0,4.849781e-07
0,0,7.226095e-07
0,0,5.541693e-07
0,0,1.13610476e-07
0,0,3.3446852e-07
0,0,7.4787266e-07
0,0,4.737842e-07
0,0,4.883969e-07
0,0,1.139719e-06
0,0,6.304228e-07
0,0,4.4164452e-07
0,0,4.2930307e-07
0,0,2.0511363e-06
0,0,6.32144e-07
0,0,1.8802683e-07
0,0,6.433848e-07
0,0,1.3441505e-07
0,0,1.0769999e-06
0,0,3.4506596e-07
0,0,1.5660956e-07
0,0,6.0385855e-07
0,0,2.5962008e-06
0,0,4.953066e-07
0,0,1.4493772e-07
0,0,2.5390293e-07
0,0,2.3279192e-06
0,0,6.4716573e-07
0,0,5.045081e-07
0,0,3.039098e-07
0,0,2.6950863e-07
0,0,8.0855443e-07
0,0,1.5696902e-07
0,0,6.292101e-07
0,0,9.4196963e-07
0,0,2.4430625e-07
0,0,7.864053e-07
0,0,5.633822e-07
0,0,1.3065159e-06
0,0,3.5769972e-07
0,0,3.0496624e-06
0,0,6.273233e-07
0,0,6.6780194e-07
0,0,8.749255e-07
0,0,7.7061986e-07
0,0,2.150496e-07
0,0,9.738277e-07
0,0,2.4403898e-06
0,0,6.0514583e-07
0,0,3.6286033e-07
0,0,1.3399081e-06
0,0,6.621887e-07
0,0,5.774953e-07
0,0,3.1581916e-07
0,0,6.126704e-07
0,0,1.1337253e-06
0,0,1.7642238e-06
0,0,5.290054e-07
0,0,7.9927696e-07
0,0,2.6369543e-07
0,0,7.02678e-07
0,0,2.3394291e-07
0,0,7.4659425e-07
0,0,2.975988e-07
0,0,1.0327572e-06
0,0,1.7155224e-06
0,0,5.6595144e-07
0,0,7.294135e-07
0,0,4.1060056e-07
0,0,2.2028405e-06
0,0,9.358201e-07
0,0,2.4823737e-06
0,0,1.8283687e-07
0,0,8.5645127e-07
0,0,5.2583204e-07
0,0,1.3472823e-06
0,0,1.5305584e-06
0,0,3.3174132e-07
0,0,0.00020908914
0,0,8.7383984e-07
0,0,5.671109e-07
0,0,5.2170867e-07
0,0,4.2147303e-06
0,0,1.162014e-06
0,0,2.8662956e-07
0,0,2.7004119e-06
0,0,2.409004e-07
0,0,1.3858809e-07
0,0,7.83228e-07
0,0,3.1593333e-07
0,0,5.903615e-07
0,0,1.812288e-06
0,0,7.061423e-07
0,0,1.0151703e-06
0,0,2.2103397e-07
0,0,2.6810972e-07
0,0,1.7156763e-07
0,0,3.319619e-07
0,0,1.7518356e-06
0,0,2.2314859e-07
0,0,1.9183276e-06
0,0,3.2008361e-07
0,0,1.8782517e-06
0,0,4.4719368e-07
0,0,9.819214e-07
0,0,9.5100894e-08
0,0,2.8681904e-07
0,0,5.425517e-07
0,0,5.6003046e-07
0,0,1.478643e-07
0,0,3.0295746e-07
0,0,8.052148e-07
0,0,2.5607815e-06
0,0,2.3386915e-06
0,0,1.0473383e-06
0,0,5.6720876e-07
0,0,3.4704078e-07
0,0,6.8624666e-07
0,0,1.6326694e-06
0,0,8.3051754e-07
0,0,3.3759042e-07
0,0,7.1537085e-07
0,0,1.0015689e-06
0,0,3.8335594e-07
0,0,1.9820821e-07
0,0,8.317652e-07
0,0,2.3760998e-07
0,0,0.21403839
0,0,1.324405e-06
0,0,2.8216317e-07
0,0,1.6331381e-07
0,0,4.7007435e-07
0,0,1.8976124e-07
0,0,1.6715463e-06
0,0,1.1835469e-06
0,0,8.092433e-07
0,0,2.6358856e-07
0,0,2.1529728e-07
0,0,1.1067541e-06
0,0,1.7617155e-07
0,0,9.161492e-07
0,0,1.1654033e-06
0,0,8.8426454e-08
0,0,5.944864e-07
0,0,1.6699992e-06
0,0,4.3193708e-07
0,0,4.6100294e-07
0,0,1.1313242e-06
0,0,1.4960489e-06
0,0,5.936575e-07
0,0,5.188264e-07
0,0,2.7476318e-07
0,0,2.1080189e-07
0,0,1.8879173e-07
0,0,3.0408404e-07
0,0,2.9975277e-07
0,0,2.3776827e-06
0,0,9.4658316e-07
0,0,4.6397307e-07
0,0,8.426909e-07
0,0,2.9419311e-07
0,0,2.465624e-07
0,0,3.478483e-07
0,0,1.4109582e-06
0,0,2.2367365e-06
0,0,9.2340156e-07
0,0,6.007653e-07
0,0,3.395889e-07
0,0,3.123467e-07
0,0,2.8501887e-07
0,0,6.803175e-07
0,0,5.442084e-07
0,0,8.5483475e-07
0,0,3.994712e-07
0,0,1.0396229e-06
0,0,3.1909153e-07
0,0,2.6468382e-07
0,0,5.311756e-07
0,0,2.5880232e-07
0,0,3.9336538e-07
0,0,6.879674e-07
0,0,4.6003322e-07
0,0,3.6713516e-07
0,0,2.6986896e-07
0,0,1.1025812e-06
0,0,3.050181e-07
0,0,1.7686459e-06
0,0,7.0426665e-07
0,0,1.4492986e-06
0,0,1.6002772e-06
0,0,5.0916617e-07
0,0,1.5347122e-07
0,0,2.4840543e-07
0,0,2.7942692e-06
0,0,1.2036178e-06
0,0,2.2823208e-06
0,0,1.2854362e-06
0,0,1.2175347e-07
0,0,5.829329e-07
0,0,1.5089546e-07
0,0,6.224949e-07
0,0,1.6001215e-07
0,0,8.9350675e-07
0,0,5.1776175e-07
0,0,2.4997678e-07
0,0,8.700595e-07
0,0,1.4364905e-06
0,0,1.2983467e-06
0,0,1.2933428e-06
0,0,2.728187e-07
0,0,5.4623575e-07
0,0,9.864812e-07
0,0,5.9817154e-07
0,0,1.34325e-06
0,0,1.2927546e-06
0,0,1.1055241e-06
0,0,6.409272e-07
0,0,1.348353e-06
0,0,2.7290953e-06
0,0,2.5834612e-07
0,0,3.6990705e-06
0,0,9.4944636e-07
0,0,6.4656484e-07
0,0,6.243939e-07
0,0,4.9609184e-07
0,0,4.1776795e-07
0,0,5.772173e-07
0,0,5.1599557e-07
0,0,6.425748e-07
0,0,1.0987018e-06
0,0,3.190383e-07
0,0,1.2447118e-06
0,0,7.1125254e-07
0,0,5.436181e-07
0,0,1.0411599e-06
0,0,2.2891692e-07
0,0,1.2445397e-06
0,0,3.5720473e-07
0,0,1.0232651e-06
0,0,4.893149e-07
0,0,8.2778234e-07
0,0,1.0587056e-07
0,0,3.9465687e-07
0,0,3.9691932e-07
0,0,2.4608082e-07
0,0,9.0370384e-07
0,0,5.3514975e-07
0,0,2.264888e-06
0,0,5.943021e-07
0,0,1.3530546e-06
0,0,5.2036506e-07
0,0,2.4333454e-07
0,0,7.907347e-07
0,0,1.0090248e-06
0,0,3.40052e-07
0,0,1.4755484e-06
0,0,3.8964663e-07
0,0,5.6254515e-07
0,0,6.32802e-07
0,0,1.8011472e-07
0,0,3.6034362e-07
0,0,1.393216e-06
0,0,3.640711e-07
0,0,4.4416998e-07
0,0,3.6968413e-07
0,0,5.157201e-07
0,0,7.014915e-07
0,0,3.870124e-07
0,0,6.260396e-07
0,0,7.578684e-07
0,0,6.0807247e-07
0,0,3.4937796e-07
0,0,7.912862e-07
0,0,2.658062e-06
0,0,3.9127875e-07
0,0,1.4164226e-06
0,0,3.2402036e-07
0,0,5.4008615e-07
0,0,4.8442706e-07
0,0,3.117741e-07
0,0,1.0683802e-06
0,0,1.0436322e-06
0,0,5.2035017e-07
0,0,3.1167363e-07
0,0,3.8144026e-07
0,0,9.271182e-07
0,0,6.3446623e-07
0,0,2.2961788e-07
0,0,1.7184109e-06
0,0,2.2068357e-06
0,0,6.7725625e-07
0,0,9.0070444e-07
0,0,1.4101239e-07
0,0,3.8612984e-07
0,0,8.7227534e-07
0,0,5.176586e-07
0,0,1.6015413e-06
0,0,2.2173893e-07
0,0,7.430363e-07
0,0,4.0435816e-07
0,0,9.413006e-07
0,0,1.239216e-06
0,0,1.74949e-07
0,0,2.2982215e-06
0,0,5.883308e-07
0,0,4.7258663e-06
0,0,6.560738e-07
0,0,4.866497e-07
0,0,1.1213455e-06
0,0,2.3744399e-06
0,0,9.856809e-07
0,0,3.869065e-07
0,0,4.1558678e-07
0,0,1.7797929e-06
0,0,1.1035701e-06
0,0,6.22809e-07
0,0,2.5317632e-07
0,0,2.8249246e-07
0,0,8.152668e-07
0,0,3.5215444e-07
0,0,5.075019e-07
0,0,4.6844627e-07
0,0,7.6225155e-07
0,0,4.6786363e-07
0,0,4.1229407e-07
0,0,2.806948e-07
0,0,3.5432694e-07
0,0,3.553096e-07
0,0,5.988741e-06
0,0,3.2297128e-06
0,0,5.1438013e-07
0,0,3.9119854e-07
0,0,1.9591023e-07
0,0,6.3147155e-07
0,0,8.1695725e-07
0,0,2.6990912e-07
0,0,4.5510535e-07
0,0,3.5661927e-07
0,0,5.777647e-07
0,0,5.9035807e-07
0,0,1.2319974e-06
0,0,2.0245706e-07
0,0,6.406162e-07
0,0,4.7655436e-07
0,0,3.2121812e-07
0,0,3.3469217e-07
0,0,8.5350695e-07
0,0,4.3269364e-07
0,0,5.461868e-07
0,0,1.6162202e-06
0,0,1.5217776e-06
0,0,1.4717426e-06
0,0,5.519556e-07
0,0,1.2133784e-06
0,0,6.875935e-07
0,0,6.3076857e-07
0,0,2.961961e-07
0,0,4.88663e-07
0,0,6.3210064e-07
0,0,3.5056144e-07
0,0,3.891353e-07
0,0,2.9897336e-07
0,0,8.446251e-07
0,0,2.2724899e-07
0,0,5.171572e-07
0,0,7.8644126e-07
0,0,4.278762e-07
0,0,1.9775841e-06
0,0,3.7043623e-07
0,0,3.601684e-07
0,0,5.1273645e-07
0,0,7.538389e-07
0,0,3.1829188e-07
0,0,2.0027833e-06
0,0,7.7729896e-07
0,0,2.728312e-07
0,0,4.1854642e-07
0,0,9.235073e-07
0,0,3.4383606e-07
0,0,1.2689032e-06
0,0,1.2481804e-06
0,0,2.306725e-07
0,0,3.398348e-07
0,0,5.3265177e-07
0,0,9.863636e-07
0,0,9.074995e-07
0,0,9.427542e-07
0,0,3.7117422e-07
0,0,5.1882694e-07
0,0,1.970577e-06
0,0,4.6384565e-07
0,0,4.344435e-07
0,0,8.7565e-07
0,0,8.3674246e-07
0,0,2.897763e-07
0,0,1.2177824e-06
0,0,5.051474e-07
0,0,5.4918485e-07
0,0,2.2888001e-07
0,0,8.5177413e-07
0,0,1.6052248e-06
0,0,4.9185627e-07
0,0,1.3286405e-06
0,0,4.7635214e-07
0,0,2.6716764e-06
0,0,1.1137863e-07
0,0,3.121591e-07
0,0,2.459614e-07
0,0,3.9754852e-07
0,0,1.8987782e-07
0,0,6.305304e-07
0,0,2.6459244e-07
0,0,2.9541104e-07
0,0,1.3951586e-06
0,0,3.572252e-07
0,0,1.008437e-06
0,0,2.2677207e-07
0,0,8.582574e-07
0,0,1.8379329e-06
0,0,2.8163785e-07
0,0,2.0246401e-07
0,0,5.002508e-07
0,0,2.1414799e-06
0,0,3.4293855e-06
0,0,5.77088e-07
0,0,2.2752884e-06
0,0,3.2482262e-07
0,0,2.1630788e-06
0,0,2.2788748e-07
0,0,1.2062781e-06
0,0,1.0088698e-06
0,0,5.344561e-07
0,0,8.318794e-07
0,0,7.9626795e-07
0,0,2.6508243e-07
0,0,3.291168e-06
0,0,1.5298011e-06
0,0,4.1293374e-06
0,0,4.3299002e-07
0,0,1.7302642e-07
0,0,2.6899713e-07
0,0,2.806426e-07
0,0,3.2020753e-07
0,0,6.761978e-07
0,0,4.1359286e-07
0,0,8.2787477e-07
0,0,8.7721725e-07
0,0,1.7777153e-07
0,0,5.91466e-07
0,0,5.198502e-07
0,0,2.8235107e-07
0,0,3.9888417e-07
0,0,4.312933e-07
0,0,7.392274e-07
0,0,1.1997283e-06
0,0,9.914704e-07
0,0,4.3135437e-06
0,0,5.261571e-07
0,0,6.566059e-07
0,0,4.3674822e-07
0,0,4.6366964e-07
0,0,1.600477e-07
0,0,2.3644004e-06
0,0,7.892445e-07
0,0,9.987702e-07
0,0,2.175865e-06
0,0,4.4252738e-07
0,0,6.0250727e-07
0,0,6.460083e-07
0,0,8.879174e-07
0,0,4.0771383e-07
0,0,1.203588e-06
0,0,3.9919996e-06
0,0,5.784368e-07
0,0,3.2383318e-07
0,0,3.8541793e-07
0,0,5.515931e-07
0,0,2.1494216e-07
0,0,3.083944e-07
0,0,2.611998e-07
0,0,9.1178845e-07
0,0,1.2983788e-06
0,0,3.8337825e-07
0,0,1.9683644e-06
0,0,1.1699099e-06
0,0,5.3559495e-07
0,0,4.9760763e-07
0,0,9.589291e-07
0,0,4.0043696e-07
0,0,5.1016207e-07
0,0,1.6244318e-06
0,0,7.653797e-06
0,0,7.384347e-07
0,0,7.9020174e-07
0,0,1.1480934e-07
0,0,4.2697573e-07
0,0,7.5603697e-07
0,0,3.4217172e-07
0,0,3.9988248e-07
0,0,7.5935947e-07
0,0,1.6049738e-07
0,0,3.8537974e-07
0,0,9.781996e-07
0,0,1.2883731e-06
0,0,3.0572986e-07
0,0,1.8804669e-06
0,0,7.646797e-07
0,0,7.6066044e-07
0,0,5.481399e-07
0,0,3.6416625e-07
0,0,1.1599059e-06
0,0,4.2715251e-07
0,0,4.3994078e-07
0,0,1.0354415e-06
0,0,4.013626e-07
0,0,2.4521893e-07
0,0,6.811576e-07
0,0,9.005266e-07
0,0,9.833425e-08
0,0,4.8974766e-07
0,0,5.180196e-07
0,0,1.4877214e-06
0,0,2.9612522e-07
0,0,2.5944706e-07
0,0,3.0858558e-07
0,0,2.620251e-07
0,0,2.4189632e-07
0,0,3.7002735e-07
0,0,2.729673e-07
0,0,7.5577316e-07
0,0,3.6766247e-07
0,0,4.081647e-07
0,0,6.2278224e-07
0,0,5.0266294e-07
0,0,7.6651605e-07
0,0,2.1114483e-06
0,0,3.779352e-07
0,0,3.48523e-07
0,0,7.660425e-07
0,0,3.7939736e-07
0,0,6.330085e-07
0,0,8.7431744e-07
0,0,1.0049022e-06
0,0,4.2194537e-07
0,0,1.0558205e-06
0,0,3.4520255e-07
0,0,2.8786502e-07
0,0,1.6313511e-06
0,0,1.2043365e-06
0,0,2.6772211e-06
0,0,2.9370028e-07
0,0,4.7328253e-06
0,0,1.3764609e-06
0,0,8.3861266e-07
0,0,2.478016e-07
0,0,2.793867e-07
0,0,7.508463e-07
0,0,3.0259017e-07
0,0,8.4682137e-07
0,0,7.2071896e-07
0,0,1.5117448e-06
0,0,9.784771e-06
0,0,1.7085996e-06
0,0,1.257362e-06
0,0,3.5223232e-07
0,0,5.0333455e-07
0,0,2.1804037e-06
0,0,1.7369732e-06
0,0,7.0670893e-07
0,0,1.6093543e-07
0,0,1.1087476e-06
0,0,3.692367e-07
0,0,4.0547457e-07
0,0,3.46668e-07
0,0,2.0283094e-06
0,0,1.3758387e-06
0,0,6.261674e-07
0,0,2.6951892e-07
0,0,3.3538586e-07
0,0,5.426169e-07
0,0,3.8258167e-07
0,0,1.6017948e-06
0,0,1.4876957e-06
0,0,2.8054228e-07
0,0,8.1903545e-07
0,0,4.0119383e-07
0,0,1.6356148e-06
0,0,7.852863e-07
0,0,1.6989465e-07
0,0,6.3633263e-07
0,0,7.940166e-07
0,0,2.8771626e-07
0,0,2.3284522e-06
0,0,6.1689417e-07
0,0,5.295657e-07
0,0,1.2273476e-06
0,0,1.0071309e-06
0,0,7.482208e-07
0,0,8.385126e-07
0,0,5.0182473e-07
0,0,3.0376145e-07
0,0,4.5905242e-07
0,0,3.596652e-07
0,0,1.2913955e-06
0,0,1.5488232e-06
0,0,2.3755607e-07
0,0,5.0232416e-07
0,0,1.3004889e-07
0,0,4.7950715e-07
0,0,8.1517345e-07
0,0,6.344898e-07
0,0,2.2802641e-07
0,0,1.0386676e-06
0,0,5.9171765e-07
0,0,9.312521e-07
0,0,2.880221e-07
0,0,1.3622694e-06
0,0,2.3802095e-07
0,0,1.1049286e-06
0,0,1.2800597e-06
0,0,5.728652e-07
0,0,2.777404e-07
0,0,3.2599073e-07
0,0,3.8157998e-07
0,0,5.5313916e-07
0,0,2.172648e-07
0,0,6.8578674e-07
0,0,1.6641519e-07
0,0,4.2559878e-07
0,0,1.5994792e-06
0,0,8.0494914e-07
0,0,1.5414832e-07
0,0,8.133424e-07
0,0,5.572053e-07
0,0,3.1568635e-07
0,0,3.2935185e-07
0,0,7.4199676e-07
0,0,4.6603563e-07
0,0,8.1893467e-07
0,0,1.973869e-07
0,0,2.0225945e-05
0,0,2.3804416e-06
0,0,3.1056751e-07
0,0,1.0086111e-06
0,0,1.0265385e-06
0,0,5.711076e-07
0,0,5.741609e-07
0,0,2.1336183e-07
0,0,6.766868e-07
0,0,5.5836387e-07
0,0,2.0305822e-07
0,0,3.843249e-07
0,0,4.1302528e-07
0,0,7.541985e-07
0,0,1.0975486e-06
0,0,7.143053e-07
0,0,1.083203e-06
0,0,1.1620726e-06
0,0,8.562226e-07
0,0,2.1639948e-06
0,0,7.0400944e-07
0,0,8.9097614e-07
0,0,4.435435e-07
0,0,4.9981395e-07
0,0,0.0059213554
0,0,4.4785304e-07
0,0,7.749526e-07
0,0,2.3993468e-07
0,0,9.517491e-07
0,0,6.219537e-07
0,0,3.5859284e-07
0,0,1.2307269e-06
0,0,2.4921172e-07
0,0,1.9348825e-07
0,0,5.870059e-07
0,0,8.641544e-07
0,0,8.2143225e-07
0,0,1.2717575e-06
0,0,1.5752238e-06
0,0,6.073324e-07
0,0,6.941174e-07
0,0,3.4008508e-07
0,0,1.4486643e-06
0,0,1.6420618e-07
0,0,4.916251e-07
0,0,1.095382e-06
0,0,2.876803e-07
0,0,4.4544726e-07
0,0,4.1429124e-07
0,0,1.08206464e-07
0,0,4.864543e-07
0,0,6.117252e-07
0,0,4.8363404e-07
0,0,4.568774e-07
0,0,2.622566e-07
0,0,4.7723387e-07
0,0,4.226318e-06
0,0,1.3770477e-06
0,0,3.9593743e-07
0,0,7.7540653e-07
0,0,5.7744904e-07
0,0,2.5786636e-07
0,0,1.5116857e-06
0,0,1.4934841e-07
0,0,1.7634586e-07
0,0,1.767565e-06
0,0,1.1200458e-06
0,0,9.145116e-07
0,0,6.6264107e-07
0,0,7.515483e-07
0,0,2.2856057e-06
0,0,6.74641e-07
0,0,5.0868603e-06
0,0,8.1533364e-07
0,0,6.083062e-07
0,0,1.6541706e-07
0,0,6.765978e-07
0,0,6.8030977e-06
0,0,1.1355323e-06
0,0,1.1737408e-06
0,0,1.1058489e-06
0,0,1.8915861e-06
0,0,1.8284048e-06
0,0,7.107182e-07
0,0,1.514163e-06
0,0,2.1205949e-07
0,0,7.7603903e-07
0,0,4.881585e-07
0,0,1.0969292e-06
0,0,1.0240353e-06
0,0,1.8643692e-06
0,0,8.544908e-07
0,0,1.9083902e-06
0,0,5.288112e-07
0,0,8.919853e-07
0,0,9.4624914e-07
0,0,1.0822117e-06
0,0,7.2127517e-07
0,0,5.2919256e-07
0,0,7.202242e-07
0,0,5.521446e-07
0,0,3.2530484e-06
0,0,3.0968072e-06
0,0,8.94106e-07
0,0,6.5799935e-07
0,0,4.5581376e-07
0,0,3.3438624e-07
0,0,6.8706913e-07
0,0,1.329273e-06
0,0,1.6812475e-06
0,0,8.4420634e-07
0,0,3.379623e-06
0,0,7.662829e-07
0,0,1.1189024e-06
0,0,3.1811922e-07
0,0,2.6448674e-07
0,0,3.0915615e-07
0,0,4.763213e-07
0,0,3.075006e-06
0,0,2.2378026e-07
0,0,4.4278573e-07
0,0,1.9589093e-06
0,0,6.3042097e-07
0,0,3.8845454e-07
0,0,4.4568057e-07
0,0,2.5146355e-06
0,0,5.3226285e-07
0,0,5.1436427e-06
0,0,7.07672e-07
0,0,2.287995e-07
0,0,3.739445e-07
0,0,3.6041166e-07
0,0,3.921813e-07
0,0,8.3238893e-07
0,0,6.904085e-07
0,0,1.9033016e-07
0,0,7.059053e-07
0,0,4.3592806e-07
0,0,3.385677e-07
0,0,3.840384e-07
0,0,9.301363e-07
0,0,3.03749e-07
1,0,0.17148769
0,0,1.2162998e-07
0,0,3.0596934e-07
0,0,9.813953e-07
0,0,9.856658e-07
0,0,7.778388e-07
0,0,6.183189e-07
0,0,3.8184535e-07
0,0,6.5706963e-06
0,0,1.2671703e-06
0,0,1.4105344e-06
0,0,9.813962e-07
0,0,4.762182e-07
0,0,6.58516e-07
0,0,6.4986097e-07
0,0,2.0387272e-06
0,0,1.5870773e-06
0,0,1.6913532e-06
0,0,8.165351e-07
0,0,7.6504523e-07
0,0,0.2577934
0,0,2.746471e-07
0,0,4.1618412e-07
0,0,1.0472064e-06
0,0,6.8575537e-07
0,0,1.0072557e-06
0,0,5.975763e-07
0,0,5.270983e-07
0,0,3.991342e-07
0,0,5.6180744e-07
0,0,1.567545e-07
0,0,1.667065e-06
0,0,2.1453423e-07
0,0,0.11840463
0,0,1.7974269e-06
0,0,1.8330928e-06
0,0,9.022329e-07
0,0,1.2758805e-06
0,0,2.5608668e-07
0,0,5.8004315e-07
0,0,3.939935e-07
0,0,4.1746924e-07
0,0,2.5696816e-06
0,0,5.3834236e-07
0,0,6.408979e-07
0,0,1.8807198e-06
0,0,2.9130738e-06
0,0,2.3985626e-06
0,0,1.9907786e-06
0,0,3.5543093e-07
0,0,1.5506986e-06
0,0,2.453848e-07
0,0,4.1070902e-07
0,0,5.009311e-07
0,0,2.8087393e-07
0,0,2.791928e-07
0,0,2.990033e-07
0,0,4.8742953e-07
0,0,2.9389867e-07
0,0,2.1721848e-06
0,0,9.496347e-07
0,0,3.9070146e-06
0,0,8.932256e-07
0,0,9.441902e-07
0,0,1.3206112e-06
0,0,1.0282021e-06
0,0,2.9602668e-07
0,0,2.807055e-07
0,0,3.5445265e-07
0,0,4.418385e-06
0,0,7.1478985e-07
0,0,7.0443184e-07
0,0,8.2747226e-07
0,0,4.772457e-07
0,0,8.6201845e-07
0,0,5.823895e-07
0,0,4.3197664e-07
0,0,4.400591e-07
0,0,2.7003992e-07
0,0,1.2715197e-06
0,0,5.566174e-07
0,0,4.976697e-06
0,0,1.5757497e-06
0,0,3.7640575e-07
0,0,1.074051e-06
0,0,5.576657e-07
0,0,6.596355e-07
0,0,3.8731406e-07
0,0,1.4890599e-06
0,0,8.354786e-07
0,0,3.1255706e-07
0,0,1.4634361e-06
0,0,4.0039916e-07
0,0,6.466358e-07
0,0,5.717883e-07
0,0,6.9708204e-07
0,0,5.488021e-07
0,0,5.031104e-07
0,0,6.972842e-07
0,0,9.1727173e-07
0,0,1.120564e-06
0,0,5.435611e-07
0,0,1.4015156e-06
0,0,1.3006281e-06
0,0,1.0613336e-06
0,0,7.7856237e-07
0,0,1.270836e-06
0,0,8.438039e-07
0,0,1.7221728e-07
0,0,6.1003226e-07
0,0,7.296834e-07
0,0,3.3909083e-07
0,0,8.3920384e-07
0,0,6.000158e-07
0,0,6.18756e-07
0,0,5.8337228e-06
0,0,8.013935e-07
0,0,5.770054e-07
0,0,3.0692675e-07
0,0,1.2397941e-06
0,0,1.132583e-06
0,0,7.629068e-07
0,0,5.5821533e-07
0,0,4.7694357e-07
0,0,4.457439e-07
0,0,8.2499173e-07
0,0,4.280345e-07
0,0,1.5758473e-06
0,0,2.7021173e-07
0,0,3.5022262e-07
0,0,1.19062754e-07
0,0,4.8522696e-07
0,0,3.2633164e-07
0,0,8.6201186e-07
0,0,1.5088972e-06
0,0,3.539652e-07
0,0,6.9061855e-07
0,0,1.2113088e-06
0,0,1.2792079e-06
0,0,6.207662e-07
0,0,0.36036518
0,0,3.9573888e-07
0,0,2.3828598e-07
0,0,7.3568134e-07
0,0,1.6451827e-06
0,0,1.7455453e-07
0,0,1.1676394e-06
0,0,2.935575e-07
0,0,2.2201463e-07
0,0,2.7667426e-07
0,0,6.535235e-07
0,0,1.1132676e-06
0,0,4.6896122e-07
0,0,5.0173094e-07
0,0,1.1073834e-06
0,0,6.759051e-07
0,0,2.7607175e-07
0,0,2.3723373e-06
0,0,3.4953757e-07
0,0,4.4190745e-07
0,0,9.573694e-07
0,0,7.4011683e-07
0,0,1.053881e-06
0,0,3.5234018e-07
0,0,2.271946e-07
0,0,3.6916065e-06
0,0,2.367871e-06
0,0,7.4044584e-07
0,0,3.168962e-07
0,0,7.1906715e-07
0,0,4.9492934e-07
0,0,5.291643e-07
0,0,3.0467825e-07
0,0,3.6497215e-07
0,0,2.7913103e-07
0,0,5.3870394e-07
0,0,8.297671e-07
0,0,8.600985e-07
0,0,1.1370364e-06
0,0,1.2957314e-07
0,0,7.441688e-07
0,0,5.7992645e-07
0,0,4.338258e-07
0,0,2.1235242e-06
0,0,1.1849005e-07
0,0,7.29959e-07
0,0,3.3147853e-07
0,0,4.2658685e-06
0,0,6.438943e-07
0,0,3.6218168e-07
0,0,1.3295329e-06
0,0,3.1617807e-07
0,0,1.4695952e-07
0,0,8.895226e-07
0,0,3.3522247e-07
0,0,3.340745e-07
0,0,4.1932827e-07
0,0,3.102453e-06
0,0,4.783064e-07
0,0,1.8939708e-06
0,0,4.145928e-07
0,0,7.256591e-07
0,0,2.0998826e-07
0,0,3.362076e-07
0,0,2.0004514e-07
0,0,1.7311538e-06
0,0,9.079646e-08
0,0,1.7777067e-07
0,0,7.3603013e-07
0,0,1.3349834e-06
0,0,2.0093918e-07
0,0,0.017950004
0,0,2.2074082e-06
0,0,3.8043177e-07
0,0,1.0136408e-06
0,0,4.228945e-07
0,0,4.5135704e-07
0,0,2.8202462e-07
0,0,8.4957156e-07
0,0,6.1915034e-07
0,0,9.1622695e-07
0,0,1.7810171e-06
0,0,9.826877e-07
0,0,5.0662277e-07
0,0,4.8683444e-07
0,0,7.8811473e-07
0,0,4.795039e-07
0,0,5.356767e-07
0,0,4.625346e-07
0,0,2.4182387e-07
0,0,1.255246e-06
0,0,1.6551144e-07
0,0,4.680641e-06
0,0,1.5447578e-06
0,0,2.1260743e-07
0,0,1.2493738e-06
0,0,1.7664311e-07
0,0,5.705208e-07
0,0,3.2653116e-07
0,0,4.8445617e-07
0,0,4.39412e-07
0,0,2.7642528e-07
0,0,3.7061324e-07
0,0,9.877049e-07
0,0,6.521115e-07
0,0,7.371935e-07
0,0,9.860682e-07
0,0,4.946057e-07
0,0,1.6403683e-06
0,0,2.1599011e-07
0,0,9.980762e-07
0,0,5.7571697e-07
0,0,2.1250294e-06
0,0,6.6929e-07
0,0,1.5648729e-07
0,0,2.3113759e-07
0,0,9.9269e-07
0,0,4.7553974e-07
0,0,8.947832e-07
0,0,4.4174917e-06
0,0,3.7550404e-07
0,0,5.2952424e-07
0,0,3.1098185e-07
0,0,2.8935048e-07
0,0,1.6304117e-06
0,0,3.3359154e-07
0,0,7.629039e-07
0,0,6.0395644e-07
0,0,6.4023385e-07
0,0,4.5373332e-07
0,0,3.1056472e-06
0,0,4.287037e-07
0,0,8.9982433e-07
0,0,1.0485805e-06
0,0,3.9446533e-07
0,0,3.3137295e-07
0,0,5.583852e-07
0,0,4.820937e-07
0,0,7.083647e-07
0,0,5.929768e-07
0,0,5.7758507e-07
0,0,4.063277e-07
0,0,2.633878e-07
0,0,2.3418556e-07
0,0,2.962204e-07
0,0,1.1308302e-06
0,0,6.834395e-07
0,0,7.7722405e-07
0,0,2.8246794e-07
0,0,3.5730898e-07
0,0,4.2095024e-07
0,0,2.4878032e-06
0,0,6.054645e-07
0,0,3.0658094e-07
0,0,1.9757768e-07
0,0,1.2208523e-06
0,0,1.5324146e-07
0,0,1.1522928e-06
0,0,8.2287335e-07
0,0,5.7608e-07
0,0,1.5878433e-06
0,0,1.5112647e-06
0,0,7.929965e-07
0,0,1.4041927e-06
0,0,6.052786e-07
0,0,3.1686298e-07
0,0,5.3635557e-07
0,0,5.287865e-07
0,0,3.40595e-07
0,0,0.44963816
0,0,3.3588265e-07
0,0,1.0155848e-06
0,0,2.0170037e-06
0,0,3.2087428e-07
0,0,4.6236434e-07
0,0,5.0575863e-07
0,0,7.443037e-07
0,0,3.3480393e-07
0,0,4.0324983e-07
0,0,4.7746056e-07
0,0,4.2391525e-07
0,0,4.7622999e-07
0,0,3.963179e-07
0,0,5.9482664e-07
0,0,3.4907654e-07
0,0,1.4053302e-06
0,0,8.710433e-07
0,0,1.4267191e-06
0,0,1.346938e-06
0,0,8.2262454e-07
0,0,3.839875e-07
0,0,3.2634068e-07
0,0,7.0782454e-07
0,0,4.198557e-07
0,0,7.7722405e-07
0,0,5.158898e-07
0,0,4.7832054e-07
0,0,3.030268e-07
0,0,4.4319104e-06
0,0,5.7830823e-07
0,0,1.4539945e-06
0,0,4.0411874e-07
0,0,6.4133195e-07
0,0,5.4291246e-07
0,0,1.6867368e-07
0,0,3.2689758e-07
0,0,1.0905374e-06
0,0,3.6645864e-07
0,0,2.385389e-06
0,0,2.8001834e-06
0,0,1.3212461e-06
0,0,3.6931027e-07
0,0,9.259138e-07
0,0,8.065382e-07
0,0,3.853132e-07
0,0,1.681472e-06
0,0,3.25069e-07
0,0,9.2950495e-07
0,0,5.271792e-07
0,0,1.3911475e-06
0,0,2.2956083e-06
0,0,7.119861e-07
0,0,7.390899e-07
0,0,1.2884739e-06
0,0,2.0758318e-07
0,0,1.4500092e-06
0,0,9.986455e-07
0,0,6.724019e-07
0,0,2.1883814e-07
0,0,6.9265474e-07
0,0,6.997329e-07
0,0,2.742686e-06
0,0,6.024883e-07
0,0,8.6550784e-07
0,0,2.5791683e-06
0,0,3.5619374e-07
0,0,4.1713176e-07
0,0,4.651125e-07
0,0,2.3149715e-07
0,0,5.364538e-07
0,0,0.21228932
0,0,4.9222086e-07
0,0,5.409914e-07
0,0,5.110917e-07
0,0,2.3410405e-07
0,0,1.0910845e-06
0,0,6.5572914e-07
0,0,5.5034826e-07
0,0,6.549136e-07
0,0,9.463456e-07
0,0,4.391284e-07
0,0,2.959945e-07
0,0,4.5668835e-07
0,0,0.16921206
0,0,1.3615819e-07
0,0,1.6565498e-06
0,0,1.5420008e-07
0,0,1.0654692e-06
0,0,8.019486e-07
0,0,2.8697474e-07
0,0,5.877392e-07
0,0,8.5079023e-07
0,0,2.715007e-07
0,0,3.6877987e-07
0,0,7.375999e-07
0,0,2.4431068e-07
0,0,8.199905e-07
0,0,1.6560317e-06
0,0,3.127627e-06
0,0,4.438647e-07
0,0,4.4671087e-06
0,0,9.2936524e-08
0,0,3.1157379e-07
0,0,5.952074e-07
0,0,6.0048694e-07
0,0,3.103783e-07
0,0,3.854051e-07
0,0,5.351151e-07
0,0,4.4000538e-07
0,0,2.620981e-07
0,0,6.3956384e-07
0,0,1.155903e-06
0,0,1.250313e-06
0,0,3.0368554e-07
0,0,5.712226e-07
0,0,4.2909966e-07
0,0,3.81959e-07
0,0,1.6213086e-06
0,0,9.3469095e-07
0,0,2.2549193e-07
0,0,5.8629035e-07
0,0,6.910494e-07
0,0,1.778093e-06
0,0,2.6562677e-07
0,0,8.574238e-07
0,0,2.222872e-06
0,0,1.3466619e-06
0,0,1.4839604e-07
0,0,4.5426196e-07
0,0,4.9558446e-07
0,0,2.3712246e-06
0,0,2.4937862e-07
0,0,2.8239922e-06
0,0,2.8405015e-07
0,0,8.067605e-07
0,0,5.0277464e-07
0,0,9.772606e-07
0,0,8.227054e-07
0,0,4.244513e-07
0,0,7.082384e-07
0,0,5.6279043e-07
0,0,5.9806766e-06
0,0,4.776969e-07
0,0,1.6614987e-06
0,0,2.981635e-06
0,0,2.3369103e-06
0,0,1.046798e-06
0,0,5.506664e-07
0,0,1.9155694e-07
0,0,6.1900863e-07
0,0,1.9837879e-07
0,0,1.4293909e-07
0,0,1.504542e-06
0,0,6.575703e-07
0,0,4.532058e-06
0,0,5.361126e-07
0,0,6.410189e-07
0,0,2.5194961e-07
0,0,3.699751e-07
0,0,1.2548821e-06
0,0,8.4698604e-07
0,0,2.3104049e-06
0,0,0.39389586
0,0,6.045286e-07
0,0,2.5620761e-06
0,0,2.7955355e-07
0,0,1.6554159e-07
0,0,1.0701209e-06
0,0,5.508198e-07
0,0,3.3126742e-07
0,0,6.8027276e-07
0,0,2.8284884e-07
0,0,4.3872575e-07
0,0,5.770054e-07
0,0,1.4033989e-06
0,0,4.010278e-07
0,0,9.0111166e-07
0,0,3.6493563e-07
0,0,8.0411206e-07
0,0,3.796312e-07
0,0,1.0899374e-06
0,0,4.2974793e-07
0,0,2.3315467e-07
0,0,1.1530777e-06
0,0,8.507927e-07
0,0,1.7169825e-06
0,0,3.9077117e-06
0,0,5.0811934e-07
0,0,1.5186679e-06
0,0,2.622126e-07
0,0,3.7994448e-07
0,0,2.311367e-07
0,0,6.353933e-07
0,0,2.6613593e-06
0,0,3.8422155e-07
0,0,1.6528413e-07
0,0,7.1277015e-07
0,0,3.1786828e-06
0,0,1.2447866e-06
0,0,4.3553825e-07
0,0,4.6342382e-07
0,0,3.1963734e-07
0,0,3.702395e-06
0,0,2.427738e-07
0,0,3.9171522e-07
0,0,3.2107508e-07
0,0,7.232735e-07
0,0,7.6453824e-07
0,0,1.1667545e-06
0,0,4.474693e-07
0,0,3.9438635e-07
0,0,5.7410995e-07
0,0,1.8626932e-06
0,0,1.0169716e-06
0,0,7.1721183e-07
0,0,6.4799514e-07
0,0,1.0173151e-06
0,0,6.841928e-07
0,0,3.4860514e-07
0,0,6.675485e-07
0,0,2.5644692e-07
0,0,7.0483577e-07
0,0,4.7568258e-07
0,0,2.3794973e-06
0,0,3.7676597e-07
0,0,4.315949e-07
0,0,7.232769e-07
0,0,1.4509914e-06
0,0,4.0790596e-07
0,0,3.857e-07
0,0,1.4312162e-06
0,0,7.060507e-07
0,0,9.1070564e-07
0,0,1.2153224e-07
0,0,3.0489886e-07
0,0,6.5910723e-07
0,0,5.3651826e-07
0,0,9.866702e-07
0,0,6.8896406e-07
0,0,5.474441e-07
0,0,5.568929e-07
0,0,6.038413e-07
0,0,3.0558587e-07
0,0,5.835804e-07
0,0,3.5667751e-06
0,0,1.7908192e-07
0,0,1.2866566e-06
0,0,1.026697e-06
0,0,4.1666624e-07
0,0,0.002026012
0,0,1.8588464e-07
0,0,7.407368e-07
0,0,1.5304037e-06
0,0,3.4588928e-07
0,0,1.7977544e-07
0,0,4.8770715e-07
0,0,1.3472797e-06
0,0,6.581707e-07
0,0,4.1735225e-07
0,0,4.1934229e-07
0,0,5.8709327e-07
0,0,5.8264555e-07
0,0,4.392876e-07
0,0,7.176915e-07
0,0,3.7702762e-07
0,0,3.7071152e-07
0,0,3.0063222e-07
0,0,2.695891e-07
0,0,2.183924e-07
0,0,3.5143745e-07
0,0,2.9876074e-07
0,0,1.1339902e-06
0,0,5.378733e-07
0,0,3.8531394e-07
0,0,7.585076e-07
0,0,5.4117714e-07
0,0,5.513606e-07
0,0,1.3720245e-06
0,0,1.6763836e-06
0,0,4.4259488e-07
0,0,4.2529732e-07
0,0,4.5006152e-07
0,0,8.6899064e-07
0,0,5.560237e-07
0,0,2.2396705e-07
0,0,8.5465786e-07
0,0,1.4204943e-06
0,0,2.6187823e-07
0,0,4.5324373e-07
0,0,2.4312606e-06
0,0,9.781174e-07
0,0,5.905214e-07
0,0,6.4466604e-07
0,0,8.250114e-07
0,0,2.511855e-07
0,0,4.4095137e-07
0,0,9.695575e-07
0,0,7.489961e-07
0,0,7.207368e-07
0,0,2.1822489e-06
0,0,2.6815164e-07
0,0,3.2817547e-07
0,0,4.829901e-07
0,0,6.5231364e-07
0,0,1.7432562e-07
0,0,6.98698e-07
0,0,4.183752e-07
0,0,2.7428692e-07
0,0,2.7023958e-07
0,0,4.881687e-07
0,0,2.9873388e-06
0,0,5.9919813e-07
0,0,2.1790765e-07
0,0,4.3060453e-07
0,0,3.6561386e-07
0,0,1.071339e-06
0,0,2.3563682e-07
0,0,1.9206398e-06
0,0,6.798635e-07
0,0,3.6558214e-07
0,0,3.2997087e-07
0,0,8.1639416e-07
0,0,2.4231375e-07
0,0,6.0686057e-07
0,0,1.5418831e-07
0,0,7.242619e-07
0,0,3.8205008e-07
0,0,2.4582704e-07
0,0,4.8555427e-07
0,0,1.5257418e-06
0,0,1.1367664e-06
0,0,2.0713896e-06
0,0,6.735057e-07
0,0,3.3427207e-07
0,0,5.0510357e-07
0,0,2.7169003e-07
0,0,5.537149e-07
0,0,1.083643e-06
0,0,3.1624609e-06
0,0,4.6129635e-06
0,0,6.654141e-07
0,0,1.3759397e-06
0,0,3.601104e-06
0,0,4.2979013e-07
0,0,1.784186e-06
0,0,4.7115373e-07
0,0,4.4603132e-07
0,0,2.8645138e-07
0,0,7.2786804e-07
0,0,1.2637767e-06
0,0,5.3437714e-07
0,0,3.4429772e-07
0,0,1.1026906e-06
0,0,3.867335e-07
0,0,1.2428366e-06
0,0,9.011521e-07
0,0,4.1679021e-07
0,0,1.3511218e-06
0,0,5.768403e-07
0,0,9.868858e-07
0,0,7.08412e-07
0,0,5.6431406e-07
0,0,2.955198e-07
0,0,4.117102e-07
0,0,1.1655421e-06
0,0,2.2660863e-07
0,0,9.1733557e-07
0,0,5.3353335e-07
0,0,4.550073e-07
0,0,1.7337492e-06
0,0,3.4251747e-07
0,0,1.3450394e-06
0,0,2.9218555e-07
0,0,2.1105453e-07
0,0,1.1634145e-06
0,0,3.8436448e-07
0,0,1.1106557e-06
0,0,7.4714194e-07
0,0,4.235528e-07
0,0,2.898523e-07
0,0,3.1415647e-07
0,0,4.638748e-07
0,0,2.3664164e-07
0,0,1.1398059e-06
0,0,9.675347e-07
0,0,1.4615517e-06
0,0,3.0773294e-06
0,0,5.824961e-07
0,0,1.7722239e-07
0,0,5.548948e-07
0,0,3.041876e-07
0,0,1.2108237e-06
0,0,6.520947e-07
0,0,3.7404757e-07
0,0,1.6668981e-06
0,0,1.0628103e-06
0,0,3.3030273e-07
0,0,3.196797e-07
0,0,2.835297e-07
0,0,1.4188723e-06
0,0,3.0607177e-07
0,0,2.6014797e-07
0,0,3.7735714e-07
0,0,1.3602611e-06
0,0,1.967272e-06
0,0,4.898439e-07
0,0,5.1096697e-07
0,0,6.5611005e-07
0,0,1.0527579e-06
0,0,7.7060446e-07
0,0,1.117613e-06
0,0,5.112092e-07
0,0,1.916046e-06
0,0,5.226798e-07
0,0,4.3008043e-07
0,0,3.5576835e-07
0,0,2.9764024e-07
0,0,8.755657e-07
0,0,4.4371527e-07
0,0,3.4922172e-07
0,0,6.714381e-07
0,0,6.185737e-07
0,0,4.529646e-07
0,0,4.559081e-07
0,0,1.4160119e-06
0,0,7.2546123e-07
0,0,9.70291e-07
0,0,1.1940018e-06
0,0,1.2796057e-06
0,0,5.447723e-07
0,0,4.6777308e-07
0,0,2.0931636e-06
0,0,7.8974074e-07
0,0,1.2266011e-06
0,0,5.609402e-07
0,0,1.9497364e-07
0,0,6.699727e-07
0,0,7.041712e-07
0,0,4.7028553e-07
0,0,2.9068553e-07
0,0,6.420627e-07
0,0,3.9753374e-07
0,0,1.7545091e-06
0,0,4.979128e-07
0,0,6.149124e-07
0,0,4.4150136e-07
0,0,5.3166013e-07
0,0,8.620957e-07
0,0,3.1604603e-07
0,0,1.4201489e-06
0,0,5.977222e-07
0,0,7.321908e-07
0,0,1.5617032e-07
0,0,0.0001816232
0,0,2.083696e-07
0,0,3.5414416e-07
0,0,3.8687924e-07
0,0,4.2697408e-07
0,0,3.567203e-07
0,0,2.445263e-07
0,0,4.472176e-07
0,0,6.8220817e-07
0,0,1.294346e-06
0,0,8.8491043e-07
0,0,7.978339e-07
0,0,1.7790429e-06
0,0,8.8232935e-07
0,0,6.04486e-07
0,0,7.520567e-07
0,0,1.6201663e-07
0,0,4.423071e-07
0,0,3.5702255e-06
0,0,3.7265255e-07
0,0,3.470014e-07
0,0,3.1830254e-07
0,0,4.8536026e-07
0,0,3.6907613e-07
0,0,6.394107e-07
0,0,1.3016407e-06
0,0,3.795045e-06
0,0,3.6832506e-07
0,0,5.5152253e-07
0,0,7.9108924e-07
0,0,8.991999e-07
0,0,7.8774883e-07
0,0,3.994278e-07
0,0,1.401481e-06
0,0,2.5573036e-07
0,0,6.9166987e-07
0,0,2.2192985e-06
0,0,4.393982e-07
0,0,5.5568654e-07
0,0,4.774405e-07
0,0,3.8775755e-07
0,0,1.4862819e-06
0,0,6.135288e-07
0,0,6.687483e-07
0,0,3.0942651e-06
0,0,2.0474815e-06
0,0,4.715916e-06
0,0,3.5267132e-07
0,0,1.3063029e-06
0,0,2.7903893e-06
0,0,1.2394288e-06
0,0,3.2265098e-07
0,0,4.551331e-07
0,0,1.0803205e-06
0,0,1.3997618e-06
0,0,5.249317e-07
0,0,3.194639e-07
0,0,2.1270369e-06
0,0,8.0082435e-07
0,0,4.5943256e-07
0,0,5.661528e-07
0,0,9.893057e-07
0,0,5.8312474e-07
0,0,1.6373378e-06
0,0,1.2164986e-06
0,0,5.0310416e-07
0,0,1.8609003e-07
0,0,1.7547047e-06
0,0,1.7200701e-06
0,0,6.2165185e-07
0,0,4.1573824e-07
0,0,2.0276254e-07
0,0,3.9461318e-07
0,0,7.072935e-07
0,0,1.7822218e-06
0,0,9.827861e-07
0,0,8.003968e-07
0,0,3.201987e-07
0,0,1.7122242e-07
0,0,5.374867e-07
0,0,4.906012e-07
0,0,3.2199958e-07
0,0,1.385777e-06
0,0,2.1797145e-07
0,0,2.6301805e-07
0,0,5.711343e-07
0,0,2.8879194e-07
0,0,2.73758e-07
0,0,3.8503734e-07
0,0,4.469916e-07
0,0,5.410713e-07
0,0,3.1297049e-07
0,0,3.5289472e-07
0,0,3.148235e-07
0,0,7.289962e-07
0,0,7.7880674e-07
0,0,2.883805e-07
0,0,4.2428817e-07
0,0,1.4211136e-06
0,0,8.2731674e-07
0,0,1.2400018e-07
0,0,3.3654828e-07
0,0,3.4684194e-07
0,0,3.118895e-07
0,0,4.782243e-07
0,0,9.922632e-07
0,0,3.3585638e-07
0,0,2.0313505e-06
0,0,4.7427565e-07
0,0,8.5959505e-07
0,0,6.345558e-07
0,0,2.0594183e-07
0,0,1.5270374e-06
0,0,4.4492634e-07
0,0,3.0871677e-06
0,0,1.4845139e-07
0,0,2.3018692e-06
0,0,8.684778e-07
0,0,4.393831e-07
0,0,3.87214e-07
0,0,6.1434906e-07
0,0,3.2013122e-07
0,0,1.2256107e-06
0,0,5.9807e-07
0,0,4.3771144e-07
0,0,1.3036122e-06
0,0,1.0976324e-06
0,0,9.68929e-07
0,0,9.73433e-07
0,0,3.780365e-07
0,0,7.712367e-07
0,0,0.000105496445
0,0,4.1504458e-07
0,0,7.738928e-07
0,0,5.756637e-07
0,0,2.3378969e-07
0,0,1.6149922e-06
0,0,5.58012e-07
0,0,5.249893e-07
0,0,9.122529e-07
0,0,4.807833e-07
0,0,8.334453e-07
0,0,1.0040831e-06
0,0,3.514311e-07
0,0,4.1113384e-07
0,0,1.5518733e-06
0,0,7.741223e-07
0,0,4.9223075e-07
0,0,2.4915138e-07
0,0,6.1824403e-07
0,0,9.563099e-07
0,0,3.1644896e-07
0,0,2.0115642e-07
0,0,4.1813905e-07
0,0,1.0560027e-06
0,0,6.393772e-07
0,0,7.481901e-07
0,0,1.2920891e-06
0,0,4.1050933e-07
0,0,5.84984e-07
0,0,7.38372e-07
0,0,6.0299874e-07
0,0,7.5690843e-07
0,0,6.134018e-07
0,0,4.012221e-07
0,0,9.0486367e-07
0,0,4.937776e-07
0,0,2.2824288e-07
0,0,7.0942144e-07
0,0,7.101111e-07
0,0,9.691258e-07
0,0,5.7153096e-07
0,0,6.1597297e-07
0,0,1.0854035e-06
0,0,5.254706e-07
0,0,4.0702103e-06
0,0,2.2761425e-07
0,0,3.0045453e-07
0,0,1.7691655e-06
0,0,5.336947e-07
0,0,1.6304071e-07
0,0,1.6276248e-07
0,0,1.0324932e-06
0,0,4.4788936e-07
0,0,4.9931464e-07
0,0,6.8442836e-07
0,0,8.3367115e-07
0,0,1.55116e-07
0,0,9.962668e-08
0,0,7.7840207e-07
0,0,2.1296641e-07
0,0,4.520536e-07
0,0,6.326006e-07
0,0,9.109888e-07
0,0,9.25168e-07
0,0,4.21774e-07
0,0,1.277846e-06
0,0,3.0122803e-07
0,0,7.280416e-07
0,0,1.3438329e-06
0,0,1.4585606e-07
0,0,2.8949233e-07
0,0,6.803266e-07
0,0,9.5336236e-07
0,0,5.128563e-07
0,0,4.547613e-07
0,0,1.6078264e-06
0,0,1.2135091e-06
0,0,1.0486285e-06
0,0,1.0984492e-06
0,0,2.419298e-06
0,0,1.3378076e-06
0,0,1.1500522e-06
0,0,3.9985005e-07
0,0,6.3824524e-07
0,0,1.6548792e-06
0,0,1.7910787e-07
0,0,1.1485866e-06
0,0,8.089695e-08
0,0,1.1536453e-06
0,0,1.2634055e-06
0,0,2.1027962e-07
0,0,3.7409356e-07
0,0,0.27224687
0,0,3.4435584e-07
0,0,2.6645745e-07
0,0,3.893818e-07
0,0,5.419461e-07
0,0,9.381434e-07
0,0,6.0578674e-07
0,0,3.507835e-07
0,0,1.1646911e-06
0,0,5.2478805e-07
0,0,1.4227245e-06
0,0,2.8259782e-07
0,0,3.5926206e-07
0,0,9.508146e-07
0,0,1.7045895e-07
0,0,1.0259467e-07
0,0,2.809747e-07
0,0,4.0662968e-07
0,0,4.8177566e-07
0,0,2.029542e-06
0,0,1.5290483e-07
0,0,4.7514257e-07
0,0,2.602845e-06
0,0,3.1222072e-07
0,0,9.07226e-07
0,0,1.4169424e-07
0,0,7.4005544e-07
0,0,2.281158e-07
0,0,4.5312228e-07
0,0,4.3273243e-07
0,0,5.246274e-07
0,0,3.7965867e-07
0,0,1.380253e-06
0,0,5.476096e-07
0,0,3.1310592e-06
0,0,1.2702751e-06
0,0,1.3290929e-06
0,0,6.5344375e-07
0,0,2.9159597e-07
0,0,1.1894739e-06
0,0,2.8157606e-06
0,0,6.008112e-07
0,0,8.2869076e-07
0,0,7.315075e-07
0,0,9.525272e-07
0,0,7.1498204e-07
0,0,1.6050213e-06
0,0,1.3175783e-06
0,0,2.0393095e-07
0,0,5.1109515e-07
0,0,1.5807723e-06
0,0,8.124454e-07
0,0,2.1665214e-07
0,0,1.7713787e-06
0,0,6.2154936e-07
0,0,7.5178275e-07
0,0,1.6719592e-06
0,0,8.5643734e-07
0,0,8.85846e-07
0,0,7.179735e-07
0,0,2.0620157e-06
0,0,3.3958092e-06
0,0,6.196672e-07
0,0,1.7770758e-06
0,0,5.371157e-07
0,0,5.342431e-07
0,0,2.522778e-07
0,0,7.698699e-07
0,0,3.5565978e-07
0,0,9.1243385e-07
0,0,1.0978827e-06
0,0,8.1473746e-07
0,0,4.1097468e-07
0,0,7.6373163e-07
0,0,1.5995814e-06
0,0,8.8358314e-07
0,0,6.679306e-07
0,0,7.098011e-07
0,0,7.439758e-07
0,0,2.2689494e-07
0,0,1.2581825e-06
0,0,4.2805127e-07
0,0,8.127306e-07
0,0,5.126206e-07
0,0,1.4379282e-06
0,0,3.423372e-07
0,0,1.0854169e-06
0,0,2.8076013e-07
0,0,2.8110495e-07
0,0,1.47471e-06
0,0,2.234235e-07
0,0,6.7468534e-07
0,0,5.2583806e-07
0,0,7.830922e-06
0,0,4.5017356e-07
0,0,3.606692e-07
0,0,2.06995e-06
0,0,2.2358151e-06
0,0,8.6931885e-07
0,0,3.6621722e-07
0,0,7.143128e-07
0,0,7.3396023e-07
0,0,8.319453e-07
0,0,2.6925866e-07
0,0,0.00062802434
0,0,1.3536625e-06
0,0,3.0675702e-07
0,0,3.3801894e-07
0,0,7.110077e-07
0,0,5.203035e-07
0,0,1.7396357e-07
0,0,4.0050725e-07
0,0,1.0777921e-06
0,0,6.9463863e-07
0,0,5.321238e-07
0,0,1.1684225e-06
0,0,2.9886814e-07
0,0,3.6365228e-07
0,0,5.973153e-07
0,0,6.400556e-07
0,0,3.146107e-07
0,0,6.4698554e-07
0,0,8.502792e-07
0,0,2.058417e-07
0,0,3.852041e-07
0,0,1.2480419e-07
0,0,6.6583755e-07
0,0,2.3325615e-06
0,0,2.6045382e-07
0,0,5.542041e-07
0,0,7.1836115e-07
0,0,2.7182585e-07
0,0,1.9808179e-07
0,0,5.2372656e-07
0,0,1.265628e-06
0,0,2.3819496e-06
0,0,7.673315e-07
0,0,7.077894e-07
0,0,1.0617567e-06
0,0,1.4312149e-06
0,0,4.3230116e-06
0,0,9.511257e-07
0,0,7.414712e-07
0,0,9.93857e-07
0,0,1.8850419e-06
0,0,9.0527027e-07
0,0,5.2817063e-07
0,0,1.786769e-06
0,0,6.5723486e-07
0,0,1.3905533e-06
0,0,8.6220757e-07
0,0,1.0353092e-06
0,0,5.0733007e-07
0,0,3.1063344e-06
0,0,2.9840706e-07
0,0,1.5093607e-06
0,0,3.0614095e-07
0,0,6.23744e-07
0,0,1.0247612e-06
0,0,2.3433478e-07
0,0,4.990914e-07
0,0,1.2259006e-06
0,0,9.186715e-07
0,0,6.433818e-07
0,0,2.4344178e-07
0,0,4.3721246e-07
0,0,1.1734957e-06
0,0,5.723546e-07
0,0,4.4671285e-07
0,0,6.141757e-07
0,0,6.57352e-07
0,0,8.103631e-07
0,0,8.0999536e-07
0,0,2.3298494e-06
0,0,6.416532e-07
0,0,2.0413816e-07
0,0,3.24401e-07
0,0,3.7649872e-07
0,0,3.2804044e-06
0,0,4.973239e-07
0,0,4.2563815e-07
0,0,4.3679657e-07
0,0,5.0360006e-07
0,0,1.2133181e-06
0,0,2.4064644e-07
0,0,1.625749e-07
0,0,4.852765e-07
0,0,3.1055566e-07
0,0,1.9510682e-07
0,0,4.232185e-07
0,0,7.1952053e-07
0,0,1.1106579e-06
0,0,6.419359e-07
0,0,3.6491477e-07
0,0,1.7058269e-06
0,0,8.528024e-07
0,0,5.352998e-07
0,0,9.993086e-07
0,0,1.3674187e-06
0,0,1.1264393e-07
0,0,6.605999e-07
0,0,6.87949e-07
0,0,4.2121846e-07
0,0,6.322049e-07
0,0,5.3079026e-07
0,0,6.75561e-07
0,0,5.667394e-07
0,0,2.8318998e-06
0,0,1.3495905e-06
0,0,1.4988635e-06
0,0,2.0827833e-06
0,0,3.552747e-07
0,0,7.587919e-07
0,0,2.3654175e-06
0,0,5.9985734e-07
0,0,4.7306276e-07
0,0,6.201721e-07
0,0,1.7916525e-06
0,0,1.5835592e-07
0,0,6.764255e-07
0,0,1.0343933e-06
0,0,7.22181e-07
0,0,3.4455164e-07
0,0,1.4842083e-06
0,0,7.2821035e-07
0,0,9.992629e-07
0,0,1.6509241e-06
0,0,1.5126519e-06
0,0,7.6409873e-07
0,0,1.9216252e-06
0,0,9.791236e-07
0,0,9.281523e-07
0,0,6.7871235e-07
0,0,4.764576e-06
0,0,1.3980299e-07
0,0,5.83547e-07
0,0,2.3868014e-07
0,0,2.2481362e-07
0,0,1.847014e-07
0,0,1.9957217e-07
0,0,5.7698554e-07
0,0,8.3651025e-07
0,0,2.7552173e-06
0,0,4.300341e-07
0,0,7.271957e-07
0,0,2.1258695e-07
0,0,2.2077778e-07
0,0,3.1588212e-07
0,0,1.1671239e-06
0,0,3.321918e-07
0,0,1.9525232e-06
0,0,8.1996154e-07
0,0,1.5532163e-06
0,0,9.443595e-07
0,0,4.789541e-07
0,0,1.7962927e-07
0,0,5.693392e-07
0,0,4.3770768e-07
0,0,1.4342934e-06
0,0,2.2991971e-06
0,0,1.7628329e-06
0,0,9.827523e-07
0,0,1.6838613e-06
0,0,1.7268763e-06
0,0,6.802144e-07
0,0,4.902748e-07
0,0,2.896293e-07
0,0,2.6084632e-07
0,0,9.782975e-07
0,0,1.3173659e-06
0,0,5.5917815e-07
0,0,1.4353004e-06
0,0,2.5005377e-07
0,0,4.1021462e-07
0,0,1.1162816e-06
0,0,2.7882882e-07
0,0,5.731324e-07
0,0,3.1427572e-07
0,0,1.2112764e-06
0,0,9.717421e-07
0,0,1.8620964e-06
0,0,3.168089e-07
0,0,3.291559e-07
0,0,2.9084194e-07
0,0,2.7095725e-06
0,0,1.7268896e-06
0,0,3.325018e-07
0,0,3.434392e-07
0,0,4.82348e-07
0,0,1.1526555e-06
0,0,1.1106715e-06
0,0,3.6794802e-07
0,0,1.522068e-06
0,0,7.8776986e-07
0,0,2.2836816e-06
0,0,5.418221e-07
0,0,9.210419e-07
0,0,6.561783e-07
0,0,1.743005e-06
0,0,9.314643e-07
0,0,7.595782e-07
0,0,7.7263024e-07
0,0,3.3944838e-07
0,0,4.358509e-06
0,0,1.0153223e-06
0,0,1.1204924e-06
0,0,1.1728597e-07
0,0,4.3213242e-07
0,0,3.9053504e-07
0,0,1.0330053e-06
0,0,8.0062046e-07
0,0,5.5009065e-07
0,0,4.964861e-07
0,0,3.2018497e-07
0,0,2.1992396e-07
0,0,9.2970976e-07
0,0,3.812137e-07
0,0,4.211851e-07
0,0,1.5683526e-06
0,0,1.5549072e-07
0,0,4.1850367e-07
0,0,1.2125558e-06
0,0,1.4470378e-06
0,0,1.7087708e-06
0,0,7.061262e-07
0,0,9.510395e-07
0,0,3.7050052e-07
0,0,7.160561e-07
0,0,1.2740956e-06
0,0,1.1027621e-06
0,0,1.7669788e-07
0,0,1.0581233e-05
0,0,4.794596e-07
0,0,2.9787708e-07
0,0,1.0961868e-06
0,0,1.0534538e-06
0,0,5.51083e-07
0,0,3.660367e-07
0,0,5.976082e-07
0,0,1.0949121e-06
0,0,3.6828678e-07
0,0,1.1169311e-06
0,0,2.9445417e-07
0,0,3.589761e-07
0,0,1.9472625e-06
0,0,2.4878238e-07
0,0,2.363782e-07
0,0,7.519262e-07
0,0,4.9305436e-07
0,0,3.4950025e-07
0,0,1.7992896e-07
0,0,2.5574693e-07
0,0,2.5565694e-07
0,0,4.8486663e-07
0,0,3.7923496e-07
0,0,1.7591938e-07
0,0,1.7859006e-07
0,0,4.822284e-07
0,0,2.8624413e-07
0,0,1.0685474e-06
0,0,8.843157e-07
0,0,2.3277386e-07
0,0,5.9423695e-07
0,0,6.1494524e-07
0,0,2.7632748e-07
0,0,1.1379129e-06
0,0,1.1870827e-06
0,0,4.5474917e-07
0,0,1.6779414e-07
0,0,3.1725787e-07
0,0,2.9040015e-07
0,0,5.3651263e-07
0,0,9.66771e-07
0,0,5.1586915e-07
0,0,1.5307307e-06
0,0,1.3325096e-06
0,0,7.206007e-07
0,0,0.0018625151
0,0,2.872222e-06
0,0,1.217665e-06
0,0,9.544877e-07
0,0,1.0004109e-06
0,0,1.4684254e-07
0,0,9.4809906e-07
0,0,3.8536834e-07
0,0,2.9070023e-07
0,0,1.8860794e-06
0,0,2.9218637e-07
0,0,8.6442805e-07
0,0,4.734491e-07
0,0,9.02727e-07
0,0,7.8962245e-07
0,0,2.3604555e-06
0,0,8.333762e-07
0,0,7.925013e-07
0,0,7.515283e-07
0,0,4.741282e-07
0,0,3.7748816e-07
0,0,1.6019477e-06
0,0,2.705054e-07
0,0,2.4359927e-06
0,0,2.1708937e-07
0,0,2.847108e-07
0,0,3.7729595e-07
0,0,3.0517495e-07
0,0,1.3998713e-06
0,0,2.2904706e-07
0,0,2.9678228e-07
0,0,7.4375515e-07
0,0,3.084776e-07
0,0,5.8151755e-07
0,0,1.3921988e-06
0,0,1.6891852e-07
0,0,5.405751e-07
0,0,8.555419e-07
0,0,3.1337772e-06
0,0,1.3036681e-06
0,0,9.1508207e-07
0,0,5.1251794e-07
0,0,9.180576e-07
0,0,8.186315e-06
0,0,5.04446e-07
0,0,6.386258e-07
0,0,6.0595954e-07
0,0,3.1925865e-07
0,0,2.5492315e-07
0,0,1.5928757e-06
0,0,2.5502115e-07
0,0,2.2917118e-07
0,0,2.5372765e-07
0,0,3.3587688e-07
0,0,2.4931157e-07
0,0,4.7271595e-07
0,0,1.4525074e-06
0,0,3.412778e-07
0,0,3.7664418e-07
0,0,4.3667202e-07
0,0,7.116793e-07
0,0,1.4048491e-06
0,0,1.1083807e-06
0,0,1.8678769e-06
0,0,1.9305935e-07
0,0,2.7620233e-06
0,0,8.9519466e-07
0,0,1.3966174e-07
0,0,2.5035945e-07
0,0,3.2735788e-06
0,0,3.942502e-07
0,0,3.9530173e-07
0,0,1.3107941e-06
0,0,1.8258405e-07
0,0,9.4400394e-07
0,0,3.0429436e-07
0,0,5.6856106e-07
0,0,8.819802e-07
0,0,2.6256842e-07
0,0,3.450044e-07
0,0,5.1906795e-07
0,0,1.7014856e-06
0,0,1.0543891e-07
0,0,4.526377e-07
0,0,5.7436404e-07
0,0,6.620404e-07
0,0,4.1852644e-07
0,0,2.5249224e-07
0,0,8.5141517e-07
0,0,6.682753e-07
0,0,7.978582e-07
0,0,5.81593e-07
0,0,1.0663169e-06
0,0,1.0924391e-06
0,0,2.0836305e-07
0,0,0.20037206
0,0,1.2497849e-06
0,0,2.896122e-07
0,0,6.697191e-07
0,0,6.4917657e-07
0,0,1.7386174e-07
0,0,3.22352e-07
0,0,4.164954e-07
0,0,1.9268153e-07
0,0,7.7751173e-07
0,0,3.134006e-07
0,0,3.2384955e-07
0,0,2.4342812e-06
0,0,1.8383641e-06
0,0,8.2043164e-07
0,0,2.2236362e-07
0,0,1.0916726e-06
0,0,4.7952676e-07
0,0,3.3721625e-07
0,0,4.224362e-07
0,0,6.074558e-07
0,0,5.236497e-07
0,0,1.0460915e-06
0,0,1.9054623e-06
0,0,2.3772128e-07
0,0,4.60207e-07
0,0,5.2928294e-07
0,0,2.499117e-07
0,0,6.151429e-07
0,0,4.8575663e-07
0,0,5.6610634e-07
0,0,3.4832365e-07
0,0,4.8991814e-07
0,0,2.343438e-06
0,0,1.0281011e-06
0,0,3.7336258e-07
0,0,6.7404676e-07
0,0,3.318198e-07
0,0,8.902814e-07
0,0,2.765956e-07
0,0,3.679838e-07
0,0,1.1517996e-06
0,0,6.658045e-07
0,0,3.6923245e-07
0,0,1.4165778e-06
0,0,9.742735e-07
0,0,4.6105615e-07
0,0,1.8146196e-07
0,0,3.5536382e-07
0,0,1.3972185e-06
0,0,1.0734079e-06
0,0,9.671269e-07
0,0,4.9186986e-07
0,0,2.3839169e-07
0,0,3.95871e-07
0,0,1.3675021e-06
0,0,3.4912114e-07
0,0,1.1147858e-06
0,0,1.8028758e-06
0,0,1.7684586e-06
0,0,1.0351246e-06
0,0,3.791319e-07
0,0,2.4798743e-07
0,0,3.7584115e-07
0,0,5.0223554e-07
0,0,2.7794525e-07
0,0,3.890774e-07
0,0,7.6449237e-07
0,0,0.059048023
0,0,3.4610707e-07
0,0,8.118754e-07
0,0,0.00085193483
0,0,4.5930378e-07
0,0,7.3732707e-07
0,0,3.240451e-07
0,0,5.7607895e-07
0,0,1.7788022e-07
0,0,1.0792465e-06
0,0,1.1739311e-06
0,0,2.3103996e-07
0,0,1.4070602e-06
0,0,2.6855496e-06
0,0,4.434505e-07
0,0,6.8553436e-07
0,0,2.7668714e-06
0,0,5.4016544e-07
0,0,9.65353e-07
0,0,1.0854293e-06
0,0,1.6480816e-06
0,0,1.0647002e-06
0,0,7.489218e-07
0,0,1.534721e-07
0,0,1.9705344e-07
0,0,7.096373e-07
0,0,6.557129e-07
0,0,3.045333e-07
0,0,2.660017e-07
0,0,1.6327581e-07
0,0,6.7662035e-07
0,0,1.325915e-07
0,0,3.261235e-07
0,0,6.7111483e-07
0,0,4.370403e-07
0,0,5.0092723e-07
0,0,1.2367132e-06
0,0,5.8606844e-07
0,0,4.873598e-07
0,0,1.1500423e-06
0,0,2.9204061e-06
0,0,5.362645e-07
0,0,2.8621818e-07
0,0,1.2821839e-07
0,0,5.581046e-07
0,0,6.525308e-07
0,0,6.294129e-07
0,0,6.2652873e-07
0,0,5.242618e-07
0,0,2.1662093e-07
0,0,5.151995e-07
0,0,5.109967e-07
0,0,1.5215193e-06
0,0,4.4430982e-07
0,0,2.385957e-07
0,0,7.437133e-07
0,0,4.611296e-07
0,0,5.0783257e-07
0,0,7.8590364e-07
0,0,2.1328624e-06
0,0,6.9968956e-07
0,0,3.633864e-06
0,0,2.764656e-07
0,0,4.5345948e-07
0,0,5.470088e-07
0,0,5.663688e-07
0,0,1.1347302e-06
0,0,7.588556e-07
0,0,8.788929e-07
0,0,3.821368e-07
0,0,1.2073702e-06
0,0,4.629066e-07
0,0,1.2963127e-06
0,0,6.163884e-07
0,0,8.987352e-07
0,0,2.4448875e-07
0,0,2.6487044e-06
0,0,4.837595e-07
0,0,3.7782092e-07
0,0,2.7478674e-07
0,0,1.0114478e-06
0,0,4.8008917e-07
0,0,1.0343756e-06
0,0,1.1325225e-06
0,0,3.3305082e-07
0,0,5.569317e-07
0,0,4.3361774e-07
0,0,6.636378e-08
0,0,2.4699472e-07
0,0,1.5065765e-06
0,0,8.432673e-07
0,0,2.6477343e-07
0,0,6.9571587e-07
0,0,3.2363744e-07
0,0,2.0515185e-07
0,0,4.1184805e-07
0,0,9.093865e-07
0,0,5.248621e-07
0,0,3.5376777e-07
0,0,1.8975992e-06
0,0,1.4773029e-06
0,0,7.109067e-07
0,0,7.3760344e-07
0,0,5.500476e-07
0,0,2.0197783e-07
0,0,4.510842e-07
0,0,4.6813324e-07
0,0,7.311476e-07
0,0,8.8893916e-07
0,0,4.1554716e-07
0,0,6.131527e-07
0,0,8.3737785e-07
0,0,9.685169e-07
0,0,5.901988e-07
0,0,4.8808494e-07
0,0,3.0410143e-07
0,0,2.4957924e-06
0,0,8.7788584e-07
0,0,5.281233e-07
0,0,6.004577e-07
0,0,1.1179659e-06
0,0,9.651045e-07
0,0,6.486165e-07
0,0,2.3403844e-07
0,0,8.301422e-07
0,0,4.0051563e-07
0,0,6.888182e-07
0,0,1.2591306e-06
0,0,5.978288e-07
0,0,7.6446315e-07
0,0,4.894717e-07
0,0,1.8703672e-06
0,0,1.1777662e-06
0,0,4.329661e-07
0,0,6.460576e-07
0,0,4.1250254e-07
0,0,2.779736e-06
0,0,4.0751323e-07
0,0,8.666476e-07
0,0,7.6520644e-07
0,0,2.6949246e-07
0,0,5.0307443e-07
0,0,4.952098e-07
0,0,9.901901e-07
0,0,5.089768e-07
0,0,2.3508689e-07
0,0,8.2313306e-07
0,0,2.3099972e-06
0,0,4.2780886e-07
0,0,3.1868888e-07
0,0,3.181453e-07
0,0,6.1587133e-07
0,0,1.4459341e-06
0,0,7.579248e-07
0,0,4.4078996e-07
0,0,1.1208355e-06
0,0,4.0384867e-07
0,0,2.1661701e-07
0,0,3.2587477e-07
0,0,5.730165e-07
0,0,1.9285895e-07
0,0,8.289753e-07
0,0,2.0012444e-06
0,0,4.402833e-07
0,0,5.0893993e-07
0,0,1.4982905e-06
0,0,4.2833793e-07
0,0,2.5013486e-07
0,0,1.6728397e-07
0,0,4.4364165e-07
0,0,6.833692e-07
0,0,4.8070996e-07
0,0,5.0343584e-07
0,0,5.13303e-07
0,0,4.21912e-07
0,0,3.1346605e-07
0,0,2.8903744e-07
0,0,9.712353e-07
0,0,3.6675622e-06
0,0,1.595273e-06
0,0,7.4473604e-07
0,0,1.078873e-06
0,0,2.893532e-06
0,0,4.5579127e-06
0,0,8.4440126e-07
0,0,1.7988503e-07
0,0,5.0916765e-07
0,0,2.6020604e-07
0,0,3.1142167e-07
0,0,3.614095e-07
0,0,7.8411296e-07
0,0,1.7943148e-06
0,0,3.166793e-07
0,0,1.7437499e-06
0,0,3.27802e-07
0,0,3.9948188e-07
0,0,9.676897e-07
0,0,6.5353345e-07
0,0,2.4864366e-07
0,0,4.6975754e-07
0,0,2.9989308e-06
0,0,2.0132832e-06
0,0,1.6303386e-06
0,0,2.4341668e-07
0,0,2.8626843e-07
0,0,6.5859575e-07
0,0,6.2586054e-07
0,0,1.2205108e-07
0,0,2.1064031e-07
0,0,4.3934372e-07
0,0,4.7557597e-07
0,0,7.9134577e-07
0,0,7.043029e-07
0,0,2.0482715e-07
0,0,3.1404414e-07
0,0,4.618408e-07
0,0,9.620876e-07
0,0,5.299441e-07
0,0,3.837887e-07
0,0,2.1118038e-07
0,0,1.1822078e-06
0,0,8.3067835e-07
0,0,9.479915e-07
0,0,3.9208481e-07
0,0,3.7307498e-07
0,0,2.2193757e-07
0,0,4.556543e-07
0,0,1.4726861e-06
0,0,7.5488856e-07
0,0,2.7517905e-07
0,0,6.738327e-07
0,0,6.8928546e-07
0,0,5.055195e-07
0,0,8.194034e-07
0,0,2.7458714e-07
0,0,5.18065e-07
0,0,3.1657e-07
0,0,6.651375e-07
0,0,1.4606125e-07
0,0,3.299328e-07
0,0,1.1231189e-06
0,0,1.0310192e-06
0,0,4.1371598e-07
0,0,8.3801785e-07
0,0,4.871475e-07
0,0,2.0830832e-06
0,0,3.2274482e-07
0,0,6.0625143e-07
0,0,0.000789325
0,0,3.927727e-07
0,0,1.962737e-06
0,0,4.0295845e-07
0,0,3.471828e-07
0,0,2.1103602e-07
0,0,1.1870121e-07
0,0,0.32405072
0,0,4.865838e-07
0,0,1.3439957e-06
0,0,1.485443e-06
0,0,1.8953621e-06
0,0,6.856049e-07
0,0,6.671971e-07
0,0,3.5308727e-07
0,0,1.6505242e-06
0,0,6.983469e-07
0,0,5.453644e-07
0,0,4.3132172e-07
0,0,4.2726822e-07
0,0,6.823955e-07
0,0,3.0605045e-07
0,0,1.5049622e-07
0,0,4.7784545e-07
0,0,5.878591e-07
0,0,1.3739555e-07
0,0,4.2705497e-06
0,0,6.63608e-07
0,0,3.0448857e-07
0,0,2.3755017e-07
0,0,2.6427546e-07
0,0,4.1245534e-07
0,0,4.7861124e-07
0,0,4.4263206e-07
0,0,6.209373e-07
0,0,6.042589e-07
0,0,4.5610295e-07
0,0,2.751683e-07
0,0,4.4300918e-07
0,0,4.2019414e-07
0,0,7.4344814e-07
0,0,3.0471458e-07
0,0,4.5778458e-07
0,0,7.5712514e-08
0,0,5.294041e-07
0,0,2.3551189e-07
0,0,5.16065e-07
0,0,4.4163988e-07
0,0,4.8412596e-07
0,0,1.2127803e-06
0,0,5.1479185e-07
0,0,4.4065337e-07
0,0,3.2660282e-07
0,0,8.180456e-07
0,0,9.704187e-07
0,0,1.2016955e-06
0,0,2.9381033e-06
0,0,7.3806996e-07
0,0,1.2630296e-06
0,0,4.7770516e-07
0,0,8.2294395e-07
0,0,1.0779997e-06
0,0,2.5703016e-06
0,0,4.3633193e-07
0,0,1.0361966e-07
0,0,5.2294354e-07
0,0,3.2184795e-07
0,0,1.188195e-06
0,0,7.742257e-07
0,0,1.5646237e-06
0,0,2.5688948e-07
0,0,0.0010084597
0,0,5.151508e-07
0,0,1.7683845e-06
0,0,1.1579816e-06
0,0,5.017836e-07
0,0,6.284521e-07
0,0,4.2504794e-07
0,0,4.0498142e-07
0,0,8.357854e-07
0,0,3.958665e-07
0,0,4.3125877e-07
0,0,5.0021976e-07
0,0,5.243793e-07
0,0,6.746152e-07
0,0,2.3601532e-07
0,0,4.1886787e-07
0,0,1.0117942e-06
0,0,3.1922454e-07
0,0,1.4697844e-07
0,0,5.1487825e-07
0,0,8.138343e-07
0,0,3.3512242e-07
0,0,3.425547e-07
0,0,1.7070444e-07
0,0,2.9412635e-07
0,0,1.5474839e-07
0,0,9.787427e-07
0,0,6.8450083e-07
0,0,2.1584813e-06
0,0,1.135685e-06
0,0,5.85722e-07
0,0,6.047051e-07
0,0,4.1906762e-07
0,0,4.9925757e-07
0,0,4.993494e-07
0,0,1.0278541e-06
0,0,6.1964124e-07
0,0,2.5906065e-06
0,0,3.087671e-06
0,0,7.21792e-07
0,0,6.8337374e-07
0,0,6.244386e-07
0,0,8.306451e-07
0,0,5.949424e-07
0,0,8.143754e-07
0,0,1.5517697e-06
0,0,5.1138863e-07
0,0,1.6729004e-07
0,0,3.3468868e-07
0,0,8.882714e-07
0,0,1.4236501e-06
0,0,5.4827325e-07
0,0,4.0118732e-07
0,0,1.404166e-06
0,0,4.496604e-07
0,0,3.603423e-06
0,0,6.1245254e-07
0,0,1.3274714e-06
0,0,4.5496344e-07
0,0,6.8506637e-07
0,0,3.9459962e-07
0,0,2.3087874e-07
0,0,1.2777667e-06
0,0,1.5303175e-07
0,0,3.4405747e-07
0,0,1.239942e-06
0,0,3.492993e-07
0,0,2.5660373e-07
0,0,1.2756125e-07
0,0,2.0139541e-07
0,0,2.1607522e-07
0,0,1.3140772e-06
0,0,2.7205536e-07
0,0,1.1643301e-06
0,0,1.1335642e-06
0,0,3.163485e-07
0,0,8.217707e-07
0,0,8.25771e-07
0,0,6.2796914e-07
0,0,1.0407767e-06
0,0,8.8498984e-07
0,0,4.469903e-07
0,0,9.1157017e-07
0,0,3.9239384e-07
0,0,5.329872e-07
0,0,2.5290633e-06
0,0,7.6487964e-07
0,0,4.4009266e-07
0,0,3.4811413e-07
0,0,3.4980104e-07
0,0,1.0058667e-06
0,0,8.168668e-07
0,0,2.9975608e-06
0,0,5.2013485e-07
0,0,3.870364e-07
0,0,2.7831286e-06
0,0,8.68477e-07
0,0,3.3780623e-07
0,0,6.238416e-07
0,0,1.3122137e-06
0,0,1.3700668e-07
0,0,5.548922e-07
0,0,4.0471963e-07
0,0,3.29986e-07
0,0,4.7547573e-07
0,0,2.929411e-07
0,0,3.427805e-07
0,0,9.1615794e-07
0,0,4.839556e-07
0,0,1.808207e-07
0,0,1.3527291e-07
0,0,3.893387e-07
0,0,5.2624995e-07
0,0,3.6370358e-07
0,0,9.834643e-08
0,0,3.9142842e-07
0,0,1.6891336e-06
0,0,7.1713794e-07
0,0,2.5392882e-07
0,0,1.3354698e-06
0,0,1.0626622e-06
0,0,5.8528644e-07
0,0,2.0636945e-07
0,0,5.2208844e-07
0,0,5.015214e-07
0,0,3.841699e-06
0,0,6.5625466e-07
0,0,4.5991257e-07
0,0,2.8531312e-07
0,0,2.280399e-07
0,0,7.6666515e-07
0,0,1.1519742e-06
0,0,8.103183e-07
0,0,7.072942e-07
0,0,7.849037e-07
0,0,9.649186e-07
0,0,2.4132717e-07
0,0,5.2513445e-07
0,0,8.392903e-07
0,0,2.1387193e-07
0,0,1.6634456e-07
0,0,2.8407126e-07
0,0,3.7170912e-07
0,0,2.3528928e-06
0,0,4.7650394e-07
0,0,2.0543946e-07
0,0,3.8650637e-07
0,0,1.2903935e-06
0,0,5.474754e-07
0,0,3.2539498e-07
0,0,8.555002e-07
0,0,3.3004937e-06
0,0,2.090024e-06
0,0,9.235169e-07
0,0,6.044525e-07
0,0,2.7402575e-07
0,0,6.1243736e-07
0,0,3.1380313e-07
0,0,1.3004793e-06
0,0,1.4181117e-07
0,0,9.683923e-07
0,0,3.9657687e-07
0,0,4.2979258e-07
0,0,1.9976824e-06
0,0,2.0554293e-07
0,0,1.1967606e-06
0,0,4.6324178e-07
0,0,2.6805193e-07
0,0,4.891082e-07
0,0,3.0920776e-07
0,0,3.2810695e-07
0,0,4.1474266e-07
0,0,2.0204524e-07
0,0,1.4307591e-06
0,0,3.216623e-07
0,0,3.4163892e-07
0,0,2.1924569e-07
0,0,3.5626883e-07
0,0,2.0044035e-06
0,0,6.976965e-07
0,0,3.0398954e-07
0,0,3.7356384e-07
0,0,3.34431e-06
0,0,8.846776e-07
0,0,7.810515e-07
0,0,2.091731e-06
0,0,4.3576222e-07
0,0,9.036883e-07
0,0,3.7810608e-07
0,0,6.1341643e-07
0,0,1.6665389e-06
0,0,3.728829e-07
0,0,1.1861849e-07
0,0,1.0118376e-06
0,0,1.2717538e-06
0,0,3.230272e-07
0,0,4.34659e-07
0,0,1.0051418e-06
0,0,1.9687948e-07
0,0,2.3115722e-07
0,0,3.7626614e-07
0,0,7.996109e-07
0,0,5.6586833e-07
0,0,2.618525e-06
0,0,2.31453e-07
0,0,4.9755687e-07
0,0,3.3887457e-07
0,0,5.299739e-07
0,0,7.4184254e-07
0,0,4.4217765e-07
0,0,1.9231749e-07
0,0,4.0555565e-06
0,0,2.4230127e-07
0,0,1.164198e-06
0,0,2.314901e-07
0,0,3.554045e-07
0,0,1.0876489e-06
0,0,2.597429e-07
0,0,6.2236313e-07
0,0,6.3614027e-07
0,0,6.394309e-07
0,0,1.1159474e-06
0,0,1.669184e-06
0,0,3.2476905e-07
0,0,4.8983736e-07
0,0,6.8846623e-07
0,0,4.9541103e-07
0,0,4.738606e-07
0,0,1.5349494e-06
0,0,2.2155946e-07
0,0,2.160448e-06
0,0,0.0051917243
0,0,4.3564128e-07
0,0,8.4846715e-07
0,0,3.5283632e-05
0,0,5.689619e-07
0,0,1.864254e-07
0,0,3.3219942e-07
0,0,5.926602e-07
0,0,6.371761e-07
0,0,9.664723e-07
0,0,0.00023232283
0,0,3.319258e-07
0,0,5.011088e-07
0,0,1.050322e-06
0,0,1.7332749e-07
0,0,5.659989e-07
0,0,9.856273e-07
0,0,7.603363e-07
0,0,1.0583851e-06
0,0,5.324913e-07
0,0,3.8456284e-07
0,0,1.914055e-06
0,0,4.8643534e-07
0,0,2.8141045e-07
0,0,4.0045035e-07
0,0,7.772775e-07
0,0,4.879295e-07
0,0,3.1162102e-07
0,0,2.0201095e-07
0,0,1.3737423e-06
0,0,2.5102193e-07
0,0,6.017464e-07
0,0,1.1061104e-06
0,0,3.7326893e-07
0,0,1.1377176e-06
0,0,9.910432e-07
0,0,6.2561344e-07
0,0,1.0370602e-06
0,0,9.087267e-07
0,0,6.3649827e-07
0,0,2.4669103e-07
0,0,9.288492e-07
0,0,0.109088905
0,0,1.6655569e-06
0,0,2.8982717e-07
0,0,6.50697e-07
0,0,1.2379558e-06
0,0,5.059458e-07
0,0,1.127349e-06
0,0,7.0520144e-07
0,0,2.1588303e-07
0,0,3.0887708e-07
0,0,4.9301815e-07
0,0,7.14933e-07
0,0,1.1246686e-06
0,0,4.3141796e-07
0,0,7.6511674e-07
0,0,6.025509e-07
0,0,5.8782496e-07
0,0,5.5011316e-07
0,0,8.1164234e-07
0,0,5.620197e-07
0,0,3.974117e-07
0,0,4.660285e-07
0,0,1.4566148e-06
0,0,9.749558e-07
0,0,2.2199411e-07
0,0,6.23251e-07
0,0,4.5744247e-07
0,0,1.8808619e-07
0,0,1.4260459e-06
0,0,8.5889934e-07
0,0,6.364188e-07
0,0,2.4296492e-07
0,0,5.9643645e-07
0,0,1.0630393e-06
0,0,2.2832627e-07
0,0,1.0616342e-06
0,0,3.781396e-07
0,0,1.6226651e-06
0,0,3.9756824e-07
0,0,2.7590696e-07
0,0,1.6967202e-06
0,0,6.5287253e-07
0,0,4.048065e-07
0,0,1.6389063e-06
0,0,3.3713553e-07
0,0,3.1700202e-07
0,0,4.1281564e-06
0,0,1.041151e-06
0,0,1.0736977e-06
0,0,5.8205796e-07
0,0,4.0856273e-07
0,0,5.446326e-07
0,0,7.0082615e-07
0,0,7.390321e-07
0,0,1.5924321e-06
0,0,2.9585001e-07
0,0,5.230308e-07
0,0,3.2163132e-07
0,0,1.1070138e-06
0,0,1.17639615e-07
0,0,4.361992e-07
0,0,6.945206e-07
0,0,1.8501781e-06
0,0,7.828069e-07
0,0,2.1609737e-06
0,0,2.228772e-07
0,0,1.2315827e-06
0,0,3.5112456e-07
0,0,3.3834854e-07
0,0,2.9093542e-07
0,0,9.1832464e-07
0,0,4.9261394e-07
0,0,5.9675904e-07
0,0,6.1379563e-07
0,0,4.896967e-06
0,0,8.7767404e-07
0,0,1.4486519e-06
0,0,3.7357202e-07
0,0,3.1228014e-06
0,0,0.01586245
0,0,2.917996e-07
0,0,8.293319e-07
0,0,8.217856e-07
0,0,1.5001591e-06
0,0,4.7004116e-07
0,0,5.441238e-07
0,0,8.265794e-07
0,0,2.0091018e-06
0,0,9.3983857e-07
0,0,6.629116e-07
0,0,3.8897647e-07
0,0,3.2288523e-07
0,0,3.878704e-07
0,0,8.214675e-07
0,0,5.769669e-07
0,0,2.2106735e-06
0,0,6.95629e-07
0,0,2.7769858e-07
0,0,6.98734e-07
0,0,2.1196154e-06
0,0,4.3108568e-07
0,0,4.649267e-07
0,0,1.0709438e-06
0,0,2.2429772e-07
0,0,6.820032e-07
0,0,6.4604836e-07
0,0,6.839534e-07
0,0,2.8711133e-07
0,0,5.850521e-07
0,0,6.462332e-07
0,0,1.0291459e-06
0,0,4.972404e-07
0,0,7.6733664e-07
0,0,1.2065623e-06
0,0,9.654875e-07
0,0,5.6027187e-07
0,0,6.957259e-07
0,0,3.8486772e-07
0,0,5.951949e-07
0,0,1.6652774e-06
0,0,3.36942e-07
0,0,7.502021e-07
0,0,4.2639383e-07
0,0,9.612805e-07
0,0,5.1380454e-07
0,0,4.5713372e-07
0,0,3.4066517e-07
0,0,3.1397735e-07
0,0,2.6957548e-07
0,0,4.6587962e-07
0,0,3.3811273e-07
0,0,3.2878162e-07
0,0,5.1728796e-07
0,0,3.9707065e-06
0,0,3.455791e-06
0,0,6.3225133e-07
0,0,3.5748963e-07
0,0,2.6707949e-07
0,0,5.8641166e-07
0,0,3.3642442e-07
0,0,8.488314e-07
0,0,1.8398008e-07
0,0,9.3377594e-07
0,0,5.801798e-07
0,0,8.292663e-07
0,0,9.012062e-07
0,0,6.511067e-07
0,0,3.4396268e-07
0,0,5.398765e-07
0,0,1.4561703e-06
0,0,2.0178837e-07
0,0,1.4913636e-06
0,0,7.988251e-07
0,0,3.621589e-07
0,0,4.0442487e-07
0,0,2.1910448e-06
0,0,2.3065852e-06
0,0,5.2368915e-07
0,0,6.560857e-07
0,0,8.244254e-07
0,0,2.5202962e-07
0,0,3.5934258e-07
0,0,1.1862566e-06
0,0,3.5616011e-07
0,0,3.203172e-07
0,0,2.437245e-07
0,0,9.0020626e-07
0,0,7.490797e-07
0,0,7.441262e-07
0,0,9.227e-07
0,0,1.594978e-06
0,0,2.843933e-07
0,0,1.5886931e-06
0,0,4.038225e-07
0,0,1.2136666e-06
0,0,8.6010186e-07
0,0,4.835621e-07
0,0,1.1575831e-06
0,0,8.6182695e-07
0,0,2.8295808e-06
0,0,0.180506
0,0,2.3327522e-07
0,0,1.2169094e-06
0,0,4.832265e-07
0,0,2.326689e-07
0,0,5.4774176e-07
0,0,1.6695709e-06
0,0,1.5906154e-06
0,0,6.0013315e-07
0,0,1.2391648e-07
0,0,4.0072996e-07
0,0,1.0534106e-06
0,0,4.1170472e-07
0,0,5.862568e-07
0,0,1.5989407e-06
0,0,4.4563845e-07
0,0,9.377087e-07
0,0,1.6636328e-06
0,0,2.8115133e-07
0,0,5.1576677e-07
0,0,4.5697809e-07
0,0,3.0538075e-07
0,0,1.1721881e-06
0,0,2.536689e-06
0,0,3.712135e-07
0,0,1.7096021e-06
0,0,4.3199643e-07
0,0,8.723502e-07
0,0,3.630185e-07
0,0,1.033504e-06
0,0,3.0201906e-07
0,0,5.6678e-07
0,0,5.06517e-07
0,0,7.167954e-07
0,0,1.549132e-06
0,0,2.9996582e-07
0,0,5.076447e-07
0,0,5.4848186e-07
0,0,3.826824e-07
0,0,8.536698e-07
0,0,3.0079826e-07
0,0,1.1291513e-06
0,0,3.7696867e-07
0,0,3.313758e-07
0,0,6.720108e-07
0,0,5.5965455e-07
0,0,2.2213694e-06
0,0,2.764234e-06
0,0,3.3132713e-07
0,0,3.279008e-07
0,0,2.0839793e-06
0,0,4.414635e-07
0,0,1.4367425e-06
0,0,3.5526486e-07
0,0,9.3298456e-07
0,0,3.8939513e-07
0,0,1.2968975e-06
0,0,4.8280225e-07
0,0,5.24697e-07
0,0,3.0273046e-07
0,0,3.345481e-06
0,0,5.1233906e-07
0,0,8.637416e-07
0,0,2.7191038e-07
0,0,1.0619582e-06
0,0,7.462312e-07
0,0,3.52855e-07
0,0,7.427657e-07
0,0,3.285547e-07
0,0,1.4664873e-06
0,0,3.6133196e-07
0,0,3.3517708e-07
0,0,6.2516256e-07
0,0,2.3270707e-07
0,0,3.8504652e-07
0,0,1.2205601e-06
0,0,2.2811175e-06
0,0,6.0824016e-07
0,0,6.727142e-07
0,0,3.618071e-07
0,0,5.284613e-07
0,0,1.8870888e-06
0,0,6.5398484e-07
0,0,1.160448e-06
0,0,5.285707e-07
0,0,4.5406486e-07
0,0,2.4431633e-06
0,0,8.317255e-07
0,0,2.4245066e-06
0,0,6.8850763e-06
0,0,7.4958706e-07
0,0,1.9604855e-07
0,0,1.7846302e-06
0,0,7.2449467e-07
0,0,1.674415e-06
0,0,2.607707e-07
0,0,5.01486e-07
0,0,1.1846342e-06
0,0,4.3051564e-06
0,0,6.1977477e-07
0,0,6.767268e-07
0,0,1.0322165e-06
0,0,5.563499e-07
0,0,3.4007599e-07
0,0,9.074537e-07
0,0,7.753037e-07
0,0,5.8379027e-07
0,0,1.1451119e-06
0,0,1.5976192e-06
0,0,2.4797703e-07
0,0,7.027791e-06
0,0,8.323e-07
0,0,1.2716156e-06
0,0,3.033167e-06
0,0,1.7991987e-07
0,0,6.5296655e-07
0,0,1.557974e-06
0,0,6.922393e-07
0,0,6.3553813e-07
0,0,2.4948429e-06
0,0,2.8284748e-07
0,0,9.642765e-07
0,0,3.6097475e-07
0,0,6.2167265e-07
0,0,1.4016119e-06
0,0,4.5337816e-07
0,0,8.500822e-07
0,0,1.5297645e-06
0,0,2.988408e-07
0,0,5.583997e-06
0,0,3.9362206e-07
0,0,1.4869539e-06
0,0,1.0272788e-06
0,0,4.7078495e-07
0,0,1.4197399e-06
0,0,1.077307e-06
0,0,3.068814e-07
0,0,5.8542827e-07
0,0,6.307024e-07
0,0,3.7681843e-07
0,0,7.265836e-07
0,0,2.86952e-07
0,0,2.707573e-07
0,0,3.6667643e-07
0,0,6.399476e-07
0,0,1.2154225e-06
0,0,3.7710387e-07
0,0,3.5874098e-07
0,0,1.4972435e-06
0,0,3.2278547e-07
0,0,2.7753578e-07
0,0,8.3875017e-07
0,0,4.2263244e-07
0,0,2.467812e-06
0,0,1.2167353e-06
0,0,1.4082375e-06
0,0,1.7680945e-06
0,0,3.1371755e-07
0,0,6.725449e-07
0,0,2.5325528e-07
0,0,2.8058423e-06
0,0,2.9830207e-07
0,0,8.304138e-07
0,0,4.399483e-07
0,0,4.5155983e-07
0,0,5.958571e-07
0,0,0.001114795
0,0,2.6815573e-07
0,0,2.459377e-07
1,1,0.7774285
0,0,6.910857e-07
0,0,1.5598219e-07
0,0,3.3700115e-07
0,0,4.4096106e-07
0,0,1.0798406e-06
0,0,1.3034258e-06
0,0,2.3933505e-06
0,0,3.1983095e-07
0,0,5.5831384e-07
0,0,3.4632333e-07
0,0,1.2575514e-06
0,0,1.0577081e-06
0,0,5.609755e-07
0,0,3.0490264e-07
0,0,4.2472098e-07
0,0,2.33823e-06
0,0,6.1093755e-07
0,0,7.399532e-07
0,0,2.5681598e-07
0,0,4.1583615e-07
0,0,1.3650968e-06
0,0,9.005352e-07
0,0,6.806491e-07
0,0,1.6988232e-06
0,0,4.4259448e-07
0,0,4.6614673e-07
0,0,1.6825803e-06
0,0,1.5835894e-06
0,0,5.6030024e-07
0,0,1.8848338e-07
0,0,1.338922e-06
0,0,2.0353198e-06
0,0,6.106085e-07
0,0,8.646564e-07
0,0,2.5121979e-06
0,0,2.308363e-06
0,0,3.0610448e-07
0,0,9.70989e-07
0,0,1.2993363e-06
0,0,1.1976466e-06
0,0,2.4786311e-06
0,0,1.4687657e-07
0,0,5.8567394e-07
0,0,7.323682e-07
0,0,3.285986e-07
0,0,2.6233492e-06
0,0,9.845666e-07
0,0,4.6048666e-07
0,0,4.2643367e-07
0,0,5.822956e-07
0,0,2.679451e-07
0,0,4.330821e-07
0,0,2.311519e-07
0,0,7.4634863e-07
0,0,6.490341e-07
0,0,4.5617384e-07
0,0,8.594664e-07
0,0,3.4752136e-07
0,0,2.5328475e-07
0,0,8.997266e-07
0,0,3.3204327e-07
0,0,4.8938676e-07
0,0,6.008484e-07
0,0,2.6890993e-07
0,0,5.16125e-07
0,0,1.2710501e-07
0,0,4.5640837e-07
0,0,1.5050414e-06
0,0,2.576535e-07
0,0,4.3877762e-07
0,0,2.1861733e-06
0,0,2.0000545e-07
0,0,9.616363e-07
0,0,2.3215756e-07
0,0,1.0712768e-06
0,0,1.491847e-07
0,0,4.5772654e-07
0,0,5.320674e-07
0,0,1.3720768e-06
0,0,6.624319e-07
0,0,4.0869136e-07
0,0,1.2587128e-06
0,0,9.192114e-07
0,0,9.962237e-07
0,0,1.5720271e-06
0,0,1.7800679e-06
0,0,2.8484143e-07
0,0,8.3430416e-07
0,0,1.7306023e-06
0,0,2.0810965e-07
0,0,3.9987063e-07
0,0,1.0664572e-06
0,0,7.806925e-07
0,0,4.899004e-07
0,0,1.0262742e-06
0,0,5.7723435e-07
0,0,6.8020915e-07
0,0,1.2281965e-06
0,0,2.4308317e-06
0,0,1.5801e-06
0,0,7.782699e-07
0,0,8.4896254e-07
0,0,8.750715e-07
0,0,4.2985982e-07
0,0,1.9304841e-06
0,0,3.369147e-07
0,0,4.916021e-07
0,0,4.4002763e-07
0,0,6.7922906e-07
0,0,7.504232e-07
0,0,3.022147e-07
0,0,3.5639184e-07
0,0,8.637079e-07
0,0,2.6704382e-07
0,0,6.415877e-07
0,0,6.033846e-06
0,0,2.7097687e-07
0,0,7.2402713e-07
0,0,1.0088564e-06
0,0,3.8703755e-07
0,0,2.5215562e-07
0,0,2.844082e-07
0,0,8.771118e-07
0,0,2.8359702e-07
0,0,1.6329793e-07
0,0,5.6682376e-07
0,0,0.008870651
0,0,1.0173267e-06
0,0,1.8772685e-06
0,0,3.123427e-06
0,0,2.5633346e-07
0,0,7.8039477e-07
0,0,1.0754306e-06
0,0,2.679392e-07
0,0,3.6700564e-07
0,0,2.6554193e-07
0,0,4.094902e-06
0,0,4.0349337e-07
0,0,1.3139393e-06
0,0,8.81907e-07
0,0,3.2030712e-07
0,0,8.916128e-07
0,0,4.278221e-06
0,0,5.3797487e-07
0,0,3.298894e-07
0,0,1.1562497e-07
0,0,2.6228187e-07
0,0,1.4296202e-06
0,0,3.0920808e-07
0,0,1.4339417e-06
0,0,1.1209435e-06
0,0,2.9519194e-07
0,0,4.3999236e-07
0,0,4.421452e-07
0,0,6.314065e-07
0,0,3.356937e-07
0,0,9.709835e-07
0,0,4.5971748e-07
0,0,2.9826367e-07
0,0,4.5513357e-07
0,0,8.2571984e-07
0,0,8.4925483e-07
0,0,5.105013e-07
0,0,3.710263e-07
0,0,3.875679e-07
0,0,4.1169764e-07
0,0,8.8055737e-07
0,0,4.014361e-07
0,0,3.52095e-07
0,0,1.4479419e-06
0,0,4.0276395e-06
0,0,1.6425474e-07
0,0,9.211218e-07
0,0,6.1589657e-07
0,0,8.0574097e-07
0,0,3.2653523e-07
0,0,3.7204177e-07
0,0,2.1771862e-07
0,0,2.2771195e-07
0,0,1.1943366e-06
0,0,1.936078e-06
0,0,1.0615187e-06
0,0,7.947355e-06
0,0,7.2735526e-07
0,0,7.66296e-07
0,0,1.8157967e-07
0,0,1.3573933e-06
0,0,3.5233583e-07
0,0,2.8791197e-07
0,0,1.0761457e-06
0,0,1.4077459e-06
0,0,8.144158e-07
0,0,1.023107e-06
0,0,3.8027582e-07
0,0,1.2183632e-06
0,0,7.4688546e-07
0,0,2.1116244e-07
0,0,6.536351e-07
0,0,5.9167076e-07
0,0,1.5801121e-06
0,0,8.417311e-07
0,0,6.1660296e-07
0,0,7.088973e-07
0,0,5.8360934e-07
0,0,6.6569913e-07
0,0,1.5202328e-06
0,0,2.0663228e-06
0,0,2.0446902e-07
0,0,1.8049849e-06
0,0,7.74033e-07
0,0,3.6560693e-06
0,0,1.2311395e-07
0,0,1.0079448e-06
0,0,1.2852572e-06
0,0,6.928159e-07
0,0,1.0385152e-06
0,0,6.9036105e-07
0,0,4.6550304e-07
0,0,1.5735932e-06
0,0,4.249681e-07
0,0,5.183195e-07
0,0,1.3320368e-06
0,0,1.6872531e-06
0,0,3.8461235e-07
0,0,7.2265914e-07
0,0,1.9262183e-07
0,0,8.103477e-07
0,0,1.231419e-07
0,0,3.4547787e-07
0,0,7.4635005e-07
0,0,6.941525e-07
0,0,6.112534e-07
0,0,2.4021904e-07
0,0,2.8364786e-07
0,0,7.2660924e-07
0,0,1.0403668e-06
0,0,1.030971e-06
0,0,1.0557651e-06
0,0,6.6916687e-07
0,0,1.4673853e-07
0,0,2.5633713e-07
0,0,8.9499235e-07
0,0,5.818643e-07
0,0,3.9472075e-06
0,0,2.903298e-07
0,0,1.9567888e-07
0,0,2.3745753e-07
0,0,1.8674766e-07
0,0,7.973774e-07
0,0,1.2042183e-06
0,0,2.6599614e-07
0,0,2.5332366e-07
0,0,4.2303227e-06
0,0,5.06248e-07
0,0,9.315717e-07
0,0,1.7741246e-07
0,0,4.0959347e-07
0,0,1.2746473e-06
0,0,1.0559855e-06
0,0,7.18068e-07
0,0,1.7880134e-06
0,0,2.2716472e-07
0,0,5.60383e-07
0,0,4.272918e-07
0,0,3.8379565e-07
0,0,5.588934e-07
0,0,4.084194e-07
0,0,4.183361e-07
0,0,3.1791287e-06
0,0,1.0507317e-06
0,0,2.7091875e-07
0,0,4.3516172e-07
0,0,5.9783105e-07
0,0,2.0151024e-06
0,0,4.0353797e-07
0,0,2.2442374e-07
0,0,2.0931226e-07
0,0,3.197942e-06
0,0,9.841517e-07
0,0,6.45728e-07
0,0,7.795855e-07
0,0,4.8662093e-07
0,0,3.4160632e-07
0,0,2.1481603e-06
0,0,1.4608481e-06
0,0,2.4635906e-07
0,0,4.978611e-07
0,0,1.5848055e-06
0,0,4.184155e-07
0,0,2.8143407e-07
0,0,0.0010901822
0,0,2.4885998e-07
0,0,6.02736e-07
0,0,4.060511e-07
0,0,4.2334887e-07
0,0,7.120676e-07
0,0,4.3060246e-07
0,0,1.7767711e-07
0,0,3.149304e-07
0,0,3.3644014e-07
0,0,4.564341e-07
0,0,8.6457896e-07
0,0,1.1307601e-06
0,0,7.2941e-07
0,0,1.2268339e-06
0,0,6.216655e-07
0,0,8.151377e-07
0,0,9.2608605e-07
0,0,1.1667477e-06
0,0,6.4524664e-07
0,0,5.334568e-06
0,0,1.5382819e-06
0,0,6.6414873e-07
0,0,5.047492e-07
0,0,4.0595896e-07
0,0,1.8714342e-06
0,0,5.5838785e-07
0,0,5.4889006e-07
0,0,1.3009962e-07
0,0,2.1716909e-07
0,0,2.9017343e-07
0,0,4.126074e-06
0,0,3.4072136e-07
0,0,7.335425e-07
0,0,1.0420877e-06
0,0,9.191605e-07
0,0,1.2511276e-06
0,0,3.6804136e-07
0,0,7.476259e-07
0,0,8.1193576e-07
0,0,7.907422e-07
0,0,1.3361908e-06
0,0,5.873105e-07
0,0,9.658089e-07
0,0,4.8539914e-07
0,0,1.9957484e-07
0,0,1.3406788e-06
0,0,3.5128195e-07
0,0,1.7409583e-06
0,0,4.0019873e-07
0,0,5.464035e-07
0,0,8.633364e-07
0,0,7.814576e-07
0,0,1.1050529e-06
0,0,2.343672e-07
0,0,1.5292438e-06
0,0,2.9331927e-06
0,0,2.0029557e-07
0,0,1.0857699e-06
0,0,1.8536207e-07
0,0,2.2700834e-07
0,0,4.3369423e-07
0,0,6.054414e-07
0,0,7.546402e-07
0,0,4.21852e-07
0,0,0.07163319
0,0,3.185687e-06
0,0,4.3656752e-07
0,0,2.3956792e-07
0,0,6.4047936e-07
0,0,3.422693e-07
0,0,3.8643597e-07
0,0,7.4693395e-07
0,0,6.3782545e-07
0,0,1.8969985e-06
0,0,4.327898e-07
0,0,1.3136662e-06
0,0,3.6098854e-07
0,0,2.1113547e-07
0,0,7.685678e-07
0,0,7.803598e-07
0,0,2.2827496e-06
0,0,6.0928625e-07
0,0,2.4667133e-06
0,0,1.0043705e-06
0,0,3.72433e-07
0,0,3.0033075e-07
0,0,1.6041031e-06
0,0,6.5575665e-07
0,0,5.016228e-07
0,0,1.4982633e-06
0,0,1.1537642e-06
0,0,7.243061e-07
0,0,2.3932884e-07
0,0,2.8395695e-07
0,0,2.993431e-07
0,0,3.1785206e-07
0,0,7.3730666e-07
0,0,3.031271e-07
0,0,6.15839e-07
0,1,0.96331495
0,0,9.007233e-07
0,0,1.2885672e-06
0,0,1.1042449e-06
0,0,7.178612e-07
0,0,5.504637e-07
0,0,4.3781918e-07
0,0,4.644937e-07
0,0,7.087878e-07
0,0,5.3825715e-07
0,0,1.1004466e-06
0,0,3.7698055e-07
0,0,3.182148e-07
0,0,1.3537216e-07
0,0,8.782209e-07
0,0,1.2854313e-06
0,0,5.8728364e-07
0,0,2.594587e-07
0,0,1.2643179e-06
0,0,2.5014635e-06
0,0,3.9333497e-07
0,0,6.917437e-07
0,0,5.9674596e-07
0,0,1.5387337e-07
0,0,1.244281e-06
0,0,1.4518758e-06
0,0,1.0795553e-06
0,0,2.163998e-07
0,0,8.0482704e-07
0,0,7.4176756e-07
0,0,1.0771181e-06
0,0,6.394034e-07
0,0,1.8169223e-06
0,0,7.2822286e-07
0,0,9.639346e-07
0,0,6.879858e-07
0,0,4.6841188e-07
0,0,6.582416e-07
0,0,8.342366e-07
0,0,2.0682872e-07
0,0,8.931131e-07
0,0,2.1819295e-07
0,0,5.1481544e-07
0,0,1.3490784e-06
0,0,1.8502121e-07
0,0,1.3357233e-06
0,0,1.010289e-06
0,0,6.559562e-07
0,0,1.827042e-06
0,0,6.709753e-07
0,0,3.1148465e-07
0,0,6.383968e-07
0,0,2.7159703e-07
0,0,1.3934884e-06
0,0,8.2975674e-07
0,0,7.2756893e-07
0,0,2.3944227e-07
0,0,1.166849e-06
0,0,4.4342127e-07
0,0,1.8530883e-06
0,0,2.4071736e-07
0,0,4.48209e-07
0,0,1.2201202e-06
0,0,1.1746355e-06
0,0,2.1055848e-06
0,0,7.0153567e-07
0,0,3.363593e-07
0,0,6.3283704e-07
0,0,4.920773e-07
0,0,3.3671043e-07
0,0,4.0219481e-07
0,0,2.7611992e-07
0,0,3.3448893e-07
0,0,2.803609e-06
0,0,1.9974996e-06
0,0,4.1971074e-07
0,0,6.023384e-07
0,0,3.0920896e-07
0,0,5.1293796e-07
0,0,3.7324546e-07
0,0,5.0248275e-07
0,0,1.656308e-06
0,0,4.0952003e-07
0,0,7.788572e-07
0,0,6.167353e-07
0,0,4.3947404e-07
0,0,3.2397372e-07
0,0,5.6613067e-07
0,0,3.2587292e-07
0,0,7.5344076e-07
0,0,1.3114055e-06
0,0,2.0584594e-06
0,0,2.7651862e-07
0,0,9.379594e-08
0,0,1.1621569e-06
0,0,1.1480982e-06
0,0,5.8609356e-07
0,0,2.8550363e-07
0,0,7.795937e-07
0,0,3.9163191e-07
0,0,4.4916234e-07
0,0,6.6693826e-07
0,0,1.2815732e-06
0,0,6.499279e-07
0,0,4.960412e-07
0,0,1.1973588e-06
0,0,7.347285e-07
0,0,6.628016e-07
0,0,5.3762767e-07
0,0,6.896609e-07
0,0,2.5497567e-07
0,0,8.9070346e-07
0,0,5.5484827e-07
0,0,4.637722e-07
1,0,0.22153635
0,0,1.0274492e-06
0,0,3.1700475e-07
0,0,4.3747482e-07
0,0,2.2184065e-07
0,0,1.3027778e-07
0,0,5.954589e-07
0,0,3.1523388e-07
0,0,9.999492e-07
0,0,1.9051442e-06
0,0,2.6006887e-06
0,0,5.890258e-07
0,0,1.6290253e-06
0,0,5.0989166e-07
0,0,2.5449808e-07
0,0,3.5690135e-07
0,0,4.7904047e-07
0,0,1.0900258e-06
0,0,1.3000441e-06
0,0,3.5623355e-06
0,0,2.0572807e-07
0,0,1.0984377e-06
0,0,9.607518e-07
0,0,9.601298e-07
0,0,5.1554156e-07
0,0,2.0199952e-06
0,0,3.9938053e-07
0,0,4.867666e-07
0,0,1.9084193e-06
0,0,1.5917642e-06
0,0,4.802641e-07
0,0,9.127384e-07
0,0,9.639962e-07
0,0,3.9821103e-07
0,0,1.5561787e-07
0,0,1.0941579e-07
0,0,1.8658513e-07
0,0,1.8418053e-06
0,0,5.6225184e-07
0,0,9.571521e-07
0,0,3.3462644e-07
0,0,5.683719e-07
0,0,8.3251035e-07
0,0,1.6852785e-07
0,0,2.3289711e-07
0,0,3.119844e-07
0,0,3.5304822e-07
0,0,1.1397038e-06
0,0,3.674311e-07
0,0,8.4991353e-07
0,0,3.4384985e-07
0,0,9.162252e-07
0,0,5.109538e-07
0,0,4.02046e-07
0,0,6.3440086e-07
0,0,3.9749128e-07
0,0,6.911021e-07
0,0,4.5706702e-07
0,0,0.43462688
0,0,9.779579e-07
0,0,4.6788506e-07
0,0,4.729906e-07
0,0,1.040599e-06
0,0,2.690782e-07
0,0,1.5551253e-06
0,0,5.172628e-07
0,0,7.8830044e-07
0,0,3.9085063e-07
0,0,9.3166864e-07
0,0,3.8054063e-07
0,0,5.5292554e-07
0,0,2.1073506e-06
0,0,3.1053284e-07
0,0,7.6277513e-07
0,0,3.2120644e-07
0,0,8.102001e-07
0,0,3.4208853e-07
0,0,7.746652e-07
0,0,9.248681e-07
0,0,5.6306527e-07
0,0,2.0259122e-06
0,0,4.0565865e-07
0,0,4.895987e-07
0,0,7.714721e-07
0,0,4.4767927e-07
0,0,2.830234e-07
0,0,4.4881892e-07
0,0,2.9862088e-07
0,0,7.445074e-07
0,0,2.0558078e-07
0,0,1.0278854e-06
0,0,6.952742e-07
0,0,9.339299e-07
0,0,6.121512e-07
0,0,9.468196e-07
0,0,2.4546302e-06
0,0,3.4050439e-07
0,0,1.5432366e-06
0,0,5.010682e-07
0,0,2.0937576e-07
0,0,6.9015965e-07
0,0,8.0713374e-07
0,0,9.2746836e-07
0,0,3.6203767e-07
0,0,2.2389902e-06
0,0,4.123912e-07
1,1,0.93538797
0,0,1.1891676e-06
0,0,3.1767507e-07
0,0,4.079764e-07
0,0,6.502113e-07
0,0,3.1586282e-07
0,0,9.030439e-07
0,0,3.4283252e-07
0,0,4.34202e-07
0,0,2.8114732e-07
0,0,7.4598927e-07
0,0,3.8846233e-07
0,0,1.4274293e-07
0,0,1.1153707e-06
0,0,1.3671056e-06
0,0,8.234998e-07
0,0,9.2083195e-07
0,0,1.0476859e-06
0,0,2.4219545e-07
0,0,3.0726795e-07
0,0,3.2342362e-07
0,0,1.7071842e-06
0,0,4.879719e-07
0,0,1.2714568e-06
0,0,3.3424467e-07
0,0,6.640322e-07
0,0,1.0035221e-06
0,0,6.796418e-07
0,0,9.82045e-07
0,0,6.4601073e-07
0,0,6.009418e-07
0,0,7.7167965e-07
0,0,3.969863e-07
0,0,1.2391239e-06
0,0,1.2576737e-06
0,0,2.873513e-07
0,0,2.7243496e-07
0,0,6.1334447e-07
0,0,1.1059448e-06
0,0,1.1065409e-06
0,0,9.950245e-07
0,0,7.01616e-07
0,0,2.7375356e-06
0,0,5.497791e-07
0,0,2.8191516e-07
0,0,4.2092694e-07
0,0,9.2488125e-07
0,0,1.4822789e-06
0,0,3.2189396e-07
0,0,1.8412806e-07
0,0,2.6926355e-07
0,0,2.726421e-07
0,0,6.8828047e-07
0,0,2.0810082e-06
0,0,5.4805366e-07
0,0,1.6227905e-07
0,0,4.242777e-07
0,0,5.8078103e-07
0,0,6.7109244e-07
0,0,6.705531e-07
0,0,6.01844e-07
0,0,9.864953e-07
0,0,1.9171207e-06
0,0,1.9305653e-06
0,0,1.0233646e-06
0,0,5.560428e-07
0,0,6.0310344e-07
0,0,1.1993336e-06
0,0,7.873147e-07
0,0,7.876549e-07
0,0,4.41554e-07
0,0,7.271527e-07
0,0,2.6934342e-07
0,0,3.4408797e-07
0,0,2.0268483e-07
0,0,3.012493e-07
0,0,3.3730177e-07
0,0,2.8099987e-07
0,0,3.6898285e-07
0,0,1.3161377e-06
0,0,0.0028266795
0,0,2.7564948e-07
0,0,2.050701e-07
0,0,2.318105e-06
0,0,3.0341633e-07
0,0,5.653526e-07
0,0,4.788692e-07
0,0,3.3520806e-07
0,0,5.0899784e-05
0,0,1.9695249e-06
0,0,5.971798e-07
0,0,6.1551845e-07
0,0,2.649993e-06
0,0,4.3358136e-07
0,0,6.472861e-07
0,0,2.9746254e-06
0,0,4.7636078e-07
0,0,1.8644438e-06
0,0,2.0371577e-07
0,0,3.4449915e-06
0,0,8.8139836e-07
0,0,5.15341e-07
0,0,1.4453717e-06
0,0,3.4935664e-07
0,0,1.4060176e-07
0,0,1.2371814e-06
0,0,4.1591744e-07
0,0,3.0848585e-07
0,0,3.2600408e-07
0,0,6.9227696e-07
0,0,2.1313893e-07
0,0,2.5590356e-07
0,0,1.061121e-06
0,0,5.940381e-07
0,0,2.2797453e-06
0,0,3.42347e-07
0,0,2.1238998e-07
0,0,9.373555e-07
0,0,6.66729e-07
0,0,4.083164e-06
0,0,3.762123e-07
0,0,3.5627698e-07
0,0,5.628269e-07
0,0,1.1628986e-06
0,0,9.5708e-07
0,0,1.2118935e-06
0,0,6.1079135e-07
0,0,2.6856597e-07
0,0,3.2790894e-07
0,0,7.672181e-07
0,0,5.886535e-07
0,0,1.2305555e-06
0,0,3.8501165e-07
0,0,1.9254065e-07
0,0,7.784287e-07
0,0,8.675987e-07
0,0,2.8069854e-07
0,0,4.822059e-07
0,0,7.097232e-07
0,0,1.2866172e-06
0,0,2.035734e-07
0,0,3.4094856e-07
0,0,1.2533549e-06
0,0,3.0724274e-07
0,0,5.469436e-07
0,0,5.4794396e-07
0,0,3.1606652e-07
0,0,3.7278693e-07
0,0,3.006778e-07
0,0,2.6427674e-07
0,0,4.6077838e-07
0,0,5.647469e-07
0,0,2.2046682e-07
0,0,3.0819268e-07
0,0,1.7926164e-06
0,0,2.3821904e-06
0,0,3.9933025e-07
0,0,1.097173e-06
0,0,4.8229373e-07
0,0,3.5721666e-07
0,0,7.043432e-07
0,0,3.2073171e-07
0,0,7.6798017e-07
0,0,1.2603837e-06
0,0,1.9323654e-07
0,0,1.3798491e-06
0,0,2.4919111e-06
0,0,1.5432116e-06
0,0,1.8068847e-06
0,0,1.311028e-06
0,0,7.4988094e-07
0,0,3.688453e-07
0,0,3.260423e-07
0,0,6.2814405e-07
0,0,6.0762324e-07
0,0,1.463612e-06
0,0,6.402485e-07
0,0,1.7715172e-06
0,0,1.209282e-06
0,0,8.208261e-07
0,0,4.3764132e-07
0,0,1.843575e-06
0,0,3.2043516e-07
0,0,2.5481233e-07
0,0,2.331729e-07
0,0,9.600282e-07
0,0,2.2312113e-07
0,0,5.1916993e-07
0,0,2.7627138e-07
0,0,1.5036353e-06
0,0,3.8617955e-07
0,0,1.0586749e-06
0,0,1.1644041e-05
0,0,3.724124e-07
0,0,2.6070256e-07
0,0,5.64299e-07
0,0,8.664138e-07
0,0,6.0615605e-07
0,0,6.975136e-07
0,0,1.9051356e-07
0,0,4.3477178e-07
0,0,1.2703647e-06
0,0,4.043562e-07
0,0,7.975623e-06
0,0,7.6265735e-07
0,0,5.3070477e-07
0,0,4.27366e-07
0,0,7.299465e-07
0,0,5.5215827e-07
0,0,2.478872e-07
0,0,9.488707e-07
0,0,2.8518608e-07
0,0,8.463038e-07
0,0,1.2003726e-06
0,0,1.3153108e-06
0,0,8.2579777e-07
0,0,5.233776e-07
0,0,1.1007427e-06
0,0,6.779897e-07
0,0,8.139492e-07
0,0,1.6330866e-06
0,0,4.6946235e-07
0,0,1.0753896e-06
0,0,6.0644805e-07
0,0,2.892045e-06
0,0,9.0992256e-07
0,0,1.14784e-06
0,0,8.7804915e-07
0,0,4.3196675e-07
0,0,8.109824e-07
0,0,2.4559345e-06
0,0,3.6177605e-07
0,0,1.4350637e-06
0,0,5.765516e-07
0,0,1.3862356e-06
0,0,1.8210371e-06
0,0,9.830804e-07
0,0,7.6935174e-07
0,0,9.715934e-08
0,0,6.2609274e-07
0,0,3.7522625e-07
0,0,7.86349e-07
0,0,9.081047e-07
0,0,1.5156972e-07
0,0,2.937241e-07
0,0,4.2386918e-07
0,0,4.459718e-07
0,0,4.938633e-07
0,0,9.530887e-07
0,0,1.850768e-07
0,0,4.2495637e-07
0,0,5.968655e-07
0,0,3.21489e-07
0,0,3.2061869e-06
0,0,8.26621e-06
0,0,1.1525566e-06
0,0,3.5322205e-06
0,0,2.1439594e-07
0,0,2.492871e-07
0,0,1.340583e-06
0,0,3.8955935e-07
0,0,6.20016e-07
0,0,4.4902873e-07
0,0,1.3949897e-06
0,0,8.96195e-07
0,0,8.224183e-07
0,0,3.168905e-07
0,0,1.0804504e-06
0,0,1.0850774e-06
0,0,1.8278645e-06
0,0,4.7881576e-07
0,0,1.9651832e-06
0,0,3.5048558e-07
0,0,3.2040182e-07
0,0,1.7800204e-06
0,0,1.8302441e-07
0,0,2.658612e-07
0,0,1.1544278e-06
0,0,2.2422266e-07
0,0,6.848567e-07
0,0,6.827262e-07
0,0,5.27946e-07
0,0,2.5596728e-07
0,0,8.1118344e-07
0,0,4.1768553e-07
0,0,3.193381e-07
0,0,1.4183893e-06
0,0,6.5215255e-07
0,0,7.5937464e-07
0,0,9.454707e-07
0,0,3.2307034e-07
0,0,2.9205175e-06
0,0,4.127394e-07
0,0,3.0473694e-07
0,0,3.2100527e-07
0,0,2.2321498e-07
0,0,1.4900187e-06
0,0,1.025647e-06
0,0,5.725211e-07
0,0,4.1372605e-06
0,0,8.556039e-07
0,0,4.7174316e-07
0,0,3.904609e-07
0,0,5.695558e-07
0,0,9.209988e-07
0,0,2.8212844e-07
0,0,1.8939765e-07
0,0,4.3513805e-07
0,0,8.385918e-07
0,0,2.7690731e-07
0,0,4.5340843e-07
0,0,4.5779376e-07
0,0,7.5275915e-07
0,0,4.7793253e-07
0,0,7.476908e-07
0,0,1.1282143e-07
0,0,2.1137117e-07
0,0,1.5753319e-06
0,0,1.973428e-06
0,0,6.49153e-07
0,0,9.077395e-08
0,0,5.9375145e-07
0,0,3.4539553e-07
0,0,1.083884e-06
0,0,5.938449e-07
0,0,7.1011453e-07
0,0,1.061037e-06
0,0,3.914303e-07
0,0,5.353749e-07
0,0,3.871006e-06
0,0,1.4637502e-06
0,0,3.6147293e-07
0,0,3.3847053e-07
0,0,7.503609e-07
0,0,7.6490295e-07
0,0,1.8057597e-06
0,0,3.046277e-07
0,0,2.45049e-07
0,0,4.825394e-07
0,0,4.5703734e-07
0,0,6.9320583e-07
0,0,1.1836191e-06
0,0,7.453784e-07
0,0,7.4470125e-07
0,0,1.3037075e-07
0,0,7.3830586e-07
0,0,2.1024415e-07
0,0,1.2270698e-07
0,0,7.062434e-07
0,0,2.6847047e-07
0,0,4.6911242e-07
0,0,1.3580031e-06
0,0,3.9034921e-07
0,0,3.974113e-07
0,0,9.041023e-08
0,0,1.2547961e-06
0,0,4.5366883e-07
0,0,2.3422047e-06
0,0,2.4425245e-07
0,0,2.5902211e-06
0,0,5.600256e-07
0,0,9.964157e-07
0,0,1.0141098e-06
0,0,1.7828252e-06
0,0,1.4131696e-06
0,0,9.702836e-07
0,0,1.124687e-06
0,0,5.5560974e-07
0,0,6.0962685e-07
0,0,4.3385908e-06
0,0,8.3451505e-07
0,0,4.112201e-07
0,0,3.387564e-06
0,0,8.369843e-07
0,0,7.4022626e-07
0,0,6.3762104e-07
0,0,7.2962433e-07
0,0,5.1455083e-07
0,0,3.956234e-07
0,0,8.692434e-07
0,0,1.5871681e-06
0,0,2.604004e-07
0,0,1.2501746e-06
0,0,5.801987e-07
0,0,1.3633546e-06
0,0,4.2127832e-07
0,0,6.3935704e-07
0,0,1.7173609e-07
0,0,2.7955884e-06
0,0,8.130431e-07
0,0,5.7499324e-07
0,0,3.566941e-07
0,0,1.8027626e-07
0,0,3.2699552e-07
0,0,3.1796392e-07
0,0,4.677414e-07
0,0,2.7509377e-06
0,0,5.677186e-07
0,0,2.3569189e-07
0,0,5.213053e-07
0,0,1.8673319e-06
0,0,3.6198276e-07
0,0,6.939433e-07
0,0,1.1904476e-06
0,0,6.18638e-07
0,0,4.238154e-07
0,0,8.387902e-07
0,0,2.3770585e-07
0,0,4.923927e-07
0,0,7.61963e-07
0,0,1.2906887e-06
0,0,2.8173432e-07
0,0,4.0929712e-07
0,0,2.2007953e-06
0,0,7.2981493e-07
0,0,2.7281792e-06
0,0,8.9568397e-07
0,0,4.5661824e-07
0,0,1.1015901e-06
0,0,4.9283807e-07
0,0,4.3545145e-07
0,0,6.6289704e-07
0,0,2.0574534e-07
0,0,8.148284e-07
0,0,3.1030876e-07
0,0,1.4360397e-06
0,0,7.4816586e-07
0,0,3.0706963e-07
0,0,1.1701408e-06
0,0,2.0480331e-07
0,0,2.3405605e-07
0,0,1.3417123e-06
0,0,2.6661453e-07
0,0,9.726007e-07
0,0,4.709345e-07
0,0,2.6280367e-07
0,0,7.121953e-07
0,0,4.4697666e-07
0,0,6.1006193e-07
0,0,1.8372843e-06
0,0,3.3860903e-07
0,0,8.9191894e-07
0,0,3.4374392e-07
0,0,6.0419205e-07
0,0,4.829938e-07
0,0,2.4003972e-07
0,0,4.2737292e-07
0,0,9.79789e-08
0,0,9.796252e-07
0,0,1.3830901e-06
0,0,4.5785183e-07
0,0,3.7848054e-07
0,0,9.378151e-07
0,0,1.2665953e-06
0,0,8.7262396e-07
0,0,1.130136e-06
0,0,4.0714616e-07
0,0,8.422297e-07
0,0,2.3197695e-07
0,0,2.4485864e-06
0,0,4.373038e-07
0,0,4.1459674e-07
0,0,2.768519e-07
0,0,4.0139625e-07
0,0,8.3578146e-07
0,0,6.2744175e-07
0,0,1.9156168e-07
0,0,4.098881e-07
0,0,0.00024184145
0,0,8.387894e-07
0,0,3.58411e-07
0,0,4.1310642e-07
0,0,7.177886e-07
0,0,4.1417746e-07
0,0,1.1654989e-06
0,0,5.3823533e-06
0,0,3.3955394e-07
0,0,5.9160703e-07
0,0,3.2352464e-06
0,0,2.1087255e-06
0,0,4.2006155e-07
0,0,4.5233517e-07
0,0,3.5222598e-07
0,0,2.8132215e-06
0,0,5.5687804e-07
0,0,6.920004e-07
0,0,5.6734405e-07
0,0,7.708205e-07
0,0,9.512527e-07
0,0,1.1246483e-06
0,0,3.2445791e-07
0,0,1.0422337e-06
0,0,2.4235118e-07
0,0,2.535782e-06
0,0,6.307313e-07
0,0,6.0741814e-07
0,0,9.500478e-07
0,0,4.2383846e-07
0,0,5.1006623e-07
0,0,3.7550078e-07
0,0,3.909121e-07
0,0,3.6106292e-07
0,0,3.069167e-06
0,0,3.3071817e-07
0,0,7.500361e-07
0,0,9.4475587e-07
0,0,2.3099038e-07
0,0,1.7152885e-06
0,0,2.1925634e-07
0,0,3.7150605e-07
0,0,1.1218834e-06
0,0,2.8921806e-07
0,0,2.8659263e-06
0,0,1.442165e-06
0,0,8.4710723e-07
0,0,1.288292e-06
0,0,9.77669e-07
0,0,2.3367186e-06
0,0,6.8078225e-07
0,0,2.3235644e-07
0,0,1.808464e-07
0,0,3.1290992e-07
0,0,6.8019426e-07
0,0,9.179231e-08
0,0,1.6973302e-06
0,0,9.98978e-07
0,0,4.014892e-06
0,0,8.2984144e-07
0,0,1.54247e-06
0,0,1.0067756e-06
0,0,1.1448751e-06
0,0,3.991612e-07
0,0,6.8041874e-07
0,0,4.226792e-07
0,0,1.5247003e-06
0,0,2.6332071e-07
0,0,5.4598524e-07
0,0,1.1636142e-06
0,0,2.7692397e-07
0,0,8.12079e-07
0,0,2.8899362e-07
0,0,4.3546848e-07
0,0,2.1968804e-06
0,0,3.581646e-07
0,0,7.2733377e-07
0,0,6.6907364e-07
0,0,4.782211e-07
0,0,6.8488083e-07
0,0,9.650319e-07
0,0,7.707624e-07
0,0,1.7072281e-06
0,0,1.4024021e-06
0,0,1.5467153e-07
0,0,5.2305325e-07
0,0,7.5200217e-07
0,0,7.2364884e-07
0,0,2.1291332e-06
0,0,7.7027744e-07
0,0,8.3798346e-07
0,0,1.2596387e-06
0,0,2.5399154e-07
0,0,3.3939946e-07
0,0,3.184179e-07
0,0,1.2875464e-06
0,0,2.001207e-07
0,0,4.654955e-07
0,0,5.420552e-07
0,0,4.2192647e-07
0,0,3.8312346e-06
0,0,2.6102921e-07
0,0,3.4201315e-07
0,0,6.382258e-07
0,0,1.9513585e-07
0,0,6.5666535e-07
0,0,1.739649e-07
0,0,9.605071e-07
0,0,1.1757921e-06
0,0,8.5850957e-07
0,0,1.5436178e-06
0,0,6.4811746e-07
0,0,4.1030776e-07
0,0,1.4390189e-06
0,0,5.698829e-07
0,0,1.0912499e-06
0,0,3.8009995e-07
0,0,1.5295646e-07
0,0,8.0800174e-07
0,0,6.405001e-07
0,0,9.43778e-07
0,0,4.5434342e-07
0,0,1.1419581e-06
0,0,5.370932e-07
0,0,2.9528795e-07
0,0,2.2775873e-06
0,0,7.5880064e-07
0,0,4.8079613e-07
0,0,2.2522522e-07
0,0,1.0041425e-06
0,0,2.7538642e-06
0,0,2.851431e-07
0,0,8.0638745e-07
0,0,2.644996e-07
0,0,4.293993e-07
0,0,4.6291763e-07
0,0,5.857449e-07
0,0,6.4697565e-07
0,0,5.6340906e-07
0,0,5.5466785e-07
0,0,2.2712182e-07
0,0,7.2722133e-07
0,0,4.549899e-07
0,0,8.268427e-07
0,0,1.7679277e-07
0,0,3.6268702e-07
0,0,1.3995734e-07
0,0,1.1528293e-06
0,0,3.5332945e-07
0,0,1.0375529e-06
0,0,6.638137e-07
0,0,8.945998e-07
0,0,6.0444853e-07
0,0,9.384198e-07
0,0,1.2886578e-07
0,0,3.109083e-07
0,0,2.4052e-07
0,0,5.998265e-07
0,0,6.787603e-07
0,0,8.813017e-07
0,0,3.5457952e-06
0,0,3.571642e-07
0,0,3.0133883e-06
0,0,4.5565992e-07
0,0,2.780574e-07
0,0,3.4088094e-07
0,0,4.364218e-07
0,0,6.436131e-07
0,0,3.1340326e-07
0,0,2.4372243e-06
0,0,2.55765e-07
0,0,3.228929e-07
0,0,9.4065723e-07
0,0,3.7308814e-07
0,0,1.0786878e-06
0,0,6.7424156e-07
0,0,1.0573057e-06
0,0,1.0169038e-06
0,0,7.6788643e-07
0,0,5.3973804e-07
0,0,5.2488065e-07
0,0,3.6171122e-07
0,0,1.0609429e-06
0,0,6.2189145e-07
0,0,1.1539776e-06
0,0,5.5618125e-07
0,0,7.9165e-07
0,0,1.8672593e-07
0,0,1.1979025e-06
0,0,6.962462e-07
0,0,9.5365795e-07
0,0,2.5611625e-06
0,0,6.045834e-07
0,0,9.1571064e-07
0,0,3.4426196e-07
0,0,2.145382e-06
0,0,2.0451905e-06
0,0,5.9284673e-07
0,0,1.1006849e-06
0,0,2.8475722e-07
0,0,6.270512e-07
0,0,1.1032597e-06
0,0,4.7204068e-07
0,0,2.5848757e-07
0,0,1.1561731e-06
0,0,2.5989578e-07
0,0,4.3640975e-07
0,0,8.3564834e-07
0,0,8.5176526e-07
0,0,1.2144886e-06
0,0,9.270377e-07
0,0,3.496666e-07
0,0,2.4331708e-05
0,0,9.016472e-07
0,0,4.1095234e-07
0,0,3.1193858e-07
0,0,7.4016134e-07
0,0,1.1453873e-06
0,0,5.388303e-07
0,0,1.0008317e-06
0,0,5.007825e-07
0,0,6.0574575e-07
0,0,1.0767391e-06
0,0,5.269631e-07
0,0,2.1297596e-07
0,0,7.0512215e-07
0,0,3.1816475e-07
0,0,2.4191966e-06
0,0,8.0520783e-07
0,0,4.4384436e-07
0,0,2.6154652e-07
0,0,1.3510534e-06
0,0,4.885036e-07
0,0,0.0045595146
0,0,1.5417523e-07
0,0,1.1684024e-06
0,0,7.0834176e-07
0,0,2.3445034e-07
0,0,2.094776e-07
0,0,1.2556435e-06
0,0,2.555112e-07
0,0,4.5991257e-07
0,0,1.0748063e-06
0,0,2.7536754e-07
0,0,1.2918033e-06
0,0,2.8652624e-07
0,0,1.2874077e-06
0,0,1.6598375e-06
0,0,1.0618742e-06
0,0,4.7754526e-07
0,0,2.4312044e-07
0,0,1.6716915e-06
0,0,3.6268634e-07
0,0,0.24099466
0,0,3.2730813e-07
0,0,6.3485544e-07
0,0,3.9321608e-07
0,0,6.1673177e-07
0,0,3.4443897e-07
0,0,4.3369715e-07
0,0,1.242464e-07
0,0,8.179325e-07
0,0,5.112053e-07
0,0,1.4589726e-06
0,0,3.7748492e-07
0,0,6.3726844e-07
0,0,2.976417e-07
0,0,5.883375e-07
0,0,5.278599e-07
0,0,1.8434594e-07
0,0,1.1278803e-06
0,0,1.4340964e-06
0,0,7.4991885e-07
0,0,8.870186e-07
0,0,2.6298468e-07
0,0,8.446646e-07
0,0,4.0132582e-07
0,0,4.3443893e-07
0,0,4.9769113e-07
0,0,1.3473911e-07
0,0,9.795476e-07
0,0,2.2971076e-07
0,0,2.4360138e-06
0,0,5.967767e-07
0,0,4.2489557e-07
0,0,7.98653e-07
0,0,4.5696106e-07
0,0,6.302058e-07
0,0,8.9835896e-07
0,0,5.2261896e-07
0,0,1.1471516e-06
0,0,4.4513217e-07
0,0,2.9437351e-06
0,0,4.706611e-07
0,0,5.930622e-07
0,0,5.0322893e-07
0,0,4.097388e-07
0,0,2.5592578e-07
0,0,1.1386142e-06
0,0,7.293717e-07
0,0,2.1668004e-07
0,0,1.9579381e-06
0,0,8.626468e-07
0,0,5.549282e-07
0,0,2.8163865e-07
0,0,1.8023669e-06
0,0,8.51282e-07
0,0,2.7286814e-07
0,0,3.2354393e-07
0,0,6.0765046e-07
0,0,3.8702942e-07
0,0,4.306267e-07
0,0,1.5922757e-06
0,0,3.737787e-07
0,0,8.922269e-07
0,0,1.8423781e-06
0,0,2.279666e-07
0,0,5.374288e-07
0,0,1.5098747e-06
0,0,1.9011841e-06
0,0,6.1060086e-07
0,0,1.124614e-06
0,0,4.2051127e-07
0,0,1.6595399e-06
0,0,3.342775e-07
0,0,8.478905e-07
0,0,8.0235475e-07
0,0,8.8509614e-07
0,0,3.614991e-07
0,0,1.6913565e-07
0,0,1.0056624e-06
0,0,6.578845e-07
0,0,4.733123e-07
0,0,6.295216e-07
0,0,5.526277e-07
0,0,7.939023e-07
0,0,4.7680533e-07
0,0,2.8603782e-07
0,0,7.272117e-07
0,0,3.1299942e-07
0,0,2.0118073e-06
0,0,3.5492013e-07
0,0,2.9577103e-07
0,0,1.3357713e-07
0,0,4.397843e-07
0,0,6.512663e-07
0,0,8.2331445e-07
0,0,8.571205e-07
0,0,2.0353004e-06
0,0,3.6624797e-07
0,0,5.510657e-07
0,0,8.123083e-07
0,0,3.7457053e-07
0,0,2.4569558e-06
0,0,1.0325838e-06
0,0,9.377006e-07
0,0,2.182558e-07
0,0,2.6153404e-07
0,0,4.8766157e-07
0,0,4.665857e-07
0,0,1.6181173e-06
0,0,3.2051125e-07
0,0,1.9771956e-06
0,0,1.3075588e-07
0,0,3.0637375e-07
0,0,2.410785e-07
0,0,2.9832057e-07
0,0,5.818199e-07
0,0,1.2945571e-06
0,0,3.3444906e-07
0,0,5.120367e-07
0,0,1.7896801e-06
0,0,1.4288651e-06
0,0,7.296528e-07
0,0,5.198656e-07
0,0,2.4746532e-07
0,0,1.8784581e-07
0,0,1.6349442e-07
0,0,5.351768e-07
0,0,3.4042287e-07
0,0,2.0250254e-06
0,0,1.1396136e-06
0,0,3.0931838e-07
0,0,2.5273292e-07
0,0,5.5590493e-07
0,0,8.0671055e-07
0,0,2.894426e-06
0,0,2.0404262e-07
0,0,1.3256016e-06
0,0,9.407434e-07
0,0,5.5290974e-07
0,0,3.9845224e-07
0,0,1.90874e-07
0,0,3.0312594e-07
0,0,3.7579778e-07
0,0,7.216089e-07
0,0,2.3134112e-07
0,0,3.538795e-07
0,0,1.1667889e-06
0,0,3.3658776e-07
0,0,3.8381833e-07
0,0,9.9264405e-08
0,0,4.6599337e-07
0,0,5.3173216e-07
0,0,7.874176e-07
0,0,6.8576776e-07
0,0,4.3798744e-07
0,0,8.8010904e-07
0,0,8.1409667e-07
0,0,4.1329244e-07
0,0,6.099002e-07
0,0,4.286334e-07
0,0,5.1412314e-07
0,0,1.1635975e-06
0,0,3.6175675e-07
0,0,2.4936535e-06
0,0,8.725324e-07
0,0,5.201889e-07
0,0,3.5215548e-06
0,0,6.3813627e-07
0,0,6.045684e-07
0,0,3.3032697e-07
0,0,1.1137221e-06
0,0,6.930042e-07
0,0,1.9023192e-06
0,0,1.3808075e-06
0,0,2.911261e-07
0,0,3.4051217e-07
0,0,4.2905137e-07
0,0,1.4334387e-06
0,0,1.3592121e-06
0,0,1.462977e-06
0,0,4.5565906e-07
0,0,8.182742e-07
0,0,1.10940384e-07
0,0,6.489277e-07
0,0,2.808675e-07
0,0,1.2775084e-06
0,0,1.0291557e-06
0,0,1.4045702e-07
0,0,1.399116e-06
0,0,1.2841002e-07
0,0,1.5851246e-06
0,0,3.5627798e-07
0,0,1.1354446e-06
0,0,9.547326e-07
0,0,6.3032417e-07
0,0,1.1717377e-06
0,0,6.017596e-07
0,0,1.0071491e-06
0,0,4.1665984e-07
0,0,3.5979288e-06
0,0,5.6946516e-07
0,0,3.2437822e-06
0,0,9.53597e-07
0,0,4.959594e-07
0,0,2.0400253e-07
0,0,2.1096479e-07
0,0,1.9295939e-07
0,0,9.631342e-07
0,0,4.1171964e-07
0,0,3.1081373e-07
0,0,1.3506128e-06
0,0,1.9809049e-07
0,0,4.8869e-07
0,0,3.4140485e-06
0,0,2.2717388e-06
0,0,3.0738724e-07
0,0,4.5579813e-07
0,0,1.3978289e-06
0,0,2.843583e-07
0,0,3.9038346e-07
0,0,7.775948e-07
0,0,5.507058e-07
0,0,6.012898e-07
0,0,6.227134e-07
0,0,4.809021e-07
0,0,7.5849675e-07
0,0,5.824872e-07
0,0,2.70795e-06
0,0,1.4060192e-06
0,0,6.6226835e-07
0,0,6.138027e-07
0,0,6.751971e-07
0,0,8.477376e-07
0,0,2.6067996e-06
0,0,5.1017037e-07
0,0,4.515861e-07
0,0,6.157797e-07
0,0,0.00044111392
0,0,2.549674e-07
0,0,1.3834912e-06
0,0,3.1584675e-06
0,0,6.1303984e-07
0,0,6.9594614e-07
0,0,1.0487506e-06
0,0,4.1458725e-07
0,0,5.511692e-07
0,0,3.647648e-07
0,0,3.5507483e-07
0,0,5.957776e-07
0,0,3.0294618e-07
0,0,4.3615552e-07
0,0,5.5421947e-07
0,0,3.107509e-07
0,0,4.0551978e-07
0,0,3.5229147e-07
0,0,2.202953e-07
0,0,2.3467136e-07
0,0,2.0374018e-06
0,0,1.410174e-06
0,0,1.5564487e-07
0,0,2.891243e-07
0,0,2.885948e-07
0,0,4.353522e-07
0,0,7.184893e-07
0,0,4.169552e-07
0,0,2.1853259e-07
0,0,5.1173356e-07
0,0,2.9801234e-07
0,0,2.844272e-07
0,0,3.425684e-07
0,0,6.7935343e-07
0,0,4.0449393e-07
0,0,8.3438533e-07
0,0,4.6076298e-07
0,0,1.1923969e-07
0,0,5.0198173e-07
0,0,4.4659615e-07
0,0,5.209649e-07
0,0,4.2906896e-07
0,0,3.82747e-07
0,0,7.1577006e-07
0,0,1.1724944e-06
0,0,7.6065976e-07
0,0,8.1122994e-07
0,0,5.4141356e-07
0,0,2.4341136e-07
0,0,3.2916073e-06
0,0,4.3561843e-07
0,0,7.418489e-07
0,0,7.412513e-07
0,0,3.152724e-07
0,0,6.475009e-07
0,0,7.9440287e-07
0,0,3.2536084e-07
0,0,1.565782e-06
0,0,3.9612857e-07
0,0,4.7552476e-06
0,0,3.29684e-07
0,0,3.9302228e-07
0,0,7.2442697e-07
0,0,3.0025916e-07
0,0,3.2506466e-07
0,0,2.425026e-07
0,0,4.816718e-07
0,0,1.083047e-06
0,0,2.055939e-07
0,0,8.166153e-07
0,0,1.4008021e-06
0,0,1.0341379e-06
0,0,3.800695e-07
0,0,2.0521302e-06
0,0,1.1112033e-06
0,0,1.5687399e-06
0,0,1.353075e-05
0,0,3.9545557e-07
0,0,6.1786506e-07
0,0,9.305853e-07
0,0,1.3343724e-06
0,0,2.0152221e-07
0,0,4.903711e-07
0,0,2.3859752e-07
0,0,5.5437596e-07
0,0,8.471549e-07
0,0,4.0914605e-07
0,0,8.2965784e-07
0,0,4.320685e-07
0,0,6.6783883e-07
0,0,1.1571261e-06
0,0,2.7669984e-07
0,0,4.4214227e-07
0,0,9.104532e-08
0,0,3.9796805e-07
0,0,7.281416e-07
0,0,2.2149736e-07
0,0,5.9236015e-07
0,0,2.4662683e-07
0,0,5.511361e-07
0,0,4.5549479e-07
0,0,2.6665116e-06
0,0,2.9380732e-07
0,0,2.5356317e-07
0,0,6.011356e-07
0,0,3.9260382e-07
0,0,1.6682609e-06
0,0,4.6332838e-07
0,0,2.4608626e-06
0,0,1.7951744e-07
0,0,1.0225773e-06
0,0,1.5139276e-06
0,0,1.1572018e-05
0,0,3.9546575e-07
0,0,2.6953896e-07
0,0,2.8440572e-06
0,0,8.149255e-07
0,0,3.3128416e-07
0,0,1.1358161e-06
0,0,5.120797e-07
0,0,3.5201776e-07
0,0,1.0715593e-07
0,0,3.2759166e-07
0,0,5.271576e-07
0,0,3.1110673e-07
0,0,7.7999226e-07
0,0,1.5313877e-06
0,0,4.621188e-07
0,0,6.944915e-07
0,0,2.8313113e-07
0,0,5.6170245e-07
0,0,8.1069476e-07
0,0,5.0813145e-07
0,0,7.2444425e-07
0,0,4.6286027e-07
0,0,4.2313897e-07
0,0,9.2278884e-07
0,0,3.3952867e-07
0,0,2.9745468e-07
0,0,2.825232e-07
0,0,1.2618726e-06
0,0,1.211295e-06
0,0,5.4012577e-07
0,0,8.449183e-07
0,0,1.6219612e-06
0,0,4.5680946e-07
0,0,6.0718185e-07
0,0,2.1854876e-06
0,0,3.4641815e-07
0,0,1.3552086e-06
0,0,5.058402e-07
0,0,6.7590446e-07
0,0,9.4579707e-07
0,0,1.5087547e-06
0,0,1.3745757e-06
0,0,1.3234493e-06
0,0,1.1995841e-06
0,0,3.7384038e-07
0,0,9.171186e-07
0,0,4.4588674e-07
0,0,9.3852464e-07
0,0,7.4312914e-07
0,0,1.7562871e-07
0,0,6.8691844e-07
0,0,2.5899737e-07
0,0,6.9712587e-07
0,0,3.766205e-07
0,0,1.193016e-06
0,0,3.161924e-06
0,0,4.5277199e-07
0,0,3.4074964e-07
0,0,5.1308865e-07
0,0,3.0023625e-07
0,0,2.5567306e-07
0,0,1.3616147e-06
0,0,2.427153e-06
0,0,4.3180984e-07
0,0,4.9840077e-07
0,0,1.7520078e-07
0,0,3.0836026e-07
0,0,1.4173155e-07
0,0,2.6808056e-07
0,0,6.0894706e-07
0,0,4.193569e-06
0,0,3.7626972e-07
0,0,6.643812e-07
0,0,5.834691e-07
0,0,5.6194307e-07
0,0,2.5812867e-07
0,0,6.017676e-07
0,0,6.894478e-07
0,0,4.6769364e-07
0,0,7.570529e-07
0,0,4.154449e-07
0,0,4.3957928e-07
0,0,3.7984339e-07
0,0,3.8219545e-07
0,0,7.8671127e-07
0,0,9.0519427e-07
0,0,5.154157e-07
0,0,2.0042934e-07
0,0,1.3422998e-06
0,0,1.6739776e-07
0,0,4.6782213e-07
0,0,2.7075163e-07
0,0,5.9041554e-07
0,0,7.34772e-08
0,0,3.1636675e-06
0,0,3.4933132e-07
0,0,3.37204e-07
0,0,6.619015e-07
0,0,9.490507e-07
0,0,1.5690182e-06
0,0,3.7105175e-07
0,0,6.6036307e-07
0,0,4.9636014e-07
0,0,2.777375e-07
0,0,4.5357407e-07
0,0,1.5960247e-06
0,0,6.66309e-06
0,0,4.3554576e-07
0,0,3.4462141e-06
0,0,1.6065465e-07
0,0,1.4196546e-06
0,0,3.5122468e-07
0,0,1.6489431e-06
0,0,6.701855e-07
0,0,3.7859644e-07
0,0,3.6609677e-07
0,0,6.3911136e-07
0,0,1.0394555e-06
0,0,1.4028128e-06
0,0,6.6679513e-07
0,0,6.284179e-07
0,0,6.519194e-07
0,0,1.1864626e-06
0,0,7.7414677e-07
0,0,4.352883e-07
0,0,3.4091443e-07
0,0,1.2595282e-06
0,0,1.9956012e-06
0,0,9.3056127e-07
0,0,3.0761277e-07
0,0,5.416325e-07
0,0,9.0291894e-07
0,0,5.668373e-07
0,0,3.5298862e-07
0,0,1.176087e-06
0,0,3.5351889e-07
0,0,7.057303e-07
0,0,4.88772e-07
0,0,3.146416e-07
0,0,6.710278e-07
0,0,5.38726e-07
0,0,6.071407e-07
0,0,5.9481016e-07
0,0,1.0530741e-06
0,0,3.8518976e-07
0,0,1.3880171e-07
0,0,1.3294364e-06
0,0,3.0585352e-07
0,0,4.184147e-07
0,0,3.1789298e-07
0,0,8.2565447e-07
0,0,7.0618813e-07
0,0,3.142071e-07
0,0,1.6821762e-07
0,0,7.086783e-07
0,0,1.3713665e-06
0,0,4.8092727e-07
0,0,1.1818279e-06
0,0,4.5994113e-07
0,0,1.3553909e-06
0,0,2.7588908e-07
0,0,1.4955607e-07
0,0,9.270218e-07
0,0,2.007917e-07
0,0,7.3052803e-07
0,0,6.0643356e-07
0,0,2.1073816e-07
0,0,1.4011803e-06
0,0,1.3888927e-06
0,0,1.5128973e-06
0,0,4.3112553e-07
0,0,4.5961664e-07
0,0,9.991991e-07
0,0,4.275148e-07
0,0,8.5391645e-07
0,0,2.8928287e-07
0,0,4.818772e-07
0,0,3.5050969e-06
0,0,1.7129198e-06
0,0,3.1272702e-07
0,0,3.2638113e-07
0,0,7.054652e-07
0,0,2.568968e-07
0,0,2.5888355e-07
0,0,0.1507248
0,0,3.272557e-07
0,0,7.764351e-07
0,0,3.0619324e-07
0,0,1.2152984e-06
0,0,4.029673e-07
0,0,5.2553276e-07
0,0,4.4213888e-07
0,0,6.816918e-07
0,0,4.3866547e-07
0,0,3.3042718e-07
0,0,2.7737065e-07
0,0,7.8384824e-07
0,0,1.2844089e-07
0,0,6.84649e-07
0,0,2.6789937e-07
0,0,9.4019714e-07
0,0,5.535571e-07
0,0,1.0362328e-06
0,0,8.9065327e-07
0,0,3.6491267e-07
0,0,3.3420676e-07
0,0,2.8458592e-07
0,0,2.3935195e-06
0,0,2.5514328e-07
0,0,1.9825548e-07
0,0,4.1697749e-07
0,0,4.2560688e-07
0,0,4.8260154e-07
0,0,1.1714093e-06
0,0,5.190234e-07
0,0,7.433595e-07
0,0,4.218814e-07
0,0,3.932045e-07
0,0,3.1538033e-07
0,0,9.429871e-07
0,0,8.393455e-07
0,0,3.9927846e-07
0,0,6.4891964e-07
0,0,9.928187e-07
0,0,2.565807e-07
0,0,1.1027022e-06
0,0,6.167135e-07
0,0,5.585684e-07
0,0,3.1352494e-07
0,0,4.304719e-07
0,0,6.8114e-07
0,0,3.4714438e-07
0,0,2.3018684e-07
0,0,8.5172866e-07
0,0,7.0857084e-07
0,0,7.046838e-07
0,0,1.0791786e-06
0,0,2.1904108e-07
0,0,1.373014e-06
0,0,6.5953856e-07
0,0,6.0787306e-07
0,0,4.8712053e-07
0,0,5.131782e-07
0,0,4.184961e-07
0,0,2.0801977e-07
0,0,1.015946e-06
0,0,3.8225855e-07
0,0,5.3844917e-07
0,0,3.9747044e-07
0,0,8.608412e-07
0,0,7.585539e-07
0,0,5.4459207e-07
0,0,3.2623922e-07
0,0,2.499267e-07
0,0,1.2846665e-06
0,0,2.0653358e-06
0,0,4.6348927e-07
0,0,8.513908e-07
0,0,1.8232943e-06
0,0,5.14004e-07
0,0,7.1481026e-07
0,0,1.0089834e-06
0,0,9.304256e-07
0,0,0.00046610035
0,0,4.085647e-07
0,0,5.56498e-07
0,0,1.5623067e-06
0,0,6.6853664e-07
0,0,4.0368158e-07
0,0,7.569431e-07
0,0,1.7925703e-06
0,0,4.1894415e-07
0,0,8.5286416e-07
0,0,9.020514e-07
0,0,5.9464855e-07
0,0,5.569328e-07
0,0,4.8386283e-07
0,0,2.1674584e-06
0,0,1.6189724e-06
0,0,2.2256116e-07
0,0,1.1482734e-06
0,0,5.706122e-07
0,0,1.4953724e-07
0,0,5.024631e-07
0,0,2.561375e-06
0,0,7.1440064e-07
0,0,5.146151e-07
0,0,4.0492273e-07
0,0,7.442291e-07
0,0,1.4561856e-06
0,0,1.8918897e-07
0,0,1.3702409e-06
0,0,1.3191083e-06
0,0,8.5131205e-07
0,0,2.3090955e-07
0,0,1.026052e-06
0,0,2.8930606e-07
0,0,4.4791585e-07
0,0,2.3113162e-07
0,0,5.6565574e-07
0,0,3.1944717e-07
0,0,9.927525e-07
0,0,5.6443787e-07
0,0,5.9198067e-07
0,0,5.7096986e-07
0,0,1.4360438e-06
0,0,1.4452613e-06
0,0,4.915562e-07
0,0,8.2965784e-07
0,0,1.1430978e-06
0,0,7.38901e-07
0,0,3.0050257e-06
0,0,4.6002535e-07
0,0,2.726707e-07
0,0,3.9018246e-07
0,0,3.1593513e-07
0,0,8.000358e-07
0,0,2.244e-07
0,0,8.6021504e-07
0,0,3.8526838e-07
0,0,2.7863368e-07
0,0,3.354364e-07
0,0,5.0151135e-07
0,0,3.5997405e-07
0,0,5.3894905e-07
0,0,0.0841299
0,0,9.988922e-07
0,0,2.0123464e-06
0,0,6.2999305e-07
0,0,5.3051144e-07
0,0,1.3019821e-06
0,0,6.09935e-06
0,0,8.166823e-07
0,0,2.0736772e-07
0,0,3.2769293e-07
0,0,1.9836178e-07
0,0,1.0017006e-06
0,0,2.017579e-06
0,0,1.4314197e-06
0,0,6.474645e-07
0,0,4.1375975e-07
0,0,7.3830864e-07
0,0,1.531842e-06
0,0,3.1003395e-07
0,0,1.141442e-06
0,0,8.0411974e-07
0,0,5.3801386e-07
0,0,4.30176e-07
0,0,1.3239744e-06
0,0,6.940208e-07
0,0,5.1422955e-07
0,0,5.068586e-07
0,0,6.6227966e-07
0,0,1.114554e-06
0,0,9.960565e-07
0,0,1.6340401e-06
0,0,5.2722e-07
0,0,5.6755994e-07
0,0,2.3903533e-06
0,0,6.5059766e-07
0,0,6.1908537e-07
0,0,9.4229847e-07
0,0,4.21583e-07
0,0,1.2027997e-06
0,0,7.558733e-07
0,0,2.0855649e-07
0,0,7.347727e-07
0,0,3.3308544e-07
0,0,4.0403472e-07
0,0,1.6250097e-07
0,0,7.5337465e-07
0,0,6.660871e-07
0,0,3.6961117e-07
0,0,2.9762066e-07
0,0,2.7778756e-07
0,0,4.923528e-07
0,0,5.501242e-07
0,0,3.8988787e-07
0,0,2.2545238e-07
0,0,3.1393873e-07
0,0,8.68853e-07
0,0,6.9040715e-07
0,0,5.1783087e-07
0,0,2.855554e-07
0,0,8.1880734e-07
0,0,1.6614956e-06
0,0,8.889867e-07
0,0,2.2974713e-07
0,0,9.144194e-08
0,0,6.139039e-07
0,0,3.2354978e-07
0,0,6.578701e-07
0,0,8.8209043e-07
0,0,8.121689e-07
0,0,3.8554663e-07
0,0,1.9352441e-07
0,0,1.5262862e-06
0,0,1.8156945e-07
0,0,3.3665337e-06
0,0,3.778332e-07
0,0,9.896086e-07
0,0,7.360821e-07
0,0,3.1159487e-07
0,0,8.167415e-07
0,0,2.2658311e-07
0,0,3.5360117e-07
0,0,4.2884395e-07
0,0,1.2614756e-06
0,0,2.9956634e-06
0,0,1.3766813e-06
0,0,1.0613962e-06
0,0,1.3706288e-07
0,0,3.077832e-07
0,0,1.2251315e-06
0,0,1.6770439e-06
0,0,1.9900828e-07
0,0,1.4859786e-06
0,0,2.5815996e-06
0,0,8.061483e-07
0,0,1.7142321e-06
0,0,4.6392663e-07
0,0,6.0341296e-07
0,0,8.4606654e-07
0,0,4.4244553e-07
0,0,7.302194e-07
0,0,2.2585596e-06
1,0,0.44097358
0,0,1.4533928e-06
0,0,3.2128933e-06
0,0,2.207641e-07
0,0,7.1773184e-07
0,0,1.2760809e-07
0,0,3.2968592e-07
0,0,6.146731e-07
0,0,2.555107e-07
0,0,8.072123e-07
0,0,5.8869335e-07
0,0,8.675689e-07
0,0,2.7023572e-07
0,0,7.0638345e-07
0,0,5.69255e-07
0,0,3.3751962e-07
0,0,6.491883e-07
0,0,2.4161272e-07
0,0,6.594895e-07
0,0,1.8764041e-06
0,0,4.086021e-07
0,0,2.394594e-07
0,0,5.123855e-07
0,0,9.1987437e-07
0,0,3.113792e-07
0,0,5.0758274e-07
0,0,1.3434806e-06
0,0,2.1120937e-07
0,0,4.8469695e-07
0,0,4.930661e-07
0,0,1.7735765e-07
0,0,8.644611e-07
0,0,3.182095e-06
0,0,6.4119195e-07
0,0,3.3332344e-07
0,0,4.7082182e-07
0,0,3.853496e-06
0,0,2.794123e-07
0,0,1.7454336e-06
0,0,1.5187156e-06
0,0,5.532832e-07
0,0,3.0197384e-07
0,0,1.1149166e-06
0,0,1.0186393e-06
0,0,3.2914556e-07
0,0,1.274386e-06
0,0,2.9657065e-07
0,0,6.336445e-07
0,0,4.51314e-07
0,0,1.3989932e-06
0,0,6.615746e-07
0,0,2.4866076e-06
0,0,2.0332209e-06
0,0,3.1399682e-07
0,0,1.4595307e-06
0,0,2.358129e-06
0,0,3.0895987e-07
0,0,1.7096918e-06
0,0,5.845646e-07
0,0,4.944028e-06
0,0,8.5580297e-07
0,0,1.5488201e-06
0,0,1.769633e-06
0,0,2.7648246e-06
0,0,2.9971636e-06
0,0,1.1323561e-06
0,0,9.2581234e-07
0,0,7.321748e-07
0,0,1.8719521e-07
0,0,5.930593e-07
0,0,5.348972e-07
1,0,0.12738173
0,0,1.3155743e-06
0,0,1.6480234e-06
0,0,1.341115e-06
0,0,1.0968298e-06
0,0,1.0934887e-06
0,0,8.214659e-07
0,0,9.0896674e-07
0,0,4.668795e-07
0,0,6.439072e-07
0,0,5.278453e-07
0,0,0.0008564117
0,0,1.1895498e-06
0,0,1.2210933e-06
0,0,1.2184883e-07
0,0,2.689892e-07
0,0,4.8280407e-07
0,0,3.3889495e-07
0,0,9.687211e-07
0,0,2.0404357e-07
0,0,6.971505e-07
0,0,9.97921e-07
0,0,7.18856e-07
0,0,2.3815308e-07
0,0,9.318019e-07
0,0,4.719043e-07
0,0,5.2367665e-07
0,0,3.4827058e-06
0,0,3.2488737e-07
0,0,9.154636e-07
0,0,1.8798613e-07
0,0,4.4501118e-07
0,0,2.412296e-07
0,0,6.315029e-07
0,0,1.4252287e-06
0,0,1.010264e-06
0,0,5.83665e-07
0,0,4.649679e-07
0,0,4.4649056e-07
0,0,7.1088635e-07
0,0,7.9609794e-07
0,0,3.2548252e-07
0,0,6.5095264e-07
0,0,3.538906e-07
0,0,1.1251643e-06
0,0,4.859262e-07
0,0,2.0177471e-07
0,0,3.7837444e-07
0,0,2.3679607e-07
0,0,0.052954875
0,0,4.2640318e-07
0,0,3.6616171e-07
0,0,9.280187e-07
0,0,3.955159e-07
0,0,1.6577303e-07
0,0,1.1766188e-06
0,0,7.9734394e-07
0,0,4.080196e-07
0,0,2.0987704e-06
0,0,2.9045415e-07
0,0,2.3868681e-06
0,0,2.700332e-07
0,0,5.047593e-07
0,0,1.0018707e-06
0,0,5.8246e-07
0,0,5.7012045e-07
0,0,1.3189599e-06
0,1,0.63387656
0,0,7.3730945e-07
0,0,8.1777574e-07
0,0,8.184787e-07
1,0,0.26995084
0,0,2.3063476e-06
0,0,1.3361756e-06
0,0,6.559243e-07
0,0,2.1831117e-07
0,0,4.095259e-07
0,0,2.0903158e-07
0,0,2.7237962e-07
0,0,7.798747e-07
0,0,2.9915982e-06
0,0,3.362605e-07
0,0,5.1263817e-07
0,0,6.235626e-07
0,0,2.2957082e-07
0,0,4.038044e-07
0,0,1.556376e-06
0,0,7.1708047e-07
0,0,1.3552396e-06
0,0,1.391839e-06
0,0,7.111494e-07
0,0,6.102679e-07
0,0,5.4865404e-07
0,0,3.787051e-07
0,0,4.1381108e-07
0,0,1.8803557e-06
0,0,7.082547e-07
0,0,1.1409174e-06
0,0,9.601343e-07
0,0,5.102643e-07
0,0,3.2025262e-06
0,0,4.498594e-07
0,0,3.4272168e-07
0,0,9.435629e-07
0,0,2.4921934e-07
0,0,1.2200945e-06
0,0,1.931483e-07
0,0,5.7315646e-07
0,0,8.874323e-07
0,0,1.1700795e-06
0,0,2.1092414e-07
0,0,5.4487367e-07
0,0,1.4781823e-06
0,0,1.8971849e-06
0,0,5.8084476e-07
0,0,1.7984078e-07
0,0,3.6379205e-07
0,0,1.8484498e-06
0,0,2.613296e-07
0,0,9.721574e-07
0,0,4.1932668e-07
0,0,7.503824e-07
0,0,0.00019130997
0,0,1.6424707e-06
0,0,2.9601108e-06
0,0,2.0101739e-07
0,0,7.9114807e-07
0,0,4.6763745e-07
0,0,1.8265125e-07
0,0,7.5017925e-07
0,0,2.6927202e-07
0,0,1.5609127e-06
0,0,2.9536054e-06
0,0,3.9565853e-07
0,0,5.7688266e-07
0,0,4.29213e-07
0,0,5.5661206e-07
0,0,4.012187e-07
0,0,1.2999425e-06
0,0,4.0389028e-07
0,0,5.4709284e-07
0,0,3.9132683e-06
0,0,3.6364045e-07
0,0,7.321419e-07
0,0,5.7925877e-07
0,0,2.587399e-07
0,0,4.0976732e-07
0,0,5.512344e-07
0,0,8.1910264e-07
0,0,8.275148e-07
0,0,3.0610212e-07
0,0,8.221619e-07
0,0,4.278619e-07
0,0,9.540317e-07
0,0,3.173296e-07
0,0,4.4015144e-07
0,0,5.4697495e-07
0,0,8.379603e-07
0,0,4.789866e-07
0,0,4.912853e-07
0,0,3.13994e-06
0,0,6.644021e-07
0,0,4.797111e-07
0,0,2.3083762e-06
0,0,8.7036244e-07
0,0,3.503225e-07
0,0,1.9411722e-07
0,0,4.7563677e-07
0,0,1.937225e-06
0,0,1.4588419e-06
0,0,3.5770788e-07
0,0,1.0453197e-06
0,0,6.060572e-07
0,0,1.8707864e-06
0,0,5.1840357e-07
0,0,1.5821115e-06
0,0,1.3236436e-06
0,0,6.6869217e-07
0,0,1.0117749e-06
0,0,6.769089e-07
0,0,4.7146838e-07
0,0,2.1343976e-07
0,0,7.3513434e-07
0,0,2.2076283e-07
0,0,3.322238e-07
0,0,8.3566914e-07
0,0,1.1930258e-07
0,0,3.9220038e-07
0,0,3.4376689e-07
0,0,5.314346e-07
0,0,8.748982e-08
0,0,6.569992e-07
0,0,7.465287e-07
0,0,1.3418518e-06
0,0,6.097949e-07
0,0,6.6588836e-07
0,0,5.901346e-07
0,0,8.816993e-07
0,0,5.303824e-07
0,0,1.6315628e-06
0,0,6.2419747e-07
0,0,3.3861559e-06
0,0,1.5149371e-06
0,0,8.149193e-07
0,0,5.20505e-07
0,0,2.7296105e-07
0,0,5.564618e-07
0,0,4.8135354e-07
0,0,2.1248532e-06
0,0,1.644731e-07
0,0,7.7497333e-07
0,0,1.2266468e-06
0,0,3.8755462e-07
0,0,3.7902706e-07
0,0,7.060703e-07
0,0,5.5101947e-07
0,0,6.874762e-06
0,0,8.4139725e-07
0,0,1.4118046e-07
0,0,5.269787e-07
0,0,3.9239606e-07
0,0,1.5143277e-06
0,0,5.925037e-07
0,0,5.4562764e-07
0,0,2.5427414e-07
0,0,4.584854e-07
0,0,1.582196e-06
0,0,9.3297473e-07
0,0,5.5939097e-07
0,0,3.4705104e-07
0,0,0.12173185
0,0,4.2917617e-07
0,0,5.563934e-07
0,0,1.548708e-06
0,0,1.063872e-06
0,0,5.3911043e-07
0,0,2.2834368e-07
0,0,6.609307e-07
0,0,7.224455e-07
0,0,7.875866e-07
0,0,7.0131955e-07
0,0,4.84733e-07
0,0,2.8399054e-07
0,0,9.0576594e-07
0,0,1.9154886e-06
0,0,6.0298025e-06
0,0,1.149777e-06
0,0,7.5591225e-07
0,0,9.913617e-07
0,0,1.0283276e-06
0,0,7.4384275e-06
0,0,2.0616105e-06
0,0,1.2750875e-06
0,0,5.0015063e-07
0,0,4.95011e-07
0,0,9.3999716e-07
0,0,1.7120234e-07
0,0,3.3755245e-07
0,0,4.4324415e-07
0,0,4.5826158e-07
0,0,9.684883e-07
0,0,3.3538234e-07
0,0,7.250788e-07
0,0,2.564677e-07
0,0,7.531369e-07
0,0,7.0003125e-07
0,0,2.7169548e-07
0,0,6.680166e-07
0,0,8.94268e-07
0,0,3.6393675e-07
0,0,3.43488e-07
0,0,2.487627e-07
0,0,1.1797414e-06
0,0,3.5041305e-07
0,0,1.3227703e-06
0,0,5.3151365e-07
0,0,2.1207487e-07
0,0,5.834947e-07
0,0,9.0976806e-07
0,0,1.7165125e-06
0,0,4.863829e-07
0,0,3.060302e-06
0,0,3.0672154e-06
0,0,3.4829245e-07
0,0,1.3970933e-06
0,0,5.649888e-07
0,0,7.7041045e-07
0,0,1.7815913e-06
0,0,7.3140075e-07
0,0,8.4294334e-07
0,0,1.2542876e-06
0,0,1.2641733e-06
0,0,1.215863e-06
0,0,4.8473623e-07
0,0,1.3647036e-06
0,0,3.7430735e-07
0,0,8.6067536e-07
0,0,6.2259403e-07
0,0,4.9943276e-07
0,0,4.848786e-07
0,0,6.854277e-07
0,0,3.2892055e-07
0,0,4.0193638e-07
0,0,9.247913e-07
0,0,2.2517763e-06
0,0,6.310574e-07
0,0,2.081563e-07
0,0,5.881995e-07
0,0,1.606067e-06
0,0,2.3117573e-07
0,0,2.0905284e-06
0,0,1.5593519e-06
0,0,1.3581857e-06
0,0,4.112358e-07
0,0,2.1114452e-07
0,0,8.4173746e-07
0,0,1.0821705e-06
0,0,4.8402023e-07
0,0,4.5807633e-07
0,0,1.734009e-07
0,0,9.0114173e-07
0,0,2.527151e-07
0,0,2.6469493e-07
0,0,3.5642037e-07
0,0,3.112195e-07
0,0,1.1878041e-06
0,0,2.3298618e-07
0,0,2.682757e-06
0,0,4.6952954e-07
0,0,5.696775e-07
0,0,2.1681667e-07
0,0,7.5562684e-07
0,0,4.3027407e-07
0,0,1.4780748e-07
0,0,3.297519e-07
0,0,5.702706e-07
0,0,5.644653e-07
0,0,4.0420434e-07
0,0,3.534784e-07
0,0,1.4791438e-07
0,0,8.643728e-07
0,0,7.1313525e-07
0,0,5.1701716e-07
0,0,1.0641211e-07
0,0,2.3733053e-07
0,0,3.4668386e-07
0,0,2.0693815e-06
0,0,1.3155617e-06
0,0,6.540354e-07
0,0,3.751951e-07
0,0,4.935987e-07
0,0,6.615544e-07
0,0,4.89433e-07
0,0,1.4786066e-06
0,0,3.1861168e-07
0,0,1.2095692e-06
0,0,1.1921971e-06
0,0,5.6418384e-07
0,0,2.395515e-05
0,0,8.297939e-07
0,0,2.588564e-06
0,0,1.3822053e-06
0,0,9.698174e-07
0,0,6.4648964e-07
0,0,2.1208355e-07
0,0,3.9830792e-07
0,0,1.5628879e-06
0,0,1.9119298e-06
0,0,3.5457572e-07
0,0,1.0058619e-06
0,0,1.1690656e-06
0,0,3.4586324e-07
0,0,1.8182207e-06
0,0,1.3104242e-06
0,0,2.986636e-07
0,0,5.9573154e-07
0,0,2.454127e-06
0,0,2.7374206e-06
0,0,8.5420805e-07
0,0,1.4560787e-06
0,0,8.6749776e-07
0,0,2.889319e-07
0,0,2.4898983e-07
0,0,1.1548133e-06
0,0,1.4994697e-06
0,0,1.273708e-06
0,0,1.2719055e-06
0,0,7.0345305e-07
0,0,3.0193988e-07
0,0,3.2522837e-07
0,0,1.7784474e-06
0,0,1.11210085e-07
0,0,1.7305924e-06
0,0,1.3553909e-06
0,0,1.0887323e-06
0,0,4.635675e-07
0,0,3.4811012e-07
0,0,4.170192e-07
0,0,9.347809e-07
0,0,7.671362e-07
0,0,3.673236e-07
0,0,9.777118e-07
0,0,4.49057e-07
0,0,9.041055e-07
0,0,6.5677244e-07
0,0,1.3650082e-06
0,0,3.4999456e-07
0,0,1.2001083e-06
0,0,7.646346e-07
0,0,7.563262e-07
0,0,1.3153887e-06
0,0,2.2057352e-06
0,0,1.0591041e-06
0,0,7.6659575e-07
0,0,3.7555165e-07
0,0,6.651483e-07
0,0,3.107023e-07
0,0,0.0034405766
0,0,2.4326076e-07
0,0,7.215387e-07
0,0,2.2351076e-06
0,0,6.4787776e-07
0,0,3.8302488e-07
0,0,3.3875608e-06
0,0,4.1746728e-07
0,0,2.7147894e-06
0,0,8.180261e-07
0,0,4.860648e-07
0,0,1.2104439e-06
0,0,8.2210147e-07
0,0,5.2133714e-07
0,0,0.002235747
0,0,4.407374e-07
0,0,7.062737e-07
0,0,1.301572e-07
0,0,3.445937e-07
0,0,5.827662e-07
0,0,3.449008e-07
0,0,9.448253e-07
0,0,3.5816632e-07
0,0,4.1159478e-07
0,0,4.1734307e-07
0,0,4.32268e-07
0,0,5.5612867e-07
0,0,1.6057915e-06
0,0,6.7470984e-07
0,0,7.550736e-07
0,0,0.41446128
0,0,3.051639e-07
0,0,6.753234e-06
0,0,5.938104e-07
0,0,4.492643e-07
0,0,7.479204e-07
0,0,3.4579233e-07
0,0,4.8927893e-07
0,0,6.3165163e-07
0,0,7.9770683e-07
0,0,2.9348078e-07
0,0,3.6455054e-07
0,0,1.0793401e-06
0,0,3.4350668e-07
0,0,1.314675e-06
0,0,8.0478566e-07
0,0,3.1957757e-07
0,0,0.07848398
0,0,1.2469158e-06
0,0,3.3037108e-07
0,0,7.109629e-07
0,0,8.129616e-07
0,0,1.7718975e-06
0,0,8.0046163e-07
0,0,6.749557e-07
0,0,1.2769648e-07
0,0,4.7525134e-07
0,0,9.1797705e-07
0,0,1.1946795e-06
0,0,2.2719557e-06
0,0,4.1401512e-07
0,0,3.5547023e-07
0,0,3.82419e-07
0,0,3.6705043e-07
0,0,5.9372655e-07
0,0,9.2408516e-07
0,0,7.4855336e-07
0,0,2.133901e-07
0,0,7.369587e-07
0,0,1.0947648e-06
0,0,5.0154904e-06
0,0,2.1822729e-07
0,0,5.492671e-07
0,0,5.0652903e-07
0,0,4.8811614e-07
0,0,3.8303438e-07
0,0,2.997621e-06
0,0,9.203026e-07
0,0,6.6973956e-07
0,0,5.6503893e-07
0,0,1.2241995e-06
0,0,2.4770168e-07
0,0,3.8146135e-07
0,0,2.1683982e-07
0,0,7.1118467e-07
0,0,3.9901468e-07
0,0,2.6254665e-07
0,0,1.785551e-06
0,0,1.3386344e-07
0,0,1.3567475e-06
0,0,5.0593474e-07
0,0,4.3202363e-07
0,0,7.301185e-07
0,0,8.0615297e-07
0,0,1.5115761e-06
0,0,7.243462e-07
0,0,5.391778e-07
0,0,2.835167e-07
0,0,1.7481656e-06
0,0,5.8200135e-07
0,0,1.0596708e-06
0,0,7.252738e-07
0,0,6.6393653e-07
0,0,1.3410289e-07
0,0,1.6705345e-06
0,0,1.2860664e-06
0,0,8.8292865e-07
0,0,3.8213787e-07
0,0,1.3227566e-06
0,0,1.2973304e-06
0,0,1.7300363e-06
0,0,6.6393653e-07
0,0,9.5381374e-08
0,0,1.1299473e-06
0,0,1.5034332e-06
0,0,7.679289e-07
0,0,3.1984985e-07
0,0,1.1103676e-06
0,0,1.6884362e-06
0,0,4.6719168e-07
0,0,4.6485488e-07
0,0,5.471779e-07
0,0,6.8027856e-07
0,0,4.8244044e-07
0,0,1.6098331e-06
0,0,1.8815598e-07
0,0,4.1468968e-07
0,0,2.6167577e-06
0,0,6.048141e-07
0,0,1.2997441e-06
0,0,1.1939301e-06
0,0,4.443348e-07
0,0,6.0975424e-07
0,0,1.0573883e-06
0,0,6.4044883e-07
0,0,2.979808e-07
0,0,2.516379e-07
0,0,1.4318621e-06
0,0,2.8700867e-07
0,0,5.397288e-07
0,0,4.7218518e-07
0,0,5.0967043e-07
0,0,6.1647364e-07
0,0,4.632042e-07
0,0,1.0136408e-06
0,0,2.7098233e-07
0,0,1.0956151e-06
0,0,9.856489e-07
0,0,5.4941796e-07
0,0,6.130609e-07
0,0,2.101782e-07
0,0,6.893032e-07
0,0,3.8039732e-07
0,0,4.109347e-07
0,0,2.0042705e-07
0,0,5.065566e-07
0,0,5.608065e-07
0,0,7.0889934e-07
0,0,6.120403e-07
0,0,3.118409e-06
0,0,3.9649404e-07
0,0,7.704406e-07
0,0,1.3951507e-06
0,0,1.0080861e-06
0,0,9.336209e-07
0,0,5.597907e-07
0,0,2.5194095e-07
0,0,3.4092255e-07
0,0,2.9901034e-06
0,0,3.4181002e-07
0,0,4.631309e-07
0,0,5.418707e-07
0,0,3.7021087e-07
0,0,2.7101567e-07
0,0,3.149379e-07
0,0,5.078786e-07
0,0,1.956611e-06
0,0,2.508788e-07
0,0,5.0610606e-07
0,0,3.1114084e-07
0,0,1.0366796e-06
0,0,8.042509e-07
0,0,2.6399886e-07
0,0,1.4815638e-06
0,0,8.950214e-07
0,0,7.7170245e-07
0,0,4.5590596e-07
0,0,4.288059e-07
0,0,3.8363976e-07
0,0,1.5050542e-06
0,0,2.063426e-06
0,0,1.2067475e-06
0,0,8.9271117e-07
0,0,2.0911345e-06
0,0,1.1955343e-06
0,0,1.4194502e-06
0,0,4.5339635e-07
0,0,4.752246e-07
0,0,9.685142e-07
0,0,4.930426e-07
0,0,6.376156e-07
0,0,4.602649e-07
0,0,3.0124545e-06
0,0,1.8945673e-07
0,0,5.14358e-07
0,0,2.0024954e-07
0,0,2.3730381e-07
0,0,6.3263013e-07
0,0,1.9348292e-07
0,0,4.822951e-07
0,0,9.507148e-07
0,0,5.6944776e-07
0,0,2.9146835e-07
0,0,0.0075044273
0,0,3.685454e-07
0,0,7.848057e-07
0,0,4.5287175e-07
0,0,5.6134365e-07
0,0,4.0274253e-07
0,0,6.0712625e-07
0,0,2.1890899e-06
0,0,1.2948275e-06
0,0,3.3745042e-07
0,0,1.6530872e-06
0,0,6.2165424e-07
0,0,1.901413e-07
0,0,0.0002676336
0,0,8.125857e-07
0,0,7.3063813e-07
0,0,2.7668875e-07
0,0,4.9780414e-07
0,0,1.6698687e-06
0,0,1.056723e-06
0,0,1.3161391e-06
0,0,1.6751401e-06
0,0,3.176869e-07
0,0,2.7026664e-07
0,0,5.542079e-07
0,0,1.6677154e-07
0,0,8.960471e-07
0,0,2.2941242e-05
0,0,2.7550783e-07
0,0,8.455648e-07
0,0,4.651041e-07
0,0,2.9546064e-07
0,0,4.0540996e-07
0,0,5.6556787e-06
0,0,3.7162903e-07
0,0,1.7641447e-06
0,0,7.359488e-07
0,0,1.7599588e-06
0,0,2.6187223e-07
0,0,2.647098e-07
0,0,9.712585e-07
0,0,6.092636e-07
0,0,1.8084759e-06
0,0,5.3301204e-07
0,0,2.6065658e-07
0,0,2.3369785e-07
0,0,2.0853392e-06
0,0,1.0012441e-06
0,0,9.1017165e-07
0,0,4.193347e-07
0,0,1.3298474e-06
0,0,3.531856e-07
0,0,2.626681e-07
0,0,6.6731377e-06
0,0,5.402674e-07
0,0,2.0090731e-06
0,0,3.054457e-07
0,0,6.563798e-07
0,0,3.2326787e-07
0,0,6.428543e-07
0,0,1.7266442e-06
0,0,5.505199e-07
0,0,4.7864137e-07
0,0,7.0668665e-07
0,0,3.4037419e-07
0,0,5.702292e-07
0,0,6.8675206e-07
0,0,7.0366576e-07
0,0,2.3701302e-06
0,0,1.418802e-06
0,0,5.2661117e-06
0,0,5.841043e-07
0,0,4.7278087e-07
0,0,4.813072e-07
0,0,4.718984e-07
0,0,6.184274e-07
0,0,1.2084392e-06
0,0,5.479345e-07
0,0,4.6212497e-07
0,0,3.162251e-07
0,0,6.72039e-07
0,0,4.6653764e-07
0,0,4.503586e-07
0,0,8.386966e-07
0,0,3.32381e-07
0,0,2.5377025e-07
0,0,5.841383e-07
0,0,1.397406e-07
0,0,5.9481016e-07
0,0,0.22641909
0,0,2.538293e-07
0,0,4.2018775e-07
0,0,6.4142375e-07
0,0,1.8769646e-07
0,0,8.1014366e-07
0,0,1.4741377e-06
0,0,6.878801e-07
0,0,5.502328e-07
0,0,2.8022754e-07
0,0,4.3538708e-07
0,0,2.0479738e-06
0,0,2.0153587e-07
0,0,1.071522e-06
0,0,2.815476e-07
0,0,1.6519196e-07
0,0,1.5075524e-06
0,0,3.724909e-07
0,0,1.2259567e-06
0,0,2.1755196e-07
0,0,3.740786e-07
0,0,7.2376616e-07
0,0,4.0341715e-07
0,0,2.5886948e-07
0,0,2.5823553e-07
0,0,2.1601629e-07
0,0,8.4200246e-07
0,0,1.8263069e-06
0,0,4.874895e-07
0,0,5.079038e-07
0,0,6.28548e-07
0,0,6.0878443e-07
0,0,3.7485748e-07
0,0,1.0548482e-06
0,0,4.5404627e-07
0,0,6.3626464e-07
0,0,2.5390511e-06
0,0,8.200906e-07
0,0,8.060552e-06
0,0,3.1956753e-07
0,0,1.688193e-06
0,0,1.1654078e-06
0,0,4.334321e-07
0,0,6.027803e-07
0,0,3.4555893e-07
0,0,2.9910816e-06
0,0,7.10746e-07
0,0,1.6947423e-07
0,0,9.087458e-07
0,0,1.5268962e-06
0,0,4.252203e-07
0,0,1.1851937e-06
0,0,2.0660232e-06
0,0,2.9963035e-06
0,0,6.621502e-07
0,0,1.375886e-06
0,0,1.4907166e-06
0,0,1.1141077e-06
0,0,1.9358369e-07
0,0,4.0387874e-07
0,0,5.0133014e-05
0,0,2.0015656e-07
0,0,3.4592162e-07
0,0,1.1727059e-06
0,0,1.8173954e-06
0,0,3.3943866e-07
0,0,8.8827477e-07
0,0,2.8434067e-07
0,0,9.345973e-07
0,0,8.506661e-07
0,0,6.4894255e-07
0,0,1.3217654e-06
0,0,3.521178e-07
0,0,5.748167e-07
0,0,6.63143e-07
0,0,1.2075787e-06
0,0,1.5804858e-07
0,0,1.1658335e-06
0,0,4.220488e-07
0,0,4.9695365e-07
0,0,4.3152082e-07
0,0,2.989842e-07
0,0,7.467658e-07
0,0,1.0532017e-06
0,0,2.4671692e-07
0,0,4.5820357e-06
0,0,6.307313e-07
0,0,1.104525e-06
0,0,4.0264229e-07
0,0,5.2915874e-07
0,0,1.9078048e-07
0,0,1.5895856e-06
0,0,8.9392006e-07
0,0,2.9427028e-07
0,0,4.8806027e-07
0,0,3.5313613e-07
0,0,9.504048e-07
0,0,5.004006e-07
0,0,4.500684e-07
0,0,1.668272e-07
0,0,2.8793806e-07
0,0,1.6215312e-06
0,0,5.6851445e-07
0,0,7.659833e-07
0,0,5.047044e-07
0,0,6.7431097e-07
0,0,5.4107494e-07
0,0,2.5132758e-07
0,0,4.6707544e-07
0,0,4.452952e-07
0,0,1.2952154e-06
0,0,4.6752194e-07
0,0,9.152829e-07
0,0,7.7781135e-07
0,0,1.3687717e-06
0,0,6.2444394e-07
0,0,4.3147108e-07
0,0,3.2972804e-07
0,0,7.272075e-07
0,0,5.7067695e-07
0,0,5.8349247e-07
0,0,3.6874437e-07
0,0,1.478006e-06
0,0,5.763938e-07
0,0,2.5317993e-07
0,0,6.8723426e-07
0,0,1.7899296e-07
0,0,2.137279e-06
0,0,9.834499e-07
0,0,1.8701888e-06
0,0,2.1586131e-06
0,0,2.8179127e-07
0,0,3.7725027e-07
0,0,4.7473452e-07
0,0,7.446856e-07
0,0,1.6952919e-06
0,0,3.2426584e-07
0,0,5.462472e-07
0,0,4.1696515e-07
0,0,6.3631074e-07
0,0,1.7846847e-07
0,0,3.1309855e-07
0,0,4.4258226e-07
0,0,5.2102e-07
0,0,9.611733e-07
0,0,4.484493e-07
0,0,8.2331684e-07
0,0,8.911121e-07
0,0,1.9209716e-07
0,0,4.2984712e-07
0,0,8.4571246e-07
0,0,6.1420906e-07
0,0,4.7517383e-07
0,0,1.8331036e-07
0,0,4.4217472e-07
0,0,4.0075253e-07
0,0,1.8908701e-06
0,0,1.4292481e-06
0,0,1.1179147e-06
0,0,2.1680012e-07
0,0,4.101188e-07
0,0,5.701754e-07
0,0,1.4181889e-07
0,0,5.533824e-07
0,0,2.290965e-06
0,0,5.430823e-07
0,0,1.7504929e-06
0,0,3.9028149e-07
0,0,4.5400047e-06
0,0,1.7110327e-07
0,0,8.367313e-07
0,0,2.0030584e-06
0,0,8.2677496e-07
0,0,2.7080017e-07
0,0,1.6420635e-06
0,0,8.013117e-07
0,0,3.1103227e-07
0,0,1.0008832e-06
0,0,5.2792234e-07
0,0,3.6528766e-07
0,0,4.1116638e-07
0,0,1.1735203e-06
0,0,3.752996e-07
0,0,5.7993145e-07
0,0,1.138498e-06
0,0,4.80216e-07
0,0,4.5696675e-07
0,0,5.0740556e-07
0,0,1.3954964e-07
0,0,9.412925e-07
0,0,6.595059e-07
0,0,1.2764526e-06
0,0,8.448055e-07
0,0,2.7631352e-06
0,0,2.1021988e-07
0,0,1.6383094e-06
0,0,9.768517e-07
0,0,6.3884085e-07
0,0,5.073074e-07
0,0,1.588622e-06
0,0,5.126015e-07
0,0,1.4606892e-06
0,0,6.4193904e-07
0,0,9.667175e-07
0,0,7.345254e-07
0,0,1.0758554e-06
0,0,2.7699053e-07
0,0,1.8072466e-06
0,0,4.029792e-07
0,0,3.1094183e-07
0,0,4.75052e-07
0,0,2.4320184e-07
0,0,4.5529504e-07
0,0,1.4047702e-06
0,0,8.2365455e-07
0,0,1.0962244e-06
0,0,3.366051e-07
0,0,7.186743e-07
0,0,1.7847918e-06
0,0,4.357402e-07
0,0,3.4643474e-06
0,0,2.8669347e-06
0,0,6.624073e-07
0,0,2.3490087e-07
0,0,3.2876784e-07
0,0,2.9199308e-07
0,0,1.1582268e-06
0,0,3.5429247e-07
0,0,3.3990418e-07
0,0,8.439512e-07
0,0,1.2615417e-06
0,0,1.6583502e-07
0,0,3.2917897e-06
0,0,7.6832157e-07
0,0,5.3216337e-07
0,0,6.54391e-07
0,0,1.0000284e-06
0,0,5.055373e-07
0,0,1.2175572e-06
0,0,2.1674245e-07
0,0,1.2844106e-06
0,0,2.3676422e-07
0,0,3.7366004e-07
0,0,5.3188376e-07
0,0,1.2112972e-06
0,0,3.6571743e-07
0,0,4.0102015e-07
0,0,1.2692119e-06
0,0,3.7783533e-07
0,0,1.1557812e-07
0,0,4.112287e-07
0,0,9.90175e-07
0,0,8.4559383e-07
0,0,2.0307972e-07
0,0,2.6672797e-07
0,0,1.0471505e-06
0,0,1.2191974e-07
0,0,6.2345674e-07
0,0,2.3657283e-07
0,0,2.644116e-07
0,0,4.4538695e-07
0,0,1.9288397e-07
0,0,7.8024595e-07
0,0,6.753877e-07
0,0,5.612297e-07
0,0,7.132775e-07
0,0,1.3140484e-06
0,0,1.9039219e-06
0,0,5.9281393e-07
0,0,5.518356e-07
0,0,4.3316766e-07
0,0,1.4484433e-06
0,0,3.7349864e-07
0,0,7.057821e-07
0,0,5.396351e-07
0,0,1.199321e-06
0,0,5.6087595e-07
0,0,4.334623e-07
1,0,0.027719812
0,0,4.908451e-07
0,0,3.8081546e-07
0,0,3.6378893e-07
0,0,3.998363e-07
0,0,2.7402023e-06
0,0,3.592552e-07
0,0,7.956061e-07
0,0,1.028722e-06
1,0,0.075482555
0,0,4.0598334e-07
0,0,3.1326462e-07
0,0,5.042281e-07
0,0,2.993551e-07
0,0,8.744875e-07
0,0,3.1163114e-07
0,0,7.4598927e-07
0,0,3.1999875e-07
0,0,7.817408e-07
0,0,5.3913305e-07
0,0,2.7606907e-07
0,0,9.639456e-07
0,0,5.70002e-07
0,0,1.9877132e-06
0,0,6.3688327e-07
0,0,7.4371684e-07
0,0,2.9973563e-07
0,0,7.7654244e-07
0,0,1.0788082e-06
0,0,3.0314706e-07
0,0,2.5184366e-07
0,0,1.7154177e-06
0,0,5.855449e-07
0,0,1.0081139e-06
0,0,3.567448e-07
0,0,1.386968e-06
0,0,4.427697e-07
0,0,4.806219e-07
0,0,9.1455956e-07
0,0,3.5732637e-07
0,0,1.1719925e-06
0,0,9.912038e-07
0,0,9.055371e-07
0,0,1.0098942e-06
0,0,7.881494e-07
0,0,3.5880154e-07
0,0,1.1164636e-06
0,0,2.563606e-07
0,0,3.3204643e-07
0,0,1.0044586e-06
0,0,5.636735e-07
0,0,2.6581048e-07
0,0,5.829496e-07
0,0,6.781992e-07
0,0,6.1788865e-07
0,0,4.2964137e-07
0,0,1.2059916e-06
0,0,3.8352306e-07
0,0,7.1151845e-07
0,0,2.7766837e-06
0,0,2.4667668e-07
0,0,7.6895924e-07
0,0,2.3069128e-06
0,0,7.609268e-07
0,0,6.052855e-07
0,0,3.146599e-07
0,0,3.3323542e-07
0,0,2.7349967e-07
0,0,5.1411183e-07
0,0,4.8064027e-07
0,0,6.6420955e-07
0,0,3.8639362e-07
0,0,2.6701503e-07
0,0,7.072786e-07
0,0,3.8430989e-07
0,0,2.416392e-07
0,0,1.9617366e-07
0,0,4.2072628e-07
0,0,1.0254855e-06
0,0,1.1069884e-06
0,0,3.5339585e-07
0,0,5.1494305e-07
0,0,5.362697e-07
0,0,5.0624897e-07
0,0,2.4698363e-07
0,0,4.0357995e-07
0,0,2.9677153e-07
0,0,7.121457e-07
0,0,7.171208e-07
0,0,2.5359245e-07
0,0,4.3758413e-07
0,0,4.8888573e-06
0,0,9.759818e-07
0,0,8.4739406e-07
0,0,3.811439e-07
0,0,3.8465785e-07
0,0,5.5100105e-07
0,0,2.5824414e-07
0,0,3.4467192e-07
0,0,7.4092617e-07
0,0,3.2358744e-07
0,0,5.1390253e-07
0,0,4.7730026e-07
0,0,9.086037e-07
0,0,7.902063e-07
0,0,5.3053975e-07
0,0,1.0707518e-06
0,0,2.3419025e-07
0,0,3.9589245e-06
0,0,2.4931205e-07
0,0,5.552622e-07
0,0,1.1266096e-06
0,0,2.8609458e-07
0,0,2.345457e-06
0,0,7.56311e-07
0,0,2.8895806e-07
0,0,2.7097352e-07
0,0,7.12427e-07
0,0,1.054093e-06
0,0,1.4554496e-07
0,0,3.3855122e-07
0,0,3.77074e-07
0,0,0.00047656085
0,0,1.0557923e-06
0,0,3.6573385e-07
0,0,7.21856e-07
0,0,2.0386396e-06
0,0,3.0798495e-07
0,0,5.9531243e-07
0,0,9.072961e-07
0,0,4.5026974e-07
0,0,3.3462837e-07
0,0,2.2396236e-07
0,0,7.3932534e-07
0,0,7.802088e-07
0,0,8.627479e-07
0,0,7.109887e-07
0,0,5.160408e-07
0,0,5.152491e-07
0,0,1.8657444e-07
0,0,4.3231418e-07
0,0,2.7724556e-07
0,0,6.5234104e-07
0,0,1.3415486e-06
0,0,2.5270185e-07
0,0,6.138887e-07
0,0,2.81095e-07
0,0,3.5072867e-07
0,0,6.4841174e-07
0,0,2.1011376e-06
1,1,0.7038334
0,0,9.2203936e-07
0,0,1.4303034e-06
0,0,1.4392714e-06
0,0,7.523178e-07
0,0,1.4390051e-06
0,0,6.4908863e-07
0,0,2.2440502e-06
0,0,1.4911417e-06
0,0,3.0591727e-06
0,0,6.877195e-08
0,0,4.463675e-07
0,0,3.0961408e-07
0,0,2.7166803e-07
0,0,6.3848574e-07
0,0,6.1147443e-07
0,0,6.8276205e-07
0,0,6.290493e-07
0,0,1.494932e-06
0,0,2.8481584e-06
0,0,4.7531483e-07
0,0,1.667065e-06
0,0,7.229886e-07
0,0,5.45509e-07
0,0,1.249257e-06
0,0,1.3457002e-06
0,0,7.5889903e-07
0,0,3.545686e-07
0,0,4.6131169e-07
0,0,3.5968887e-07
0,0,9.4182866e-07
0,0,1.7453868e-06
0,0,6.67432e-07
0,0,4.1919196e-07
0,0,6.3658086e-07
0,0,4.0811454e-07
0,0,4.0263768e-07
0,0,6.1448836e-06
0,0,3.315754e-06
0,0,9.921538e-08
0,0,6.121226e-07
0,0,4.3883577e-07
0,0,1.7692957e-07
0,0,5.0293676e-07
0,0,5.7499875e-07
0,0,7.4090497e-07
0,0,2.4685696e-07
0,0,7.7849256e-07
0,0,3.225688e-07
0,0,1.3620408e-06
0,0,3.9242113e-07
0,0,1.0336882e-06
0,0,5.051759e-07
0,0,7.0312103e-07
0,0,9.443389e-07
0,0,5.3443677e-07
0,0,5.8967555e-07
0,0,9.287677e-07
0,0,3.371979e-07
0,0,1.0181536e-06
0,0,9.514559e-07
0,0,6.2183864e-07
0,0,5.0063494e-07
0,0,6.953478e-07
0,0,2.3772151e-07
0,0,1.767292e-06
0,0,1.255822e-06
0,0,4.7532566e-07
0,0,6.957783e-07
0,0,6.5463155e-06
0,0,2.440764e-07
0,0,4.2620476e-07
0,0,3.2941563e-07
0,0,3.9575139e-07
0,0,2.110145e-07
0,0,1.0696913e-06
0,0,1.8843845e-07
0,0,1.9591055e-06
0,0,7.2916174e-07
0,0,9.813391e-07
0,0,4.9613675e-07
0,0,3.57202e-07
0,0,3.6118584e-07
0,0,1.1072049e-06
0,0,9.328751e-07
0,0,6.2199524e-07
0,0,3.636363e-07
0,0,9.114476e-07
0,0,3.5819332e-07
0,0,0.00048808273
0,0,4.8974016e-07
0,0,6.7954846e-07
0,0,4.488703e-07
0,0,3.0144267e-07
0,0,7.694114e-06
0,0,2.804802e-07
0,0,5.1299423e-07
0,0,6.5317795e-06
0,0,2.6072696e-06
0,0,1.1187798e-06
0,0,4.6476356e-07
0,0,5.7168745e-07
0,0,2.0791306e-07
0,0,4.255984e-07
0,0,5.574211e-07
0,0,5.220451e-07
0,0,8.728453e-07
0,0,1.4288282e-06
0,0,9.068627e-07
0,0,2.2805904e-07
0,0,1.3340315e-06
0,0,8.750206e-07
0,0,7.7706545e-07
0,0,1.0491667e-06
0,0,4.1478816e-07
0,0,1.3612093e-07
0,0,3.6667925e-07
0,0,3.29074e-07
0,0,2.3322696e-07
0,0,2.89065e-07
0,0,4.5834594e-07
0,0,4.5687918e-07
0,0,4.5973982e-07
0,0,2.0564894e-06
0,0,7.4063234e-07
0,0,8.272686e-07
0,0,4.8274467e-07
0,0,7.739622e-07
0,0,4.057012e-07
0,0,2.6407568e-07
0,0,1.3364623e-06
0,0,3.3011062e-07
0,0,1.0806956e-06
0,0,4.7727434e-07
0,0,1.5733215e-06
0,0,2.329145e-06
0,0,3.6316672e-07
0,0,3.000588e-07
0,0,3.514827e-07
0,0,1.0452748e-06
0,0,1.2064529e-06
0,0,4.0076782e-07
0,0,2.9131968e-07
0,0,6.793301e-07
0,0,2.6952662e-07
0,0,1.5826549e-06
0,0,6.9013e-07
0,0,2.4443e-07
0,0,2.8118296e-07
0,0,7.454388e-07
0,0,1.8813136e-06
0,0,5.626407e-07
0,0,2.4820108e-07
0,0,5.716586e-06
0,0,1.1557795e-06
0,0,7.2567025e-07
0,0,7.831608e-07
0,0,1.012241e-06
0,0,1.8202418e-06
0,0,3.0365283e-07
0,0,5.3564656e-07
0,0,3.223849e-07
0,0,3.1295644e-07
0,0,8.195198e-07
0,0,3.7263797e-07
0,0,1.7015523e-06
0,0,7.073501e-07
0,0,5.4763046e-07
0,0,6.028004e-07
0,0,3.0579753e-07
0,0,8.563609e-06
0,0,1.5173317e-06
0,0,3.4730766e-07
0,0,2.9906462e-07
0,0,3.3435701e-06
0,0,5.739818e-07
0,0,5.8015826e-07
0,0,3.468201e-07
0,0,1.0848975e-06
0,0,5.9055407e-07
0,0,6.390699e-07
0,0,2.0593967e-07
0,0,2.019795e-06
0,0,2.091298e-06
0,0,2.0147563e-06
0,0,6.354891e-07
0,0,8.004907e-07
0,0,2.550754e-07
0,0,3.831231e-07
0,0,8.5007565e-07
0,0,5.273502e-07
0,0,2.2793314e-07
0,0,1.563001e-07
0,0,6.9841224e-07
0,0,1.522775e-06
0,0,4.09595e-07
0,0,4.6774494e-07
0,0,6.466728e-07
0,0,2.4364243e-07
0,0,2.2232512e-06
0,0,4.9807244e-07
0,0,2.88107e-07
0,0,1.0416277e-06
0,0,6.4216124e-07
0,0,3.3355812e-07
0,0,5.670633e-07
0,0,1.92323e-07
0,0,1.3662924e-06
0,0,4.910946e-07
0,0,3.9203027e-07
0,0,2.2272473e-06
0,0,1.039617e-06
0,0,3.6869125e-07
0,0,2.614201e-07
0,0,7.5314335e-07
0,0,4.576039e-07
0,0,3.510647e-06
0,0,5.6923164e-07
0,0,2.2827953e-06
0,0,2.7930466e-07
0,0,8.756075e-07
0,0,1.7124562e-07
0,0,2.1996657e-07
0,0,4.6072785e-07
0,0,6.9494996e-07
0,0,6.9431337e-07
0,0,1.7228989e-06
0,0,7.3810094e-07
0,0,1.7141127e-06
0,0,6.4287883e-07
0,0,1.8314764e-06
0,0,6.7676297e-07
0,0,1.7541744e-06
0,0,8.6582895e-07
0,0,5.755336e-07
0,0,4.796375e-07
0,0,1.3256961e-07
0,0,4.735367e-07
0,0,8.39424e-07
0,0,5.875531e-07
0,0,6.3998726e-07
0,0,1.685439e-07
0,0,6.5883194e-07
0,0,1.430519e-06
0,0,3.1086918e-07
0,0,4.335152e-07
0,0,5.518851e-07
0,0,1.343132e-06
0,0,5.842074e-07
0,0,1.2100734e-06
0,0,4.896449e-06
0,0,2.8379204e-06
0,0,1.1778067e-06
0,0,3.5222664e-07
0,0,2.554147e-07
0,0,2.4148534e-07
0,0,2.0070266e-07
0,0,5.492865e-07
0,0,1.9210242e-06
0,0,2.0235011e-07
0,0,1.2794641e-06
0,0,6.023912e-07
0,0,1.4564662e-06
0,0,1.6940831e-07
0,0,4.1073918e-07
0,0,3.1328582e-07
0,0,2.918288e-07
0,0,3.7449232e-07
0,0,2.540989e-07
0,0,6.0301835e-07
0,0,2.8404986e-07
0,0,5.8304136e-07
0,0,4.8757227e-07
0,0,6.9606295e-07
0,0,1.6711319e-06
0,0,4.2976635e-07
0,0,9.555424e-07
0,0,1.1503582e-06
0,0,7.7896567e-07
0,0,5.724332e-07
0,0,9.153274e-07
0,0,1.8768925e-06
0,0,7.370873e-07
0,0,2.6276984e-06
0,0,3.625172e-07
0,0,8.130787e-07
0,0,5.5422794e-07
0,0,4.3276012e-07
0,0,7.427677e-07
0,0,0.0057783173
0,0,1.6610678e-06
0,0,3.6383651e-06
0,0,3.7983762e-07
0,0,2.6919372e-07
0,0,1.2674277e-06
0,0,5.365193e-07
0,0,1.2441279e-06
0,0,7.410138e-07
0,0,4.082519e-07
0,0,3.055579e-07
0,0,7.067352e-07
0,0,2.8091733e-07
0,0,3.708388e-07
0,0,1.586351e-06
0,0,3.4574848e-07
0,0,7.6396543e-07
0,0,1.7274331e-06
0,0,2.1771923e-07
0,0,2.8932868e-07
0,0,4.823457e-07
0,0,4.8376543e-05
0,0,7.618664e-07
0,0,7.306513e-07
0,0,3.9713854e-07
0,0,6.9494337e-07
0,0,9.744724e-07
0,0,6.111363e-07
0,0,9.250278e-07
0,0,2.611871e-07
0,0,1.2668586e-06
0,0,4.2047478e-07
0,0,3.2699924e-07
0,0,4.723081e-07
0,0,1.3133492e-06
0,0,2.0851333e-07
0,0,5.412045e-07
0,0,4.5448297e-07
0,0,1.6273467e-06
0,0,2.2365798e-07
0,0,2.126562e-06
0,0,5.9017964e-07
0,0,1.3393498e-06
0,0,1.6225831e-06
0,0,6.5975246e-07
0,0,1.1483447e-06
0,0,3.7231084e-07
0,0,2.9541884e-06
0,0,2.3105451e-07
0,0,8.464733e-07
0,0,3.2050147e-07
0,0,9.270289e-07
0,0,1.1482888e-06
0,0,2.8154065e-07
0,0,7.160282e-07
0,0,1.711811e-06
0,0,2.7878837e-06
0,0,2.4733984e-06
0,0,1.5295923e-07
0,0,8.1436224e-07
0,0,4.3663326e-07
0,0,2.9432164e-07
0,0,1.6216394e-07
0,0,6.3404406e-07
0,0,3.022928e-07
0,0,2.630356e-07
0,0,2.063303e-07
0,0,1.7879675e-07
0,0,2.652802e-07
0,0,5.488011e-07
0,0,2.1422345e-07
0,0,6.6575626e-07
0,0,4.7389585e-07
0,0,1.3922638e-06
0,0,6.1008865e-07
0,0,3.486038e-07
0,0,2.640404e-07
0,0,1.4262539e-06
0,0,4.0362997e-07
0,0,1.7045634e-06
0,0,1.3797145e-07
0,0,3.1475446e-07
0,0,1.554089e-06
0,0,1.3696383e-07
0,0,2.7844138e-07
0,0,4.337232e-07
0,0,5.693625e-07
0,0,3.7625e-07
0,0,3.829759e-07
0,0,2.6926534e-07
0,0,4.802838e-07
0,0,4.1079596e-07
0,0,5.372607e-07
0,0,4.3403602e-07
0,0,2.6126804e-07
0,0,7.682827e-07
0,0,3.6804278e-07
0,0,5.4833026e-07
0,0,2.2204597e-07
0,0,0.00016933195
0,0,2.743429e-07
0,0,1.657727e-06
0,0,2.6763303e-07
0,0,5.3135193e-07
0,0,1.0647145e-06
0,0,2.1445935e-07
0,0,4.9556365e-07
0,0,7.093443e-07
0,0,4.2914712e-07
0,0,9.853059e-07
0,0,7.7088816e-07
0,0,3.2127937e-07
0,0,3.9507935e-07
0,0,1.5229174e-06
0,0,1.4374675e-06
0,0,6.508944e-07
0,0,3.871468e-07
0,0,7.8341037e-07
0,0,6.479766e-07
0,0,1.277031e-06
0,0,8.155226e-07
0,0,2.7311702e-07
0,0,4.7598388e-07
0,0,9.579347e-07
0,0,1.4183082e-06
0,0,3.7192186e-07
0,0,2.0505868e-06
0,0,5.3612797e-07
0,0,6.7410525e-07
0,0,1.1292503e-06
0,0,2.477293e-07
0,0,2.418421e-07
0,0,3.5498476e-07
0,0,9.3133997e-07
0,0,8.705309e-07
0,0,1.5710365e-06
0,0,3.1408833e-06
0,0,8.706989e-06
0,0,9.4158975e-07
0,0,1.0184168e-06
0,0,1.5855328e-06
0,0,5.4825284e-07
0,0,1.8605064e-07
0,0,5.6751503e-07
0,0,1.1700281e-06
0,0,6.154521e-07
0,0,0.03298863
0,0,3.5739077e-07
0,0,4.2732688e-07
0,0,1.8919055e-06
0,0,1.7722543e-07
0,0,1.1785021e-06
0,0,3.26098e-07
0,0,4.5461957e-06
0,0,2.8480068e-07
0,0,8.0497904e-07
0,0,7.026177e-07
0,0,3.3612725e-06
0,0,4.6832386e-07
0,0,6.7343956e-07
0,0,4.4047604e-07
0,0,2.418052e-07
0,0,3.3647578e-07
0,0,1.8566212e-07
0,0,2.2518827e-07
0,0,6.3988773e-07
0,0,8.5441906e-07
0,0,6.027774e-07
0,0,3.3998845e-07
0,0,2.5408386e-07
0,0,3.0301007e-07
0,0,5.0963044e-06
0,0,3.9222584e-07
0,0,2.0355904e-07
0,0,2.8873853e-07
0,0,7.610487e-07
0,0,1.5992915e-06
0,0,5.92771e-07
0,0,2.4281968e-07
0,0,2.1283445e-07
0,0,3.8689396e-07
0,0,4.583805e-07
0,0,1.4627564e-07
0,0,2.5727957e-06
0,0,1.3704552e-06
0,0,8.646449e-07
0,0,1.1601205e-06
0,0,8.690536e-07
0,0,2.1863984e-06
0,0,4.149464e-07
0,0,3.8805646e-07
0,0,3.7861628e-07
0,0,4.010423e-07
0,0,4.0327984e-07
0,0,1.0276776e-06
0,0,3.6659495e-07
0,0,1.8786762e-06
0,0,1.0930321e-06
0,0,1.8253874e-06
0,0,2.2144231e-06
0,0,7.5610836e-07
0,0,1.1356017e-06
0,0,1.3903515e-07
0,0,8.0854284e-07
0,0,4.0378475e-07
0,0,4.6860268e-07
0,0,2.969289e-07
0,0,3.28451e-07
0,0,6.1889233e-07
0,0,5.0190465e-07
0,0,1.898054e-07
0,0,1.4079015e-07
0,0,1.4124056e-06
0,0,6.050662e-07
0,0,5.6616466e-07
0,0,6.4852554e-07
0,0,5.171439e-07
0,0,7.166403e-07
0,0,2.5038403e-07
0,0,4.45752e-07
0,0,7.951207e-07
0,0,3.5596383e-07
0,0,5.48642e-07
0,0,5.9442624e-07
0,0,3.9964723e-07
0,0,5.7632235e-07
0,0,4.093131e-07
0,0,1.2744516e-06
0,0,8.2469757e-07
0,0,3.6393882e-07
0,0,7.7064414e-07
1,1,0.6895018
0,0,3.0273537e-07
0,0,4.2433552e-07
0,0,1.1027116e-06
0,0,6.771568e-07
0,0,9.286561e-07
0,0,6.8758305e-07
0,0,7.0331157e-07
0,0,2.9172614e-07
0,0,3.4821612e-06
0,0,6.3146734e-07
0,0,4.2899651e-07
0,0,1.0116254e-06
0,0,3.766187e-07
0,0,4.3818045e-07
0,0,7.4720253e-07
0,0,3.9905464e-07
0,0,1.5354839e-06
0,0,3.1664547e-07
0,0,0.04090367
0,0,8.807933e-07
0,0,3.5976436e-07
0,0,3.4046607e-07
0,0,6.705582e-07
0,0,6.523578e-07
0,0,1.3963846e-06
0,0,9.207213e-07
0,0,1.6657523e-06
0,0,2.3650108e-07
0,0,8.133525e-07
0,0,1.5908716e-07
0,0,1.25415e-06
0,0,2.7971996e-07
0,0,1.0815596e-06
0,0,1.6770248e-07
0,0,3.366902e-07
0,0,5.226287e-06
0,0,2.321921e-07
0,0,4.6525622e-07
0,0,1.0471225e-06
0,0,6.8204554e-07
0,0,4.3405296e-07
0,0,4.876964e-07
0,0,1.7667933e-06
0,0,6.7539094e-07
0,0,5.8067246e-07
0,0,2.672252e-06
0,0,4.4099514e-07
0,0,2.390879e-07
0,0,7.6276933e-07
0,0,8.998999e-07
0,0,4.1411343e-07
0,0,2.259725e-06
0,0,1.8601442e-06
0,0,5.278473e-07
0,0,8.770198e-07
0,0,3.5626035e-06
0,0,6.362313e-07
0,0,4.604582e-06
0,0,1.992015e-06
0,0,9.594204e-07
0,0,9.160356e-07
0,0,1.2071228e-06
0,0,5.504401e-07
0,0,3.2306508e-07
0,0,4.2195464e-07
0,0,7.2797076e-07
0,0,1.1842345e-06
0,0,2.1790765e-07
0,0,3.81269e-07
0,0,2.6324415e-07
0,0,3.7202582e-07
0,0,2.0255226e-07
0,0,7.650605e-07
0,0,4.3944638e-07
0,0,1.1111314e-06
0,0,1.8164981e-07
0,0,1.3704827e-06
0,0,0.00011289616
0,0,7.482322e-07
0,0,1.7140211e-06
0,0,1.0552477e-06
0,0,2.6856753e-07
0,0,6.4393794e-07
0,0,9.3717586e-07
0,0,1.0564379e-06
0,0,7.402997e-07
0,0,1.1365768e-06
0,0,5.240204e-07
0,0,1.9801166e-06
0,0,4.8196955e-07
0,0,4.927812e-06
0,0,4.1520923e-07
0,0,4.2206128e-07
0,0,2.6285406e-06
0,0,7.383213e-07
0,0,2.7136713e-07
0,0,3.1228655e-07
0,0,2.6873073e-07
0,0,4.565329e-07
0,0,8.0102603e-07
0,0,5.027809e-07
0,0,1.233727e-06
0,0,6.9557325e-07
0,0,3.6555772e-07
0,0,3.3967473e-07
0,0,3.8466956e-07
0,0,2.0273192e-06
0,0,1.0055281e-06
0,0,5.057818e-07
0,0,4.2654554e-07
1,0,0.2638174
0,0,3.3255824e-07
0,0,7.359649e-07
0,0,4.540142e-07
0,0,2.4453072e-07
0,0,9.199937e-07
0,0,2.745214e-07
0,0,3.4259227e-07
0,0,4.1503307e-07
0,0,6.6974974e-07
0,0,1.3661018e-07
0,0,7.006043e-07
0,0,1.2843077e-06
0,0,5.6486437e-07
0,0,6.926963e-07
0,0,3.1558824e-07
0,0,2.05885e-06
0,0,3.9011664e-07
0,0,1.1745145e-06
0,0,3.175188e-07
0,0,7.423457e-07
0,0,4.7201678e-07
0,0,1.2809793e-06
0,0,2.6740597e-07
0,0,1.8324724e-06
0,0,6.71013e-07
0,0,5.4123566e-06
0,0,1.133201e-06
0,0,1.2004573e-06
0,0,1.848993e-07
0,0,4.134184e-06
0,0,2.1064423e-06
0,0,4.343306e-06
0,0,7.399496e-07
0,0,1.1696042e-06
0,0,5.908549e-07
0,0,4.0761665e-07
0,0,1.6604612e-07
0,0,3.607105e-07
0,0,7.630632e-07
0,0,1.9163729e-06
0,0,5.1374377e-07
0,0,5.456739e-07
0,0,5.0570367e-07
0,0,2.3876254e-07
0,0,1.5721307e-07
0,0,4.287785e-07
0,0,5.78037e-07
0,0,5.8709713e-07
0,0,1.11721185e-07
0,0,1.1340182e-06
0,0,7.663874e-07
0,0,6.1229895e-07
0,0,1.5553583e-06
0,0,2.7666792e-07
0,0,3.6593724e-07
0,0,3.374897e-07
0,0,3.0077473e-07
0,0,1.9421864e-06
0,0,3.1809407e-07
0,0,4.556456e-07
0,0,3.108929e-07
0,0,1.2264221e-06
0,0,5.7225037e-07
0,0,6.4366407e-07
0,0,1.1182464e-06
0,0,2.677341e-07
0,0,7.3273424e-07
0,0,3.203456e-07
0,0,1.3059814e-06
0,0,4.93186e-07
0,0,2.0560117e-07
0,0,5.909298e-07
0,0,1.3009345e-06
0,0,3.799126e-07
0,0,1.2774743e-06
0,0,3.6660265e-07
0,0,2.601497e-07
0,0,4.4526294e-07
0,0,6.1014106e-07
0,0,1.3717773e-06
0,0,6.4606684e-07
0,0,8.2628776e-07
0,0,2.154881e-07
0,0,1.1872197e-06
0,0,1.3729001e-06
0,0,4.109292e-07
0,0,3.1942704e-07
0,0,2.5476007e-07
0,0,6.454627e-07
0,0,1.4017763e-06
0,0,1.3411533e-06
0,0,4.5789548e-07
0,0,2.3627318e-07
0,0,3.555906e-07
0,0,7.9832097e-07
0,0,3.8062265e-07
0,0,2.8327483e-07
0,0,1.086206e-06
0,0,3.142002e-07
0,0,1.1215541e-06
0,0,7.24899e-07
0,0,1.9831901e-07
0,0,7.786248e-07
0,0,1.1687479e-06
0,0,5.990484e-07
0,0,3.7389458e-07
0,0,2.9017784e-07
0,0,8.667882e-07
0,0,4.2101487e-07
0,0,5.65598e-07
0,0,1.4160173e-06
0,0,2.3045418e-07
0,0,4.58103e-07
0,0,9.31769e-07
0,0,1.6198882e-06
0,0,6.3595503e-06
0,0,1.0210503e-06
0,0,6.016678e-07
0,0,3.1914874e-07
0,0,4.943831e-07
0,0,1.660705e-06
0,0,1.2615814e-06
0,0,2.802831e-06
0,0,2.9570558e-07
0,0,7.6016596e-07
0,0,8.7478446e-07
0,0,4.4349193e-07
0,0,1.2163513e-06
0,0,1.0645266e-06
0,0,6.6373144e-07
0,0,1.2091044e-06
0,0,2.9706516e-07
0,0,1.1488255e-06
0,0,7.641702e-07
0,0,2.4562132e-06
0,0,2.6730854e-07
0,0,1.3056875e-06
0,0,3.7104257e-07
0,0,1.4313268e-06
0,0,1.9302031e-07
0,0,4.706023e-07
0,0,6.2084314e-07
0,0,1.0650516e-06
0,0,3.667296e-07
0,0,3.2833543e-07
0,0,2.6568986e-07
0,0,1.7564912e-06
0,0,4.893686e-07
0,0,4.873761e-07
0,0,6.67509e-07
0,0,3.392503e-07
0,0,5.4800347e-07
0,0,2.6379025e-06
0,0,2.3811222e-07
0,0,4.5402334e-07
0,0,2.343087e-06
0,0,1.6907146e-06
0,0,1.1225567e-06
0,0,1.1454833e-06
0,0,4.3471786e-07
0,0,4.4686712e-07
0,0,2.1053387e-07
0,0,4.4765028e-07
0,0,2.9589881e-07
0,0,7.226522e-07
0,0,9.906454e-07
0,0,9.512699e-07
0,0,1.13811645e-07
0,0,8.8606316e-07
0,0,6.050702e-07
0,0,2.4325496e-07
0,0,1.3045089e-06
0,0,3.2372662e-07
0,0,6.226142e-07
0,0,4.9465376e-07
0,0,7.001601e-07
0,0,4.0067076e-07
0,0,2.707617e-07
0,0,8.763217e-07
0,0,1.2291246e-06
0,0,1.6672399e-07
0,0,6.1986225e-07
0,0,3.8387876e-07
0,0,1.1065082e-06
0,0,2.6922632e-07
0,0,2.9342146e-07
0,0,5.01896e-07
0,0,2.64248e-07
0,0,3.882201e-07
0,0,9.582701e-07
0,0,8.2560956e-07
0,0,1.6909806e-06
0,0,5.113896e-07
0,0,5.942534e-07
0,0,4.7126608e-07
0,0,1.078044e-06
0,0,1.7043831e-07
0,0,7.1145536e-07
0,0,6.4782523e-07
0,0,6.15066e-07
0,0,3.2217346e-07
0,0,9.959691e-07
0,0,2.3564489e-07
0,0,5.964034e-07
0,0,1.3748445e-06
0,0,2.004712e-07
0,0,1.3864322e-07
0,0,1.3102004e-06
0,0,5.540784e-07
0,0,4.9258483e-07
0,0,1.4941168e-06
0,0,4.986965e-07
0,0,4.7593122e-07
0,0,8.593574e-07
0,0,1.5376497e-07
0,0,6.6387327e-07
0,0,4.5639405e-07
0,0,1.9020005e-07
0,0,3.3190443e-06
0,0,1.4012107e-07
0,0,5.0223883e-07
0,0,5.819786e-07
0,0,5.0418726e-07
0,0,6.682918e-07
0,0,3.9713098e-07
0,0,8.4200326e-07
0,0,3.509786e-07
0,0,5.7686896e-07
0,0,4.4015522e-07
0,0,5.4201644e-07
0,0,2.7671936e-06
0,0,2.2110987e-07
0,0,3.525523e-07
0,0,2.5473142e-07
0,0,9.70354e-07
0,0,1.0635393e-06
0,0,8.292631e-07
0,0,3.6573243e-07
0,0,8.7707747e-07
0,0,7.956288e-07
0,0,1.1601282e-06
0,0,1.2307573e-06
0,0,1.7135736e-07
0,0,1.0716682e-06
0,0,7.910938e-07
0,0,3.8475875e-07
0,0,1.5942419e-06
0,0,6.5510847e-07
1,0,0.09784711
0,0,7.057707e-07
0,0,1.5693025e-06
0,0,4.067561e-07
0,0,2.0421763e-07
0,0,3.9395363e-07
0,0,3.6775506e-07
0,0,5.222114e-07
0,0,1.1081456e-07
0,0,2.6292625e-07
0,0,5.868492e-07
0,0,2.851877e-07
0,0,3.925368e-07
0,0,5.979223e-07
0,0,5.012766e-07
0,0,3.3477882e-06
0,0,7.4344103e-07
0,0,2.3490134e-07
0,0,8.536983e-07
0,0,4.2291023e-07
0,0,1.4193162e-06
0,0,2.879603e-07
0,0,3.9572228e-07
0,0,1.1856063e-06
0,0,1.1521644e-06
0,0,2.6006464e-07
0,0,1.5730035e-06
0,0,4.586551e-07
0,0,1.4691791e-06
0,0,4.0530557e-07
0,0,3.4213713e-07
0,0,5.820613e-07
0,0,6.801897e-07
0,0,4.1277087e-07
0,0,3.4515415e-07
0,0,2.0115317e-07
0,0,9.4780444e-07
0,0,4.0658819e-07
0,0,3.9775904e-07
0,0,4.870573e-07
0,0,2.2128356e-06
0,0,5.660329e-07
0,0,1.937458e-06
0,0,1.854706e-06
0,0,5.738647e-07
0,0,6.034636e-07
0,0,1.7417356e-07
0,0,2.3818586e-06
0,0,1.1693277e-06
0,0,4.470521e-07
0,0,3.3039e-07
0,0,5.8551757e-07
0,0,7.7971856e-07
0,0,1.0481386e-06
0,0,2.873647e-07
0,0,3.633576e-07
0,0,1.022199e-06
0,0,3.2313443e-07
0,0,2.1831272e-06
0,0,2.850564e-07
0,0,4.0484048e-07
0,0,2.7223754e-07
0,0,2.1776535e-07
0,0,3.399531e-07
0,0,1.2021575e-06
0,0,3.3726383e-07
0,0,3.2621713e-07
0,0,8.6048493e-07
0,0,2.9954157e-07
0,0,1.1024456e-06
0,0,6.617986e-07
0,0,1.9253697e-07
0,0,3.7956423e-07
0,0,5.711261e-07
0,0,7.3681326e-07
0,0,4.862883e-07
0,0,1.2228681e-06
0,0,2.7403647e-07
0,0,3.5265012e-07
0,0,2.2109298e-07
0,0,3.6086877e-07
0,0,4.813274e-07
0,0,3.8748922e-07
0,0,3.1544772e-07
0,0,5.0824247e-07
0,0,5.0690113e-07
0,0,2.6370648e-07
0,0,4.8320896e-07
0,0,9.843187e-07
0,0,3.1722428e-07
0,0,2.506201e-06
0,0,3.3554167e-07
0,0,5.2455835e-07
0,0,3.4127063e-07
0,0,1.617039e-06
0,0,1.8070055e-07
0,0,7.5475606e-07
0,0,1.4586457e-06
0,0,2.7505783e-07
0,0,6.006072e-07
0,0,4.410847e-07
0,0,1.6084076e-07
0,0,1.2297072e-06
0,0,5.3776864e-07
0,0,4.4433523e-07
0,0,4.7487575e-07
0,0,3.0907213e-07
0,0,7.1912956e-07
0,0,1.5587763e-07
0,0,4.9990024e-07
0,0,1.8792729e-06
0,0,2.5945153e-06
0,0,1.2716883e-06
0,0,1.4462748e-06
0,0,5.369175e-07
0,0,2.9333222e-07
0,0,5.1885365e-07
0,0,3.8175907e-07
0,0,3.9648233e-07
0,0,4.2426797e-07
0,0,1.9589565e-07
0,0,4.6059384e-07
0,0,6.694617e-07
0,0,1.4875511e-06
0,0,1.2158955e-06
0,0,3.6763336e-07
0,0,5.577742e-07
0,0,3.3911672e-07
0,0,3.1572338e-07
0,0,9.195533e-07
0,0,1.1997431e-06
0,0,4.10388e-07
0,0,6.2083603e-07
0,0,5.6838275e-07
0,0,4.0842758e-07
0,0,4.972357e-07
0,0,6.9395924e-07
0,0,5.4416655e-06
0,0,1.0635159e-06
0,0,3.9612252e-07
0,0,6.9610746e-07
0,0,1.4778777e-06
0,0,6.127213e-07
0,0,6.9061326e-07
0,0,3.665625e-06
0,0,7.1615926e-07
0,0,1.2038565e-06
0,0,2.7374494e-07
0,0,6.8208e-07
0,0,2.1489982e-06
0,0,1.1608022e-06
0,0,1.0273131e-06
0,0,3.1143534e-07
0,0,1.0004424e-06
0,0,3.3558138e-07
0,0,2.5095778e-07
0,0,2.613827e-07
0,0,1.3834832e-06
0,0,6.225679e-07
0,0,1.5214003e-06
0,0,4.6593297e-07
0,0,2.273193e-06
0,0,2.1619537e-07
0,0,6.3912785e-07
0,0,5.7378594e-07
0,0,1.5714261e-06
0,0,1.0053958e-06
0,0,1.1900854e-06
0,0,1.3599083e-06
0,0,3.166467e-07
0,0,4.6112694e-07
0,0,7.8732904e-07
0,0,1.7967465e-06
0,0,2.9327012e-07
0,0,2.8462687e-06
0,0,1.5921194e-06
0,0,1.9499962e-06
0,0,2.922806e-07
0,0,3.0896723e-07
0,0,5.6664214e-07
0,0,1.0447296e-06
0,0,6.8943535e-07
0,0,2.0884302e-06
0,0,1.93719e-06
0,0,3.5461162e-06
0,0,3.9075334e-07
0,0,2.555402e-07
0,0,2.490497e-07
0,0,3.0332808e-07
0,0,4.692256e-07
0,0,1.8480394e-07
0,0,4.0740366e-07
0,0,7.0320556e-07
0,0,3.074963e-07
0,0,1.6932691e-07
0,0,1.8207976e-07
0,0,1.8243866e-06
0,0,1.6515588e-07
0,0,5.187651e-07
0,0,8.424249e-07
0,0,5.6595195e-07
0,0,1.3554309e-06
0,0,4.1273506e-07
0,0,2.046647e-07
0,0,3.2832696e-07
0,0,3.0546522e-07
0,0,3.1091307e-07
0,0,8.755933e-07
0,0,3.7164816e-07
0,0,6.2236074e-07
0,0,6.1221897e-07
0,0,1.2416376e-06
0,0,3.963179e-07
0,0,6.124175e-07
0,0,7.0216817e-07
0,0,1.6943884e-06
0,0,3.3785682e-07
0,0,5.114964e-07
0,0,4.3220123e-07
0,0,8.5827213e-07
0,0,5.2044e-07
0,0,6.59194e-07
0,0,8.310357e-07
0,0,7.5783083e-07
0,0,2.474486e-06
0,0,7.3645987e-07
0,0,4.6714624e-07
0,0,3.3806725e-07
0,0,6.861478e-07
0,0,7.569373e-07
0,0,2.4388584e-07
0,0,9.802151e-06
0,0,4.991542e-07
0,0,7.212814e-07
0,0,5.304133e-07
0,0,5.082337e-07
0,0,9.3688453e-07
0,0,3.1187838e-06
0,0,2.2126848e-07
0,0,1.6893995e-06
0,0,3.453662e-07
0,0,7.850931e-07
0,0,1.253215e-06
0,0,5.434325e-07
0,0,2.9352725e-07
0,0,2.1678835e-07
0,0,3.334093e-07
0,0,9.655446e-07
0,0,3.8219437e-07
0,0,5.6812695e-07
0,0,3.249407e-07
0,0,2.6655377e-07
0,0,3.5652067e-07
0,0,5.187794e-07
0,0,2.8927488e-07
0,0,2.4496492e-06
0,0,5.374303e-07
0,0,7.5106686e-07
0,0,1.4840837e-06
0,0,4.279337e-07
0,0,4.5915442e-07
0,0,3.909386e-07
0,0,3.2578902e-07
0,0,7.1512255e-07
0,0,1.0038189e-06
0,0,4.1533517e-07
0,0,3.1573393e-07
0,0,1.2594177e-06
0,0,3.0273856e-07
0,0,3.7419278e-07
0,0,5.664541e-07
0,0,1.1366797e-06
0,0,6.5760787e-07
0,0,4.1569658e-07
0,0,4.7782726e-07
0,0,2.0935339e-07
0,0,5.842854e-07
0,0,9.460895e-07
0,0,3.1446687e-06
0,0,7.27673e-07
0,0,2.146528e-06
0,0,7.360631e-07
0,0,1.1755747e-06
0,0,5.639977e-07
0,0,8.675796e-07
0,0,9.5036495e-07
0,0,8.037371e-07
0,0,7.396836e-07
0,0,6.0526474e-07
0,0,1.411105e-06
0,0,1.1562393e-06
0,0,3.674746e-07
0,0,9.306874e-07
0,0,7.974756e-07
0,0,1.2498361e-06
0,0,1.2128971e-06
0,0,7.089649e-07
0,0,4.2743486e-07
0,0,2.1186977e-06
0,0,0.0016513262
0,0,1.0685636e-06
0,0,3.328817e-06
0,0,2.3550405e-07
0,0,3.83997e-07
0,0,1.2342789e-06
0,0,1.981175e-07
0,0,2.8680042e-06
0,0,9.71365e-07
0,0,3.8419262e-07
0,0,9.12024e-06
0,0,1.6112924e-06
0,0,6.391266e-07
0,0,8.622733e-07
0,0,1.9910358e-07
0,0,6.895702e-07
0,0,7.1004007e-07
0,0,1.057098e-06
0,0,1.2192222e-06
0,0,4.04903e-07
0,0,4.6151015e-07
0,0,7.89298e-07
0,0,2.1825414e-07
0,0,3.1425625e-07
0,0,2.0191773e-07
0,0,4.4172498e-07
0,0,1.2748321e-06
0,0,6.352982e-07
0,0,4.5159817e-07
0,0,7.8042154e-07
0,0,3.537155e-07
0,0,6.111153e-07
0,0,8.5095246e-07
0,0,3.7222492e-07
0,0,4.8475056e-07
0,0,1.0232134e-06
0,0,1.0696148e-06
0,0,2.908982e-06
0,0,2.8667462e-06
0,0,3.2436418e-07
0,0,5.735775e-07
0,0,1.9604424e-07
0,0,6.615455e-07
0,0,4.3855255e-07
0,0,7.3209026e-07
0,0,8.32743e-07
0,0,6.3319203e-07
0,0,0.00075008196
0,0,3.8702498e-07
0,0,1.6530541e-06
0,0,3.2806003e-07
0,0,5.5115396e-07
0,0,9.700515e-07
0,0,2.8325996e-07
0,0,7.922436e-07
0,0,2.424774e-07
0,0,9.752878e-07
0,0,2.5030029e-06
0,0,3.341376e-07
0,0,0.0037537746
0,0,1.2257603e-06
0,0,3.983345e-07
0,0,6.193476e-07
0,0,5.7708735e-07
0,0,1.4480922e-07
0,0,5.9045885e-07
0,0,3.056745e-07
0,0,1.4275371e-06
0,0,6.5013995e-07
0,0,9.116511e-07
0,0,2.1208415e-07
0,0,1.2043355e-06
0,0,1.1912834e-06
0,0,7.576393e-07
0,0,8.3820566e-07
0,0,1.2993697e-06
0,0,9.33799e-07
0,0,6.316999e-07
0,0,4.1733193e-07
0,0,7.2675897e-07
0,0,6.4025403e-07
0,0,1.0030868e-06
0,0,4.8857817e-07
0,0,8.2961753e-07
0,0,1.2321818e-06
0,0,8.029329e-08
0,0,3.807152e-06
0,0,6.2002425e-07
0,0,2.9674031e-06
0,0,5.059222e-07
0,0,8.2738933e-07
0,0,2.2366781e-07
0,0,2.8327779e-07
0,0,1.0720289e-06
0,0,1.4102266e-06
0,0,3.192008e-07
0,0,4.110251e-06
0,0,2.063978e-07
0,0,6.6006527e-07
0,0,1.8144742e-07
0,0,2.61869e-07
0,0,3.8356038e-07
0,0,4.9663385e-07
0,0,1.2157668e-06
0,0,9.3432817e-07
0,0,9.2439893e-07
0,0,4.863551e-07
0,0,4.759435e-07
0,0,3.3504287e-07
0,0,3.8107524e-07
0,0,3.0116283e-07
0,0,5.2860145e-07
0,0,1.0169493e-05
0,0,7.951737e-07
0,0,1.1734744e-06
0,0,3.31323e-07
0,0,6.8326096e-07
0,0,5.191937e-07
0,0,1.9598754e-06
0,0,5.600128e-07
0,0,3.3973888e-07
0,0,2.9403463e-07
0,0,9.555724e-07
0,0,3.3420199e-07
0,0,2.6002147e-07
0,0,9.761308e-07
0,0,1.2358678e-06
0,0,4.5481855e-07
0,0,8.705849e-07
0,0,2.8229962e-07
0,0,3.0142402e-07
0,0,4.747775e-07
0,0,1.1370001e-07
0,0,4.9604216e-07
0,0,2.095028e-07
0,0,7.838998e-07
0,0,2.2563356e-06
0,0,3.4941593e-07
0,0,2.7699448e-07
0,0,3.692944e-07
0,0,2.763981e-06
0,0,1.9206603e-07
0,0,9.784702e-07
0,0,9.995449e-07
0,0,2.472415e-06
0,0,2.0183765e-07
0,0,3.4666934e-07
0,0,3.0370602e-06
0,0,4.3204835e-07
0,0,2.0168812e-07
0,0,1.4101552e-06
0,0,5.941242e-07
0,0,4.133622e-07
0,0,7.5104896e-07
0,0,3.061389e-07
0,0,1.8362374e-07
0,0,2.7902644e-07
0,0,4.7957207e-07
0,0,3.1908805e-06
0,0,5.4105584e-07
0,0,8.220662e-07
0,0,7.178886e-07
0,0,1.8639462e-06
0,0,5.1422935e-06
0,0,1.844444e-07
0,0,1.483174e-06
0,0,3.6717581e-06
0,0,8.042562e-07
0,0,1.04164606e-07
0,0,6.036161e-07
0,0,1.4267246e-06
0,0,4.770359e-07
0,0,4.604296e-07
0,0,4.2148326e-07
0,0,1.7483023e-06
0,0,7.4086614e-07
0,0,6.938282e-07
0,0,3.4483435e-07
0,0,5.255187e-07
0,0,3.2220894e-06
0,0,2.9489735e-07
0,0,3.7406684e-07
0,0,2.6391302e-07
0,0,3.588433e-07
0,0,6.223625e-07
0,0,4.893499e-07
0,0,5.2532783e-07
0,0,4.8634024e-07
0,0,1.4117483e-06
0,0,1.1986853e-06
0,0,3.945353e-07
0,0,4.2895397e-07
0,0,2.3170125e-07
0,0,3.719208e-07
0,0,6.619362e-07
0,0,3.557558e-07
0,0,3.154125e-07
0,0,8.8081856e-07
0,0,8.692998e-07
0,0,1.0384675e-06
0,0,1.1218053e-06
0,0,2.9465699e-07
0,0,4.2117148e-07
0,0,3.117004e-07
0,0,7.140628e-07
0,0,1.3536651e-06
0,0,1.9228883e-06
0,0,8.075511e-07
0,0,8.679206e-07
0,0,4.5738048e-07
0,0,3.8610997e-07
0,0,4.3878265e-07
0,0,3.434952e-07
0,0,5.4734176e-07
0,0,7.7294277e-07
0,0,4.991927e-06
0,0,4.172754e-07
0,0,3.3175127e-06
0,0,2.3224304e-07
0,0,7.780688e-07
0,0,4.5913035e-07
0,0,9.444686e-07
0,0,3.2937666e-07
0,0,2.228957e-07
0,0,5.509706e-07
0,0,3.358407e-07
0,0,3.2986264e-07
0,0,5.821241e-07
0,0,2.0882915e-07
0,0,1.156484e-06
0,0,0.00041450906
0,0,1.9815977e-06
0,0,4.4400778e-07
0,0,4.3834348e-07
0,0,7.327273e-07
0,0,7.541596e-07
0,0,3.2716832e-07
0,0,1.5843143e-07
0,0,6.253885e-07
0,0,1.2247881e-06
0,0,7.6368275e-07
0,0,1.0220031e-06
0,0,4.567598e-07
0,0,1.33129e-06
0,0,5.665665e-07
0,0,3.2016266e-07
0,0,5.6018587e-07
0,0,1.649953e-07
0,0,2.839372e-07
0,0,7.4411275e-07
0,0,6.572267e-07
0,0,8.6207604e-07
0,0,4.684965e-05
0,0,3.3781944e-07
0,0,3.3990156e-07
0,0,1.2688537e-06
0,0,3.799097e-07
0,0,2.739484e-07
0,0,3.0163988e-06
0,0,7.357845e-07
0,0,4.6891515e-07
0,0,3.6694266e-07
0,0,3.2686768e-07
0,0,6.215772e-07
0,0,4.4573792e-07
0,0,4.2718796e-07
0,0,9.903705e-07
0,0,3.8141297e-07
0,0,5.1061477e-07
0,0,4.162816e-06
0,0,5.1443504e-07
0,0,5.61898e-07
0,0,1.0820022e-06
0,0,7.559209e-07
0,0,3.4099574e-07
0,0,6.801106e-07
0,0,3.0742785e-06
0,0,5.7508265e-07
0,0,4.5481897e-07
0,0,7.405363e-07
0,0,6.027245e-07
0,0,2.9499944e-07
0,0,6.237327e-07
0,0,1.7719735e-06
0,0,7.041068e-07
0,0,2.2750714e-06
0,0,5.65426e-07
0,0,1.396595e-06
0,0,4.0577976e-07
0,0,4.4695665e-07
0,0,7.2836383e-07
0,0,7.6218464e-07
0,0,6.078469e-07
0,0,5.497004e-07
0,0,3.0189582e-07
0,0,7.473857e-07
0,0,3.9614673e-07
0,0,2.4553935e-06
0,0,7.5354563e-07
0,0,4.2111162e-07
0,0,3.1694216e-07
0,0,3.066061e-07
0,0,8.0821985e-07
0,0,8.355368e-07
0,1,0.7125194
0,0,4.6790066e-07
0,0,2.5692697e-07
0,0,2.9505907e-07
0,0,6.8299846e-07
0,0,3.8327335e-07
0,0,1.2860554e-06
0,0,7.8334904e-07
0,0,2.4293045e-06
0,0,4.943185e-07
0,0,5.793427e-07
0,0,9.3193614e-07
0,0,4.5721524e-07
0,0,5.914378e-07
0,0,8.079532e-06
0,0,8.6140045e-07
0,0,6.1041925e-07
0,0,1.8816454e-06
0,0,1.8383168e-06
0,0,4.464233e-07
0,0,1.9438362e-07
0,0,6.389304e-07
0,0,4.4859127e-07
0,0,2.2652962e-06
0,0,2.0987653e-07
0,0,6.8893183e-07
0,0,2.850194e-07
0,0,1.0648484e-06
0,0,4.1957668e-07
0,0,4.696294e-07
0,0,1.7373823e-06
0,0,1.0762288e-06
0,0,2.2400144e-07
0,0,7.2711805e-07
0,0,8.8469443e-07
0,0,5.174794e-07
0,0,4.4551396e-07
0,0,1.06675884e-07
0,0,3.2653523e-07
0,0,5.317301e-07
0,0,8.069883e-07
0,0,2.1271656e-07
0,0,3.300971e-07
0,0,6.1288375e-07
0,0,2.3599057e-07
0,0,1.9668168e-07
0,0,1.8073226e-07
0,0,2.603957e-06
0,0,1.3215775e-06
0,0,5.736683e-07
0,0,9.750319e-05
0,0,6.097065e-07
0,0,6.18234e-07
0,0,2.0680605e-07
0,0,6.1506483e-07
0,0,7.245293e-07
0,0,2.4048773e-06
0,0,1.0354652e-06
0,0,6.625052e-07
0,0,5.525871e-07
0,0,2.1213748e-06
0,0,4.480983e-07
0,0,4.5000485e-07
0,0,6.776458e-07
0,0,4.352775e-07
0,0,4.4798932e-07
0,0,7.37747e-07
0,0,5.3988526e-07
0,0,3.8223484e-07
0,0,2.9260298e-07
0,0,2.1109972e-06
0,0,4.901107e-07
0,0,9.570869e-06
0,0,1.5633217e-06
0,0,2.9224657e-07
0,0,3.2707908e-07
0,0,1.0847743e-06
0,0,2.8350428e-07
0,0,3.6264447e-07
0,0,1.7061119e-07
0,0,8.5645377e-07
0,0,5.5017875e-07
0,0,2.588016e-06
0,0,2.1838699e-07
0,0,2.7356202e-07
0,0,2.6361496e-07
0,0,4.2539872e-07
0,0,1.9571321e-07
0,0,1.8308547e-06
0,0,1.2846323e-06
0,0,5.844074e-07
0,0,3.998085e-07
0,0,3.0331566e-07
0,0,6.57384e-07
0,0,3.816353e-07
0,0,3.3271718e-07
0,0,2.9125746e-07
0,0,2.8762298e-07
0,0,4.0240275e-07
0,0,1.6789734e-05
0,0,2.051056e-06
0,0,1.9013926e-06
0,0,5.472405e-07
0,0,4.2004632e-07
0,0,2.475817e-07
0,0,7.9850446e-07
0,0,5.154541e-07
0,0,8.72e-07
0,0,1.0149786e-06
0,0,4.5471054e-07
0,0,9.3618604e-07
0,0,1.4937291e-07
0,0,4.1618767e-07
0,0,3.0135618e-07
0,0,7.1232705e-07
0,0,7.249695e-07
0,0,3.192976e-07
0,0,6.5940964e-07
0,0,1.187453e-06
0,0,2.2040732e-07
0,0,7.300114e-08
0,0,1.1178731e-06
0,0,3.1133854e-07
0,0,3.7396552e-07
0,0,1.7175327e-06
0,0,6.762888e-07
0,0,1.0714218e-06
0,0,9.906831e-07
0,0,1.076199e-06
0,0,4.6629748e-07
0,0,3.4384755e-07
0,0,4.3181683e-07
0,0,4.921622e-07
0,0,1.520881e-06
0,0,7.972596e-07
0,0,1.4756329e-06
0,0,1.0267901e-06
0,0,2.4239878e-07
0,0,1.0331698e-06
0,0,4.419989e-07
0,0,2.266644e-07
0,0,2.4060122e-07
0,0,8.608765e-07
0,0,1.6677742e-06
0,0,3.066093e-07
0,0,1.6452236e-06
0,0,1.112043e-06
0,0,2.2960594e-06
0,0,2.8862119e-06
0,0,8.869669e-07
0,0,3.0613396e-07
0,0,5.5138213e-07
0,0,6.4617524e-07
0,0,4.2739248e-07
0,0,8.0530845e-07
0,0,7.9977417e-07
0,0,1.2342883e-06
0,0,0.00030467342
0,0,3.3216332e-07
0,0,6.288555e-07
0,0,6.830597e-07
0,0,4.929739e-07
0,0,4.984098e-07
0,0,9.4694786e-07
0,0,9.894188e-07
0,0,1.8931797e-06
0,0,2.7497967e-06
0,0,1.0558748e-06
0,0,3.5043678e-07
0,0,3.3677978e-07
0,0,5.851274e-07
0,0,2.2963629e-07
0,0,1.3039828e-06
0,0,2.2286793e-06
0,0,5.183947e-07
0,0,8.0460296e-07
0,0,6.581656e-07
0,0,9.51415e-07
0,0,2.927777e-07
0,0,4.0082438e-07
0,0,2.9590362e-07
0,0,7.5099666e-07
0,0,2.0769914e-06
0,0,7.8157683e-07
0,0,1.1437837e-06
0,0,7.804558e-07
0,0,2.4448596e-07
0,0,2.2722408e-07
0,0,3.3340675e-07
0,0,7.0129283e-07
0,0,1.315755e-06
0,0,5.155244e-07
0,0,3.0655144e-07
0,0,3.7208116e-07
0,0,6.1925664e-07
0,0,2.9018864e-07
0,0,3.8752285e-07
0,0,1.9930495e-07
0,0,0.012316544
0,0,1.7616769e-07
0,0,8.856433e-07
0,0,9.071231e-07
0,0,5.064455e-07
0,0,6.761146e-07
0,0,7.1558304e-07
0,0,1.6844893e-07
0,0,5.0905544e-07
0,0,1.2535545e-06
0,0,9.0308345e-07
0,0,5.3072193e-07
0,0,1.0442635e-06
0,0,8.449111e-07
0,0,7.2439724e-07
0,0,5.528301e-07
0,0,1.805851e-06
0,0,5.170611e-07
0,0,1.7183665e-06
0,0,3.6120517e-07
0,0,1.963956e-06
0,0,7.9792284e-07
0,0,8.8011745e-07
0,0,1.7225785e-06
0,0,5.6755505e-07
0,0,1.7338934e-07
0,0,2.1837072e-07
0,0,1.3366507e-07
0,0,3.8056496e-07
0,0,3.1877096e-07
0,0,1.3444995e-06
0,0,7.325239e-07
0,0,2.9051787e-07
0,0,3.2632727e-07
0,0,1.9284073e-07
0,0,3.496883e-07
0,0,8.1740615e-07
0,0,2.2838528e-07
0,0,3.1030845e-07
0,0,2.7478492e-07
0,0,3.0100088e-07
0,0,8.7639444e-07
0,0,1.5015432e-06
0,0,2.3097276e-07
0,0,1.5669455e-07
0,0,4.9297677e-07
0,0,1.8549536e-06
0,0,2.5969018e-06
0,0,4.964662e-07
0,0,1.3957069e-06
0,0,3.1473343e-07
0,0,9.771451e-07
0,0,4.1779825e-07
0,0,1.5189822e-06
0,0,2.3215777e-07
0,0,2.5530856e-06
0,0,2.2207139e-07
0,0,5.8323377e-07
0,0,9.962095e-07
0,0,1.8402766e-07
0,0,4.2028674e-07
0,0,9.1858396e-07
0,0,5.5944054e-07
0,0,9.824544e-07
0,0,1.4911985e-06
0,0,2.8969313e-07
0,0,4.969968e-07
0,0,7.151253e-07
0,0,1.8446793e-06
0,0,7.1444293e-07
0,0,3.6378614e-07
0,0,7.2929174e-07
0,0,1.2426204e-07
0,0,9.2181426e-07
0,0,2.803788e-06
0,0,6.7399725e-07
0,0,7.4152206e-07
0,0,4.6527046e-07
0,0,4.4994476e-07
0,0,2.293231e-07
0,0,4.0495286e-07
0,0,4.0314484e-07
0,0,7.9749157e-07
0,0,1.5225265e-07
0,0,4.2779251e-07
0,0,7.127042e-07
0,0,9.554776e-07
0,0,5.4977227e-07
0,0,1.7675078e-06
0,0,5.519072e-07
0,0,1.8667002e-07
0,0,6.6505123e-07
0,0,9.2984277e-07
0,0,3.3274893e-07
0,0,2.948709e-07
0,0,3.1796787e-07
0,0,5.63767e-07
0,0,6.350486e-07
0,0,7.9071134e-07
0,0,1.0407688e-06
0,0,2.8030237e-07
0,0,4.4680576e-07
0,0,1.5794703e-07
0,0,4.9053716e-07
0,0,5.988879e-07
0,0,2.4642961e-06
0,0,5.758943e-07
0,0,8.056196e-07
0,0,3.0455942e-07
0,0,1.2338917e-06
0,0,3.182321e-07
0,0,1.1384502e-06
0,0,4.2572237e-06
0,0,3.5022694e-07
0,0,2.2586134e-06
0,0,8.4527863e-07
0,0,4.3262185e-07
0,0,3.5703886e-07
0,0,6.088448e-07
0,0,3.6795714e-06
0,0,6.701114e-07
0,0,4.085596e-07
0,0,2.66873e-07
0,0,5.061065e-07
0,0,4.0229418e-07
0,0,7.163088e-07
0,0,7.453869e-07
0,0,7.757845e-07
0,0,8.4248836e-07
0,0,4.678704e-06
0,0,3.218628e-06
0,0,1.3899241e-05
0,0,1.3631051e-06
0,0,7.2948933e-07
0,0,4.3475973e-07
0,0,6.628914e-07
0,0,1.0754942e-06
0,0,5.8250225e-07
0,0,2.0269411e-07
0,0,3.002964e-07
0,0,7.9330437e-07
0,0,1.1266385e-06
0,0,7.486069e-07
0,0,2.3595209e-07
0,0,2.2663464e-06
0,0,8.1531886e-07
0,0,6.749653e-07
0,0,7.0736564e-07
0,0,3.6073973e-07
0,0,2.3380062e-07
0,0,2.8039137e-06
0,0,2.3758122e-07
0,0,2.0605473e-06
0,0,9.972075e-07
0,0,3.5370303e-07
0,0,4.2669524e-07
0,0,1.0189491e-06
0,0,1.8759781e-06
0,0,4.0910507e-07
0,0,5.859991e-07
0,0,5.969873e-07
0,0,1.4513844e-06
0,0,1.412605e-06
0,0,2.1565e-06
0,0,2.3584342e-07
0,0,1.3510495e-06
0,0,1.1847868e-06
0,0,1.5703699e-06
0,0,4.5057598e-07
0,0,1.5803081e-06
0,0,1.1522017e-06
0,0,2.759488e-07
0,0,3.0033107e-07
0,0,9.0523145e-07
0,0,3.827203e-06
0,0,1.7418004e-06
0,0,3.986081e-07
0,0,6.7497695e-07
0,0,4.14458e-07
0,0,1.6155329e-07
0,0,4.63824e-07
0,0,2.805891e-07
0,0,4.895006e-07
0,0,3.3370864e-07
0,0,1.562682e-07
0,0,2.9279477e-07
0,0,3.8546756e-07
0,0,3.4805734e-07
0,0,1.3768271e-06
0,0,7.758681e-07
0,0,4.126867e-07
0,0,2.1658057e-06
0,0,1.2498369e-07
0,0,4.860736e-07
0,0,4.8017205e-07
0,0,9.157264e-07
0,0,5.823556e-07
0,0,6.1062417e-07
0,0,3.932176e-07
0,0,8.4081324e-07
0,0,2.443547e-07
0,0,6.7241336e-07
0,0,9.597672e-07
0,0,4.802746e-07
0,0,1.06079e-06
0,0,4.2723846e-07
0,0,1.149619e-06
0,0,1.5455062e-07
0,0,9.974767e-07
0,0,1.1692072e-06
0,0,1.2574878e-06
0,0,5.4376073e-07
0,0,1.2615056e-06
0,0,7.350376e-07
0,0,1.7040905e-07
0,0,1.1804515e-06
0,0,1.6223262e-07
0,0,2.7321212e-07
0,0,1.4402559e-06
0,0,5.702836e-07
0,0,3.9622606e-07
0,0,9.202122e-07
0,0,7.5687376e-07
0,0,2.6120028e-07
0,0,8.469497e-07
0,0,4.404084e-07
0,0,2.8878839e-07
0,0,1.7675835e-06
0,0,3.403716e-07
0,0,3.5632863e-07
0,0,3.4064542e-06
0,0,1.1393549e-06
0,0,2.4334474e-07
0,0,1.3371763e-06
0,0,2.040146e-07
0,0,8.0832075e-07
0,0,3.737545e-07
0,0,8.217041e-07
0,0,1.0097198e-06
0,0,4.6232336e-07
0,0,2.3475711e-07
0,0,4.784487e-07
0,0,1.3726213e-06
0,0,6.15519e-07
0,0,3.5876732e-07
0,0,2.7149295e-07
0,0,1.1070972e-06
0,0,4.2285657e-07
0,0,3.7830407e-07
0,0,1.1403506e-06
0,0,1.057102e-06
0,0,2.7599722e-07
0,0,8.8792757e-07
0,0,5.6373744e-07
0,0,1.070571e-06
0,0,5.759943e-07
0,0,1.5421803e-06
0,0,7.44506e-07
0,0,3.1214898e-07
0,0,4.6751262e-07
0,0,2.0436776e-06
0,0,3.8732182e-07
0,0,1.5945111e-06
0,0,6.0655617e-07
0,0,9.863222e-07
0,0,1.9043996e-06
0,0,3.3535657e-06
0,0,6.003558e-07
0,0,6.364509e-07
0,0,4.9549465e-07
0,0,4.5082746e-07
0,0,1.4664857e-07
0,0,3.796026e-07
0,0,2.9777275e-06
0,0,5.6287683e-07
0,0,4.734857e-07
0,0,5.4835954e-07
0,0,1.4356947e-06
0,0,2.3458774e-06
0,0,6.5035266e-07
0,0,2.0922405e-07
0,0,5.360794e-07
0,0,7.2061033e-07
0,0,8.520073e-07
0,0,9.8898155e-08
0,0,4.2220825e-07
0,0,2.9483266e-07
0,0,1.2987938e-06
0,0,3.4053846e-07
0,0,1.2612591e-06
0,0,1.3648817e-07
0,0,3.1128806e-07
0,0,1.0699616e-06
0,0,2.4019704e-07
0,0,4.047123e-07
0,0,4.6810015e-07
0,0,1.5920116e-06
0,0,3.473994e-07
0,0,7.304103e-07
0,0,2.0171346e-06
0,0,1.0267196e-06
0,0,9.754822e-07
0,0,3.857949e-07
0,0,1.9378829e-06
0,0,4.6559228e-07
0,0,4.2119478e-07
0,0,2.4238777e-06
0,0,3.6899235e-07
0,0,8.440671e-07
0,0,4.7655936e-07
0,0,2.3422174e-07
0,0,9.3628245e-07
0,0,2.4301542e-07
0,0,1.7464924e-06
0,0,2.3391168e-07
0,0,7.354527e-07
0,0,5.1028275e-07
0,0,2.5209815e-07
0,0,3.5198286e-07
0,0,1.8037614e-06
0,0,4.5272319e-07
0,0,5.7848143e-07
0,0,1.6379438e-06
0,0,3.6912644e-07
0,0,2.9282518e-07
0,0,4.373818e-07
0,0,2.6060216e-06
0,0,4.6897551e-07
0,0,1.6331849e-06
0,0,4.826199e-07
0,0,3.2813605e-07
0,0,5.411214e-07
0,0,6.0686403e-07
0,0,4.6161318e-07
0,0,1.0095022e-06
0,0,4.7208118e-07
0,0,7.657854e-07
0,0,5.430248e-07
0,0,7.1040984e-07
0,0,4.3473818e-07
0,0,2.2037368e-07
0,0,4.5054375e-07
0,0,1.5407088e-07
0,0,6.9453455e-07
0,0,5.9001025e-07
0,0,2.5715542e-07
0,0,2.8736142e-07
0,0,1.687728e-06
0,0,1.151469e-06
0,0,4.040493e-06
0,0,7.433956e-07
0,0,3.2408343e-07
0,0,1.4351784e-07
0,0,3.1967298e-07
0,0,8.952331e-07
1,1,0.6901949
0,0,3.9676755e-07
0,0,4.7287736e-07
0,0,3.7826078e-07
0,0,5.627598e-07
0,0,4.4881682e-07
0,0,3.1790785e-07
0,0,7.2402986e-07
0,0,2.6545078e-07
0,0,2.3061907e-07
0,0,3.176984e-07
0,0,5.3730065e-07
0,0,5.18539e-07
0,0,1.809283e-06
0,0,2.2712636e-07
0,0,1.4893268e-06
0,0,5.6506855e-07
0,0,2.5811954e-07
0,0,1.2919068e-06
0,0,2.4196805e-07
0,0,4.6804084e-07
0,0,1.824822e-07
0,0,6.796969e-07
0,0,4.7865916e-07
0,0,1.08982e-06
0,0,7.9300713e-07
0,0,4.1001826e-07
0,0,4.3699947e-07
0,0,3.1861595e-07
0,0,2.7993184e-07
0,0,2.6168175e-07
0,0,7.988046e-07
0,0,4.0548537e-07
0,0,6.125314e-07
0,0,2.9175814e-07
0,0,1.74101e-07
0,0,1.3865328e-07
0,0,1.8602616e-07
0,0,3.461481e-06
0,0,7.376717e-07
0,0,3.9599635e-07
0,0,5.698378e-07
0,0,5.7417566e-07
0,0,7.079143e-07
0,0,2.6080178e-07
0,0,8.3258186e-07
0,0,4.6190556e-07
0,0,6.4366526e-07
0,0,4.4161632e-07
0,0,6.9042295e-07
0,0,4.597679e-07
0,0,5.8602035e-07
0,0,6.826859e-07
0,0,1.986391e-07
0,0,1.0478398e-06
0,0,6.3668716e-07
0,0,4.5592031e-07
0,0,1.8246981e-06
0,0,2.8156077e-07
0,0,7.3924355e-07
0,0,5.290094e-07
0,0,3.170374e-07
0,0,5.2724914e-07
0,0,8.6921193e-07
0,0,2.554269e-07
0,0,5.752521e-07
0,0,2.9857048e-07
0,0,1.5181334e-06
0,0,1.7797862e-06
0,0,1.1971019e-06
0,0,3.2588036e-07
0,0,3.7692664e-07
0,0,1.9721617e-06
0,0,1.8591992e-07
0,0,1.245804e-07
0,0,3.509294e-07
0,0,1.8116451e-06
0,0,1.5601714e-06
0,0,8.226897e-07
0,0,4.4919875e-07
0,0,1.3036781e-06
0,0,4.5874958e-07
0,0,3.3549688e-07
0,0,2.5548002e-07
0,0,6.149986e-07
0,0,5.946071e-07
0,0,1.1645211e-06
0,0,2.8504953e-06
0,0,3.3543384e-07
0,0,2.3323014e-06
0,0,5.1990173e-07
0,0,9.842812e-07
0,0,2.3776774e-07
0,0,6.965152e-07
0,0,7.0771586e-07
0,0,8.008556e-07
0,0,1.3343622e-06
0,0,7.7204106e-07
0,0,3.7162653e-07
0,0,2.6969685e-06
0,0,1.7833082e-06
0,0,4.2394882e-07
0,0,6.5497795e-07
0,0,1.0287514e-06
0,0,3.0251718e-07
0,0,2.1205738e-06
0,0,5.5494723e-07
0,0,8.5739515e-07
0,0,1.1446414e-06
0,0,4.810021e-07
0,0,5.6077755e-07
0,0,3.16393e-06
0,0,6.667748e-07
0,0,3.0684333e-07
0,0,8.4576015e-05
0,0,4.782535e-07
0,0,6.616686e-07
0,0,3.2945238e-07
0,0,9.0544637e-07
0,0,7.348175e-07
0,0,2.756253e-07
0,0,1.1350278e-06
0,0,2.362194e-06
0,0,8.8860946e-07
0,0,9.925565e-07
0,0,3.3176252e-07
0,0,1.6318927e-07
0,0,8.109816e-07
0,0,6.124502e-07
0,0,1.7216194e-06
0,0,4.3154597e-07
0,0,1.0563583e-06
0,0,2.8160454e-07
0,0,7.295109e-07
0,0,4.965922e-07
0,0,1.4046241e-06
0,0,1.7903544e-06
0,0,1.0652984e-06
0,0,5.5216196e-07
0,0,6.4551557e-07
0,0,1.1447211e-06
0,0,3.6634717e-07
0,0,1.6250577e-06
0,0,0.018950969
0,0,1.5536858e-06
0,0,2.6701224e-07
0,0,6.150303e-08
0,0,4.1107577e-07
0,0,1.7329508e-06
0,0,1.8958718e-06
0,0,6.0659437e-07
0,0,1.1690689e-06
0,0,6.166653e-07
0,0,6.297624e-07
0,0,1.1313318e-06
0,0,5.6749826e-07
0,0,3.7789516e-07
0,0,3.3111075e-07
0,0,2.5861604e-07
0,0,2.6210307e-07
0,0,3.4243317e-07
0,0,7.5764586e-07
0,0,6.5895256e-07
0,0,1.2975049e-06
0,0,4.4367724e-07
0,0,2.0150895e-07
0,0,6.2391e-07
0,0,6.9853877e-07
0,0,1.8892243e-06
0,0,8.0531765e-07
0,0,5.204648e-07
0,0,2.4264745e-07
0,0,7.958428e-07
0,0,5.747575e-07
0,0,3.6475922e-07
0,0,4.8781595e-07
0,0,6.1788506e-07
0,0,6.880048e-07
0,0,2.431986e-07
0,0,1.5142396e-06
0,0,6.809316e-07
0,0,3.390984e-06
0,0,1.6665674e-06
0,0,1.2125867e-07
0,0,6.389316e-07
0,0,4.3007387e-07
0,0,4.6098626e-07
0,0,3.384844e-07
0,0,3.813173e-07
0,0,1.5909675e-06
0,0,5.267968e-07
0,0,3.9682504e-07
0,0,8.7203745e-07
0,0,1.0004389e-07
0,0,6.126664e-07
0,0,6.772485e-07
0,0,4.1770927e-06
0,0,1.3666521e-06
0,0,9.1536407e-07
0,0,2.4334403e-07
0,0,1.6150169e-06
0,0,5.349472e-07
0,0,2.768136e-07
0,0,2.9823806e-07
0,0,5.0181995e-07
0,0,3.7143167e-07
0,0,1.3897394e-06
0,0,1.7671103e-07
0,0,6.350026e-07
0,0,2.6728103e-06
0,0,4.604788e-07
0,0,3.2123404e-07
0,0,1.1420811e-06
0,0,8.894675e-07
0,0,7.1868186e-07
0,0,4.494486e-07
0,0,3.2295634e-07
0,0,9.213705e-07
0,0,6.446291e-07
0,0,4.0196974e-07
0,0,9.536252e-07
0,0,1.2183156e-06
0,0,2.0426564e-06
0,0,6.291525e-07
0,0,8.094903e-07
0,0,2.2837004e-07
0,0,4.3969666e-07
0,0,3.8418088e-07
0,0,3.3629803e-07
0,0,1.6872563e-07
0,0,3.8995557e-07
0,0,1.4336395e-07
0,0,3.1701592e-07
0,0,4.436143e-06
0,0,5.272396e-07
0,0,0.4577705
0,0,5.136522e-07
0,0,8.1380324e-07
0,0,3.5473502e-07
0,0,2.0192043e-07
0,0,9.3147673e-07
0,0,4.935455e-07
0,0,1.359684e-06
0,0,2.9941268e-06
0,0,1.0033623e-06
0,0,9.2682376e-07
0,0,6.1595534e-07
0,0,1.2859414e-06
0,0,3.5106564e-07
0,0,2.2305476e-07
0,0,1.3084111e-06
0,0,2.2331728e-06
0,0,5.5325097e-07
0,0,7.2657184e-07
0,0,5.019736e-07
0,0,5.4591703e-07
0,0,3.3967635e-07
0,0,4.8786063e-07
0,0,1.9373937e-07
0,0,2.167105e-06
0,0,1.465851e-07
0,0,2.2209986e-06
0,0,2.8823802e-06
0,0,5.238395e-07
0,0,3.8950805e-07
0,0,1.3414641e-06
0,0,2.7026226e-06
0,0,1.0523322e-06
0,0,5.281751e-07
0,0,2.2789538e-06
0,0,4.3431965e-07
0,0,5.2112784e-07
0,0,2.5587136e-07
0,0,1.5851638e-06
0,0,1.15176825e-07
0,0,3.5194122e-07
0,0,7.7728413e-07
0,0,2.4007932e-07
0,0,8.448337e-07
0,0,5.951807e-07
0,0,2.2757496e-07
0,0,9.543274e-07
0,0,1.9167902e-07
0,0,7.9987865e-07
0,0,1.1047463e-06
0,0,1.5023839e-07
0,0,8.8341545e-07
0,0,4.5651905e-06
0,0,1.8981259e-06
0,0,3.1116636e-07
0,0,3.9337098e-07
0,0,3.4210316e-07
0,0,6.861066e-07
0,0,1.5245229e-07
0,0,4.7957207e-07
0,0,9.726007e-07
0,0,1.6292972e-06
0,0,4.2562962e-07
0,0,9.626428e-07
0,0,5.9778034e-07
0,0,6.4365605e-07
0,0,5.973689e-07
0,0,8.513892e-07
0,0,3.4853866e-07
0,0,4.1105972e-07
0,0,3.2879103e-07
0,0,6.0566995e-06
0,0,6.9294475e-07
0,0,6.5067525e-07
0,0,7.881652e-06
0,0,6.9979166e-07
0,0,3.5414214e-07
0,0,1.5468555e-06
0,0,6.892184e-07
0,0,1.4320163e-06
0,0,4.770964e-07
0,0,2.1223732e-07
0,0,4.196447e-07
0,0,8.033632e-07
0,0,2.3359001e-07
0,0,8.7886514e-07
0,0,4.8738025e-07
0,0,5.2019533e-07
0,0,2.5388402e-07
0,0,5.191922e-07
0,0,3.495389e-07
0,0,3.9816092e-07
0,0,1.6651678e-06
0,0,2.7041565e-07
0,0,1.1110159e-06
0,0,3.3595856e-07
0,0,7.137864e-07
0,0,7.512388e-07
0,0,5.81364e-06
0,0,5.480521e-07
0,0,9.119641e-07
0,0,5.5418195e-07
0,0,4.398313e-07
0,0,8.7661425e-07
0,0,3.8993736e-07
0,0,2.634757e-06
0,0,2.3498362e-06
0,0,3.9195436e-07
0,0,1.3692286e-06
0,0,2.6547963e-07
0,0,5.644836e-07
0,0,3.7038499e-06
0,0,2.5372057e-05
0,0,8.198575e-07
0,0,1.5526548e-07
0,0,5.9769087e-07
0,0,8.024168e-07
0,0,9.425277e-07
0,0,3.7299424e-07
0,0,1.0146882e-06
0,0,4.4513556e-07
0,0,3.57447e-07
0,0,8.9104157e-07
0,0,1.1925918e-06
0,0,9.1523924e-07
0,0,2.9051537e-07
0,0,7.195247e-07
0,0,1.3716831e-06
0,0,6.688108e-07
0,0,3.311175e-06
0,0,2.8507836e-06
0,0,6.798661e-07
0,0,9.350859e-07
0,0,1.9521246e-06
0,0,1.9525554e-07
0,0,7.7793226e-07
0,0,6.881157e-07
0,0,5.069142e-07
0,0,3.221836e-07
0,0,1.1263786e-06
0,0,6.3413114e-07
0,0,5.7322586e-07
0,0,9.079367e-07
0,0,1.2405428e-06
0,0,1.7160954e-07
0,0,1.7393039e-07
0,0,3.1899842e-07
0,0,6.284335e-07
0,0,1.1538929e-06
0,0,2.9475112e-07
0,0,1.1120483e-06
0,0,5.3152985e-07
0,0,6.7828273e-07
0,0,9.830449e-07
0,0,2.9502647e-07
0,0,1.3421525e-06
0,0,5.945867e-07
0,0,3.2337982e-07
0,0,3.48986e-07
0,0,1.6503056e-07
0,0,6.238017e-07
0,0,3.581636e-07
0,0,6.860124e-07
0,0,1.7924388e-06
0,0,9.2641903e-07
0,0,6.5411274e-07
0,0,1.2735501e-06
0,0,2.9459966e-07
0,0,3.1174855e-07
0,0,5.526229e-07
0,0,8.656572e-07
0,0,1.9579163e-07
0,0,5.296763e-07
0,0,6.145741e-07
0,0,2.0772181e-07
0,0,1.0873554e-06
0,0,3.0707344e-07
0,0,6.562327e-07
0,0,1.3176046e-06
0,0,7.8998323e-07
0,0,6.504668e-07
0,0,1.6665531e-06
0,0,3.1479829e-07
0,0,9.5310145e-07
0,0,2.560261e-07
0,0,1.6375408e-07
0,0,2.9211338e-07
0,0,6.903255e-07
0,0,3.605592e-06
0,0,5.566455e-07
0,0,2.5038833e-07
0,0,3.269762e-07
0,0,2.7407228e-07
0,0,2.4714856e-07
0,0,7.526939e-07
0,0,3.9358903e-07
0,0,2.6633955e-07
0,0,7.843537e-07
0,0,2.1613415e-07
0,0,2.4058913e-06
0,0,1.2458246e-06
0,0,1.3746624e-06
0,0,1.2954125e-07
0,0,6.0555226e-07
0,0,5.04523e-07
0,0,1.0708509e-06
0,0,4.991442e-07
0,0,7.804075e-07
0,0,4.5720168e-07
0,0,4.8004426e-07
0,0,9.3550426e-07
0,0,7.832146e-07
0,0,8.412616e-07
0,0,4.546342e-07
0,0,7.0418133e-07
0,0,4.84782e-07
0,0,6.444158e-07
0,0,7.080824e-07
0,0,6.091997e-07
0,0,1.4475305e-06
0,0,1.1266729e-06
0,0,2.1944545e-07
0,0,4.4550038e-07
0,0,2.0218326e-07
0,0,5.218216e-07
0,0,3.555316e-07
0,0,5.250964e-07
0,0,5.999174e-07
0,0,2.4309406e-06
0,0,1.050352e-06
0,0,2.9495274e-07
0,0,7.108301e-07
0,0,7.6178713e-07
0,0,2.8115508e-07
0,0,4.5376447e-07
0,0,3.555072e-07
0,0,9.411786e-07
0,0,2.2326225e-07
0,0,7.344875e-07
0,0,6.5828056e-07
0,0,2.4425156e-06
0,0,4.308555e-07
0,0,1.8270963e-07
0,0,9.1476977e-07
0,0,9.615253e-07
0,0,2.2983136e-06
0,0,3.4396166e-07
0,0,5.6633206e-07
0,0,4.176166e-07
0,0,3.2736995e-07
0,0,8.3133614e-07
0,0,9.542001e-07
0,0,1.0525259e-06
0,0,4.5621212e-07
0,0,4.665955e-07
0,0,3.531863e-07
0,0,3.9809373e-07
0,0,4.8993127e-07
0,0,4.5078662e-07
0,0,5.41633e-07
0,0,1.0211292e-06
0,0,2.5997485e-07
0,0,1.8616261e-06
0,0,1.2731433e-06
0,0,4.939462e-07
0,0,7.4123574e-07
0,0,2.7085753e-07
0,0,4.080215e-07
0,0,4.7738087e-07
0,0,1.2587993e-06
0,0,9.0420207e-07
0,0,5.3301716e-07
0,0,6.643685e-07
0,0,5.8039564e-07
0,0,1.247018e-06
0,0,2.1897718e-07
0,0,6.4333204e-07
0,0,6.115951e-07
0,0,4.909284e-07
0,0,4.0146443e-07
0,0,8.5336535e-07
0,0,1.6056474e-06
0,0,6.657912e-07
0,0,1.08157e-06
0,0,4.1708884e-07
0,0,7.1744097e-07
0,0,1.3395822e-06
0,0,3.85379e-07
0,0,2.8001218e-06
0,0,9.0718623e-07
0,0,2.6776476e-07
0,0,1.2057259e-06
0,0,1.393321e-06
0,0,3.4065184e-07
0,0,1.1700884e-06
0,0,4.640098e-07
0,0,9.33539e-07
0,0,6.665033e-07
0,0,1.0971803e-06
0,0,5.726429e-07
0,0,2.400459e-07
0,0,2.4445822e-07
0,0,1.6540776e-06
0,0,1.1448674e-06
0,0,2.805131e-07
0,0,1.5882265e-06
0,0,7.9612596e-07
0,0,1.0786816e-06
0,0,6.178904e-07
0,0,5.6232325e-06
0,0,7.689241e-07
0,0,2.8523827e-06
0,0,2.8254929e-06
0,0,3.0587148e-06
0,0,1.8685379e-06
0,0,4.7746965e-07
0,0,2.6416963e-06
0,0,3.6836863e-07
0,0,4.773627e-07
0,0,1.0112617e-06
0,0,1.5110184e-06
0,0,5.3612956e-07
0,0,0.00029898403
0,0,5.5880815e-07
0,0,2.945297e-07
0,0,4.849531e-07
0,0,0.001184649
0,0,1.1500401e-06
0,0,4.962527e-07
0,0,9.4632315e-07
0,0,8.0411206e-07
0,0,1.5463156e-06
0,0,6.6680025e-07
0,0,4.2787372e-07
0,0,3.0360187e-07
0,0,6.0237284e-07
0,0,2.4636566e-07
0,0,6.906923e-07
0,0,5.9733355e-07
0,0,3.2269776e-07
0,0,3.333899e-07
0,0,3.2730688e-07
0,0,1.2746316e-06
0,0,4.3973608e-07
0,0,4.744403e-07
0,0,7.908019e-07
0,0,2.1880098e-07
0,0,6.667036e-07
0,0,1.4450808e-06
0,0,1.748119e-06
0,0,5.142619e-07
0,0,1.1672107e-06
0,0,3.246334e-07
0,0,5.9037046e-07
0,0,1.8834588e-06
0,0,2.924083e-07
0,0,6.796405e-07
0,0,2.6963846e-06
0,0,8.4264747e-07
0,0,9.060225e-07
0,0,4.857057e-07
0,0,8.55621e-07
0,0,7.476409e-07
0,0,1.994256e-06
0,0,1.6133143e-06
0,0,7.184071e-07
0,0,2.3815385e-06
0,0,2.5061098e-07
0,0,4.6539606e-07
0,0,6.2743817e-07
0,0,2.097384e-06
0,0,1.09809e-06
0,0,9.1023935e-07
0,0,1.2993524e-06
0,0,9.715512e-07
0,0,4.9581183e-07
0,0,1.8196882e-06
0,0,2.6204634e-07
0,0,9.4922905e-07
0,0,3.692511e-07
0,0,7.0151964e-07
0,0,1.1025797e-07
0,0,1.582996e-07
0,0,7.521349e-07
0,0,1.1784786e-06
0,0,3.1049615e-07
0,0,3.850561e-07
0,0,4.122021e-07
0,0,1.172991e-06
0,0,1.1458438e-06
0,0,4.9194824e-07
0,0,2.4859835e-07
0,0,2.1969515e-06
0,0,4.792269e-07
0,0,8.6919704e-07
0,0,3.5325036e-06
0,0,0.00042694283
0,0,1.3204575e-06
0,0,3.366337e-07
0,0,4.2958035e-07
0,0,8.6219353e-07
0,0,1.209636e-06
0,0,1.0298488e-06
0,0,5.413645e-07
0,0,4.0471386e-07
0,0,5.9867543e-06
0,0,6.0804354e-07
0,0,4.1914518e-07
0,0,2.9786514e-07
0,0,9.477321e-07
0,0,2.3381867e-07
0,0,4.1156105e-07
0,0,3.035346e-06
0,0,1.9612989e-07
0,0,1.8091692e-06
0,0,2.1012058e-06
0,0,1.3117394e-06
0,0,3.846307e-07
0,0,1.0113899e-06
0,0,1.1647455e-06
0,0,1.9907432e-07
0,0,5.039085e-07
0,0,4.6106757e-07
0,0,8.2806196e-07
0,0,3.9032057e-07
0,0,1.3661412e-06
0,0,4.572593e-07
0,0,6.75599e-07
0,0,1.2173395e-07
0,0,2.0533231e-07
0,0,1.0182148e-06
0,0,3.777035e-07
0,0,1.422244e-07
0,0,6.4056e-07
0,0,3.2466544e-06
0,0,5.037278e-07
0,0,3.432496e-07
0,0,1.7168892e-07
0,0,5.379728e-07
0,0,4.997958e-07
0,0,4.708169e-07
0,0,2.4037487e-07
0,0,3.2674302e-07
0,0,1.2043619e-06
0,0,3.3518359e-06
0,0,1.737129e-06
0,0,4.865133e-07
0,0,1.5939501e-06
0,0,6.75793e-07
0,0,2.5190613e-07
0,0,1.4159835e-06
0,0,1.9352697e-06
0,0,1.1284602e-06
0,0,9.3625835e-07
0,0,3.0770957e-07
0,0,5.3419626e-07
0,0,4.190165e-07
0,0,1.7750875e-07
0,0,3.710698e-07
0,0,3.4814167e-07
0,0,5.100332e-07
0,0,4.450995e-07
0,0,7.389067e-07
0,0,1.1219508e-06
0,0,5.897138e-07
0,0,5.482785e-07
0,0,3.104603e-07
0,0,7.8957646e-07
0,0,2.2571591e-07
0,0,1.3577908e-06
0,0,2.2053999e-07
0,0,7.500347e-07
0,0,1.6935095e-06
0,0,6.7424736e-07
0,0,7.276959e-07
0,0,1.9339308e-07
0,0,3.386875e-07
0,0,1.5703161e-07
0,0,6.0919683e-07
0,0,7.173404e-07
0,0,4.864989e-07
0,0,7.2645474e-07
0,0,2.1237318e-07
0,0,6.356806e-07
0,0,1.3819667e-06
0,0,9.075168e-07
0,0,2.4141025e-07
0,0,3.8917906e-07
0,0,8.0302e-07
0,0,7.52869e-07
0,0,1.0157523e-06
0,0,5.772162e-07
0,0,4.5358664e-07
0,0,7.3159407e-07
0,0,1.3026043e-06
0,0,5.66014e-07
0,0,2.4041543e-07
0,0,1.3305564e-06
0,0,4.6272828e-07
0,0,6.08018e-07
0,0,2.7020815e-07
0,0,6.869237e-07
0,0,1.1316167e-06
0,0,2.80641e-07
0,0,2.1188664e-07
0,0,4.1657986e-06
0,0,9.853942e-07
0,0,5.567098e-07
0,0,9.480657e-07
0,0,4.2271867e-07
0,0,2.0184882e-07
0,0,1.5477363e-07
0,0,1.0081004e-06
0,0,1.0049683e-06
0,0,2.0970286e-07
0,0,1.336824e-07
0,0,9.453075e-07
0,0,7.552983e-07
0,0,3.7022642e-07
0,0,5.787022e-06
0,0,5.0995635e-07
0,0,2.831487e-07
0,0,1.5895114e-07
0,0,2.705751e-07
0,0,5.185286e-07
0,0,2.0593889e-07
0,0,5.503965e-07
0,0,3.6166912e-07
0,0,6.652955e-07
0,0,1.179279e-06
0,0,1.1101178e-06
0,0,3.5310143e-07
0,0,9.620977e-07
0,0,4.65925e-06
0,0,6.5761606e-07
0,0,1.0105434e-06
0,0,9.487413e-07
0,0,2.692759e-07
0,0,1.1529228e-06
0,0,8.359688e-07
0,0,5.072837e-07
0,0,5.317783e-07
0,0,1.032306e-06
0,0,6.7729627e-07
0,0,2.1585319e-07
0,0,3.633337e-07
0,0,8.708664e-07
0,0,6.554684e-07
0,0,1.0967065e-06
0,0,1.7908175e-07
0,0,3.4109437e-06
0,0,2.1893843e-06
0,0,5.055007e-07
0,0,5.9067065e-07
0,0,7.560817e-07
0,0,4.3676033e-07
0,0,4.3362888e-07
0,0,1.7295812e-07
0,0,5.2060926e-07
0,0,1.3507288e-06
0,0,5.122643e-07
0,0,3.1169384e-07
0,0,5.45572e-07
0,0,3.884867e-06
0,0,1.3249635e-06
0,0,7.9139784e-07
0,0,6.8012423e-07
0,0,3.446944e-06
0,0,4.404895e-07
0,0,1.9714716e-06
0,0,4.3941708e-07
0,0,5.171104e-07
0,0,7.5602327e-07
0,0,4.1098446e-07
0,0,1.610558e-06
0,0,7.9918857e-07
0,0,5.7791294e-07
0,0,5.4432365e-07
0,0,1.6323985e-06
0,0,2.5161873e-07
0,0,3.8786558e-07
0,0,4.5683038e-07
0,0,1.4702273e-07
0,0,3.6660614e-07
0,0,1.1682174e-06
0,0,2.7383005e-06
0,0,2.8755383e-06
0,0,4.7205236e-07
0,0,3.4424784e-07
0,0,2.2214087e-07
0,0,4.9242607e-07
0,0,2.6350764e-07
0,0,5.089069e-07
0,0,3.0393156e-07
0,0,1.2646436e-06
0,0,1.0870133e-06
0,0,2.848384e-06
0,0,3.0836497e-07
0,0,1.0289565e-06
0,0,5.896103e-07
0,0,8.872665e-07
0,0,3.236229e-07
0,0,4.993366e-07
0,0,5.014798e-07
0,0,1.552338e-07
1,0,0.18470566
0,0,5.2184697e-07
0,0,4.0766096e-07
0,0,5.133779e-07
0,0,7.160698e-07
0,0,1.0970484e-06
0,0,4.5151674e-07
0,0,8.45681e-07
0,0,3.9567925e-07
0,0,2.9506162e-07
0,0,5.983992e-07
0,0,1.6426679e-06
0,0,3.986176e-07
0,0,3.6309365e-07
0,0,7.1915287e-07
0,0,3.446282e-07
0,0,8.2947827e-07
0,0,1.1688538e-06
0,0,4.500572e-07
0,0,2.128248e-06
0,0,9.4534e-07
0,0,4.3997434e-07
0,0,4.958629e-07
0,0,1.0618073e-06
0,0,2.7641553e-07
0,0,1.1226359e-06
0,0,1.0373376e-07
0,0,2.4880092e-07
0,0,2.9195465e-07
0,0,1.5329747e-06
0,0,2.991753e-07
0,0,9.704946e-07
0,0,6.553959e-07
0,0,5.5519973e-07
0,0,6.5624465e-07
0,0,3.7974742e-06
0,0,4.596355e-07
0,0,6.825706e-07
0,0,5.460003e-07
0,0,2.5583965e-06
0,0,5.8657895e-07
0,0,8.1033295e-07
0,0,3.104544e-07
0,0,6.684397e-07
0,0,4.3162535e-07
0,0,3.9894925e-07
0,0,2.0692401e-07
0,0,2.3355333e-06
0,0,4.5416405e-07
0,0,3.7503483e-07
0,0,2.0468628e-06
0,0,1.3022528e-06
0,0,2.0496333e-07
0,0,2.2389722e-07
0,0,6.179546e-07
0,0,1.525915e-06
0,0,1.2452377e-06
0,0,4.3249318e-07
0,0,1.153796e-06
0,0,6.382708e-07
0,0,1.2268889e-06
0,0,1.2567781e-06
0,0,1.5154673e-07
0,0,2.3794378e-07
0,0,2.5228264e-06
0,0,2.3004421e-07
0,0,1.8715518e-06
0,0,5.4552567e-07
0,0,9.825743e-07
0,0,6.1910606e-07
0,0,9.965705e-07
0,0,1.4128784e-06
0,0,4.4971057e-07
0,0,9.813307e-07
0,0,2.592613e-07
0,0,2.38289e-06
0,0,1.7148143e-07
0,0,2.552097e-07
0,0,2.828186e-06
0,0,1.0680461e-06
0,0,3.3450203e-07
0,0,3.9086032e-07
0,0,2.3430023e-06
0,0,2.14125e-07
0,0,2.240185e-05
0,0,2.240915e-06
0,0,1.1915129e-06
0,0,1.5150716e-06
0,0,1.3478889e-06
0,0,1.1564565e-06
0,0,1.3156747e-06
0,0,1.5317909e-06
0,0,5.03479e-07
0,0,6.7708703e-07
0,0,1.4646424e-06
0,0,4.0170227e-07
0,0,5.3448264e-07
0,0,4.0317562e-07
0,0,8.393392e-07
0,0,1.2370725e-07
0,0,9.681079e-07
0,0,2.1809776e-06
0,0,3.8404977e-07
0,0,1.2102754e-06
0,0,2.3429791e-07
0,0,4.4876631e-07
0,0,1.1633001e-06
0,0,2.714471e-07
0,0,6.652333e-07
0,0,4.3737387e-07
0,0,9.32579e-07
0,0,7.859165e-07
0,0,6.0107766e-07
0,0,1.0756604e-06
0,0,2.7555066e-07
0,0,4.720911e-07
0,0,2.352379e-06
0,0,5.7733286e-07
0,0,7.04743e-07
0,0,4.5034318e-07
0,0,1.336168e-06
0,0,1.0578079e-06
0,0,2.2940806e-06
0,0,1.561663e-06
0,0,1.7210284e-07
0,0,2.6751002e-06
0,0,7.009512e-07
0,0,9.638068e-07
0,0,1.7982927e-06
0,0,5.1405254e-07
0,0,1.1893887e-06
0,0,6.795057e-07
0,0,5.62498e-07
0,0,5.1087926e-07
0,0,4.1623053e-07
0,0,1.929901e-06
0,0,2.2745063e-07
0,0,9.051847e-07
0,0,1.0471095e-06
0,0,1.4657659e-06
0,0,7.4307525e-07
0,0,4.064614e-07
0,0,5.611799e-07
0,0,3.5268747e-07
0,0,4.447592e-07
0,0,1.4740547e-06
0,0,6.379836e-07
0,0,8.8911554e-07
0,0,7.9054627e-07
0,0,9.2575675e-07
0,0,5.6124145e-07
0,0,5.255854e-07
0,0,5.6757403e-07
0,0,3.5695373e-07
0,0,6.534057e-07
0,0,6.023688e-07
0,0,1.7916066e-07
0,0,7.398169e-07
0,0,7.679626e-07
0,0,4.0190417e-07
0,0,1.117774e-06
0,0,1.1255217e-06
0,0,6.180472e-07
0,0,2.2929753e-07
0,0,2.0946703e-07
0,0,6.914713e-07
0,0,3.253962e-07
0,0,2.6046797e-07
0,0,6.444085e-07
0,0,2.5271365e-07
0,0,8.915124e-07
0,0,1.7473722e-06
0,0,3.8673238e-07
0,0,8.369555e-07
0,0,1.0957602e-06
0,0,5.93935e-07
0,0,8.573943e-07
0,0,7.840897e-07
0,0,3.5880015e-07
0,0,5.84762e-07
0,0,4.6015347e-07
0,0,9.347845e-07
0,0,4.886471e-07
0,0,7.259976e-07
0,0,2.6386774e-06
0,0,3.4157182e-07
0,0,6.509949e-07
0,0,2.2329725e-06
0,0,1.2275127e-06
0,0,4.6098626e-07
0,0,8.6918703e-07
0,0,5.190095e-07
0,0,7.4209584e-07
0,0,1.1076886e-06
0,0,3.2509132e-07
0,0,8.575865e-07
0,0,1.3173319e-06
0,0,2.3206037e-07
0,0,1.0425961e-07
0,0,2.4194983e-07
0,0,6.90888e-07
0,0,1.7711474e-06
0,0,7.8695587e-07
0,0,5.2816506e-07
0,0,3.2888795e-07
0,0,1.333179e-07
0,0,3.5737784e-07
0,0,8.991699e-07
0,0,1.2337952e-06
0,0,1.3316757e-07
0,0,4.836234e-07
0,0,3.5823123e-07
0,0,7.030949e-07
0,0,2.271569e-07
0,0,3.1125154e-07
0,0,1.8614045e-07
0,0,6.2485856e-07
0,0,1.2639213e-06
0,0,9.173268e-07
0,0,9.0994865e-07
0,0,5.9298077e-07
0,0,1.2116935e-06
0,0,1.0829436e-06
0,0,8.6535107e-07
0,0,3.943333e-07
0,0,1.4379857e-06
0,0,3.6364014e-07
0,0,1.0416912e-06
0,0,8.953048e-07
0,0,1.636431e-07
0,0,4.1935547e-07
0,0,1.7413204e-06
0,0,3.7148553e-07
0,0,9.856169e-07
0,0,1.2737797e-06
0,0,6.199344e-07
0,0,3.661893e-07
0,0,1.220616e-06
0,0,1.0580592e-06
0,0,1.073233e-06
0,0,2.8438652e-07
0,0,2.18036e-06
0,0,3.5810757e-07
0,0,1.4690264e-06
0,0,7.533222e-07
0,0,8.3749615e-07
0,0,5.514668e-07
0,0,3.3230208e-07
0,0,2.0410702e-07
0,0,3.00474e-07
0,0,9.862093e-07
0,0,6.525781e-07
0,0,5.2901146e-07
0,0,4.6887712e-07
0,0,4.5522515e-07
0,0,9.846033e-07
0,0,4.1589445e-07
0,0,1.3457733e-06
0,0,2.823882e-07
0,0,1.6676914e-06
0,0,5.304138e-07
0,0,1.8146816e-06
0,0,5.3430784e-07
0,0,4.7227663e-06
0,0,3.653535e-07
0,0,1.0311966e-07
0,0,7.5297595e-07
0,0,4.1834528e-07
0,0,4.318094e-07
0,0,2.2408308e-07
0,0,1.3495932e-06
0,0,1.3455243e-06
0,0,7.8226435e-07
0,0,2.5937632e-07
0,0,7.029843e-07
0,0,1.2594861e-06
0,0,5.8176886e-07
0,0,1.7905492e-06
0,0,1.0427736e-06
0,0,1.032765e-06
0,0,4.9252657e-07
0,0,6.329028e-07
0,0,5.2121584e-07
0,0,8.0262186e-07
0,0,9.634042e-07
0,0,1.409932e-06
0,0,2.9315177e-06
0,0,1.8710377e-06
0,0,6.3840656e-07
0,0,1.0971228e-06
0,0,3.7046306e-07
0,0,0.00019408653
0,0,8.902041e-07
0,0,0.015194784
0,0,8.182267e-07
0,0,4.889296e-07
0,0,3.0527275e-07
0,0,7.632292e-07
0,0,3.4459865e-07
0,0,2.0183506e-06
0,0,7.5481876e-07
0,0,8.3598394e-07
0,0,5.1918477e-07
0,0,1.0350752e-06
0,0,1.8464342e-06
0,0,4.2129196e-07
0,0,1.0077381e-06
0,0,1.0832525e-06
0,0,5.047376e-07
0,0,5.324329e-07
0,0,1.9680733e-06
0,0,4.7460412e-07
0,0,8.5494236e-07
0,0,3.95388e-06
0,0,5.620293e-07
0,0,5.6211564e-07
0,0,1.615479e-06
1,1,0.73963
0,0,1.8840863e-07
0,0,7.144872e-07
0,0,0.000107471955
0,0,8.538587e-07
0,0,1.121999e-06
0,0,1.6694037e-06
0,0,7.7396146e-07
0,0,8.3973543e-07
0,0,5.4068494e-07
0,0,1.2684169e-06
0,0,2.6664023e-07
0,0,2.3913194e-07
0,0,1.4498183e-06
0,0,1.2188211e-06
0,0,2.7650384e-07
0,0,2.620059e-06
0,0,3.2827407e-07
0,0,4.6067595e-07
0,0,3.1844888e-07
0,0,8.3483275e-07
0,0,5.6701407e-07
0,0,3.1715865e-07
0,0,2.7978397e-06
0,0,1.1293009e-06
0,0,1.2573092e-06
0,0,1.0692721e-06
0,0,3.8484717e-07
0,0,1.1550148e-06
0,0,1.5462714e-06
0,0,3.6255489e-07
0,0,1.5810014e-07
0,0,1.21031e-06
0,0,4.4959262e-07
0,0,5.4535974e-07
0,0,2.7613729e-07
0,0,2.5996026e-06
0,0,2.5584163e-06
0,0,4.6691645e-07
0,0,8.101831e-07
0,0,4.4956778e-07
0,0,8.9674205e-07
0,0,4.884146e-07
0,0,5.213799e-07
0,0,1.6494322e-06
0,0,2.7041128e-07
0,0,3.0369134e-07
0,0,3.525866e-07
0,0,3.5109744e-07
0,0,4.7438735e-07
0,0,3.5751486e-07
0,0,5.928626e-07
0,0,2.3152829e-07
0,0,2.6707744e-07
0,0,6.37006e-07
0,0,2.7911028e-07
0,0,9.352928e-07
0,0,1.6787657e-06
0,0,1.8398619e-06
0,0,8.259269e-07
0,0,3.444186e-07
0,0,1.1007552e-06
0,0,2.1095584e-06
0,0,1.9743567e-07
0,0,3.733448e-07
0,0,3.9616597e-07
0,0,1.0034915e-06
0,0,4.3067226e-07
0,0,3.264247e-07
0,0,5.082958e-07
0,0,1.6665564e-07
0,0,3.3965142e-07
0,0,1.3546298e-06
0,0,2.3612068e-07
0,0,5.8675516e-07
0,0,7.3104934e-07
0,0,1.9561264e-07
0,0,4.1431255e-07
0,0,7.4609886e-07
0,0,9.933652e-07
0,0,5.954714e-07
0,0,5.0033907e-07
0,0,4.4567886e-07
0,0,1.4519448e-07
0,0,3.2461314e-06
0,0,7.9545356e-07
0,0,2.5169074e-06
0,0,4.0118616e-07
0,0,1.2836183e-06
0,0,7.082418e-07
0,0,2.9145417e-07
0,0,1.146056e-06
0,0,5.43303e-07
0,0,6.613935e-07
0,0,4.1574458e-07
0,0,1.574129e-06
0,0,3.8032405e-07
0,0,2.466868e-07
0,0,1.2202447e-06
0,0,1.0939925e-06
0,0,9.148867e-07
0,0,3.3765355e-07
0,0,7.407185e-07
0,0,2.1545984e-06
0,0,1.911379e-06
0,0,3.1628272e-07
0,0,1.1792093e-06
0,0,2.3188923e-06
0,0,6.344106e-07
0,0,1.889342e-07
0,0,6.2261125e-07
0,0,6.2796977e-07
0,0,2.077257e-06
0,0,2.5676043e-06
0,0,3.8412554e-07
0,0,3.250622e-07
0,0,7.7487283e-07
0,0,2.3775415e-07
0,0,2.9185858e-07
0,0,3.729046e-07
0,0,1.555818e-06
0,0,1.0088834e-06
0,0,5.123464e-07
0,0,4.4181598e-07
0,0,1.8515942e-07
1,0,0.13697341
0,0,4.539008e-07
0,0,0.067596324
0,0,5.1271155e-07
0,0,1.6729881e-06
0,0,5.27229e-07
0,0,2.6746565e-07
0,0,2.399152e-07
0,0,3.5675808e-07
0,0,1.734085e-06
0,0,3.83893e-07
0,0,6.0282514e-07
0,0,4.364218e-07
0,0,3.316616e-07
0,0,9.330949e-07
0,0,1.140679e-05
0,0,4.043507e-06
0,0,2.5441605e-07
0,0,3.2364992e-06
0,0,8.2750535e-07
0,0,5.711501e-07
0,0,5.255037e-07
0,0,5.6849166e-07
0,0,6.4558395e-07
0,0,1.8858691e-06
0,0,6.2301393e-07
0,0,2.89396e-07
0,0,5.4261636e-07
0,0,7.338007e-07
0,0,2.5212246e-06
0,0,3.608495e-07
0,0,8.5760615e-07
0,0,1.321542e-07
0,0,8.255844e-07
0,0,7.3347996e-06
0,0,1.0466414e-06
0,0,4.4604366e-07
0,0,6.9897925e-07
0,0,4.7277456e-07
0,0,9.817978e-07
0,0,2.3689049e-07
0,0,5.623768e-07
0,0,3.7741796e-07
0,0,6.8915335e-07
0,0,4.9767636e-06
0,0,1.3577403e-06
0,0,1.3303408e-06
0,0,3.7894645e-07
0,0,1.0593686e-06
0,0,1.3234921e-06
0,0,2.6799623e-07
0,0,9.391496e-07
0,0,1.7905024e-05
0,0,6.022631e-07
0,0,6.648008e-07
0,0,2.8863556e-07
0,0,7.6414244e-07
0,0,3.4981379e-06
0,0,6.835197e-07
0,0,4.395302e-07
0,0,7.18603e-07
0,0,1.431249e-06
0,0,9.40563e-07
0,0,1.216291e-06
0,0,1.6041306e-06
0,0,4.5590332e-07
0,0,1.1171634e-06
0,0,3.2891177e-07
0,0,8.7866067e-07
0,0,2.7280412e-06
0,0,5.89041e-07
0,0,4.377494e-07
0,0,1.0729167e-06
0,0,5.2372206e-07
0,0,1.2352103e-06
0,0,1.2273114e-06
0,0,5.844175e-07
0,0,1.9740102e-07
0,0,3.2484124e-07
0,0,3.4766356e-07
0,0,1.6956944e-06
0,0,3.515588e-07
0,0,4.4205373e-07
0,0,6.487625e-07
0,0,6.281255e-07
0,0,2.6528653e-07
0,0,7.3510904e-07
0,0,4.9510163e-07
0,0,5.0403247e-07
0,0,7.8191226e-07
0,0,1.1025706e-06
0,0,5.921303e-07
0,0,1.3753336e-06
0,0,4.0473353e-07
0,0,3.1072986e-07
0,0,2.6102873e-07
0,0,5.4242753e-07
0,0,1.1348849e-06
0,0,7.624493e-07
0,0,1.180725e-06
0,0,6.007161e-07
0,0,4.848879e-07
0,0,9.74071e-07
0,0,1.3975087e-07
0,0,4.753402e-07
0,0,2.6173243e-06
0,0,6.058636e-07
0,0,5.651181e-07
0,0,4.5184328e-07
0,0,1.0802711e-06
0,0,2.0811957e-07
0,0,1.9246827e-06
0,0,7.396131e-07
0,0,2.849061e-07
0,0,2.2258789e-07
0,0,3.6243492e-07
0,0,3.1423946e-07
0,0,5.293415e-07
0,0,1.6850005e-07
0,0,3.3813336e-07
0,0,3.478254e-07
0,0,1.0296072e-06
0,0,5.690048e-07
0,0,1.3129046e-06
0,0,4.5731335e-07
0,0,7.211927e-07
0,0,5.799087e-07
0,0,1.5782147e-06
0,0,7.064407e-07
0,0,7.1932504e-07
0,0,7.5620426e-07
0,0,2.6528906e-07
0,0,1.6594386e-06
0,0,1.0373501e-06
0,0,2.930948e-07
0,0,4.2136995e-07
0,0,6.4141705e-07
0,0,5.770703e-07
0,0,3.287252e-07
0,0,1.9629549e-07
0,0,2.6257194e-06
0,0,1.2950139e-06
0,0,1.3669923e-06
0,0,5.074772e-07
0,0,2.1855094e-07
0,0,3.4126086e-07
0,0,3.7181192e-07
0,0,7.5711426e-07
0,0,2.5476348e-07
0,0,3.3828786e-07
0,0,1.26866e-06
0,0,3.1149534e-07
0,0,7.246419e-07
0,0,6.0449463e-07
0,0,6.359668e-07
0,0,8.8959393e-07
0,0,6.444429e-07
0,0,8.8891545e-07
0,0,2.7898813e-07
0,0,1.3271006e-06
0,0,5.407391e-07
0,0,4.445747e-07
0,0,1.7216081e-07
0,0,3.922969e-07
0,0,6.50849e-07
0,0,6.217817e-07
0,0,2.810484e-07
0,0,5.2123426e-07
0,0,7.321468e-07
0,0,2.1849696e-07
0,0,1.6901828e-07
0,0,5.1985165e-07
0,0,2.5193833e-07
0,0,5.3442506e-07
0,0,4.3707158e-07
0,0,9.213467e-07
0,0,2.3217548e-07
0,0,1.7964329e-06
0,0,1.0313191e-06
0,0,1.0155044e-06
0,0,6.218772e-07
0,0,2.1261353e-07
0,0,6.6920194e-07
0,0,1.199845e-06
0,0,2.9876387e-07
0,0,1.0807224e-06
0,0,3.4843694e-07
0,0,3.004674e-07
0,0,1.7790445e-06
0,0,4.4307427e-07
0,0,4.5911895e-07
0,0,7.1886075e-07
0,0,2.0721116e-07
0,0,4.4500905e-07
0,0,2.1519945e-06
0,0,1.5615841e-06
0,0,2.2338706e-07
0,0,7.345933e-07
0,0,2.5572353e-07
0,0,5.4902983e-07
0,0,1.399148e-06
0,0,5.894085e-07
0,0,9.864209e-07
0,0,1.6385312e-06
0,0,2.085944e-06
0,0,1.1231467e-06
0,0,2.7893893e-07
0,0,1.3362903e-06
0,0,5.2953993e-07
0,0,4.90547e-07
0,0,1.1422097e-06
0,0,7.435041e-07
0,0,7.8507816e-07
0,0,1.0770565e-06
0,0,5.9848884e-07
0,0,1.736849e-06
0,0,5.145273e-07
0,0,6.661869e-07
0,0,8.579554e-07
0,0,4.797354e-07
0,0,3.764e-07
0,0,9.331492e-07
0,0,7.846193e-07
0,0,4.6427544e-06
0,0,1.0124138e-06
0,0,4.4133213e-07
0,0,2.2722777e-07
0,0,1.8852204e-07
0,0,5.0066217e-07
0,0,3.9013298e-07
0,0,3.4626026e-07
0,0,5.5832396e-07
0,0,2.0402061e-07
0,0,7.257554e-07
0,0,2.6597277e-07
0,0,7.2608975e-07
0,0,6.9206965e-07
0,0,2.9210998e-06
0,0,4.182615e-07
0,0,5.9307524e-07
0,0,4.833943e-07
0,0,1.3175029e-06
0,0,5.0610413e-07
0,0,3.0123778e-07
0,0,5.133133e-07
0,0,5.9867034e-07
0,0,2.416243e-06
0,0,1.4735235e-06
0,0,1.022785e-06
0,0,4.6823325e-07
0,0,4.3656127e-07
0,0,1.5694731e-07
0,0,1.9257537e-05
0,0,3.6781398e-07
0,0,4.6504067e-07
0,0,1.2814166e-06
0,0,1.4400773e-06
0,0,4.457647e-07
0,0,2.987556e-07
0,0,1.0954865e-06
0,0,2.7720193e-07
0,0,2.0947152e-06
0,0,4.2894987e-07
0,0,2.3114133e-07
0,0,9.3806375e-07
0,0,4.5402894e-07
0,0,1.4237792e-06
0,0,6.2466665e-07
0,0,6.8445837e-07
0,0,1.5349364e-06
0,0,4.5092116e-07
0,0,7.1327673e-07
0,0,6.500755e-07
0,0,1.1556804e-06
0,0,2.1983096e-06
0,0,2.74311e-07
0,0,2.9629018e-07
0,0,1.4737301e-06
0,0,1.1315256e-07
0,0,1.5916306e-06
0,0,9.940921e-07
0,0,6.0665917e-07
0,0,6.006124e-07
0,0,7.9441344e-07
0,0,8.0406755e-07
0,0,2.426546e-07
0,0,9.0196284e-07
0,0,8.999274e-07
0,0,3.3339083e-07
0,0,1.9737767e-07
0,0,7.264277e-07
0,0,8.2932246e-07
0,0,2.0969499e-06
0,0,2.0554266e-06
0,0,1.1275393e-06
0,0,3.4515153e-07
0,0,6.7519903e-07
0,0,1.1194691e-06
0,0,7.180865e-07
0,0,3.7912068e-07
0,0,9.101195e-07
0,0,4.602254e-07
0,0,1.4065059e-06
0,0,5.1404663e-07
0,0,6.0859816e-07
0,0,1.2504819e-07
0,0,2.3205129e-07
0,0,2.5499222e-07
0,0,2.8432035e-07
0,0,4.0079e-07
0,0,1.5625823e-06
0,0,5.62017e-07
0,0,1.3666312e-06
0,0,3.7952367e-07
0,0,3.2756137e-07
0,0,7.337825e-07
0,0,8.9437117e-07
0,0,2.222289e-06
0,0,6.57583e-06
0,0,7.6125053e-07
0,0,1.0190522e-06
0,0,7.297927e-07
0,0,5.5511765e-07
0,0,1.6064178e-06
0,0,6.124245e-07
0,0,3.4089592e-07
0,0,4.6107374e-07
0,0,4.4612494e-07
0,0,3.6323496e-07
0,0,2.446765e-07
0,0,3.589083e-07
0,0,1.7133283e-06
0,0,5.747581e-07
0,0,1.4212488e-07
0,0,3.5796555e-07
0,0,1.468721e-07
0,0,0.07409214
0,0,5.256591e-07
0,0,8.520642e-07
0,0,1.5996515e-07
0,0,3.0705644e-07
0,0,4.4433054e-07
0,0,2.3629006e-07
0,0,1.3016605e-06
0,0,1.5870712e-07
0,0,4.4694596e-07
0,0,7.4187153e-07
0,0,3.7905488e-07
0,0,4.062037e-07
0,0,7.344763e-07
0,0,4.322371e-07
0,0,1.0598022e-06
0,0,1.6502694e-06
0,0,5.908622e-07
0,0,2.7711786e-07
0,0,7.3696856e-07
0,0,4.6376027e-07
0,0,2.0918126e-06
0,0,6.7987514e-07
0,0,6.458179e-07
0,0,2.1925949e-07
0,0,2.568106e-06
0,0,8.459431e-07
0,0,3.7586662e-07
0,0,8.2491067e-07
0,0,4.6720152e-07
0,0,5.8836673e-07
0,0,2.838256e-06
0,0,9.1842975e-07
0,0,9.688957e-07
0,0,3.898466e-07
0,0,4.4002678e-07
0,0,1.9300467e-07
0,0,1.1306631e-06
0,0,7.835859e-07
0,0,1.7961625e-07
0,0,1.1340929e-06
0,0,1.0228114e-06
0,0,8.9190956e-07
0,0,1.2741147e-07
0,0,1.9629206e-06
0,0,2.2582269e-07
0,0,5.9417806e-07
0,0,1.7179193e-06
0,0,9.040115e-07
0,0,2.99653e-07
0,0,2.6380332e-07
0,0,6.33543e-07
0,0,2.0604332e-06
0,0,1.2362981e-06
0,0,5.4914557e-07
0,0,1.6905017e-06
0,0,1.0934021e-06
0,0,4.893312e-07
0,0,1.2356415e-06
0,0,1.9940621e-06
0,0,2.6492978e-06
0,0,7.1613056e-07
0,0,2.1284926e-07
0,0,3.9834626e-07
0,0,3.4575912e-06
0,0,6.433032e-07
0,0,2.050433e-07
0,0,1.1014241e-06
0,0,9.2748786e-07
0,0,1.1944836e-06
0,0,1.09934e-06
0,0,1.759729e-07
0,0,7.0866884e-07
0,0,3.503048e-07
0,0,4.4356128e-07
0,0,5.5884067e-07
0,0,3.014657e-07
0,0,7.6267185e-07
0,0,8.97846e-07
0,0,4.2975776e-07
0,0,1.9997676e-06
0,0,2.3560062e-07
0,0,2.612155e-07
0,0,3.4664814e-07
0,0,1.6052356e-06
0,0,4.5552954e-07
0,0,4.830196e-07
0,0,1.1800328e-06
0,0,3.3197202e-07
0,0,2.737901e-07
0,0,8.255246e-07
0,0,5.162791e-07
0,0,1.393159e-06
0,0,1.5395807e-06
0,0,2.0133216e-06
0,0,1.191004e-06
0,0,4.4437888e-07
0,0,4.829726e-07
0,0,5.801776e-07
0,0,7.2409546e-07
0,0,5.5656005e-07
0,0,8.5330674e-07
0,0,1.0131498e-06
0,0,2.3367446e-07
0,0,6.509092e-07
0,0,1.9783859e-06
0,0,2.9584606e-07
0,0,3.1244264e-07
0,0,7.6657744e-07
0,0,7.42476e-07
0,0,3.5031215e-07
0,0,3.8366537e-07
0,0,2.4786968e-07
0,0,4.887212e-07
0,0,1.2003451e-06
0,0,3.465662e-07
0,0,5.6902986e-06
0,0,2.1525775e-06
0,0,2.2253187e-07
0,0,4.1595433e-07
0,0,1.355494e-07
0,0,2.5703062e-07
0,0,4.3201868e-07
0,0,1.5355103e-06
0,0,6.097065e-07
0,0,4.379461e-07
0,0,6.63014e-07
0,0,2.6242498e-07
0,0,1.4258962e-06
0,0,3.667618e-06
0,0,1.0811584e-06
0,0,2.5586235e-07
0,0,8.3579425e-07
0,0,3.794216e-07
0,0,1.2107729e-06
0,0,4.808608e-07
0,0,9.551014e-07
0,0,1.8447498e-06
0,0,7.6122654e-07
0,0,7.1510556e-07
0,0,2.3498242e-07
0,0,3.4850243e-07
0,0,1.2321384e-06
0,0,3.4327383e-07
0,0,3.6592292e-07
0,0,2.582461e-07
0,0,1.0362397e-06
0,0,3.6218375e-07
0,0,5.0024886e-07
0,0,1.4392354e-07
0,0,9.042934e-07
0,0,2.0885884e-07
0,0,5.152383e-07
0,0,3.1942795e-07
0,0,4.019571e-07
0,0,3.1062973e-07
0,0,4.1815406e-06
0,0,8.266141e-07
0,0,3.1961417e-07
0,0,8.7047033e-07
0,0,4.1904246e-07
0,0,3.6458428e-07
0,0,8.0846576e-07
0,0,6.566829e-07
0,0,4.952018e-07
0,0,5.0282836e-07
0,0,5.32793e-07
0,0,5.318478e-07
0,0,5.7018786e-07
0,0,0.00326178
0,0,1.1961193e-06
0,0,2.5404827e-06
0,0,3.116219e-07
0,0,4.2952504e-07
0,0,2.2198253e-06
0,0,2.1435731e-07
0,0,2.7241808e-07
0,0,4.88751e-07
0,0,7.522963e-07
0,0,4.8434856e-07
0,0,2.296784e-06
0,0,6.9838427e-07
0,0,5.381355e-07
0,0,1.6919436e-06
0,0,4.0576853e-07
0,0,6.8514936e-07
0,0,2.3745572e-07
0,0,5.553639e-07
0,0,4.7040754e-07
0,0,6.073469e-07
0,0,5.4751297e-07
0,0,6.4427144e-07
0,0,9.0706084e-07
0,0,1.485327e-06
0,0,6.271331e-07
0,0,1.9155092e-07
0,0,3.5919183e-07
0,0,9.108845e-07
0,0,8.9377266e-07
0,0,1.5963643e-06
0,0,1.0706722e-06
0,0,2.0195607e-07
0,0,1.2172363e-07
0,0,4.543708e-06
0,0,4.867374e-07
0,0,1.8956276e-06
0,0,4.2721564e-07
0,0,5.085445e-07
0,0,8.845631e-08
0,0,5.524712e-07
0,0,4.6401996e-07
0,0,1.6407454e-07
0,0,4.3689195e-07
0,0,1.3439419e-06
0,0,4.4620492e-07
0,0,3.1479976e-07
0,0,2.3692148e-06
0,0,2.396118e-07
0,0,2.6914879e-07
0,0,8.1132356e-07
0,0,4.92227e-07
0,0,5.6970794e-07
0,0,1.4845112e-06
0,0,7.9151107e-07
0,0,1.4002238e-06
0,0,1.112861e-06
0,0,1.4402559e-06
0,0,7.175662e-07
0,0,2.0562384e-06
0,0,9.77461e-07
0,0,7.313157e-07
0,0,4.698771e-07
0,0,1.1514163e-06
0,0,1.6206329e-06
0,0,1.7693833e-07
0,0,5.24762e-07
0,0,4.6136192e-06
0,0,6.4334984e-07
0,0,1.1797729e-06
0,0,1.9962795e-07
0,0,5.252121e-07
0,0,4.3103304e-07
0,0,6.710035e-07
0,0,3.2146417e-07
0,0,3.3301495e-07
0,0,4.3944888e-07
0,0,7.07021e-07
0,0,9.013454e-07
0,0,3.4982113e-06
0,0,1.157689e-06
0,0,4.0509343e-07
0,0,1.0054073e-06
0,0,3.795208e-07
0,0,2.5544713e-07
0,0,3.1658237e-07
0,0,1.158524e-06
0,0,1.86496e-07
0,0,6.8139735e-07
0,0,5.1568315e-07
0,0,6.881971e-07
0,0,1.5638733e-07
0,0,2.0229968e-06
0,0,3.4619853e-07
0,0,5.662553e-07
0,0,3.5964052e-07
0,0,1.912101e-06
0,0,3.5996135e-07
0,0,2.5487773e-06
0,0,3.2398668e-07
0,0,1.5112374e-06
0,0,0.3339472
0,0,3.2792238e-07
0,0,1.3608956e-06
0,0,1.9317752e-06
0,0,3.4075808e-07
0,0,4.220798e-07
0,0,1.1083966e-06
0,0,7.3094753e-07
0,0,7.6338284e-07
0,0,1.319707e-07
0,0,1.3742975e-07
0,0,4.4150934e-07
0,0,3.9718282e-07
0,0,2.8429702e-07
0,0,4.5491916e-07
0,0,2.1079063e-07
0,0,2.9739027e-07
0,0,2.9215434e-07
0,0,4.4343696e-07
0,0,6.263489e-07
0,0,3.3816272e-07
0,0,1.7030767e-06
0,0,6.3340525e-07
0,0,4.8959447e-07
0,0,2.4811047e-06
0,0,4.591041e-07
0,0,2.1908631e-06
0,0,1.2294693e-06
0,0,5.25624e-07
0,0,3.555177e-07
0,0,1.7337462e-07
0,0,1.0502168e-06
0,0,1.1195023e-06
0,0,7.7529194e-07
0,0,2.0407776e-06
0,0,8.135876e-07
0,0,6.3000266e-07
0,0,4.491058e-07
0,0,4.1367653e-07
0,0,5.876523e-07
0,0,1.3668084e-06
0,0,5.5500544e-07
0,0,4.1836165e-07
0,0,7.594138e-07
0,0,1.3390726e-06
0,0,2.862212e-07
0,0,2.1412245e-06
0,0,2.2141688e-07
0,0,1.9719266e-06
0,0,1.0570254e-06
0,0,7.046784e-07
0,0,3.8595792e-07
0,0,1.1335815e-06
0,0,5.524169e-07
0,0,1.2120079e-06
0,0,2.77102e-07
0,0,0.30222103
0,0,4.4198346e-06
0,0,8.9753695e-07
0,0,6.390516e-07
0,0,2.177937e-06
0,0,1.938839e-07
0,0,5.95727e-07
0,0,2.1656311e-07
0,0,1.1575157e-06
0,0,1.8837625e-06
0,0,2.278725e-07
0,0,5.747279e-07
0,0,3.2256727e-07
0,0,1.2725857e-07
0,0,2.4118452e-07
0,0,2.9322004e-07
0,0,1.5285251e-06
0,0,1.6524363e-06
0,0,3.5496455e-06
0,0,1.5526608e-07
0,0,6.990726e-07
0,0,2.5210247e-07
0,0,1.1781257e-06
0,0,4.8079016e-07
0,0,6.2498964e-07
0,0,4.2811047e-07
0,0,1.276018e-06
0,0,6.884465e-07
0,0,4.917672e-07
0,0,1.6546977e-06
0,0,1.0974618e-06
0,0,7.222127e-07
0,0,1.0892194e-06
0,0,8.0043645e-07
0,0,4.5095518e-07
0,0,1.311752e-06
0,0,2.3732869e-07
0,0,1.0309179e-06
0,0,2.6293878e-07
0,0,3.0380972e-06
0,0,7.9725424e-07
1,0,0.25866154
0,0,6.682447e-07
0,0,3.4971504e-06
0,0,2.4181674e-07
0,0,9.818128e-07
0,0,2.989702e-07
0,0,2.1650756e-07
0,0,4.6293528e-07
0,0,1.127405e-06
0,0,2.5179395e-07
0,0,1.1020619e-06
0,0,3.3116632e-07
0,0,5.1183315e-07
0,0,1.4405634e-06
0,0,2.3205396e-07
0,0,8.921478e-07
0,0,6.727232e-07
0,0,1.569298e-07
0,0,1.1019736e-06
0,0,2.864099e-07
0,0,5.499768e-07
0,0,4.2368612e-07
0,0,3.0204384e-07
0,0,3.5900553e-07
0,0,3.0472609e-06
0,0,7.1383613e-07
0,0,2.0804099e-07
0,0,7.0194255e-07
0,0,6.146005e-07
0,0,4.745883e-07
0,0,6.2903786e-07
0,0,3.247421e-07
0,0,9.660503e-07
0,0,5.030269e-07
0,0,1.3925104e-07
0,0,7.358919e-07
0,0,2.8768966e-07
0,0,1.3939417e-06
0,0,2.5244216e-07
0,0,5.045538e-07
0,0,1.5544403e-07
0,0,1.6771352e-06
0,0,6.0279694e-07
0,0,3.6106292e-07
0,0,5.1103666e-07
0,0,7.262497e-07
0,0,2.7799348e-07
0,0,3.6874223e-07
0,0,2.8501643e-07
0,0,6.647418e-07
0,0,1.828724e-06
0,0,3.8577394e-07
0,0,1.23406e-06
0,0,5.909805e-07
0,0,3.6511804e-07
0,0,6.605432e-07
0,0,1.2797033e-06
0,0,5.982583e-07
0,0,5.937747e-07
0,0,6.4138277e-07
0,0,1.0085967e-06
0,0,3.2668973e-07
0,0,5.8391663e-07
0,0,1.7948936e-07
0,0,5.7100306e-07
0,0,5.5208614e-07
0,0,1.6376548e-07
0,0,2.6958807e-07
0,0,8.1334935e-07
0,0,4.2608002e-07
0,0,7.968582e-07
0,0,8.080857e-07
0,0,4.7750336e-07
0,0,3.7018512e-07
0,0,4.1064246e-07
0,0,2.8482785e-07
0,0,7.121865e-07
0,0,2.5567132e-07
0,0,7.136639e-07
0,0,5.2305575e-07
0,0,9.2230323e-07
0,0,3.0732247e-07
0,0,1.3609645e-06
0,0,4.18289e-07
0,0,3.1250522e-07
0,0,3.3935353e-07
0,0,1.3002461e-06
0,0,7.449229e-07
0,0,9.190378e-07
0,0,9.246847e-07
0,0,1.6560523e-06
0,0,6.7930483e-07
0,0,2.2325311e-07
0,0,5.766489e-07
0,0,3.794444e-07
0,0,1.6769112e-06
0,0,5.631942e-07
0,0,3.9952835e-07
0,0,4.343219e-06
0,0,3.9222584e-07
0,0,7.376963e-07
0,0,1.5476685e-06
0,0,3.4856157e-07
0,0,3.1089792e-07
0,0,3.5603242e-07
0,0,4.2495353e-07
0,0,3.786795e-07
0,0,2.8164268e-07
0,0,3.7993902e-07
0,0,1.0114719e-06
0,0,4.6883645e-07
0,0,8.4948243e-07
0,0,6.2874403e-07
0,0,8.2164536e-07
0,0,1.2941597e-06
0,0,4.0230262e-07
0,0,1.601619e-06
0,0,4.4056722e-07
0,0,3.6690693e-07
0,0,9.29974e-07
0,0,9.898879e-07
0,0,2.6967782e-06
0,0,6.253492e-07
0,0,2.400111e-07
0,0,1.7047942e-06
0,0,1.2075672e-06
0,0,4.494263e-07
0,0,1.1576304e-06
0,0,4.871298e-07
0,0,2.7988807e-07
0,0,7.691353e-07
0,0,4.404538e-07
0,0,4.794468e-07
0,0,7.3901447e-07
0,0,7.785223e-07
0,0,9.079644e-07
0,0,2.6668904e-06
0,0,1.5444308e-06
0,0,4.855584e-07
0,0,2.5094508e-07
0,0,3.4271875e-07
0,0,1.1003281e-06
0,0,6.203336e-07
0,0,2.725363e-07
0,0,2.4325964e-06
0,0,4.3748273e-07
0,0,2.198704e-06
0,0,1.945423e-06
0,0,9.411157e-07
0,0,6.5081554e-07
0,0,9.878142e-07
0,0,6.6036614e-07
0,0,1.3156455e-07
0,0,5.006908e-07
0,0,2.785601e-07
0,0,3.4494594e-06
0,0,3.0607907e-07
0,0,6.572355e-07
0,0,5.6797955e-07
0,0,6.313541e-07
0,0,3.919368e-07
0,0,4.4042056e-07
0,0,2.8771436e-07
0,0,2.856493e-06
0,0,4.927009e-07
0,0,1.6000711e-06
0,0,3.2504948e-07
0,0,3.487734e-07
0,0,9.980266e-07
0,0,9.095885e-07
0,0,3.2184025e-07
0,0,8.064006e-07
0,0,1.3699378e-06
0,0,2.3458797e-06
0,0,3.3191423e-06
0,0,2.4557818e-07
0,0,3.0037575e-07
0,0,3.875472e-07
0,0,8.40953e-08
0,0,1.0867956e-06
0,0,2.3799075e-07
0,0,1.068686e-06
0,0,7.703201e-07
0,0,5.863602e-07
0,0,7.6353933e-07
0,0,1.0019386e-06
0,0,2.3805953e-07
0,0,1.3024776e-06
0,0,8.6047345e-07
0,0,2.648381e-07
0,0,1.8573579e-07
0,0,6.3618455e-07
0,0,1.606447e-06
0,0,3.1950005e-06
0,0,7.451836e-07
0,0,5.1943243e-07
0,0,4.8906435e-07
0,0,2.5890157e-07
0,0,4.817559e-07
0,0,4.669454e-07
0,0,1.0479747e-06
0,0,9.037167e-07
0,0,7.1900126e-07
0,0,1.4985375e-07
0,0,9.1729794e-07
0,0,2.6631085e-07
0,0,7.6767043e-07
0,0,2.4375075e-07
0,0,3.8066443e-07
0,0,6.923212e-07
0,0,8.603455e-07
0,0,2.2502127e-07
0,0,9.2667887e-07
0,0,3.275106e-06
0,0,2.8089832e-07
0,0,5.707232e-07
0,0,7.656342e-07
0,0,9.283197e-07
0,0,1.2711026e-06
0,0,1.095238e-06
0,0,2.7469974e-07
0,0,2.5649803e-07
0,0,5.797578e-07
0,0,2.1678266e-06
0,0,1.3505754e-06
0,0,0.0017657435
0,0,1.7088361e-07
0,0,9.225568e-08
0,0,1.1319448e-06
0,0,7.278306e-07
0,0,5.523884e-07
0,0,8.3952966e-07
0,0,4.3229318e-07
0,0,2.421964e-07
0,0,6.903828e-07
0,0,2.9387007e-07
0,0,1.0713534e-06
0,0,5.5772045e-07
0,0,3.1045113e-07
0,0,1.2252251e-06
0,0,4.984607e-07
0,0,4.4973757e-07
0,0,2.1841903e-07
0,0,4.7877876e-07
0,0,1.7481889e-06
0,0,5.388216e-07
0,0,1.1783325e-06
0,0,5.6116437e-07
0,0,1.195182e-06
0,0,5.6379014e-07
0,0,2.7653417e-07
0,0,4.7932195e-07
0,0,1.9972316e-07
0,0,1.979169e-06
0,0,7.2560726e-07
0,0,4.3022337e-06
0,0,4.522627e-07
0,0,1.7300725e-06
0,0,8.2462594e-07
0,0,9.054058e-07
0,0,1.373847e-06
0,0,3.5619374e-07
0,0,4.049196e-07
0,0,4.235891e-07
0,0,4.7186015e-07
0,0,6.525084e-07
0,0,3.345148e-07
0,0,4.810319e-07
0,0,4.634362e-07
0,0,1.8315134e-07
0,0,4.0477485e-07
0,0,4.318815e-07
0,0,5.390791e-07
0,0,3.1528077e-07
0,0,3.5355328e-07
0,0,2.0536966e-06
0,0,2.844831e-07
0,0,5.13024e-07
0,0,4.7177332e-07
0,0,5.993987e-07
0,0,2.0405798e-07
0,0,1.5930018e-06
0,0,1.2073496e-06
0,0,4.7515437e-07
0,0,3.84071e-07
0,0,2.5921904e-06
0,0,2.3118573e-06
0,0,4.915993e-07
0,0,1.0258348e-06
0,0,6.759051e-07
0,0,2.0281746e-07
0,0,1.3249492e-07
0,0,7.628813e-07
0,0,6.423009e-07
0,0,1.028106e-06
0,0,1.8749984e-07
0,0,5.873173e-07
0,0,1.6796786e-06
0,0,1.3031557e-07
0,0,3.9332372e-07
0,0,5.95158e-07
0,0,6.9317673e-07
0,0,3.5247663e-07
0,0,1.0949424e-06
0,0,9.4562424e-08
0,0,1.2014664e-06
0,0,1.2279787e-06
0,0,2.5616995e-07
0,0,5.196603e-07
0,0,5.784197e-07
0,0,3.0625603e-07
0,0,1.0442594e-06
0,0,7.153224e-07
0,0,7.678476e-07
0,0,4.7537057e-07
0,0,2.6030457e-07
0,0,3.9546802e-07
0,0,3.0782698e-07
0,0,5.841021e-07
0,0,3.7524129e-07
0,0,1.1994595e-06
0,0,4.1388725e-07
0,0,1.5957097e-07
0,0,4.0904501e-07
0,0,9.248787e-07
0,0,1.0333837e-06
0,0,1.5073467e-06
0,0,3.972321e-07
0,0,5.504711e-07
0,0,4.798722e-07
0,0,6.973923e-05
0,0,2.7513656e-07
0,0,3.1307006e-06
0,0,3.8132572e-07
0,0,7.561812e-07
0,0,3.411115e-07
0,0,1.7608622e-07
0,0,3.804757e-07
0,0,7.404741e-07
0,0,1.2529067e-06
0,0,1.9779104e-06
0,0,5.791256e-07
0,0,1.3424393e-06
0,0,2.692199e-07
0,0,6.0656834e-07
0,0,2.827833e-07
0,0,4.529401e-06
0,0,1.1751621e-06
0,0,1.7773996e-06
0,0,1.6476258e-06
0,0,1.6824104e-07
0,0,4.838758e-07
0,0,4.3634938e-07
0,0,2.7489213e-07
0,0,2.8362598e-07
0,0,5.481525e-07
0,0,1.389045e-06
0,0,7.4017896e-07
0,0,8.0299475e-07
0,0,6.812446e-07
0,0,1.3039562e-07
0,0,5.693978e-07
0,0,3.9196408e-07
0,0,3.845735e-07
0,0,2.097563e-07
0,0,3.236754e-07
0,0,4.2219656e-07
0,0,2.5698407e-07
0,0,7.4342256e-07
0,0,1.2116382e-06
0,0,1.9799468e-06
0,0,5.4236443e-07
0,0,5.855304e-07
0,0,9.4613846e-08
0,0,9.942523e-07
0,0,3.9714647e-07
0,0,4.595325e-07
0,0,4.5504253e-06
0,0,1.224272e-06
0,0,2.4745923e-06
0,0,0.09926568
0,0,6.724814e-07
0,0,1.2255722e-06
0,0,5.1496716e-07
0,0,3.7288896e-07
0,0,1.3894968e-06
0,0,1.2777765e-06
0,0,4.1955388e-07
0,0,4.5834287e-07
0,0,5.0970834e-07
0,0,1.5599364e-06
0,0,1.3698959e-06
0,0,2.918797e-06
0,0,1.6051422e-07
0,0,1.5558446e-07
0,0,4.9076783e-07
0,0,6.299378e-07
0,0,1.4543024e-06
0,0,6.5921597e-07
0,0,3.4644953e-07
0,0,4.023406e-07
0,0,1.4240098e-07
0,0,5.660162e-07
0,0,3.0817407e-06
0,0,4.6883645e-07
0,0,1.1630228e-06
0,0,4.429268e-07
0,0,8.369555e-07
0,0,4.2716165e-06
0,0,1.8020305e-07
0,0,6.783325e-07
0,0,3.541678e-07
0,0,2.0999465e-07
0,0,3.729284e-07
0,0,2.8702783e-07
0,0,3.9673952e-07
0,0,7.587637e-07
0,0,6.7790245e-07
0,0,6.893808e-07
0,0,1.7276902e-07
0,0,3.5189592e-07
0,0,4.4038487e-07
0,0,7.249294e-07
0,0,1.5296464e-06
0,0,6.6676336e-07
0,0,6.028372e-07
0,0,2.397318e-07
0,0,2.8564855e-07
0,0,9.0911766e-07
0,0,1.9344761e-06
0,0,6.685698e-07
0,0,2.8471894e-07
0,0,2.2552945e-06
0,0,2.9151923e-07
0,0,4.839921e-07
0,0,7.5014134e-07
0,0,6.0645726e-07
0,0,7.609166e-07
0,0,1.1494359e-06
0,0,1.1637618e-06
0,0,1.0683069e-06
0,0,4.1014107e-07
0,0,9.554986e-07
0,0,7.12211e-07
0,0,1.1642024e-06
0,0,2.3707129e-07
0,0,3.1738165e-07
0,0,1.11347205e-07
0,0,1.4635882e-06
0,0,3.3704518e-07
0,0,3.1665952e-06
0,0,1.7326668e-07
0,0,4.0114787e-07
0,0,1.2503691e-06
0,0,2.2043211e-07
0,0,1.5006427e-06
0,0,4.319087e-07
0,0,1.7532444e-06
0,0,2.9772997e-07
0,0,1.994724e-06
0,0,6.05431e-07
0,0,3.726408e-07
0,0,3.490316e-07
0,0,1.9710806e-06
0,0,4.8033786e-07
0,0,6.048683e-07
0,0,4.8587106e-07
0,0,3.6721184e-07
0,0,2.5986558e-06
0,0,1.7265107e-06
0,0,3.766212e-07
0,0,5.7067814e-06
0,0,4.5926788e-07
0,0,2.354068e-07
0,0,2.8972734e-06
0,0,1.0765891e-06
0,0,1.5475475e-06
0,0,4.0261273e-07
0,0,2.8357132e-07
0,0,5.717758e-07
0,0,6.104781e-07
0,0,1.5409778e-06
0,0,4.410065e-07
0,0,1.2594477e-06
0,0,2.8971378e-06
0,0,2.552698e-07
0,0,6.5793785e-07
0,0,3.5927167e-07
0,0,9.326003e-07
0,0,9.992676e-07
0,0,2.9620432e-07
0,0,8.651079e-06
0,0,4.0354263e-07
0,0,5.0183047e-07
0,0,3.234637e-07
0,0,9.247975e-07
0,0,1.3080631e-06
0,0,2.2109014e-06
0,0,6.1397014e-07
0,0,1.5395029e-06
0,0,7.4402334e-07
0,0,1.1845676e-06
0,0,4.1628255e-07
0,0,2.1828599e-07
0,0,7.480988e-07
0,0,1.5082729e-06
0,0,4.296844e-07
0,0,1.1350537e-06
0,0,7.402658e-07
0,0,4.9113163e-07
0,0,8.827039e-07
0,0,3.40344e-07
0,0,2.0840948e-06
0,0,5.698009e-07
0,0,1.4487374e-07
0,0,5.796423e-07
0,0,5.6655404e-07
0,0,1.2146357e-06
0,0,3.6186543e-07
0,0,9.654995e-07
0,0,7.2155865e-07
0,0,1.1219348e-06
0,0,7.0752486e-07
0,0,8.3370685e-07
0,0,2.620516e-07
0,0,9.10762e-07
0,0,9.4336485e-07
0,0,3.2305155e-07
0,0,8.305794e-07
0,0,7.3530606e-07
0,0,5.317712e-07
0,0,8.660329e-07
0,0,3.7530532e-07
0,0,2.1460185e-06
0,0,7.5998105e-07
0,0,5.866438e-07
0,0,1.8483885e-07
0,0,2.590905e-07
0,0,1.1130134e-07
0,0,7.755241e-07
0,0,3.580212e-07
0,0,1.1765067e-06
0,0,1.627918e-06
0,0,5.0863326e-07
0,0,8.1618936e-07
0,0,2.343771e-06
0,0,1.6024824e-06
0,0,1.958301e-07
0,0,6.1289893e-07
0,0,3.7606597e-07
0,0,8.644668e-07
0,0,7.0944236e-07
0,0,2.256906e-06
0,0,2.0628897e-07
0,0,4.2525147e-07
0,0,4.0092416e-07
0,0,7.5942904e-07
0,0,3.2327497e-07
0,0,3.070493e-06
0,0,4.3862323e-07
0,0,4.3165355e-06
0,0,5.936835e-07
0,0,3.0358132e-07
0,0,5.2491566e-07
0,0,4.0765008e-07
0,0,2.5160674e-07
0,0,1.807031e-06
0,0,9.396969e-07
0,0,1.3256902e-06
0,0,7.177202e-07
0,0,1.314279e-06
0,0,3.398834e-07
0,0,1.2299055e-06
0,0,7.1565677e-07
0,0,6.800925e-06
0,0,4.2357257e-07
0,0,3.8836416e-07
0,0,0.18672444
0,0,3.4588567e-07
0,0,3.6252965e-07
0,0,7.542323e-07
0,0,1.515664e-06
0,0,1.8954036e-06
0,0,5.007696e-07
0,0,1.2495667e-06
0,0,1.1336539e-06
0,0,3.0274202e-07
0,0,2.068161e-07
0,0,7.81702e-07
0,0,9.553575e-07
0,0,6.7220947e-07
0,0,4.2998983e-07
0,0,4.3194822e-07
0,0,4.253468e-07
0,0,9.4786316e-07
0,0,8.6318084e-07
0,0,3.124602e-07
0,0,1.8080377e-06
0,0,0.04975629
0,0,4.616673e-07
0,0,1.157635e-06
0,0,6.5117433e-07
0,0,1.7775471e-06
0,0,3.9844278e-07
0,0,1.1184906e-06
0,0,4.6525273e-07
0,0,4.336562e-07
0,0,4.1717274e-07
0,0,3.7998035e-07
0,0,2.4214464e-07
0,0,7.9381067e-07
0,0,5.814289e-07
0,0,5.101596e-07
0,0,2.1735007e-06
0,0,4.1895254e-07
0,0,2.4487002e-07
0,0,1.3123889e-06
0,0,1.6358815e-07
0,0,7.1031434e-07
0,0,3.145147e-07
0,0,6.865131e-07
0,0,7.2390213e-07
0,0,4.1391723e-07
0,0,2.1335144e-07
0,0,2.2183292e-06
0,0,1.9927434e-07
0,0,1.1150676e-06
0,0,7.683699e-07
0,0,5.1708224e-07
0,0,6.64551e-07
0,0,1.9388169e-07
0,0,8.077174e-07
0,0,1.0857699e-06
0,0,2.3849242e-07
0,0,1.7765642e-06
0,0,5.5820095e-07
0,0,6.059913e-07
0,0,8.618368e-07
0,0,4.965784e-07
0,0,1.4163847e-06
0,0,5.0415076e-07
0,0,2.018567e-07
0,0,7.4144293e-07
0,0,1.0869511e-06
0,0,3.6863852e-07
0,0,1.121585e-06
0,0,6.413277e-07
0,0,4.825937e-07
0,0,7.158049e-07
0,0,7.63219e-07
0,0,7.143584e-07
0,0,2.5840353e-07
0,0,1.5106941e-06
0,0,1.5340114e-06
0,0,3.9617956e-07
0,0,2.2622989e-07
0,0,7.6553493e-07
0,0,2.1162946e-06
0,0,1.0319015e-06
0,0,1.2782945e-06
0,0,4.8917957e-07
0,0,5.7081957e-07
0,0,3.3843565e-07
0,0,1.2215278e-06
0,0,2.8626377e-07
0,0,6.7568794e-07
0,0,3.4678007e-07
0,0,1.7686104e-06
0,0,2.933834e-07
0,0,5.017932e-07
0,0,1.0982188e-06
0,0,4.3493682e-07
0,0,5.825934e-07
0,0,8.3810335e-07
0,0,5.92106e-07
0,0,2.8219574e-07
0,0,1.8237887e-07
0,0,9.917229e-07
0,0,5.7212975e-07
0,0,2.654533e-07
0,0,1.123558e-06
0,0,2.1040661e-07
0,0,3.433357e-07
0,0,3.685088e-07
0,0,3.116234e-07
0,0,8.532351e-07
0,0,1.4936879e-06
0,0,1.3089428e-06
0,0,9.911037e-07
0,0,8.216156e-07
0,0,1.7964021e-06
0,0,8.4173996e-07
0,0,1.1776976e-06
0,0,8.8091264e-07
0,0,1.1688805e-06
0,0,2.78007e-07
0,0,3.990002e-07
0,0,7.425567e-07
0,0,1.5665482e-07
0,0,4.5540403e-07
0,0,2.2703996e-07
0,0,5.462024e-07
0,0,1.7032586e-07
0,0,9.0128873e-07
0,0,2.423618e-07
0,0,6.3399995e-07
0,0,1.6786361e-06
0,0,3.8609267e-07
0,0,2.7879477e-07
0,0,1.2439654e-06
0,0,8.973512e-07
0,0,4.0767497e-07
0,0,3.5526216e-07
0,0,6.326337e-07
0,0,6.449901e-07
0,0,1.1451993e-06
0,0,3.6590478e-07
0,0,5.0631024e-07
0,0,4.1005703e-07
0,0,2.868836e-07
0,0,6.4980645e-07
0,0,2.3284965e-06
0,0,1.9784278e-07
0,0,2.587584e-06
0,0,2.924091e-07
0,0,3.8889786e-07
0,0,6.319005e-07
0,0,2.7486038e-07
0,0,2.3339607e-07
0,0,3.7300526e-07
0,0,1.4858992e-06
0,0,1.1989596e-06
0,0,1.0806101e-06
0,0,3.2235047e-07
0,0,5.5352854e-07
0,0,1.561623e-06
0,0,6.6643025e-07
0,0,4.705269e-07
0,0,4.8396805e-07
0,0,7.883629e-07
0,0,4.8452455e-07
0,0,4.7032728e-07
0,0,2.5883319e-06
0,0,0.011986472
0,0,1.1214577e-06
0,0,4.7470826e-07
0,0,2.6997682e-07
0,0,5.222707e-07
0,0,9.155849e-07
0,0,2.6105658e-07
0,0,6.0287516e-07
0,0,2.8672798e-07
0,0,1.7076743e-06
0,0,7.529415e-07
0,0,6.683792e-07
0,0,2.68772e-07
0,0,2.2274143e-07
0,0,2.0642901e-06
0,0,3.7165736e-07
0,0,4.773549e-07
0,0,1.7937075e-06
0,0,2.7071988e-07
0,0,1.426828e-06
0,0,2.1212422e-07
0,0,4.8084567e-06
0,0,5.4459673e-07
0,0,3.8168227e-07
0,0,2.574145e-07
0,0,2.6370822e-07
0,0,3.4396922e-07
0,0,1.1703942e-06
0,0,5.150359e-07
0,0,9.32602e-07
0,0,1.9766344e-07
0,0,5.9487485e-07
0,0,3.8353184e-07
0,0,4.4867474e-07
0,0,1.1645601e-06
0,0,1.6008098e-06
0,0,1.8428279e-06
0,0,3.0375682e-07
0,0,5.4783266e-07
0,0,6.5801254e-07
0,0,2.8745077e-07
0,0,5.835776e-07
0,0,3.0069036e-06
0,0,3.3179478e-07
0,0,4.911082e-07
0,0,4.73993e-07
0,0,1.6533489e-06
0,0,2.7629193e-07
0,0,2.0741933e-07
0,0,5.5583496e-07
0,0,1.1714114e-06
0,0,8.523479e-07
0,0,8.653972e-07
0,0,1.0181652e-06
0,0,4.3390874e-06
0,0,1.0352786e-06
0,0,6.843625e-07
0,0,4.818648e-07
0,0,5.81532e-07
0,0,3.1378755e-07
0,0,4.5164808e-07
0,0,2.3431512e-07
0,0,5.5429774e-07
0,0,2.4502053e-06
0,0,5.07911e-07
0,0,5.1187953e-07
0,0,1.8267841e-06
0,0,4.3694735e-07
0,0,8.634978e-07
0,0,8.8116303e-07
0,0,5.0882153e-07
0,0,7.9995414e-07
0,0,1.1423709e-06
0,0,1.4891082e-06
0,0,1.1272512e-06
0,0,5.998762e-07
0,0,1.2445539e-06
0,0,6.5699356e-07
0,0,6.875719e-07
0,0,6.332355e-07
0,0,5.898921e-07
0,0,5.0894386e-07
0,0,5.6286393e-07
0,0,5.0883074e-07
0,0,5.15226e-07
0,0,1.5297486e-06
0,0,7.970133e-07
0,0,4.4371316e-07
0,0,2.7062129e-07
0,0,6.98321e-07
0,0,1.6220013e-06
0,0,1.4767916e-06
0,0,1.206907e-07
0,0,3.6637195e-07
0,0,6.0266933e-07
0,0,2.3617946e-07
0,0,2.5469378e-06
0,0,3.4094467e-07
0,0,3.8133155e-07
0,0,4.945566e-07
0,0,8.447427e-07
0,0,7.569265e-07
0,0,0.39697915
0,0,8.260113e-07
0,0,2.1496296e-06
0,0,9.64043e-07
0,0,3.9329186e-07
0,0,1.2125247e-06
0,0,3.358263e-07
0,0,1.4895e-06
0,0,7.6834715e-07
0,0,1.5269603e-06
0,0,2.407736e-07
0,0,3.2335421e-07
0,0,7.6418036e-07
0,0,3.1538423e-07
0,0,1.4879156e-07
0,0,7.2269773e-07
0,0,2.5360453e-07
0,0,4.0223048e-07
0,0,1.5617942e-06
0,0,4.2067933e-07
0,0,1.4649999e-07
0,0,9.806655e-07
0,0,3.6183093e-07
0,0,5.1238936e-07
0,0,7.709639e-07
0,0,5.6601345e-07
0,0,2.0691493e-07
0,0,5.803303e-07
0,0,3.1222845e-07
0,0,3.1977027e-07
0,0,2.7719875e-07
0,0,5.759273e-07
0,0,4.3090316e-07
0,0,4.518566e-07
0,0,1.0093712e-06
0,0,3.9020892e-07
0,0,1.2829855e-06
0,0,2.9373953e-07
0,0,1.0992854e-06
0,0,8.93984e-07
0,0,4.584592e-07
0,0,2.944949e-07
0,0,8.9659756e-07
0,0,4.85551e-07
0,0,1.0266109e-06
0,0,1.03034e-06
0,0,3.3941632e-07
0,0,4.6969745e-07
0,0,3.5477257e-07
0,0,1.2462816e-07
0,0,5.77116e-07
0,0,6.839057e-07
0,0,4.2758657e-07
0,0,1.0746945e-06
0,0,1.1907518e-06
0,0,1.0381538e-06
0,0,1.3565729e-06
0,0,1.5353404e-06
0,0,7.297516e-07
0,0,9.0919474e-07
0,0,2.3361274e-07
0,0,6.4397165e-07
0,0,9.485368e-07
0,0,1.0934898e-06
0,0,7.453521e-07
0,0,4.6028427e-07
0,0,6.408643e-07
0,0,8.5819767e-07
0,0,1.3915934e-06
0,0,3.5322778e-06
0,0,2.6763507e-07
0,0,7.4501094e-07
0,0,1.6539909e-06
0,0,3.5303307e-07
0,0,7.183159e-07
0,0,4.5327226e-07
0,0,2.258818e-06
0,0,5.1777215e-07
0,0,6.5072675e-07
0,0,5.565855e-07
0,0,4.8014596e-07
0,0,4.799541e-07
0,0,8.1251056e-07
0,0,6.8845765e-07
0,0,1.8912092e-06
0,0,5.331295e-07
0,0,1.3400307e-06
0,0,4.890723e-07
0,0,4.1163995e-07
0,0,2.6473936e-07
0,0,1.023716e-06
0,0,5.5741634e-07
0,0,3.146044e-07
0,0,4.5492268e-07
0,0,2.3767418e-06
0,0,6.321458e-07
0,0,1.0255305e-06
0,0,2.2163533e-07
0,0,4.829947e-06
0,0,2.197965e-07
0,0,6.1456586e-07
0,0,1.9240042e-07
0,0,2.9199919e-07
0,0,6.3534543e-07
0,0,5.010123e-07
0,0,1.5415685e-07
0,0,2.103688e-06
0,0,1.0412364e-06
0,0,2.056115e-06
0,0,3.1584597e-07
0,0,7.5676337e-07
0,0,1.9076191e-07
0,0,1.7545761e-07
0,0,7.3187596e-07
0,0,2.9023485e-07
0,0,1.9495722e-06
0,0,1.9103882e-07
0,0,7.564834e-07
0,0,8.727354e-07
0,0,6.761959e-07
0,0,8.608715e-07
0,0,1.4147862e-06
0,0,3.7486427e-07
0,0,3.3543802e-07
0,0,3.836866e-07
0,0,1.9084817e-07
0,0,3.6324465e-07
0,0,6.480279e-07
0,0,3.4498336e-07
0,0,1.2023753e-06
0,0,7.465629e-07
0,0,1.6917065e-06
0,0,9.586129e-07
0,0,5.618487e-07
0,0,1.2078574e-06
0,0,2.009031e-06
0,0,1.8772421e-07
0,0,6.6089797e-07
0,0,8.953885e-07
0,0,1.2073046e-06
0,0,5.942579e-07
0,0,9.982484e-07
0,0,2.7821469e-07
0,0,1.4190929e-06
0,0,8.734057e-07
0,0,2.0155547e-07
0,0,4.5122016e-07
0,0,1.248902e-06
0,0,5.8111345e-07
0,0,1.5087218e-06
0,0,1.3370054e-06
0,0,1.0919662e-06
0,0,6.2769254e-07
0,0,1.1773461e-06
0,0,4.821144e-07
0,0,6.345921e-07
0,0,1.5086008e-06
0,0,4.7524412e-07
0,0,9.907568e-07
0,0,1.1942261e-06
0,0,3.1572128e-07
0,0,3.8429414e-07
0,0,6.6272764e-07
0,0,1.5384375e-06
0,0,1.3840043e-06
0,0,9.204299e-07
0,0,5.9886275e-07
0,0,0.012824601
0,0,0.0879921
0,0,1.270447e-06
0,0,1.8385166e-06
0,0,1.0722467e-06
0,0,4.6968898e-07
0,0,2.310056e-07
0,0,1.4521222e-06
0,0,3.0524743e-07
0,0,1.4473869e-06
0,0,3.1308213e-07
0,0,5.556267e-07
0,0,1.7114617e-07
0,0,6.278249e-07
0,0,1.6402057e-06
0,0,3.4959598e-06
0,0,1.6179258e-07
0,0,1.2801744e-06
0,0,1.8888749e-06
0,0,9.081462e-07
0,0,5.9097994e-07
0,0,1.7889957e-06
0,0,5.305383e-07
0,0,7.803382e-07
0,0,2.8857664e-07
0,0,1.1172326e-06
0,0,1.13009996e-07
0,0,4.2601053e-07
0,0,5.3308526e-07
0,0,1.886997e-06
0,0,2.1665628e-07
0,0,4.5389515e-07
0,0,2.0782822e-07
0,0,2.63668e-07
0,0,6.751552e-07
0,0,1.3827524e-06
0,0,4.2853242e-07
0,0,1.5569744e-06
0,0,4.85954e-07
0,0,6.7355455e-07
0,0,4.825684e-07
0,0,3.2041802e-07
0,0,3.301629e-07
0,0,5.78306e-07
0,0,4.935596e-07
0,0,2.609411e-07
0,0,1.4107441e-07
0,0,8.721439e-07
0,0,5.742896e-07
0,0,2.335929e-07
0,0,8.811748e-07
0,0,3.6632025e-07
0,0,7.956008e-07
0,0,5.009454e-07
0,0,8.447629e-07
0,0,8.645179e-07
0,0,4.804707e-07
0,0,1.6363621e-06
0,0,3.7927583e-07
0,0,1.7244393e-07
0,0,7.177079e-07
0,0,4.2479547e-07
0,0,1.4149739e-06
0,0,5.738713e-07
0,0,5.1186487e-07
0,0,7.7430104e-07
0,0,7.501542e-07
0,0,8.6409005e-07
0,0,3.1929216e-07
0,0,3.0186268e-07
0,0,3.4828012e-05
0,0,3.2921116e-07
0,0,5.50268e-07
0,0,3.1127735e-07
0,0,6.6561535e-07
0,0,7.235032e-07
0,0,5.693978e-07
0,0,2.5754468e-07
0,0,7.390737e-07
0,0,1.1577166e-06
0,0,2.118999e-06
0,0,1.2576457e-07
0,0,5.723027e-07
0,0,4.043381e-07
0,0,7.302348e-07
0,0,1.0272328e-06
0,0,8.168388e-07
0,0,1.5045518e-07
0,0,8.833506e-07
0,0,4.1250922e-07
0,0,5.130293e-06
0,0,1.1343158e-06
0,0,7.001534e-07
0,0,6.414947e-07
0,0,4.2019698e-07
0,0,7.513921e-07
0,0,7.7651356e-07
0,0,3.2024207e-07
0,0,3.9769262e-07
0,0,7.852549e-07
0,0,4.7274523e-07
0,0,4.4267932e-07
0,0,4.0815502e-07
0,0,2.3454696e-07
0,0,6.288346e-07
0,0,7.5049195e-07
0,0,2.5730824e-07
0,0,3.5336248e-07
1,0,0.23011974
0,0,3.0299128e-07
0,0,4.652385e-07
0,0,1.6517541e-06
0,0,6.86885e-07
0,0,4.1922831e-07
0,0,1.9637056e-07
0,0,6.019904e-07
0,0,6.1400465e-07
0,0,6.8764075e-07
0,0,1.1047579e-06
0,0,5.9027815e-07
0,0,6.2357924e-07
0,0,1.3027605e-07
0,0,7.675423e-07
0,0,7.389701e-07
0,0,2.3714392e-06
0,0,3.6947622e-06
0,0,5.5162724e-07
0,0,1.9422295e-07
0,0,1.0603552e-06
0,0,2.6506953e-07
0,0,5.619897e-07
0,0,6.200296e-07
0,0,3.3771066e-06
0,0,7.971273e-07
0,0,7.080912e-07
0,0,8.421004e-07
0,0,1.7651898e-06
0,0,8.2973935e-07
0,0,2.8280565e-06
0,0,3.482104e-07
0,0,2.05605e-06
0,0,3.8893344e-07
0,0,5.732357e-07
0,0,6.535572e-07
0,0,1.4238091e-06
0,0,6.764887e-07
0,0,5.867876e-07
0,0,7.328049e-07
0,0,1.1141067e-06
0,0,1.2771004e-06
0,0,9.934439e-07
0,0,2.328678e-07
0,0,8.344992e-07
0,0,9.939783e-07
0,0,2.200295e-07
0,0,7.045004e-07
0,0,5.1799634e-07
0,0,6.131989e-07
0,0,7.3476076e-07
0,0,8.802786e-07
0,0,1.5000747e-06
0,0,9.068774e-07
0,0,4.94994e-07
0,0,1.5330346e-06
0,0,2.8830566e-06
0,0,9.148998e-07
0,0,4.308284e-07
0,0,2.624082e-07
0,0,3.0671723e-07
0,0,3.2040427e-07
0,0,8.2014293e-07
0,0,6.874552e-07
0,0,4.1427342e-07
0,0,6.670432e-07
0,0,2.9358912e-07
0,0,1.1255453e-06
0,0,1.5899042e-07
0,0,9.12634e-07
0,0,6.206703e-07
0,0,1.942574e-07
0,0,1.2605111e-06
0,0,4.0140316e-07
0,0,4.134671e-07
0,0,3.946881e-07
0,0,1.0307773e-06
0,0,5.764378e-07
0,0,3.199197e-07
0,0,3.0127944e-07
0,0,1.2045629e-06
0,0,7.258689e-07
0,0,9.557812e-07
0,0,2.6487825e-07
0,0,3.3014683e-07
0,0,6.824841e-07
0,0,1.3499149e-06
0,0,2.8375203e-07
0,0,5.5449016e-07
0,0,7.331222e-07
0,0,5.227351e-07
0,0,1.0445453e-06
0,0,2.4703952e-06
0,0,2.2774933e-07
0,0,5.038902e-07
0,0,6.107739e-08
0,0,5.0976183e-07
0,0,3.302224e-07
0,0,6.807783e-07
0,0,5.591936e-07
0,0,2.5152517e-07
0,0,3.2316618e-07
0,0,3.0543143e-07
0,0,1.2029293e-06
0,0,6.918367e-07
0,0,3.9671644e-07
0,0,6.4520174e-07
0,0,1.669609e-06
0,0,1.6423766e-06
0,0,1.1279845e-06
0,0,7.73248e-07
0,0,4.799637e-07
0,0,5.335726e-07
0,0,1.1596576e-07
0,0,8.010016e-07
0,0,1.7110422e-06
0,0,3.7154823e-07
0,0,3.2325372e-07
0,0,8.03069e-07
0,0,6.4596884e-07
0,0,9.3392197e-07
0,0,5.604744e-07
0,0,8.026157e-07
0,0,2.949896e-07
0,0,4.072242e-07
0,0,5.674079e-07
0,0,7.444407e-07
0,0,9.021203e-07
0,0,1.112738e-06
0,0,4.4678401e-07
0,0,2.8198104e-07
0,0,2.0595833e-07
0,0,2.3462937e-06
0,0,4.0049503e-07
0,0,9.82728e-07
0,0,1.4323141e-06
0,0,5.698552e-07
0,0,5.4038185e-07
0,0,2.8802315e-06
0,0,5.8036466e-07
0,0,2.83817e-07
0,0,5.0062255e-07
0,0,9.82592e-07
0,0,1.1878597e-06
0,0,4.600363e-07
0,0,1.5122582e-06
0,0,4.5531286e-07
0,0,1.9730729e-07
0,0,4.575005e-07
0,0,1.4388075e-06
0,0,1.3086583e-06
0,0,1.7356435e-06
0,0,3.248914e-07
0,0,5.2956165e-07
0,0,8.681681e-07
0,0,3.4336517e-07
0,0,3.0731337e-07
0,0,4.0299304e-07
0,0,1.2412149e-06
0,0,2.1309777e-06
0,0,5.5104675e-07
0,0,3.9224344e-07
0,0,9.415727e-07
0,0,2.6871024e-07
0,0,1.157327e-06
0,0,1.0110351e-06
0,0,6.4453445e-07
0,0,3.4560077e-07
0,0,5.358811e-07
0,0,4.242601e-06
0,0,5.472144e-07
0,0,6.182676e-07
0,0,2.3487987e-06
0,0,6.746783e-07
0,0,4.7511224e-07
0,0,5.66365e-07
0,0,6.1684943e-07
0,0,8.058931e-07
0,0,4.6757015e-07
0,0,4.3180367e-07
0,0,5.584528e-07
0,0,7.9073845e-07
0,0,4.5557258e-07
0,0,1.2505229e-06
0,0,0.49463606
0,0,6.217017e-07
0,0,3.4161947e-06
0,0,6.996282e-07
0,0,1.4854713e-06
0,0,2.9308083e-07
0,0,1.4140888e-06
0,0,8.5207796e-07
0,0,1.0749436e-06
0,0,7.1773593e-07
0,0,2.1267588e-06
0,0,6.4836235e-07
0,0,3.7779463e-07
0,0,1.6550085e-06
0,0,7.1810155e-07
0,0,4.1026224e-06
0,0,7.90158e-07
0,0,4.6422713e-07
0,0,5.382854e-07
0,0,1.4229687e-06
0,0,1.3081903e-06
0,0,5.2099415e-07
0,0,7.9329976e-07
0,0,3.7006862e-07
0,0,3.5123642e-07
0,0,4.8598923e-07
0,0,1.2220055e-06
0,0,3.558179e-07
0,0,4.8480695e-07
0,0,7.9414e-07
0,0,1.0118858e-06
0,0,3.9841578e-07
0,0,1.0702688e-06
0,0,2.7560085e-07
0,0,1.0025569e-06
0,0,5.2038868e-06
0,0,9.3143944e-07
0,0,2.4006007e-07
0,0,4.4204356e-07
0,0,1.1824683e-06
0,0,3.8391204e-07
0,0,7.574175e-07
0,0,3.7053337e-07
0,0,5.3596744e-07
0,0,5.6786594e-06
0,0,1.498652e-06
0,0,3.2650968e-07
1,0,0.14734867
0,0,8.9926766e-07
0,0,1.2794238e-06
0,0,1.8016283e-07
0,0,1.8170681e-07
0,0,8.4330105e-07
0,0,2.2601984e-07
0,0,1.7332352e-06
0,0,1.5660792e-06
0,0,1.1124387e-06
0,0,9.953367e-07
0,0,1.877747e-07
0,0,1.0108325e-06
0,0,1.9215709e-07
0,0,6.2640686e-07
0,0,4.9562175e-07
0,0,3.4059076e-07
0,0,7.578814e-07
0,0,1.0276689e-06
0,0,5.252812e-07
0,0,1.2257294e-07
0,0,6.127324e-07
0,0,1.4637335e-06
0,0,6.024653e-07
0,0,3.1337967e-07
0,0,3.3493168e-07
0,0,1.1196314e-06
0,0,3.4034755e-07
0,0,1.3877831e-06
0,0,6.3863735e-07
0,0,5.012584e-07
0,0,1.1944027e-06
0,0,1.4766238e-07
0,0,1.5425569e-06
0,0,4.1108913e-07
0,0,2.6474265e-07
0,0,7.927356e-07
0,0,7.193003e-07
0,0,4.93092e-07
0,0,6.0042794e-07
0,0,8.9444706e-07
0,0,1.5179828e-07
0,0,7.708404e-07
0,0,6.9176417e-07
0,0,8.426588e-07
0,0,1.668253e-07
0,0,1.6393315e-06
0,0,1.7526896e-06
0,0,1.2083182e-06
0,0,3.7560181e-07
0,0,3.109519e-07
0,0,4.270763e-07
0,0,2.9518884e-07
0,0,2.4075752e-07
0,0,1.8140812e-06
0,0,2.5376104e-07
0,0,1.0309808e-06
0,0,1.4308464e-06
1,0,0.061389163
0,0,1.7645336e-07
0,0,1.017641e-06
0,0,8.148315e-07
0,0,1.6487497e-06
0,0,7.1975734e-07
0,0,8.014233e-07
0,0,3.7508954e-07
0,0,2.5256836e-07
0,0,1.0405842e-06
0,0,4.486208e-07
0,0,3.8293027e-07
0,0,1.2905484e-06
0,0,1.1745436e-06
0,0,4.2379278e-07
0,0,7.8534924e-07
0,0,2.6011028e-07
0,0,1.4745356e-06
0,0,7.555216e-07
0,0,2.86073e-07
0,0,1.0588506e-06
0,0,5.4089405e-06
0,0,4.1442794e-07
0,0,1.4808771e-07
0,0,4.7449416e-07
0,0,4.657957e-07
0,0,5.465807e-07
0,0,8.071884e-07
0,0,9.535952e-07
0,0,1.1188522e-06
0,0,1.492845e-06
0,0,2.5280167e-06
0,0,0.080561385
0,0,1.4421674e-07
0,0,3.0981585e-07
0,0,5.158868e-07
0,0,3.3404964e-07
0,0,3.8192294e-07
0,0,1.3832141e-06
0,0,1.4420506e-07
0,0,5.381144e-07
0,0,1.8156634e-07
0,0,9.027186e-08
0,0,2.8438515e-07
0,0,9.56625e-08
0,0,1.6541975e-07
0,0,1.3771476e-06
0,0,5.220551e-07
0,0,3.864157e-07
0,0,1.371895e-06
0,0,1.4456127e-07
0,0,6.812466e-07
0,0,6.788502e-07
0,0,1.9992356e-06
0,0,1.1707547e-06
0,0,1.6568389e-06
0,0,9.134604e-07
0,0,9.670983e-07
0,0,6.4698617e-07
0,0,1.0345077e-06
0,0,5.806354e-07
0,0,2.1464298e-06
1,0,0.45204094
0,0,7.670038e-07
0,0,4.8069666e-07
0,0,2.7854787e-07
0,0,2.8889332e-07
0,0,3.051118e-07
0,0,0.028109672
0,0,6.9152014e-07
0,0,5.06163e-07
0,0,8.207557e-07
0,0,3.7734742e-07
0,0,6.6565786e-07
0,0,6.50903e-07
0,0,9.714086e-07
0,0,1.1346814e-06
0,0,9.42979e-07
0,0,1.1062075e-06
0,0,6.5813487e-07
0,0,4.1846818e-07
0,0,8.498463e-07
0,0,2.583003e-07
0,0,9.252324e-07
0,0,6.281063e-07
0,0,3.1526545e-07
0,0,3.9109744e-07
0,0,4.2362956e-07
0,0,3.3529057e-07
0,0,2.1964509e-06
0,0,6.3493417e-07
0,0,4.4892894e-07
0,0,1.117919e-06
0,0,1.3563077e-06
0,0,2.5948245e-07
0,0,7.258398e-07
0,0,4.9386284e-07
0,0,2.8608142e-06
0,0,5.678187e-07
0,0,4.6724162e-07
0,0,5.3262386e-07
0,0,1.140528e-06
0,0,5.5465676e-07
0,0,6.5279596e-07
0,0,2.3046317e-07
0,0,4.611859e-07
0,0,1.3727876e-06
0,0,1.1877736e-06
0,0,8.214502e-07
0,0,6.76521e-07
0,0,9.67495e-07
0,0,3.0059783e-07
0,0,1.9960257e-06
0,0,3.3727324e-06
0,0,2.12423e-07
0,0,4.7647848e-07
0,0,7.3699664e-07
0,0,2.4890556e-07
0,0,9.180471e-07
0,0,8.587945e-07
0,0,3.939822e-07
0,0,2.7124062e-07
0,0,4.3991852e-07
0,0,3.253267e-07
0,0,8.2154264e-07
0,0,1.3317472e-06
0,0,2.845284e-07
0,0,3.0060326e-07
0,0,1.9028006e-07
0,0,9.70391e-07
0,0,9.2609935e-07
0,0,9.954412e-07
0,0,2.3721768e-06
0,0,3.3197549e-07
0,0,2.406455e-07
0,0,4.138308e-07
0,0,2.6667098e-07
0,0,3.8742786e-07
0,0,2.405547e-06
0,0,1.9720414e-06
0,0,3.929106e-07
0,0,1.6456644e-07
0,0,6.4383653e-07
0,0,4.0016096e-07
0,0,3.8657828e-07
0,0,4.9610554e-07
0,0,1.5315454e-06
0,0,5.2931875e-07
0,0,3.8243869e-07
0,0,2.9528513e-07
0,0,1.4074789e-06
0,0,3.2339523e-07
0,0,3.4741498e-07
0,0,7.787733e-07
0,0,2.1071484e-07
0,0,1.0972306e-06
0,0,4.9574425e-07
0,0,2.8166176e-07
0,0,1.24315875e-05
0,0,2.0914965e-07
0,0,0.0006326311
0,0,4.6580323e-07
0,0,5.526182e-07
0,0,6.252472e-07
0,0,7.481637e-07
0,0,4.153023e-07
0,0,4.7300136e-07
0,0,2.7121422e-07
0,0,9.1127987e-07
0,0,4.8363864e-07
0,0,1.231012e-06
0,0,2.7102288e-07
0,0,1.9404541e-07
0,0,0.0012872956
0,0,1.3476138e-06
0,0,2.133305e-07
0,0,1.2543234e-06
0,0,2.693352e-07
0,0,8.337212e-07
0,0,2.852541e-07
0,0,3.4765594e-07
0,0,2.5162908e-06
0,0,4.0565436e-07
0,0,1.5804843e-06
0,0,4.7510542e-07
0,0,9.1885465e-07
0,0,6.713587e-07
0,0,1.4648784e-06
0,0,2.2346718e-07
0,0,1.8692049e-07
0,0,2.3925625e-07
0,0,4.266753e-07
0,0,2.0380137e-06
0,0,1.1583771e-06
0,0,2.7826534e-06
0,0,9.06964e-07
0,0,4.195679e-07
0,0,1.9191802e-06
0,0,7.7890326e-07
0,0,5.4321856e-07
0,0,9.2564727e-07
0,0,8.799252e-07
0,0,9.884277e-07
0,0,3.237677e-07
0,0,1.7566302e-06
0,0,8.814429e-07
0,0,4.020744e-07
0,0,3.1069519e-07
0,0,6.7322253e-07
0,0,7.7368327e-07
0,0,1.902006e-07
0,0,3.7760736e-07
0,0,2.4856402e-06
0,0,2.603031e-07
0,0,4.1286893e-07
0,0,8.6346904e-07
0,0,3.456809e-07
0,0,3.936607e-07
0,0,1.7744122e-07
0,0,1.3253072e-06
0,0,2.4823896e-07
0,0,6.92921e-07
0,0,2.3019432e-07
0,0,5.027118e-07
0,0,7.431858e-07
0,0,1.7957956e-06
0,0,1.8342906e-06
0,0,6.749357e-07
0,0,6.608803e-07
0,0,1.2820316e-06
0,0,3.4030148e-07
0,0,7.348294e-07
0,0,2.4145334e-07
0,0,1.2076167e-06
0,0,6.8313915e-07
0,0,3.2934054e-07
0,0,3.0638367e-07
0,0,4.1522907e-07
0,0,1.1791519e-06
0,0,5.2428277e-07
0,0,5.565871e-07
0,0,5.343412e-06
0,0,4.7118837e-07
0,0,4.305992e-07
0,0,3.379638e-07
0,0,3.992328e-07
0,0,1.8058718e-06
0,0,8.248595e-07
0,0,1.4001531e-06
0,0,3.2238736e-07
0,0,2.3750063e-06
0,0,4.0471346e-07
0,0,7.793743e-07
0,0,3.7714236e-07
0,0,4.2670095e-07
0,0,5.6966013e-07
0,0,1.9505933e-06
0,0,3.4829378e-07
0,0,7.8836587e-07
0,0,2.7612887e-07
0,0,2.2783013e-07
0,0,1.6970131e-07
0,0,6.816703e-07
0,0,3.1731522e-06
0,0,1.5243645e-06
0,0,2.2646215e-07
0,0,8.598919e-07
0,0,5.7098566e-07
0,0,2.6942305e-07
0,0,2.5157965e-06
0,0,4.799514e-07
0,0,9.7298e-07
0,0,3.131092e-06
0,0,1.84009e-06
0,0,7.861263e-07
0,0,4.012095e-07
0,0,8.0551894e-07
0,0,3.3464593e-07
0,0,2.708118e-06
0,0,2.1427873e-06
0,0,2.8218173e-07
0,0,1.4993424e-06
0,0,2.7001622e-07
0,0,1.0913323e-06
0,0,2.1972606e-07
0,0,2.1835636e-07
0,0,2.6046823e-07
0,0,9.14053e-07
0,0,5.010911e-07
0,0,4.049714e-07
0,0,5.787099e-07
0,0,7.6524003e-07
0,0,8.677766e-07
0,0,1.2080048e-06
0,0,2.1653418e-07
0,0,7.450536e-07
0,0,2.3397571e-07
0,0,6.637466e-07
0,0,1.1347247e-06
0,0,1.5996621e-06
0,0,8.979744e-07
0,0,6.123457e-07
0,0,2.2517324e-07
0,0,2.3146456e-06
0,0,8.536372e-07
0,0,5.1942646e-07
0,0,1.3730167e-06
0,0,4.976356e-07
0,0,1.3514374e-06
0,0,1.3932916e-07
0,0,4.3864583e-07
0,0,1.5642015e-06
0,0,4.7288367e-07
0,0,1.0038888e-06
0,0,9.716579e-07
0,0,4.1758832e-07
0,0,7.317768e-07
0,0,3.2213842e-07
0,0,1.8158155e-06
0,0,2.0481659e-07
0,0,3.1742192e-07
0,0,1.0670148e-06
0,0,5.445412e-07
0,0,6.697114e-07
0,0,8.191745e-07
0,0,8.553738e-07
0,0,0.21525808
0,0,1.3655211e-06
0,0,3.7982383e-07
0,0,4.849836e-07
0,0,2.9179515e-07
0,0,6.1633256e-07
0,0,5.1298935e-07
0,0,4.247635e-07
0,0,4.869022e-07
0,0,1.3114018e-06
0,0,2.805417e-06
0,0,4.7506919e-07
0,0,5.365418e-07
0,0,2.7162914e-06
0,0,1.3562892e-07
0,0,8.710109e-07
0,0,4.5235288e-07
0,0,2.2889888e-06
0,0,5.55757e-07
0,0,7.221583e-07
0,0,1.0710806e-06
0,0,1.0394356e-06
0,0,5.170931e-07
0,0,2.087091e-07
0,0,1.0939638e-07
0,0,3.845819e-07
0,0,2.1565052e-07
0,0,7.0720375e-07
0,0,1.6692254e-06
0,0,2.4278793e-07
0,0,1.8446903e-07
0,0,8.439311e-07
0,0,7.1896227e-07
0,0,3.4571846e-07
0,0,3.0209537e-07
0,0,1.507505e-06
0,0,6.016133e-07
0,0,1.1417011e-06
0,0,1.9809293e-07
0,0,3.5844002e-07
0,0,1.0845498e-06
0,0,2.8180875e-07
0,0,5.04767e-07
0,0,1.6546615e-07
0,0,1.05770454e-07
0,0,7.910607e-08
0,0,7.394375e-07
0,0,2.8539176e-07
0,0,3.858291e-07
0,0,4.462177e-07
0,0,5.760954e-07
0,0,2.3272258e-07
0,0,1.5356171e-06
0,0,1.0938141e-06
0,0,2.9045387e-07
0,0,2.507463e-07
0,0,3.49436e-06
0,0,7.9902094e-07
0,0,1.3026043e-06
0,0,1.125307e-06
0,0,4.0846186e-07
0,0,3.808496e-07
0,0,1.0340294e-06
0,0,1.3079945e-06
0,0,5.5291866e-07
0,0,6.480971e-07
0,0,1.8084985e-07
0,0,8.8751943e-07
0,0,6.459621e-07
0,0,1.1365486e-06
0,0,2.056805e-06
0,0,1.6623801e-07
0,0,1.0371087e-06
0,0,3.3902717e-07
0,0,4.4624448e-07
0,0,1.3141461e-06
0,0,1.4302732e-07
0,1,0.82081187
0,0,2.5626846e-06
0,0,4.270531e-07
0,0,1.63976e-06
0,0,2.2292355e-07
0,0,2.7289468e-07
0,0,1.1346327e-06
0,0,2.310622e-07
0,0,7.2103245e-07
0,0,1.3264464e-06
0,0,2.820171e-07
0,0,4.6294232e-07
0,0,1.4734251e-06
0,0,7.942665e-07
0,0,2.544013e-06
0,0,3.9872825e-07
0,0,2.655118e-07
0,0,2.3530018e-07
0,0,2.1320254e-07
0,0,3.7700212e-07
0,0,6.987587e-07
0,0,2.9362357e-07
0,0,1.3526402e-07
0,0,6.5902174e-07
0,0,3.58097e-07
0,0,4.453207e-07
0,0,6.057273e-07
0,0,3.8872284e-07
0,0,9.0970394e-07
0,0,2.6929516e-05
0,0,8.80465e-07
0,0,2.1936917e-06
0,0,3.2684432e-07
0,0,1.0743297e-06
0,0,5.2184896e-07
0,0,1.840334e-06
0,0,0.1990785
0,0,2.0390002e-07
0,0,1.2190699e-06
0,0,4.2903582e-07
0,0,4.2253407e-07
0,0,1.6408252e-07
0,0,1.7684556e-07
0,0,8.651332e-07
0,0,4.577201e-06
0,0,9.73588e-07
0,0,7.713235e-07
0,0,4.4309874e-07
0,0,4.4071007e-07
0,0,2.4573635e-06
0,0,4.784291e-07
0,0,9.0478943e-07
0,0,3.45384e-07
0,0,4.5658211e-07
0,0,9.728826e-07
0,0,8.30794e-07
0,0,2.5377557e-07
0,0,3.1769872e-07
0,0,5.642931e-07
0,0,7.6729276e-07
0,0,8.815261e-07
0,0,1.3167378e-06
0,0,3.0314763e-07
0,0,1.0114981e-06
0,0,1.6785577e-07
0,0,4.137925e-07
0,0,1.396073e-06
0,0,1.7924081e-07
0,0,3.3854087e-07
0,0,2.5966762e-07
0,0,1.062336e-06
0,0,9.278824e-07
0,0,6.159283e-07
0,0,5.853088e-07
0,0,7.4292296e-07
0,0,6.402864e-07
0,0,2.2939841e-05
0,0,5.649096e-07
0,0,1.3837877e-07
0,0,2.0644663e-07
0,0,1.7229398e-06
0,0,7.988495e-07
0,0,3.2034256e-07
0,0,2.335766e-05
0,0,4.151546e-07
0,0,1.4453537e-06
0,0,8.1631237e-07
0,0,4.5042307e-07
0,0,7.0033644e-07
0,0,1.1391442e-06
0,0,1.0657893e-06
0,0,7.807156e-07
0,0,2.50337e-07
0,0,6.773215e-07
0,0,4.916678e-07
0,0,1.0003832e-06
0,0,2.0287098e-06
0,0,1.03343e-06
0,0,5.3132965e-07
0,0,1.4716558e-06
0,0,2.717403e-07
0,0,3.2167625e-06
0,0,3.8406952e-07
0,0,1.5334352e-06
0,0,5.4058336e-07
0,0,2.7619498e-07
0,0,6.375481e-07
0,0,3.8860907e-07
0,0,4.925421e-07
0,0,7.2674374e-07
0,0,9.351893e-07
0,0,3.9292408e-07
0,0,4.1233142e-07
0,0,6.8565265e-07
0,0,4.3219296e-07
0,0,5.1158423e-07
0,0,5.683323e-07
0,0,1.1874179e-06
0,0,5.5030523e-07
0,0,5.1500496e-07
0,0,3.602481e-07
0,0,7.36066e-07
0,0,5.286347e-07
0,0,7.292827e-07
0,0,3.89296e-07
0,0,8.0882904e-07
0,0,3.153677e-07
0,0,4.1947544e-07
0,0,4.941841e-07
0,0,4.5343916e-07
0,0,1.126904e-06
0,0,4.1723445e-07
0,1,0.76151866
0,0,2.9332998e-07
0,0,6.2179595e-07
0,0,1.1203267e-06
0,0,2.508092e-07
0,0,1.5656148e-06
0,0,1.0252558e-06
0,0,8.1353477e-07
0,0,7.0289246e-07
0,0,6.4719717e-07
0,0,2.577791e-07
0,0,7.5557926e-07
0,0,3.0563072e-07
0,0,9.167339e-07
0,0,1.3090527e-06
0,0,1.1667801e-06
0,0,1.5379416e-06
0,0,6.292023e-07
0,0,2.4216774e-07
0,0,2.0476133e-07
0,0,3.4402333e-07
0,0,2.5810084e-07
0,0,7.176764e-07
0,0,5.398318e-07
0,0,5.714803e-07
0,0,1.7232112e-07
0,0,5.953686e-07
0,0,5.3601553e-07
0,0,6.634435e-07
0,0,1.0445234e-06
0,0,1.1456538e-06
0,0,2.6289618e-07
0,0,9.923247e-07
0,0,7.724498e-07
0,0,7.4123716e-07
0,0,6.171372e-07
0,0,2.8239174e-07
0,0,1.6662909e-06
0,0,2.7200088e-06
0,0,4.6549277e-07
0,0,2.2488632e-07
0,0,8.9280485e-07
0,0,9.764371e-07
0,0,1.6810583e-07
0,0,1.7390585e-07
0,0,7.6812444e-07
0,0,9.924468e-07
0,0,2.0084008e-06
0,0,1.2281907e-06
0,0,9.792375e-07
0,0,8.129694e-07
0,0,5.2916033e-07
0,0,2.9654095e-07
0,0,3.026807e-06
0,0,1.0431138e-06
0,0,7.857718e-07
0,0,4.7512945e-06
0,0,8.4900705e-07
0,0,7.4975577e-07
0,0,2.439228e-07
0,0,2.2798204e-07
0,0,1.0049147e-06
0,0,8.4668e-07
0,0,4.894577e-07
0,0,5.214028e-07
0,0,6.2907566e-07
0,0,9.2148815e-07
0,0,1.0833621e-06
0,0,4.695788e-07
0,0,2.2697263e-07
0,0,3.8356106e-06
0,0,4.3169618e-07
0,0,3.4054366e-07
0,0,1.9715381e-07
0,0,4.4111837e-07
0,0,2.4137273e-07
0,0,5.779587e-07
0,0,3.357984e-07
0,0,3.4477515e-07
0,0,4.8479774e-07
0,0,6.248681e-07
0,0,3.7898369e-07
0,0,1.6208153e-06
0,0,7.2589654e-07
0,0,6.347229e-07
0,0,1.4106205e-06
0,0,2.9786003e-07
0,0,2.3050076e-07
0,0,1.3689674e-06
0,0,1.8902443e-06
0,0,5.9456914e-07
0,0,1.9037645e-07
0,0,9.461841e-07
0,0,3.4287106e-07
0,0,8.862855e-07
0,0,1.3842803e-06
0,0,5.154103e-07
0,0,7.2991446e-07
0,0,7.242508e-07
0,0,2.0438713e-07
0,0,5.1841346e-07
0,0,6.854454e-07
0,0,1.0029098e-06
0,0,4.5893205e-07
0,0,2.743416e-07
0,0,4.082597e-07
0,0,2.8261374e-07
0,0,6.4680785e-07
0,0,9.98897e-07
0,0,4.2367196e-07
0,0,3.1685906e-07
0,0,1.0083465e-06
0,0,9.0079806e-07
0,0,6.931424e-07
0,0,2.720935e-07
0,0,5.140653e-07
0,0,5.818793e-07
0,0,0.00037557873
0,0,1.941511e-07
0,0,6.5615956e-07
0,0,3.367181e-07
0,0,1.0454432e-06
0,0,1.3479479e-06
1,1,0.7414707
0,0,1.7251629e-06
0,0,2.4674915e-07
0,0,7.0098525e-07
0,0,4.7054579e-07
0,0,5.6179516e-07
0,0,4.1326285e-07
0,0,4.7913136e-07
0,0,2.8682177e-07
0,0,2.167747e-07
0,0,7.825703e-07
0,0,9.4444425e-07
0,0,1.161752e-07
0,0,5.4158085e-07
0,0,1.3099482e-06
0,0,1.2097341e-06
0,0,5.9048926e-07
0,0,3.5739964e-07
0,0,1.955294e-06
0,0,2.983271e-07
0,0,1.4585122e-06
0,0,4.1915396e-07
0,0,2.4862516e-07
0,0,2.2053936e-07
0,0,4.6592766e-07
0,0,4.7655482e-07
0,0,6.882246e-07
0,0,2.6191697e-06
0,0,5.004975e-07
0,0,1.5925265e-06
0,0,1.860368e-07
0,0,3.9818292e-07
0,0,5.9027366e-07
0,0,6.990426e-07
0,0,6.5577046e-07
0,0,9.061245e-07
0,0,1.2868197e-06
0,0,3.961713e-07
0,0,1.0342571e-06
0,0,9.39429e-07
0,0,6.169342e-07
0,0,2.7311572e-07
0,0,2.00614e-06
0,0,2.8745873e-07
0,0,8.717273e-07
0,0,3.721092e-06
0,0,2.9929146e-07
0,0,8.9836163e-07
0,0,5.396845e-07
0,0,5.934543e-07
0,0,3.5432015e-07
0,0,3.0234864e-06
0,0,4.2255465e-07
0,0,3.8481565e-07
0,0,4.6391818e-07
0,0,3.387716e-06
0,0,5.289706e-07
0,0,5.8058663e-07
0,0,8.136294e-07
0,0,5.854349e-07
0,0,4.4606963e-07
0,0,2.5007523e-07
0,0,3.9194313e-07
0,0,3.254198e-07
0,0,2.2406073e-06
0,0,4.1479092e-07
0,0,5.610755e-07
0,0,3.2340077e-07
0,0,4.0981615e-07
0,0,7.4345303e-07
0,0,1.0558507e-06
0,0,8.482026e-07
0,0,6.985408e-07
0,0,5.409119e-07
0,0,3.0579054e-07
0,0,2.1411375e-07
0,0,2.822781e-07
0,0,3.3613014e-06
0,0,2.2082052e-07
0,0,2.8987768e-06
0,0,9.107412e-07
0,0,7.9376144e-07
0,0,2.2606704e-07
0,0,8.304558e-07
0,0,7.305942e-07
0,0,5.7862763e-07
0,0,3.838608e-07
0,0,1.2788696e-07
0,0,1.240398e-07
0,0,1.7149894e-07
0,0,1.7906003e-06
0,0,3.3757433e-07
0,0,6.447484e-07
0,0,2.8750014e-07
0,0,5.2272367e-07
0,0,2.6728483e-07
0,0,6.397133e-07
0,0,1.1796412e-06
0,0,4.8949596e-07
0,0,5.107029e-07
0,0,4.5177785e-06
0,0,1.4951173e-06
0,0,1.5327304e-07
0,0,6.3703453e-07
0,0,1.6693942e-07
0,0,6.119481e-07
0,0,4.1519894e-07
0,0,5.576832e-07
0,0,4.806719e-07
0,0,3.6832822e-07
0,0,3.754822e-07
0,0,4.1860469e-07
0,0,2.5376758e-07
0,0,4.2351522e-07
0,0,5.792924e-07
0,0,3.2014435e-07
0,0,6.579956e-07
0,0,4.4678276e-07
0,0,4.3878183e-07
0,0,9.566913e-07
0,0,5.244113e-07
0,0,9.786326e-07
0,0,4.1332773e-06
0,0,1.0983161e-06
0,0,8.123509e-07
0,0,1.0291724e-06
0,0,3.7423416e-07
0,0,6.890659e-07
0,0,3.8077297e-07
0,0,6.184941e-07
0,0,4.8513306e-07
0,0,3.8985845e-06
0,0,8.807908e-07
0,0,1.134358e-06
0,0,5.600881e-07
0,0,2.6478202e-07
0,0,1.1066644e-06
0,0,2.7208443e-07
0,0,3.3974504e-07
0,0,2.197444e-06
0,0,8.2654e-07
0,0,1.1906724e-06
0,0,1.0225319e-07
0,0,6.2967655e-07
0,0,3.707016e-07
0,0,6.031126e-07
0,0,4.1680374e-07
0,0,6.8482206e-07
0,0,1.6640724e-06
0,0,2.5114045e-07
0,0,5.147889e-07
0,0,2.1097605e-07
0,0,5.618064e-07
0,0,3.0750234e-06
0,0,1.3291918e-06
0,0,1.1741572e-06
0,0,2.0845619e-06
0,0,4.5185058e-07
0,0,7.2825685e-07
0,0,6.7144066e-07
0,0,8.345254e-07
0,0,4.356226e-07
0,0,3.2566695e-07
0,0,3.4426589e-07
0,0,8.656994e-07
0,0,5.508492e-07
0,0,4.5748652e-07
0,0,2.5735855e-07
0,0,8.803902e-07
0,0,6.8205463e-07
0,0,6.2625634e-07
0,0,6.3760706e-07
0,0,6.121834e-07
0,0,6.1493233e-07
0,0,6.604827e-07
0,0,2.1328094e-06
0,0,2.231025e-06
0,0,1.2984618e-06
0,0,1.808638e-06
0,0,6.8235715e-07
0,0,4.8618534e-07
0,0,4.1667616e-07
0,0,2.8036627e-07
0,0,1.6608873e-06
0,0,4.4841806e-07
0,0,5.1255654e-07
0,0,1.1119698e-06
0,0,3.5763182e-07
0,0,1.0882725e-06
0,0,5.6530894e-07
0,0,2.7646587e-07
0,0,6.661113e-07
0,0,5.8895336e-07
0,0,2.300206e-06
0,0,2.2735522e-07
0,0,6.839958e-07
0,0,5.104054e-07
0,0,7.2720263e-07
0,0,7.9368647e-07
0,0,5.466089e-07
0,0,7.682498e-07
0,0,4.9628346e-07
0,0,4.1798515e-07
0,0,7.683179e-07
0,0,1.2443414e-06
0,0,7.0097724e-07
0,0,8.915762e-07
0,0,3.989572e-07
0,0,9.3331465e-07
0,0,1.4223529e-06
0,0,7.3378953e-07
0,0,1.4307943e-07
0,0,1.5357036e-06
0,0,5.697481e-07
0,0,5.2400287e-07
0,0,1.9790807e-07
0,0,4.7556827e-07
0,0,1.3639516e-06
0,0,2.8825679e-07
0,0,4.5475568e-07
0,0,8.928287e-07
0,0,2.1441526e-06
0,0,2.8620346e-07
0,0,6.176176e-07
0,0,1.5095204e-06
0,0,5.399682e-07
0,0,7.4306536e-07
0,0,7.7152146e-07
0,0,2.9755793e-07
0,0,1.1042185e-06
0,0,3.8477083e-06
0,0,4.1029247e-07
0,0,5.230727e-07
0,0,2.9844122e-07
0,0,3.061979e-07
0,0,4.426021e-07
0,0,5.9631077e-07
0,0,3.4167607e-07
0,0,6.042808e-07
0,0,4.3486799e-07
0,0,1.8498238e-07
0,0,2.0310782e-07
0,0,1.8704995e-07
0,0,7.649489e-07
0,0,7.3822133e-07
0,0,2.0578261e-07
0,0,6.969863e-07
0,0,3.2820176e-07
0,0,1.1749323e-06
0,0,3.996038e-07
0,0,2.5012966e-06
0,0,2.5364423e-06
0,0,4.880459e-07
0,0,3.1059326e-07
0,0,2.2252443e-07
0,0,1.4540441e-07
0,0,7.434453e-07
0,0,6.372758e-07
0,0,5.79029e-07
0,0,4.5197945e-07
0,0,5.641268e-07
0,0,3.3660382e-07
0,0,4.9680534e-07
0,0,6.4932635e-07
0,0,4.770955e-07
0,0,4.100351e-07
0,0,5.2164995e-07
0,0,1.8101047e-06
0,0,7.151621e-07
0,0,2.8112237e-07
0,0,8.072169e-07
1,0,0.362708
0,0,5.6124196e-07
0,0,2.6400014e-06
0,0,1.8760197e-07
0,0,8.5241044e-07
0,0,8.335511e-07
0,0,6.570719e-07
0,0,9.0336255e-07
0,0,5.470599e-07
0,0,2.4100174e-07
0,0,1.7301204e-06
0,0,3.2927963e-07
0,0,1.9123217e-06
0,0,5.728384e-07
0,0,5.5958094e-07
0,0,5.369201e-07
0,0,4.888298e-07
0,0,9.365835e-07
0,0,2.5656578e-07
0,0,1.9954345e-07
0,0,7.268581e-07
0,0,1.6388063e-07
0,0,1.7850813e-07
0,0,8.932187e-07
0,0,3.9948642e-07
0,0,4.4581273e-07
0,0,5.57995e-07
0,0,5.664174e-07
0,0,5.2519005e-07
0,0,8.066859e-07
0,0,7.898431e-07
0,0,5.53375e-07
0,0,2.5588113e-07
0,0,6.793431e-07
0,0,3.381453e-07
0,0,1.3899328e-06
0,0,2.9634984e-07
0,0,6.779994e-07
0,0,2.8381373e-07
0,0,5.2833934e-07
0,0,3.6799472e-06
0,0,1.1283967e-06
0,0,3.881446e-07
0,0,0.08315164
0,0,3.4528256e-07
0,0,2.6848917e-07
0,0,1.0303302e-06
0,0,3.8723243e-07
0,0,3.616205e-07
0,0,2.6264905e-05
0,0,3.0805634e-07
0,0,1.0158055e-06
0,0,7.0949113e-07
0,0,1.3306618e-06
0,0,2.1234573e-06
0,0,3.3324463e-07
0,0,4.3894212e-07
0,0,1.952607e-06
0,0,3.8266705e-07
0,0,3.516336e-07
0,0,1.3269994e-06
0,0,3.665107e-07
0,0,7.1701277e-07
0,0,4.502225e-07
0,0,3.5131683e-07
0,0,4.8961783e-07
0,0,3.0351617e-07
0,0,1.0502179e-06
0,0,2.5542641e-07
0,0,3.431151e-07
0,0,3.1189307e-07
0,0,4.4887716e-07
0,0,4.1238334e-07
0,0,1.1188778e-06
0,0,7.179543e-07
0,0,3.2699518e-07
0,0,3.6099473e-07
0,0,5.652583e-07
0,0,7.865133e-07
0,0,1.9067026e-07
0,0,3.8969524e-06
0,0,3.8506013e-07
0,0,1.9310348e-06
0,0,5.3133476e-07
0,0,7.1674003e-07
0,0,9.3944334e-07
0,0,7.4492857e-07
0,0,2.593689e-07
0,0,3.5373745e-07
0,0,1.0268145e-06
0,0,4.7348385e-07
0,0,3.6386768e-07
0,0,4.602e-08
0,0,1.216054e-07
0,0,8.459286e-07
0,0,3.2766917e-07
0,0,2.365684e-06
0,0,3.8868689e-07
0,0,0.051178917
0,0,1.1328715e-06
0,0,8.8581726e-07
0,0,8.177445e-07
0,0,6.1130123e-07
0,0,1.0668662e-06
0,0,4.667682e-07
0,0,7.8222104e-07
0,0,1.4640055e-06
0,0,4.9510356e-07
0,0,3.1762903e-07
0,0,2.6498006e-07
0,0,1.4120271e-06
0,0,3.3740827e-07
0,0,2.7534838e-07
0,0,1.0043331e-06
0,0,5.3943086e-07
0,0,1.2275794e-06
0,0,3.7633504e-07
0,0,1.657117e-06
0,0,5.5899795e-07
0,0,4.2217962e-07
0,0,4.1624324e-07
0,0,4.710486e-07
0,0,4.2237252e-07
0,0,9.3593076e-07
0,0,1.6229948e-06
0,0,4.305187e-07
0,0,6.6049785e-07
0,0,6.8142987e-07
0,0,6.814305e-07
0,0,1.1091907e-06
0,0,2.7335494e-07
0,0,4.7564626e-07
0,0,6.372934e-07
0,0,8.542545e-07
0,0,1.4489642e-06
0,0,5.720719e-07
0,0,7.9202096e-08
0,0,1.1696823e-06
0,0,4.94508e-07
0,0,1.29878e-06
0,0,1.8804365e-06
0,0,5.2765205e-07
0,0,8.3938556e-07
0,0,3.1943043e-07
0,0,1.3184305e-06
0,0,4.489264e-07
0,0,7.4874976e-07
0,0,3.6934338e-07
0,0,1.1957612e-06
0,0,1.3745627e-06
0,0,1.3895113e-06
0,0,1.8914187e-07
0,0,1.6619344e-06
0,0,1.0459698e-06
0,0,1.6481711e-06
0,0,1.1491005e-06
0,0,4.612747e-07
0,0,9.723076e-07
0,0,5.3705014e-07
0,0,4.000918e-06
0,0,4.109292e-07
0,0,1.0226133e-06
0,0,2.3669227e-06
0,0,1.337093e-07
0,0,4.9196325e-07
0,0,6.66476e-07
0,0,2.2814582e-07
0,0,5.039575e-07
0,0,8.4183546e-07
0,0,4.5375535e-07
0,0,5.970801e-07
0,0,3.7215602e-07
0,0,6.26285e-07
0,0,1.1464232e-06
0,0,1.3818521e-06
0,0,8.193932e-07
0,0,3.7831023e-07
0,0,1.2086086e-06
0,0,7.2919715e-07
0,0,2.3244208e-06
0,0,9.578936e-07
0,0,1.0165828e-06
0,0,4.288607e-07
0,0,1.28005e-06
0,0,6.687554e-07
0,0,2.3247904e-07
0,0,2.956404e-06
0,0,2.4277826e-06
0,0,2.2457564e-06
0,0,7.8837337e-07
0,0,1.5191792e-06
0,0,4.0408176e-07
0,0,6.623896e-07
0,0,3.945308e-07
0,0,1.2862271e-06
0,0,4.4010525e-07
0,0,4.3637937e-07
0,0,6.4901747e-07
0,0,6.068287e-07
0,0,2.4867208e-07
0,0,6.839501e-07
0,0,3.315759e-07
0,0,3.9474605e-07
0,0,6.227378e-07
0,0,3.8263238e-07
0,0,2.156282e-06
0,0,4.3145707e-07
0,0,6.466457e-07
0,0,4.617893e-07
0,0,7.758681e-07
0,0,9.0460827e-07
0,0,3.1026585e-07
0,0,9.690836e-08
0,0,1.5399963e-06
0,0,3.8215683e-07
0,0,2.9124553e-07
0,0,5.737761e-07
0,0,9.219215e-07
0,0,2.9321419e-07
0,0,7.799447e-07
0,0,3.6409645e-07
0,0,3.0991217e-07
0,0,1.6679842e-06
0,0,3.0797202e-07
0,0,9.459324e-07
0,0,1.7600277e-07
0,0,4.4424453e-07
0,0,1.2907258e-06
0,0,5.308733e-07
0,0,8.549359e-07
0,0,9.221862e-07
0,0,4.171978e-07
0,0,1.5563478e-07
0,0,2.7640024e-07
0,0,3.8545613e-06
0,0,1.0501427e-06
0,0,3.1501568e-07
0,0,5.703108e-07
0,0,2.610332e-06
0,0,3.6574605e-07
0,0,1.0688572e-06
0,0,1.2500233e-06
0,0,4.0276518e-07
0,0,1.5229929e-06
0,0,8.391766e-07
0,0,1.3514916e-06
0,0,7.133189e-07
0,0,3.007105e-07
0,0,1.2001894e-06
0,0,1.3666378e-06
0,0,4.9383834e-07
0,0,2.3252251e-07
0,0,1.2168654e-06
0,0,4.1739122e-07
0,0,4.3516044e-07
0,0,1.8119787e-06
0,0,4.541558e-07
0,0,1.9842678e-06
0,0,4.9434533e-07
0,0,6.647393e-07
0,0,2.742728e-06
0,0,2.107821e-06
0,0,1.0411281e-06
0,0,7.33779e-07
0,0,5.9171424e-07
0,0,2.3032695e-07
0,0,5.3031164e-07
0,0,2.522588e-07
0,0,6.6159794e-07
0,0,6.9706147e-07
0,0,1.7709395e-06
0,0,3.3313881e-07
0,0,3.6591493e-07
0,0,4.6984583e-06
0,0,2.257654e-07
0,0,1.1914232e-06
0,0,1.2464485e-06
0,0,2.640573e-07
0,0,2.5614554e-07
0,0,7.0114703e-07
0,0,5.3319053e-07
0,0,4.590905e-07
0,0,1.4676442e-07
0,0,2.9898874e-07
0,0,4.8756294e-07
0,0,2.0028831e-07
0,0,5.9872684e-07
0,0,4.163332e-06
0,0,3.3488006e-06
0,0,1.1212363e-06
0,0,3.268795e-07
0,0,8.005609e-07
0,0,4.7885686e-07
0,0,4.275099e-07
0,0,7.582328e-07
1,1,0.6097497
0,0,1.7518676e-07
0,0,6.9460015e-07
0,0,1.028382e-07
0,0,3.0781102e-06
0,0,8.672694e-07
0,0,1.019939e-06
0,0,1.0956913e-06
0,0,1.967466e-07
0,0,4.5453103e-07
0,0,7.3796366e-07
0,0,7.1270557e-07
0,0,1.1163912e-06
0,0,1.2784883e-06
0,0,3.8698806e-07
0,0,1.2204996e-06
0,0,6.9569006e-07
0,0,3.4098758e-07
0,0,3.7545283e-07
0,0,2.8055243e-07
0,0,1.5473408e-06
0,0,2.0588266e-06
0,0,1.3782735e-06
0,0,3.8878179e-07
0,0,7.447765e-07
0,0,6.228922e-07
0,0,3.1604088e-07
0,0,4.0141157e-07
0,0,3.4929064e-07
0,0,3.07903e-07
0,0,4.664531e-07
0,0,9.787166e-07
0,0,7.0325984e-07
0,0,1.4758763e-06
0,0,9.281398e-06
0,0,1.0670382e-06
0,0,5.489044e-06
0,0,7.300676e-07
0,0,1.9556322e-07
0,0,1.0754748e-06
0,0,1.0413456e-06
0,0,3.085644e-07
0,0,9.146642e-07
0,0,1.6537574e-06
0,0,6.8029226e-07
0,0,6.319921e-07
0,0,5.8344847e-07
0,0,1.9877357e-06
0,0,1.3258621e-06
0,0,3.1104236e-07
0,0,1.6881013e-06
0,0,2.916363e-07
0,0,4.573613e-07
0,0,5.312101e-07
0,0,5.8355033e-07
0,0,4.1718192e-07
0,0,9.3267766e-07
0,0,4.3640722e-07
0,0,3.4072755e-07
0,0,3.3006185e-07
0,0,4.765085e-07
0,0,3.666177e-07
0,0,7.693847e-07
0,0,1.1011878e-06
0,0,1.6154728e-06
0,0,3.5851662e-07
0,0,4.013461e-07
0,0,3.1435457e-07
0,0,7.2928896e-07
0,0,3.9421374e-07
0,0,3.0308257e-07
0,0,4.6250943e-07
0,0,8.7571846e-07
0,0,5.205437e-07
0,0,2.0059774e-06
0,0,1.8266412e-06
0,0,2.965743e-07
0,0,2.583114e-07
0,0,9.693291e-07
0,0,3.436443e-07
0,0,1.3638072e-06
0,0,9.27824e-07
0,0,1.2016199e-06
0,0,2.0422592e-06
0,0,8.598353e-07
0,0,6.618516e-07
0,0,5.946865e-07
0,0,5.159036e-07
0,0,1.5019098e-06
0,0,3.2703401e-06
0,0,2.4445424e-07
0,0,4.1347258e-07
0,0,9.50046e-07
0,0,8.287468e-07
0,0,9.35233e-07
0,0,1.2754973e-06
0,0,1.0529135e-06
0,0,7.1277213e-07
0,0,9.3919346e-07
0,0,1.0947575e-06
0,0,7.5876227e-07
0,0,6.916507e-07
0,0,1.038117e-06
0,0,3.0097416e-07
0,0,2.624105e-06
0,0,3.624422e-07
0,0,1.7912869e-06
0,0,5.2897667e-07
0,0,2.4650737e-07
0,0,6.1448264e-07
0,0,2.663502e-07
0,0,3.55085e-07
0,0,1.2243619e-06
0,0,1.2670906e-06
0,0,1.4990836e-06
0,0,6.734408e-07
0,0,1.3743779e-06
0,0,6.319111e-06
0,0,4.0972355e-07
0,0,1.8403884e-06
0,0,6.893131e-07
0,0,5.342778e-07
0,0,1.7028492e-06
0,0,1.5105514e-06
0,0,2.9886437e-06
0,0,4.861436e-07
0,0,5.9520056e-07
0,0,2.468433e-07
0,0,2.3532061e-07
0,0,6.9015107e-07
0,0,1.0048792e-06
0,0,3.2345446e-07
0,0,4.2190956e-07
0,0,4.2380086e-07
0,0,3.7414532e-07
0,0,2.4604302e-07
0,0,2.6457909e-07
0,0,5.2773106e-07
0,0,3.2819457e-07
0,0,6.7665906e-07
0,0,3.8912452e-07
0,0,1.2518414e-06
0,0,7.076011e-07
0,0,4.923533e-07
0,0,6.462554e-07
0,0,3.2214794e-07
0,0,6.25444e-07
0,0,2.0122147e-07
0,0,7.0426796e-07
0,0,2.2367942e-06
0,0,1.808464e-07
0,0,1.9029476e-07
0,0,2.5501993e-07
0,0,2.1662176e-07
0,0,1.2369348e-06
0,0,3.203288e-07
0,0,0.0014014242
0,0,1.2010036e-06
0,0,7.841548e-07
0,0,4.62655e-07
0,0,2.6020903e-06
0,0,2.8289148e-07
0,0,3.9105382e-07
0,0,3.4662676e-06
0,0,7.8162896e-07
0,0,3.7366004e-07
0,0,2.8199557e-07
0,0,1.5137169e-06
0,0,2.9516202e-06
0,0,1.5059271e-06
0,0,2.2285326e-06
0,0,3.7632068e-07
0,0,9.725107e-07
0,0,5.2192795e-06
0,0,2.114469e-06
0,0,1.3332975e-06
0,0,2.1511041e-06
0,0,8.1371246e-07
0,0,2.2066843e-06
0,0,6.089552e-07
0,0,6.814435e-07
0,0,6.809056e-07
0,0,9.967255e-07
0,0,2.088737e-06
0,0,5.0622725e-07
0,0,6.766804e-07
0,0,2.7768905e-07
0,0,6.888051e-07
0,0,7.933437e-07
0,0,1.3705022e-06
0,0,3.603426e-07
0,0,4.395621e-07
0,0,1.8781715e-07
0,0,2.164387e-06
0,0,2.0403027e-06
0,0,4.122021e-07
0,0,1.909412e-07
0,0,7.182817e-07
0,0,1.3914448e-06
0,0,7.8032184e-07
0,0,5.6534077e-07
0,0,1.1162656e-06
0,0,8.9826307e-07
0,0,2.3444798e-06
0,0,4.0672043e-07
0,0,2.5160242e-07
0,0,7.3194997e-07
0,0,1.0335572e-06
0,0,1.2338235e-06
0,0,3.7618003e-07
0,0,2.4727522e-06
0,0,2.7333172e-07
0,0,4.6294417e-06
0,0,1.1446764e-06
0,0,3.8587658e-07
0,0,8.5108803e-07
0,0,2.346978e-07
0,0,4.764976e-07
0,0,5.3811084e-07
0,0,9.49125e-07
0,0,1.4686313e-07
0,0,4.7366493e-07
0,0,6.601578e-07
0,0,4.0228764e-07
0,0,1.0267631e-07
0,0,2.093643e-06
0,0,4.248364e-07
0,0,2.5635228e-07
0,0,9.46677e-07
0,0,1.6245091e-06
0,0,8.4727776e-07
0,0,4.8280407e-07
0,0,1.6729339e-06
0,0,3.0382142e-07
0,0,5.32633e-07
0,0,4.6613783e-07
0,0,4.022957e-07
0,0,9.703549e-07
0,0,1.99862e-06
0,0,8.226787e-07
0,0,7.3746213e-07
0,0,2.300094e-06
0,0,4.0767262e-07
0,0,1.0750799e-06
0,0,5.353162e-07
0,0,9.723049e-07
0,0,8.2379984e-07
0,0,6.6135823e-07
0,0,1.2817552e-06
0,0,2.8393856e-07
0,0,5.5327735e-07
0,0,1.9461397e-07
0,0,5.2896854e-07
0,0,2.810119e-06
0,0,4.4999499e-07
0,0,8.1471575e-07
0,0,1.8784652e-07
0,0,6.2647496e-07
0,0,6.572048e-07
0,0,1.7071827e-07
0,0,3.116659e-07
0,0,4.5887964e-06
0,0,3.115182e-07
0,0,7.707397e-07
0,0,5.6988347e-07
0,0,3.1009014e-07
0,0,4.6394607e-07
0,0,6.3994025e-07
0,0,2.4760035e-07
0,0,1.7059359e-06
0,0,7.070311e-07
0,0,9.508482e-07
0,0,4.0512975e-07
0,0,5.554693e-07
0,0,3.867265e-07
0,0,3.6511943e-07
0,0,2.8056206e-07
0,0,7.0039926e-07
0,0,2.7352652e-07
0,0,3.81675e-07
0,0,6.451642e-07
0,0,1.9066243e-07
0,0,1.6779367e-06
0,0,9.885492e-07
0,0,1.0353566e-06
0,0,4.2252887e-07
0,0,1.0108789e-06
0,0,1.3366357e-06
0,0,2.3946535e-07
0,0,5.589478e-07
0,0,6.3683103e-07
0,0,1.2012086e-06
0,0,3.2246487e-07
0,0,4.983295e-07
0,0,1.8997811e-06
0,0,2.20502e-06
0,0,4.778851e-07
0,0,7.3916107e-07
0,0,2.2861691e-07
0,0,1.2626491e-06
0,0,2.6839418e-06
0,0,4.0015178e-07
0,0,1.4470626e-06
0,0,5.0569884e-07
0,0,2.9762492e-07
0,0,7.81345e-07
0,0,1.1509189e-06
0,0,4.2283563e-07
0,0,4.5154948e-07
0,0,2.5258257e-07
0,0,1.8978744e-06
0,0,2.3316157e-07
0,0,1.4661601e-06
0,0,2.2460748e-07
0,0,9.2803106e-07
0,0,2.464674e-07
0,0,7.037054e-07
0,0,1.9047483e-06
0,0,1.7273543e-07
0,0,4.5469275e-07
0,0,7.0180937e-07
0,0,4.2466547e-07
0,0,1.863488e-07
0,0,7.824822e-07
0,0,4.5310068e-07
0,0,1.6505243e-07
0,0,1.2874261e-06
0,0,5.6294556e-07
0,0,1.2072344e-06
0,0,7.717709e-07
0,0,4.4719408e-07
0,0,4.5473573e-07
0,0,9.272278e-07
0,0,1.3500977e-06
0,0,2.7045823e-07
0,0,4.3209283e-07
0,0,5.016434e-07
0,0,4.907435e-07
0,0,5.5141896e-07
0,0,1.1628033e-06
0,0,1.841688e-07
0,0,1.1188522e-06
0,0,3.8926038e-07
0,0,3.9533904e-07
0,0,4.4340454e-06
0,0,2.779243e-07
0,0,6.772569e-07
0,0,5.2552025e-07
0,0,1.0533765e-06
0,0,6.290511e-07
0,0,1.3172152e-06
0,0,4.7774387e-07
0,0,1.1901184e-06
0,0,3.5430702e-07
0,0,4.246983e-07
0,0,2.9457186e-07
0,0,2.0765933e-06
0,0,5.0876815e-07
0,0,3.6020893e-07
0,0,2.069046e-06
0,0,5.158214e-07
0,0,3.3739605e-07
0,0,7.5540856e-07
0,0,1.6870199e-06
0,0,8.230766e-07
0,0,4.810332e-07
0,0,5.3159016e-07
0,0,2.4073182e-07
0,0,1.6187408e-06
0,0,2.7624026e-07
0,0,2.6517623e-07
0,0,1.3643574e-06
0,0,4.2488946e-07
0,0,5.152752e-07
0,0,2.6314171e-07
0,0,1.8088068e-06
0,0,1.444498e-06
0,0,3.863269e-07
0,0,7.973098e-07
0,0,3.9534734e-07
0,0,1.2778179e-06
0,0,5.2854045e-07
0,0,1.9552647e-07
0,0,2.7640445e-07
0,0,4.2297395e-07
0,0,1.1006324e-06
0,0,1.0242502e-06
0,0,1.4584399e-06
0,0,9.3791255e-07
0,0,7.264083e-07
0,0,1.7442388e-06
0,0,1.589763e-07
0,0,3.2973873e-07
0,0,3.4716328e-07
0,0,7.2715204e-07
0,0,1.7626328e-06
0,0,1.0014084e-06
0,0,3.9224042e-07
0,0,2.9717708e-07
0,0,1.532808e-06
0,0,1.3779896e-06
0,0,4.0865936e-07
0,0,5.0108207e-07
0,0,7.459465e-07
0,0,6.482455e-07
0,0,6.8514214e-07
0,0,1.9882218e-07
0,0,1.851347e-07
0,0,1.3753386e-07
0,0,2.0977748e-07
0,0,3.772715e-07
0,0,1.3559857e-06
0,0,6.880514e-07
0,0,2.4625106e-06
0,0,5.4423333e-07
0,0,4.8862194e-07
0,0,7.062238e-07
0,0,9.000948e-07
1,1,0.6084473
0,0,4.364289e-07
0,0,2.957194e-07
0,0,2.3356617e-07
0,0,1.9203155e-06
0,0,1.8786441e-06
0,0,2.7143544e-06
0,0,4.4571627e-07
0,0,2.5724765e-07
0,0,0.0003750601
0,0,7.277716e-07
0,0,3.0876342e-07
0,0,2.4448758e-07
0,0,7.1437483e-07
0,0,2.3625266e-07
0,0,1.7019353e-07
0,0,2.6985663e-06
0,0,3.4838214e-07
0,0,6.4033463e-07
0,0,3.522421e-07
0,0,9.370364e-07
0,0,4.6131035e-07
0,0,0.0093845455
0,0,6.627131e-07
0,0,1.9453562e-06
0,0,3.1242806e-07
0,0,2.7595195e-07
0,0,5.097341e-07
0,0,3.0988969e-07
0,0,5.50354e-07
0,0,3.646535e-07
0,0,2.4058951e-07
0,0,1.3220906e-06
0,0,2.0117131e-06
0,0,6.9721034e-07
0,0,1.978192e-07
0,0,2.0173675e-06
0,0,6.8640963e-07
0,0,6.389225e-07
0,0,4.3429355e-07
0,0,2.3303619e-07
0,0,3.743791e-07
0,0,2.4641997e-06
0,0,2.9567027e-06
0,0,1.1621004e-06
0,0,1.2089971e-06
0,0,2.8594748e-06
0,0,1.1749447e-06
0,0,4.981888e-07
0,0,1.377313e-06
0,0,3.454459e-07
0,0,5.203422e-07
0,0,3.3743734e-06
0,0,1.2343055e-07
0,0,1.0756286e-06
0,0,1.9431428e-07
0,0,2.5602685e-07
0,0,2.1580647e-07
0,0,3.980253e-06
0,0,3.9520447e-07
0,0,2.3591817e-06
0,0,2.5787153e-07
0,0,3.8144898e-07
0,0,1.777964e-06
0,0,5.5005285e-07
0,0,3.2820035e-06
0,0,1.0130523e-06
0,0,3.3700854e-07
0,0,3.4997555e-07
0,0,1.9162455e-07
0,0,2.4179758e-07
0,0,1.1601908e-05
0,0,6.1291007e-07
0,0,3.2012833e-06
0,0,4.795062e-07
0,0,7.011183e-07
0,0,7.5363766e-07
0,0,9.19655e-07
0,0,5.2834343e-07
0,0,2.7767817e-07
0,0,4.1445125e-07
0,0,1.590068e-06
0,0,9.821696e-07
0,0,8.1384366e-07
0,0,3.4346508e-07
0,0,1.1609706e-06
0,0,7.70252e-06
0,0,7.12499e-07
0,0,9.121963e-07
0,0,4.46462e-07
0,0,3.424884e-07
0,0,8.2262306e-07
0,0,3.935181e-07
0,0,3.651999e-07
0,0,1.3877858e-06
0,0,3.549059e-07
0,0,8.6657826e-07
0,0,9.5344507e-07
0,0,2.8873632e-07
0,0,4.817986e-06
0,0,3.9405285e-07
0,0,3.3789192e-07
0,0,8.3008837e-07
0,0,1.6642136e-06
0,0,8.121643e-07
0,0,5.745049e-07
0,0,1.0739844e-06
0,0,4.2732444e-07
0,0,1.192593e-06
0,0,1.3988968e-07
0,0,7.0374296e-07
0,0,2.7541244e-06
0,0,9.3044946e-07
0,0,3.3253286e-07
0,0,4.8525936e-07
0,0,2.3450761e-07
0,0,3.8924182e-07
0,0,4.5233907e-07
0,0,8.0999223e-07
0,0,5.8542935e-07
0,0,3.813948e-07
0,0,8.2100297e-07
0,0,2.096836e-06
0,0,7.0903116e-07
0,0,8.735898e-07
0,0,3.8289082e-07
0,0,6.2945793e-07
0,0,2.4802267e-07
0,0,5.848836e-07
0,0,4.4198416e-07
0,0,2.9679924e-07
0,0,5.323933e-07
0,0,5.258451e-07
0,0,5.326071e-07
0,0,4.8651185e-07
0,0,4.893667e-07
0,0,1.0236585e-06
0,0,7.795729e-07
0,0,6.157603e-07
0,0,5.720665e-07
0,0,9.0652895e-07
0,0,8.832832e-07
0,0,7.051847e-07
0,0,7.244795e-07
0,0,2.5361226e-07
0,0,1.5353287e-06
0,0,5.8825844e-07
0,0,6.4414303e-07
0,0,5.3322714e-07
0,0,6.134486e-07
0,0,1.8856064e-06
0,0,1.2016325e-06
0,1,0.54942554
0,0,3.6112664e-07
0,0,6.408606e-07
0,0,1.1436458e-07
0,0,1.6093743e-06
0,0,3.3334632e-07
0,0,1.9541756e-06
0,0,5.360539e-07
0,0,1.4056934e-06
0,0,7.8528785e-07
0,0,5.151017e-07
0,0,4.0291962e-07
0,0,3.0304935e-07
0,0,2.6676814e-06
0,0,8.4969474e-07
0,0,3.8667338e-07
0,0,5.3894547e-07
0,0,5.250834e-07
0,0,1.21958e-07
0,0,8.194097e-07
0,0,1.3684231e-06
0,0,3.663552e-07
0,0,4.0155402e-07
0,0,6.4015506e-07
0,0,5.991753e-07
0,0,7.2427775e-07
0,0,5.4665054e-07
0,0,1.6557331e-07
0,0,6.489871e-07
0,0,3.3690475e-07
0,0,2.130434e-07
0,0,8.573943e-07
0,0,4.864998e-07
0,0,6.36992e-07
0,0,6.718621e-07
0,0,1.6951723e-06
0,0,4.3445428e-07
0,0,3.6777084e-07
0,0,6.6956966e-07
0,0,1.725186e-07
0,0,9.982961e-07
0,0,4.0419818e-07
0,0,9.63769e-07
0,0,3.0976412e-07
0,0,1.7199045e-06
0,0,2.445088e-07
0,0,2.6753986e-07
0,0,3.1663762e-07
0,0,9.4329835e-07
0,0,6.194557e-07
0,0,6.043586e-07
0,0,3.5739555e-07
0,0,1.1090426e-06
0,0,4.774642e-07
0,0,1.4097235e-06
0,0,3.3937098e-07
0,0,2.0887377e-07
0,0,4.7046768e-07
0,0,5.2706264e-07
0,0,1.9386443e-06
0,0,9.1197626e-07
0,0,6.0658397e-07
0,0,4.7518472e-07
0,0,4.5874168e-07
0,0,0.00049571594
0,0,4.4656932e-07
0,0,9.814561e-07
0,0,1.1584809e-06
0,0,9.199963e-07
0,0,1.1334702e-06
1,0,0.3365735
0,0,4.291385e-07
0,0,8.3647126e-07
0,0,1.1114737e-06
0,0,1.2272424e-06
0,0,2.8347558e-06
0,0,4.9687026e-07
0,0,1.6240568e-06
0,0,1.8844905e-07
0,0,3.3612457e-07
0,0,1.5492678e-06
0,0,1.9245267e-06
0,0,4.6401198e-07
0,0,1.4600931e-06
0,0,9.523737e-07
0,0,1.4714298e-06
0,0,9.431751e-07
0,0,6.1016664e-07
0,0,7.798398e-07
0,0,1.478725e-07
0,0,3.6088014e-07
0,0,4.7053365e-07
0,0,2.3061159e-07
0,0,5.2488065e-07
0,0,3.5128065e-07
1,1,0.9586747
0,0,9.382051e-07
0,0,1.1018754e-07
0,0,2.918948e-07
0,0,2.3200394e-07
0,0,1.122106e-06
0,0,6.49327e-07
0,0,2.546887e-06
0,0,3.707214e-07
0,0,3.090574e-07
0,0,3.081007e-07
0,0,8.0719917e-07
0,0,9.101439e-07
0,0,4.3392856e-06
0,0,1.3438573e-06
0,0,1.8955794e-07
0,0,8.713416e-07
0,0,6.620271e-07
0,0,2.7956128e-07
0,0,8.781706e-07
0,0,9.758553e-07
0,0,8.416989e-07
0,0,3.9637345e-07
0,0,6.358631e-08
0,0,8.045462e-07
0,0,5.616066e-07
0,0,1.3477269e-06
0,0,4.160448e-07
0,0,0.00022282304
0,0,5.441591e-07
0,0,6.061364e-07
0,0,4.1891138e-07
0,0,8.573878e-07
0,0,4.200852e-07
0,0,6.9968553e-07
0,0,4.6689286e-07
0,0,8.51505e-06
0,0,7.7852377e-07
0,0,8.0666126e-07
0,0,8.86939e-07
0,0,2.690256e-07
0,0,2.4594192e-07
0,0,5.717027e-07
0,0,4.5628786e-07
0,0,1.588116e-06
0,0,5.7358244e-07
0,0,4.641532e-07
0,0,6.7509666e-07
0,0,3.442774e-07
0,0,2.6173966e-06
0,0,6.138524e-07
0,0,9.3222945e-07
0,0,6.246774e-07
0,0,1.3070119e-06
0,0,4.5558824e-07
0,0,5.1531646e-07
0,0,7.1272933e-07
0,0,1.4875709e-06
0,0,6.375639e-07
0,0,3.6262787e-07
0,0,9.561577e-07
0,0,9.436456e-07
0,0,2.4134926e-07
0,0,7.328594e-07
0,0,3.42862e-06
0,0,6.30848e-07
0,0,7.79712e-08
0,0,1.1180864e-06
0,0,1.215328e-07
0,0,2.572604e-07
0,0,7.4674165e-07
0,0,1.5372349e-06
0,0,3.281174e-06
0,0,3.9875374e-07
0,0,6.406547e-07
0,0,5.8437513e-06
0,0,3.3831432e-07
0,0,7.7023924e-07
0,0,1.7765964e-06
0,0,9.4731274e-07
0,0,6.7465385e-07
0,0,8.818911e-07
0,0,3.2343658e-07
0,0,7.1299786e-07
0,0,2.9325668e-07
0,0,4.263109e-07
0,0,5.0618377e-07
0,0,1.699034e-06
0,0,1.5987882e-06
0,0,1.7742681e-06
0,0,5.1300304e-07
0,0,7.0401416e-07
0,0,2.67496e-07
0,0,8.918356e-07
0,0,2.4503754e-07
0,0,4.1368833e-07
0,0,1.6684154e-06
0,0,1.6303449e-07
0,0,4.867792e-07
0,0,1.0621253e-06
0,0,1.6764362e-06
0,0,1.6715417e-06
0,0,1.6457477e-07
0,0,1.2453695e-06
0,0,4.3766138e-07
0,0,5.973461e-07
0,0,7.7460976e-07
0,0,4.333498e-07
0,0,1.1251236e-06
0,0,1.3413064e-07
0,0,5.25965e-07
0,0,2.1221758e-06
0,0,2.2174515e-06
0,0,2.4137503e-07
0,0,2.6111562e-07
0,0,2.8783592e-07
0,0,8.18823e-07
0,0,4.3510028e-07
0,0,7.457062e-07
0,0,1.8401147e-06
0,0,2.7908125e-06
0,0,2.338276e-07
0,0,6.612535e-07
0,0,2.2162074e-07
0,0,1.6773622e-07
0,0,6.6327397e-07
0,0,1.4626756e-06
0,0,5.315187e-07
0,0,5.732417e-07
0,0,7.713103e-07
0,0,1.3523645e-06
0,0,3.9139445e-07
0,0,1.3354775e-06
0,0,1.6956977e-06
0,0,1.908864e-07
0,0,9.076042e-07
0,0,1.8592435e-07
0,0,2.0396762e-06
0,0,2.9447915e-07
0,0,5.5155834e-07
0,0,3.2667666e-07
0,0,6.250624e-07
0,0,1.0131614e-06
0,0,1.7771727e-07
0,0,2.762329e-07
0,0,6.779535e-07
0,0,4.1424934e-07
0,0,1.8226079e-07
0,0,1.5680159e-07
0,0,8.035555e-07
0,0,1.1466047e-06
0,0,7.6662644e-07
0,0,6.505028e-07
0,0,9.391272e-07
0,0,5.3540856e-07
0,0,6.595826e-07
0,0,3.7115404e-07
0,0,2.3921434e-06
0,0,1.5757752e-06
0,0,2.7900515e-07
0,0,1.8178912e-06
0,0,9.0148035e-07
0,0,9.254389e-07
0,0,4.4831117e-07
0,0,4.9125856e-07
0,0,3.269927e-07
0,0,6.6312026e-07
0,0,5.666373e-07
0,0,2.949336e-07
0,0,6.198516e-07
0,0,2.3449171e-07
0,0,1.1750276e-06
0,0,1.037458e-06
0,0,7.206983e-07
0,0,8.290085e-07
0,0,3.255483e-07
0,0,9.171536e-07
0,0,3.4161906e-07
0,0,6.218351e-07
0,0,8.7351816e-07
0,0,9.531396e-07
0,0,5.952159e-07
0,0,3.6216576e-07
0,0,1.2852805e-06
0,0,1.6546062e-06
0,0,2.0011319e-06
0,0,6.174315e-07
0,0,1.7536962e-07
0,0,1.8773329e-06
0,0,3.514961e-07
0,0,1.5972628e-06
0,0,3.2792207e-07
0,0,3.7191336e-07
0,0,1.3849841e-06
0,0,1.1036722e-06
0,0,2.5843016e-07
0,0,8.551381e-07
0,0,1.7221777e-06
0,0,0.0005434883
0,0,2.8407777e-07
0,0,4.564576e-07
0,0,4.9099486e-07
0,0,5.963187e-07
0,0,2.3737766e-06
0,0,1.0569548e-06
0,0,9.096622e-07
0,0,2.4097767e-06
0,0,1.3012237e-06
0,0,1.1189643e-06
0,0,3.803262e-07
0,0,2.0540629e-06
0,0,0.00015386507
0,0,1.397966e-07
0,0,6.227378e-07
0,0,1.2155059e-06
0,0,6.654275e-07
0,0,5.3842916e-07
0,0,7.517921e-07
0,0,4.842377e-07
0,0,9.310025e-07
0,0,6.1519506e-07
0,0,8.789297e-07
0,0,9.258704e-06
0,0,2.3227692e-07
0,0,1.1547515e-06
0,0,4.883261e-07
0,0,2.2468703e-06
0,0,7.3434535e-07
0,0,1.4168629e-06
0,0,1.0642099e-06
0,0,6.1236204e-07
0,0,6.4948614e-07
0,0,6.5600557e-07
0,0,9.006013e-07
0,0,4.1675045e-07
0,0,8.596197e-07
0,0,1.9597469e-07
0,0,2.7171466e-06
0,0,1.9274141e-06
0,0,3.8561208e-07
0,0,1.5218444e-06
0,0,2.0624039e-07
0,0,1.1104725e-06
0,0,3.4159623e-07
0,0,3.6819407e-07
0,0,1.1760512e-06
0,0,1.2595809e-06
0,0,7.0433714e-07
0,0,3.1116636e-07
0,0,2.4399657e-07
0,0,1.0054841e-05
0,0,2.539896e-07
0,0,3.8970836e-07
0,0,1.6704039e-06
0,0,2.5158275e-07
0,0,8.5343936e-07
0,0,9.718228e-07
0,0,6.609786e-07
0,0,2.650559e-07
0,0,5.043647e-07
0,0,1.2210317e-06
0,0,4.443399e-07
0,0,4.1622698e-07
0,0,1.9325313e-07
0,0,3.536612e-07
0,0,4.893219e-07
0,0,2.8428562e-07
0,0,1.5775977e-06
0,0,1.6344017e-06
0,0,4.423046e-07
0,0,2.0312564e-07
0,0,5.544378e-07
0,0,2.157582e-06
0,0,3.5006332e-07
0,0,4.6710397e-07
0,0,4.4790988e-07
0,0,3.3329866e-07
0,0,5.5662855e-07
0,0,5.851653e-07
0,0,5.8954845e-07
0,0,8.492759e-07
0,0,5.932545e-07
0,0,1.8253038e-06
0,0,2.8728193e-06
0,0,1.581926e-06
0,0,3.602055e-07
0,0,5.030216e-07
0,0,2.8812728e-06
0,0,5.2153257e-07
0,0,6.960013e-07
0,0,1.2883239e-06
0,0,1.3656681e-07
0,0,7.02997e-07
0,0,9.812184e-07
0,0,2.7070544e-07
0,0,4.4783556e-07
0,0,9.0221664e-07
0,0,3.425109e-07
0,0,3.492237e-07
0,0,7.295151e-07
0,0,1.6496131e-06
0,0,1.6457491e-07
0,0,2.9703259e-07
0,0,7.584787e-07
0,0,7.0827764e-07
0,0,1.2055231e-07
0,0,2.698373e-07
0,0,4.79567e-07
0,0,8.5837775e-07
0,0,8.4910585e-07
0,0,3.5182074e-07
0,0,2.6010878e-07
0,0,4.879044e-07
0,0,8.9669936e-07
0,0,2.2341773e-07
0,0,4.509341e-07
0,0,8.10813e-07
0,0,1.2790432e-06
0,0,4.6694583e-07
0,0,4.2634178e-07
0,0,4.427739e-07
0,0,4.2050164e-07
0,0,5.311721e-07
0,0,6.3391286e-07
0,0,8.7697885e-07
0,0,3.2879416e-07
0,0,3.677533e-07
0,0,5.6308517e-07
0,0,1.22772e-06
0,0,5.5292236e-07
0,0,1.4528841e-06
0,0,1.3378205e-06
0,0,2.2969127e-07
0,0,2.2008771e-06
0,0,2.9713535e-06
0,0,1.4145297e-07
0,0,2.862403e-07
0,0,7.493605e-07
0,0,1.7406743e-06
0,0,4.7913005e-07
0,0,5.4621387e-07
0,0,3.8050797e-07
0,0,6.7677524e-07
0,0,9.493105e-07
0,0,1.3397828e-06
0,0,2.7247523e-07
0,0,9.823664e-07
0,0,4.7033265e-07
0,0,3.7226076e-07
0,0,1.5677334e-06
0,0,4.6355598e-07
0,0,6.610934e-07
0,0,1.625157e-06
0,0,5.308313e-07
0,0,6.586981e-07
0,0,2.0647734e-07
0,0,7.1075414e-07
0,0,8.0038376e-07
0,0,9.3677374e-07
0,0,3.53842e-07
0,0,3.9811536e-07
0,0,1.8879948e-07
0,0,1.6737365e-06
0,0,5.6438296e-07
0,0,1.2140787e-06
0,0,1.0249752e-06
0,0,3.3138116e-07
0,0,7.8602886e-07
0,0,2.8462338e-07
0,0,4.7083213e-07
0,0,7.9554314e-07
0,0,0.16067444
0,0,1.06926e-06
0,0,2.838806e-07
0,0,2.7407616e-06
0,0,4.677686e-07
0,0,7.499739e-07
0,0,1.6548806e-06
0,0,1.5438402e-06
0,0,8.2902034e-07
0,0,6.9986237e-07
0,0,2.1275267e-07
0,0,4.9231807e-07
0,0,3.5175137e-06
0,0,1.1918221e-06
0,0,1.7276162e-07
0,0,1.8622265e-07
0,0,1.1860043e-06
0,0,5.675112e-07
0,0,6.940234e-06
0,0,1.963531e-06
0,0,3.9373882e-07
0,0,4.5968986e-07
0,0,1.2795007e-06
0,0,1.6408893e-06
0,0,5.8773077e-07
0,0,1.1059101e-06
0,0,5.2233594e-07
0,0,2.7971782e-07
0,0,3.3010684e-07
0,0,1.5034288e-06
0,0,4.307339e-07
0,0,1.4043628e-06
0,0,7.783463e-07
0,0,2.8023743e-07
0,0,4.2985448e-07
0,0,1.1150793e-06
0,0,2.267715e-06
0,0,2.88021e-07
0,0,8.02465e-07
0,0,1.5361005e-07
0,0,4.6294855e-07
0,0,1.7801002e-06
0,0,3.3999072e-07
0,0,9.032454e-07
0,0,6.3843095e-07
0,0,0.0018546997
0,0,2.4866433e-06
0,0,3.801518e-07
0,0,2.5982018e-07
0,0,1.0283796e-06
0,0,4.3408073e-07
0,0,4.8502153e-07
0,0,1.0183197e-06
0,0,5.166672e-07
0,0,4.9005225e-06
0,0,1.162372e-06
0,0,5.5688076e-07
0,0,5.425833e-07
0,0,6.0360003e-07
0,0,2.7135857e-07
0,0,3.2176754e-07
0,0,8.160742e-07
0,0,3.5187378e-07
0,0,9.286367e-07
0,0,1.3621927e-06
0,0,9.792133e-07
0,0,1.0233695e-06
0,0,6.2606347e-07
0,0,6.5668223e-07
0,0,2.5371557e-07
0,0,2.19442e-06
0,0,1.8767838e-07
0,0,1.3621525e-06
0,0,3.874722e-07
0,0,4.8007223e-07
0,0,3.8429414e-07
0,0,1.0541443e-06
0,0,1.9733545e-06
0,0,7.214334e-07
0,0,2.939491e-07
0,0,1.0201888e-06
0,0,1.1719042e-06
0,0,9.054878e-07
0,0,2.9234164e-07
0,0,3.1700958e-07
0,0,6.3005496e-07
0,0,7.7843174e-07
0,0,2.71208e-06
0,0,5.9123647e-07
0,0,5.373027e-07
0,0,1.0783092e-06
0,0,6.479228e-07
0,0,2.2624025e-07
0,0,6.1248875e-07
0,0,3.8946646e-07
0,0,4.468688e-07
0,0,7.38379e-07
0,0,2.9040763e-07
0,0,3.3671236e-07
0,0,5.793217e-07
0,0,4.5338814e-07
0,0,4.5166664e-07
0,0,3.5123375e-07
0,0,4.156304e-07
0,0,9.3143683e-07
0,0,1.061543e-06
0,0,4.6844457e-06
0,0,0.0006217871
0,0,1.2022297e-06
0,0,4.5085068e-07
0,0,1.350592e-07
0,0,2.1241003e-07
0,0,1.2978613e-06
0,0,2.3557726e-07
0,0,0.4665061
0,0,3.6300293e-07
0,0,3.521618e-07
0,0,1.2043653e-06
0,0,1.4736584e-06
0,0,5.098688e-07
0,0,2.4371099e-07
0,0,4.0280128e-07
0,0,3.7151563e-07
0,0,6.1709835e-07
0,0,1.093763e-06
0,0,3.3089893e-07
0,0,5.5807374e-07
0,0,2.5568133e-07
0,0,8.590722e-07
0,0,5.715686e-07
0,0,3.322067e-07
0,0,4.862507e-07
0,0,4.3116665e-07
0,0,8.9297265e-07
0,0,8.8425753e-07
0,0,1.8692169e-06
0,0,3.8606174e-07
0,0,1.8253509e-06
0,0,3.735909e-07
0,0,5.058431e-07
0,0,2.5261966e-07
0,0,3.4619356e-07
0,0,5.8225004e-07
0,0,5.389891e-07
0,0,4.221414e-07
0,0,1.246949e-06
0,0,4.4162815e-07
0,0,1.1254187e-06
0,0,5.2172953e-07
0,0,1.0819227e-06
0,0,9.256234e-07
0,0,1.6270224e-06
0,0,5.2735726e-07
0,0,3.8455954e-07
0,0,3.3378058e-07
0,0,4.7401474e-07
0,0,3.1650026e-07
0,1,0.57457125
0,0,3.323249e-07
0,0,3.3106622e-07
0,0,1.1702792e-06
0,0,1.0240392e-06
0,0,3.6615646e-07
0,0,8.520553e-07
0,0,7.074446e-07
0,0,3.0126364e-07
0,0,6.937191e-07
0,0,1.1593131e-06
0,0,6.119148e-07
0,0,3.3160732e-06
0,0,8.6010925e-07
0,0,6.0359827e-07
0,0,7.392703e-07
0,0,3.0878418e-06
0,0,6.393272e-07
0,0,6.8065435e-07
0,0,6.5495294e-07
0,0,7.2723384e-07
0,0,2.8826585e-07
0,0,6.555541e-07
0,0,2.3307975e-07
0,0,8.156906e-07
0,0,1.0954333e-06
0,0,1.1417283e-06
0,0,8.934829e-07
0,0,3.7544746e-07
0,0,1.9264608e-07
0,0,3.8943563e-07
0,0,2.592121e-07
0,0,5.3379955e-07
0,0,5.3804723e-07
0,0,3.897325e-07
0,0,9.494029e-07
0,0,3.5375496e-07
0,0,3.3909114e-07
0,0,1.5494038e-06
0,0,2.0570336e-07
0,0,7.071006e-07
0,0,5.183146e-07
0,0,8.247172e-07
0,0,4.049988e-07
0,0,1.4139365e-06
0,0,8.591656e-07
0,0,6.438912e-07
0,0,6.715079e-07
0,0,5.0140517e-07
0,0,2.7507332e-07
0,0,8.451295e-07
0,0,7.666315e-07
0,0,3.361076e-07
0,0,5.0442776e-07
0,0,4.3323496e-07
0,0,1.7171642e-06
0,0,2.2275289e-07
0,0,8.259191e-07
0,0,5.008785e-07
0,0,1.3169124e-06
0,0,7.7892105e-07
0,0,1.0816308e-06
0,0,3.0592673e-07
0,0,1.858249e-07
0,0,3.579324e-07
0,0,4.3361774e-07
0,0,1.0392652e-06
0,0,8.4561646e-07
0,0,6.707405e-07
0,0,1.956132e-07
0,0,2.4571474e-07
0,0,8.673513e-07
0,0,6.6261197e-07
0,0,1.1949769e-06
0,0,4.599859e-07
0,0,3.9329672e-07
0,0,4.259293e-07
0,0,3.0250303e-07
0,0,2.4219062e-07
0,0,1.0718817e-06
0,0,3.538795e-07
0,0,3.7899633e-07
0,0,7.380467e-07
0,0,8.905199e-07
0,0,8.864782e-07
0,0,1.0789543e-06
0,0,9.699089e-07
0,0,6.492322e-07
0,0,2.563474e-07
0,0,6.071755e-07
0,0,5.905062e-07
0,0,7.920993e-07
0,0,2.0787341e-07
0,0,2.8245205e-07
0,0,6.5066473e-07
0,0,3.12875e-07
0,0,2.4273425e-07
0,0,1.8184513e-06
0,0,2.2582205e-07
0,0,1.7354663e-06
0,0,4.3412172e-07
0,0,1.3407952e-06
0,0,2.2957869e-07
0,0,1.3081204e-06
0,0,2.1588664e-06
0,0,6.875365e-07
0,0,4.995152e-07
0,0,6.403047e-07
0,0,1.8552437e-06
0,0,2.792727e-07
0,0,2.1822521e-07
0,0,3.0493666e-07
0,0,2.704345e-07
0,0,8.845097e-07
0,0,1.524129e-07
0,0,3.1273657e-07
0,0,1.3558615e-06
0,0,3.1916184e-07
0,0,2.4360224e-07
0,0,6.120508e-07
0,0,3.2958042e-06
0,0,9.961658e-07
0,0,2.8653173e-07
0,0,1.7471491e-07
0,0,2.2359934e-07
0,0,8.2649973e-07
0,0,1.1170717e-06
0,0,1.4675478e-06
0,0,3.4370632e-06
0,0,4.7987083e-07
0,0,3.953036e-07
0,0,1.0315227e-06
0,0,3.0104937e-07
0,0,1.1020892e-06
0,0,1.0751424e-06
0,0,1.1066518e-06
0,0,9.244192e-07
0,0,4.5076212e-07
0,0,9.350886e-07
0,0,1.0299185e-06
0,0,5.1732445e-07
0,0,1.0164975e-06
0,0,1.2018377e-06
0,0,6.1167333e-07
0,0,1.302536e-06
0,0,6.738257e-07
0,0,5.138555e-07
0,0,3.9926022e-07
0,0,7.3062836e-07
0,0,6.9100395e-07
0,0,4.86964e-07
0,0,3.6461802e-07
0,0,6.410342e-07
0,0,3.9364832e-07
0,0,2.656934e-07
0,0,8.995773e-07
0,0,2.7420035e-07
0,0,6.4548425e-07
0,0,2.450037e-06
0,0,2.5548803e-07
0,0,5.293238e-07
0,0,9.152767e-07
0,0,7.770366e-07
0,0,3.4589127e-07
0,0,5.625656e-07
0,0,8.208895e-07
0,0,3.3556856e-07
0,0,5.352059e-07
0,0,6.5239266e-07
0,0,2.8921585e-07
0,0,4.0048815e-07
0,0,4.524435e-07
1,0,0.35885736
0,0,2.6834658e-07
0,0,1.3266425e-06
0,0,4.2232176e-07
0,0,7.8243374e-07
0,0,5.146667e-07
0,0,9.672838e-07
0,0,1.0381309e-06
0,0,3.975947e-06
0,0,4.400503e-07
0,0,1.6324219e-07
0,0,3.631809e-07
0,0,5.746561e-07
0,0,6.0690917e-07
0,0,4.6195575e-07
0,0,1.4263858e-06
0,0,5.389557e-07
0,0,1.9941275e-07
0,0,4.5555953e-07
0,0,8.5304396e-07
0,0,4.389065e-07
0,0,2.806659e-07
0,0,2.9315098e-07
0,0,7.98691e-07
0,0,3.5512429e-07
0,0,3.6403813e-07
0,0,6.0495313e-07
0,0,2.860435e-06
0,0,9.4234076e-07
0,0,8.710458e-07
0,0,1.4238768e-06
0,0,6.9075554e-07
0,0,3.5929395e-07
0,0,3.511748e-07
0,0,5.2385246e-07
0,0,2.8462338e-07
0,0,3.4364496e-07
0,0,3.675363e-07
0,0,1.6660065e-06
0,0,4.2448164e-07
0,0,4.5446217e-07
0,0,3.844653e-07
0,0,4.1018686e-07
0,0,4.071194e-07
0,0,4.1198552e-07
0,0,4.2047398e-07
0,0,3.6427605e-06
0,0,3.8928152e-07
0,0,1.3043135e-06
0,0,9.484211e-07
0,0,4.810465e-07
0,0,5.2812527e-07
0,0,3.414881e-07
0,0,1.0935388e-06
0,0,3.6613517e-07
0,0,1.3936493e-06
0,0,3.7170275e-07
0,0,3.7371206e-07
0,0,1.7366966e-06
0,0,1.1531878e-06
0,0,3.2402036e-07
0,0,1.8252376e-06
0,0,3.8402848e-07
0,0,8.5740663e-07
0,0,3.2578964e-07
0,0,4.9928707e-07
0,0,4.3817548e-07
0,0,7.420541e-07
0,0,1.0428939e-06
0,0,1.684764e-06
0,0,1.097444e-06
0,0,3.319736e-07
0,0,2.207282e-06
0,0,7.665986e-07
0,0,2.0255479e-07
0,0,2.4255604e-07
0,0,3.7497045e-07
0,0,1.621955e-06
0,0,1.7002237e-06
0,0,4.6516885e-07
0,0,4.4034837e-07
0,0,4.0993385e-07
0,0,8.0832e-07
0,0,5.4550384e-07
0,0,3.0251778e-07
0,0,5.245133e-07
0,0,2.9490408e-07
0,0,3.18819e-07
0,0,1.280376e-06
0,0,5.666967e-07
0,0,4.242291e-07
0,0,1.775731e-07
0,0,1.2825141e-07
0,0,1.0039366e-06
0,0,4.827442e-07
0,0,5.653068e-07
0,0,1.4748239e-06
0,0,3.9195623e-07
0,0,3.475452e-07
0,0,3.7377052e-07
0,0,6.4767323e-07
0,0,5.5776997e-07
0,0,2.1265022e-07
0,0,8.5713515e-07
0,0,4.7052015e-07
0,0,7.6449675e-07
0,0,2.337717e-06
0,0,7.753786e-06
0,0,1.6395784e-06
0,0,4.442772e-07
0,0,3.9734726e-07
0,0,3.1039548e-07
0,0,7.128871e-07
0,0,1.8935552e-06
0,0,4.8186064e-07
0,0,3.8806388e-07
0,0,6.2599065e-07
0,0,0.00031358775
0,0,2.3265426e-07
0,0,5.555043e-07
0,0,3.643111e-07
0,0,1.1319718e-06
0,0,3.1445938e-06
0,0,6.7747976e-07
0,0,3.63968e-07
0,0,2.330147e-06
0,0,8.8725125e-07
0,0,4.4528414e-07
0,0,7.7708546e-07
0,0,1.3614837e-06
0,0,1.4501613e-06
0,0,2.5726533e-06
0,0,1.8034797e-07
0,0,1.9439194e-07
0,0,4.2958564e-07
0,0,1.993214e-06
0,0,3.9448904e-07
0,0,2.7173073e-07
0,0,7.2076983e-07
0,0,1.6204506e-06
0,0,9.916303e-07
0,0,8.502386e-07
0,0,7.22593e-07
0,0,5.125018e-07
0,0,4.720267e-07
0,0,1.1931105e-06
0,0,2.1060455e-07
0,0,2.7429112e-07
0,0,1.8181183e-06
0,0,3.9125675e-07
0,0,1.6842326e-07
0,0,7.012166e-07
0,0,0.042891018
0,0,1.7093085e-06
0,0,1.9425106e-06
0,0,4.2324467e-07
0,0,1.6898105e-07
0,0,6.068241e-07
0,0,8.9217326e-07
0,0,4.8150787e-07
0,0,3.674045e-07
0,0,6.0386543e-07
0,0,5.025891e-07
0,0,1.68885e-06
0,0,5.020693e-07
0,0,3.864968e-07
0,0,3.2824007e-06
0,0,2.7731403e-06
0,0,3.4228952e-07
0,0,6.3766544e-07
0,0,2.346837e-07
0,0,2.3664592e-07
0,0,6.548311e-07
0,0,6.303633e-07
0,0,6.4423335e-07
0,0,2.1139044e-06
0,0,1.6302266e-07
0,0,5.0051943e-07
0,0,2.3957915e-05
0,0,1.0099769e-06
0,0,1.1038921e-06
0,0,3.3151343e-06
0,0,2.3454056e-06
0,0,3.638063e-07
0,0,2.918792e-07
0,0,3.1228296e-07
0,0,1.8706526e-06
0,0,5.593216e-07
0,0,1.689166e-07
0,0,4.2693705e-07
0,0,2.9262418e-07
0,0,7.458577e-07
0,0,2.0183398e-07
0,0,1.4322579e-07
0,0,1.0556685e-06
0,0,1.1732584e-06
0,0,4.4416151e-07
0,0,2.882095e-07
0,0,3.8328102e-07
0,0,2.0013233e-07
0,0,3.3690485e-06
0,0,2.1177068e-07
0,0,1.672323e-07
0,0,1.5794659e-07
0,0,5.0377633e-07
0,0,4.785811e-07
0,0,1.4749252e-06
0,0,2.128036e-07
0,0,5.31612e-07
0,0,8.934318e-07
0,0,1.9849631e-07
0,0,1.1705192e-06
0,0,7.530364e-07
0,0,2.5428773e-07
0,0,3.2192193e-07
0,0,5.6629966e-07
0,0,9.2875086e-07
0,0,1.861346e-07
0,0,3.3883157e-07
0,0,1.006002e-06
0,0,2.841997e-07
0,0,5.01136e-06
0,0,2.850417e-07
0,0,1.7620933e-06
0,0,3.0509045e-06
0,0,6.175805e-07
0,0,2.4853819e-06
0,0,1.0307075e-06
0,0,1.0196034e-06
0,0,1.2124021e-06
0,0,3.780682e-07
0,0,2.971989e-07
0,0,9.512182e-07
0,0,8.7608205e-06
0,0,4.245942e-07
0,0,2.999538e-07
0,0,5.681887e-07
0,0,3.401467e-07
0,0,5.1018543e-07
0,0,1.1766076e-06
0,0,3.8850195e-07
0,0,1.3910653e-06
0,0,4.103221e-06
0,0,1.2477329e-06
0,0,1.4219729e-06
0,0,6.9119113e-07
0,0,1.052291e-06
0,0,9.4023744e-07
0,0,3.6219168e-07
0,0,2.7852425e-07
0,0,7.9877566e-07
0,0,1.00903e-07
0,0,2.4929636e-07
0,0,4.9835654e-07
0,0,4.0186853e-07
0,0,1.6361141e-06
0,0,6.843233e-07
0,0,7.126342e-07
0,0,7.248043e-07
0,0,2.4097994e-06
0,0,4.527512e-07
0,0,1.8491797e-06
0,0,4.231761e-07
0,0,5.765637e-07
0,0,2.1845685e-06
0,0,7.8568485e-07
0,0,7.6504233e-07
0,0,4.6382883e-07
0,0,2.2023721e-06
0,0,4.507294e-07
0,0,6.867134e-07
0,0,1.9046325e-07
0,0,7.2335484e-07
0,0,7.4838346e-07
0,0,3.196291e-07
0,0,5.1064984e-07
0,0,6.988633e-07
0,0,6.2062645e-07
0,0,3.2624513e-07
0,0,1.0556341e-06
0,0,4.6945928e-07
0,0,1.8294884e-07
0,0,5.802274e-07
0,0,2.732804e-07
0,0,4.798704e-07
0,0,7.51724e-07
0,0,1.1925179e-06
0,0,5.5963164e-07
0,0,1.0664887e-06
0,0,2.2134046e-07
0,0,3.6309433e-07
0,0,9.054179e-07
0,0,5.158736e-07
0,0,2.7865894e-07
0,0,5.478514e-07
0,0,4.4296524e-07
0,0,2.788171e-07
0,0,0.00029527536
0,0,1.4209659e-06
0,0,8.143125e-07
0,0,6.471102e-07
0,0,5.5588055e-07
0,0,5.189947e-07
0,0,5.26624e-07
0,0,1.9662544e-07
0,0,6.3994935e-07
0,0,7.0246756e-07
0,0,1.0045783e-06
0,0,6.782232e-07
0,0,2.7500695e-07
0,0,4.2617998e-07
0,0,4.2936819e-07
0,0,9.97042e-07
0,0,6.5632037e-07
0,0,5.961231e-07
0,0,6.3955645e-07
0,0,1.8022297e-07
0,0,1.5366002e-06
0,0,4.4807092e-07
0,0,1.6993663e-07
0,0,3.841545e-07
0,0,2.100265e-07
0,0,1.4994268e-06
0,0,4.8066596e-07
0,0,4.15568e-06
0,0,1.6574788e-06
0,0,2.919513e-07
0,0,1.0197317e-06
0,0,3.9713058e-07
0,0,1.5633841e-06
0,0,9.4242614e-07
0,0,6.7551656e-07
0,0,1.827126e-07
0,0,6.0875715e-07
0,0,5.90918e-07
0,0,1.0275747e-06
0,0,2.662565e-07
0,0,4.217863e-06
0,0,3.2081462e-07
0,0,5.462472e-07
0,0,2.9496554e-05
0,0,5.491078e-07
0,0,4.5459262e-07
0,0,0.4406498
0,0,1.2583348e-06
0,0,1.0321761e-06
0,0,6.49449e-07
0,0,3.46359e-07
0,0,3.150821e-07
0,0,1.4228573e-07
0,0,1.0823386e-06
0,0,7.8522345e-07
0,0,3.7198572e-07
0,0,6.004314e-07
0,0,1.5782928e-06
0,0,3.7086178e-07
0,0,6.09277e-07
0,0,2.9510045e-07
0,0,6.9270953e-07
0,0,3.8768437e-07
0,0,2.0339003e-07
0,0,4.0812037e-07
0,0,1.2480899e-06
0,0,2.438549e-07
0,0,2.6313947e-07
0,0,5.6193716e-07
0,0,1.4751305e-06
0,0,1.1717847e-06
0,0,1.7214239e-06
0,0,5.7910966e-06
0,0,8.319278e-07
0,0,6.119715e-07
0,0,1.0092972e-06
0,0,3.0103303e-07
0,0,2.510054e-07
0,0,5.680321e-07
0,0,3.7180237e-07
0,0,1.0505364e-06
0,0,3.8757904e-07
0,0,1.4603968e-06
0,0,7.263806e-07
0,0,2.1157831e-07
0,0,1.0208644e-06
0,0,1.2924748e-06
0,0,1.0287739e-06
0,0,7.5257543e-07
0,0,4.8953893e-07
0,0,4.4506976e-07
0,0,2.304347e-06
0,0,2.3999507e-07
0,0,1.0193467e-06
0,0,7.246674e-07
0,0,7.504282e-07
0,0,1.180071e-06
0,0,5.144203e-07
0,0,1.8786833e-06
0,0,1.8798034e-06
0,0,2.6729708e-06
0,0,3.8681281e-07
0,0,6.1736205e-07
0,0,5.0951104e-07
0,0,5.440216e-07
0,0,3.541516e-07
0,0,2.593177e-07
0,0,5.4862267e-07
0,0,2.714554e-07
0,0,2.3625996e-06
0,0,4.8021417e-07
0,0,5.874696e-07
0,0,8.935706e-07
0,0,1.11178906e-07
0,0,1.9856175e-06
0,0,5.87687e-07
0,0,4.9934846e-07
0,0,7.580932e-07
0,0,5.6758427e-07
0,0,3.9808538e-07
0,0,2.931166e-07
0,0,5.260352e-07
0,0,2.3138459e-07
0,0,4.3860862e-07
0,0,2.4971685e-06
0,0,3.91021e-07
0,0,9.691406e-07
0,0,3.3549944e-07
0,0,4.975977e-07
0,0,8.1985985e-07
0,0,9.650678e-07
0,0,2.1888802e-07
0,0,4.7821106e-07
0,0,1.4111533e-06
0,0,2.5211114e-07
0,0,5.366423e-06
0,0,8.8913754e-07
0,0,3.6714354e-07
0,0,2.5385788e-07
0,0,1.6242861e-06
0,0,3.38599e-07
0,0,8.930655e-07
0,0,7.380115e-07
0,0,2.2017127e-06
0,0,7.450763e-07
0,0,1.4511184e-07
0,0,4.2368168e-07
0,0,1.3302532e-06
0,0,0.014809009
0,0,8.980292e-07
0,0,1.5803819e-06
0,0,5.639612e-07
0,0,8.327192e-07
0,0,2.0623972e-06
0,0,4.688387e-07
0,0,3.7435268e-07
0,0,4.4488306e-07
0,0,3.5858397e-07
0,0,1.72475e-06
0,0,1.413164e-06
0,0,1.2738672e-06
0,0,1.1564266e-06
0,0,5.087638e-07
0,0,1.593453e-07
0,0,8.7415987e-07
0,0,3.3148893e-07
0,0,1.5009303e-07
0,0,5.236926e-07
0,0,3.7398192e-07
0,0,2.6128947e-07
0,0,1.5033814e-07
0,0,3.609765e-07
0,0,1.9994854e-06
0,0,4.4904198e-07
0,0,3.9840324e-07
0,0,4.6551722e-07
0,0,3.4877473e-07
0,0,8.114326e-07
0,0,5.1219786e-07
0,0,4.1657762e-07
0,0,2.2130247e-07
0,0,6.662205e-07
0,0,3.842157e-07
0,0,6.089726e-07
0,0,9.841574e-07
0,0,4.693634e-07
0,0,3.6257424e-07
0,0,5.487393e-07
0,0,2.7122223e-07
0,0,1.7108056e-06
0,0,4.9393583e-07
0,0,2.1859263e-07
0,0,4.7877285e-07
0,0,2.7885247e-07
0,0,1.109743e-06
0,0,4.455951e-07
0,0,5.45929e-07
0,0,3.1489077e-07
0,0,5.042224e-07
0,0,4.5130065e-07
0,0,2.9857244e-07
0,0,3.6076725e-07
0,0,6.563855e-07
0,0,6.439035e-07
0,0,2.829859e-07
0,0,1.0485195e-06
0,0,5.967733e-07
0,0,1.2411072e-06
0,0,5.7035106e-07
0,0,1.2421872e-06
0,0,3.5139018e-07
0,0,4.9827105e-07
0,0,4.560329e-07
0,0,4.7243918e-07
0,0,3.3357671e-06
0,0,2.2600604e-07
0,0,1.4473442e-06
0,0,2.1333477e-07
0,0,1.2439582e-06
0,0,1.5000059e-07
0,0,9.0921037e-07
0,0,0.008456431
0,0,4.9203646e-07
0,0,3.449008e-07
0,0,1.810509e-07
0,0,1.081508e-06
0,0,2.0377776e-07
0,0,1.3218297e-06
0,0,1.1446992e-06
0,0,1.0664817e-06
0,0,4.400104e-07
0,0,1.6915209e-06
0,0,1.4301697e-06
0,0,9.4441447e-07
0,0,4.2560364e-07
0,0,7.4725807e-07
0,0,3.3681607e-07
0,0,3.5499562e-07
0,0,5.032188e-07
0,0,1.114198e-06
0,0,1.7303944e-06
0,0,5.486608e-07
0,0,2.0969709e-07
0,0,0.0015208198
0,0,1.1839985e-06
0,0,4.4510884e-07
0,0,8.6482794e-07
0,0,1.5802644e-06
0,0,3.4095248e-07
0,0,1.9701115e-07
0,0,1.3487529e-06
0,0,3.1257852e-07
0,0,5.3370997e-07
0,0,4.9259285e-07
0,0,7.7014596e-07
0,0,2.9747113e-07
0,0,2.727971e-07
0,0,2.3674392e-07
0,0,2.639976e-07
0,0,4.0560244e-06
0,0,1.5429586e-06
0,0,1.3399886e-06
0,0,5.80322e-07
0,0,3.430127e-07
0,0,5.3937634e-07
0,0,3.274914e-07
0,0,1.335759e-06
0,0,3.7122945e-07
0,0,2.5945621e-07
0,0,8.0810497e-07
0,0,6.0548524e-07
0,0,7.96603e-07
0,0,9.787263e-05
0,0,5.033686e-07
0,0,2.6836193e-07
0,0,5.673159e-07
0,0,1.9138876e-07
0,0,9.758491e-06
0,0,4.5766632e-07
0,0,1.1814087e-06
0,0,7.176915e-07
0,0,4.847395e-07
0,0,7.893454e-07
0,0,9.1040425e-07
0,0,2.743238e-06
0,0,7.6119966e-07
0,0,8.483223e-07
0,0,1.8726749e-06
0,0,8.646861e-07
0,0,5.1021465e-07
0,0,3.0520317e-07
0,0,6.0731617e-07
0,0,4.2901985e-07
0,0,6.9278815e-07
0,0,2.3331268e-06
0,0,6.7451293e-07
0,0,2.0700554e-07
0,0,3.1488823e-06
0,0,1.9066547e-06
0,0,2.9568048e-07
0,0,5.316662e-07
0,0,5.4573064e-07
0,0,2.5411973e-07
0,0,9.2619115e-07
0,0,2.1745664e-06
0,0,7.4030186e-07
0,0,6.055049e-07
0,0,5.718156e-07
0,0,4.7857975e-07
0,0,7.386474e-07
0,0,1.3375254e-07
0,0,1.7146982e-07
0,0,9.604219e-07
0,0,1.8004191e-07
0,0,5.613817e-07
0,0,5.6158035e-07
0,0,2.5898353e-07
0,0,1.1247931e-06
0,0,1.4464705e-07
0,0,1.4810253e-07
0,0,8.046321e-07
0,0,9.0371583e-07
0,0,1.7063899e-06
0,0,2.0265873e-07
0,0,2.793867e-07
0,0,5.011026e-07
0,0,6.148279e-07
0,0,1.9336225e-07
0,0,8.4910744e-07
0,0,7.296806e-07
0,0,3.851655e-07
0,0,1.9557197e-07
0,0,6.741226e-07
0,0,1.0079034e-06
0,0,1.3574179e-06
0,0,3.6223418e-07
0,0,3.6996772e-07
0,0,6.587735e-07
0,0,4.4466375e-07
0,0,6.5267767e-07
0,0,6.3485606e-07
0,0,4.1845303e-07
0,0,8.803356e-07
0,0,4.170403e-07
0,0,5.683659e-07
0,0,3.315291e-07
0,0,1.088125e-06
0,0,4.1490802e-07
0,0,3.3173532e-07
0,0,3.8115337e-07
0,0,2.8878176e-07
0,0,2.5339255e-06
0,0,8.87781e-07
0,0,7.078016e-07
0,0,7.713515e-07
0,0,7.64332e-07
0,0,1.276936e-06
0,0,2.5060692e-07
0,0,4.753334e-07
0,0,4.831638e-06
0,0,5.353953e-07
0,0,2.0171365e-06
0,0,6.9419815e-07
0,0,4.292302e-07
0,0,6.6754535e-07
0,0,3.7245928e-07
0,0,6.5435734e-07
0,0,2.894816e-07
0,0,5.743225e-07
0,0,8.2255315e-07
0,0,1.7385626e-07
0,0,1.0081476e-06
0,0,3.0917207e-07
0,0,3.7023985e-06
0,0,2.316934e-06
0,0,8.6488654e-07
0,0,2.096637e-07
0,0,1.6038462e-06
0,0,4.4961405e-07
0,0,4.83688e-07
0,0,1.4422915e-06
0,0,6.500079e-07
0,0,5.9890675e-07
0,0,9.0375977e-07
0,0,3.8202566e-07
0,0,4.8451716e-07
0,0,6.467758e-07
0,0,3.7090354e-07
0,0,6.9067187e-07
0,0,7.1709695e-07
0,0,2.3400027e-07
0,0,5.603911e-07
0,0,5.2197936e-07
0,0,2.859535e-06
0,0,0.0092582675
0,0,1.7523068e-06
0,0,2.3812067e-06
0,0,2.0476483e-07
0,0,7.2730876e-07
0,0,5.217918e-07
0,0,4.9755164e-07
0,0,2.4184556e-07
0,0,8.453826e-07
0,0,2.3072135e-07
0,0,7.4898827e-07
0,0,1.3639764e-06
0,0,3.9328845e-07
0,0,4.5872554e-07
0,0,5.2879204e-07
0,0,5.37232e-07
0,0,6.0023444e-07
0,0,5.8579684e-07
0,0,1.136981e-06
0,0,4.4390703e-07
0,0,7.3620424e-07
0,0,1.5353053e-06
0,0,5.888135e-07
0,0,1.858912e-07
0,0,4.2569906e-07
0,0,2.0341497e-06
0,0,5.8840766e-07
0,0,4.5078403e-07
0,0,5.324273e-07
0,0,2.4073987e-07
0,0,6.38213e-07
0,0,3.3426318e-07
0,0,4.02247e-07
0,0,4.2744304e-07
0,0,1.4255617e-06
0,0,3.6638036e-07
0,0,6.32138e-07
0,0,6.081891e-07
0,0,3.2989536e-07
0,0,3.544334e-07
0,0,1.9096628e-06
0,0,5.5270885e-07
0,0,6.950355e-07
0,0,2.7128897e-07
0,0,1.545779e-06
0,0,3.9964874e-07
0,0,9.4639535e-07
0,0,1.4847984e-07
0,0,1.0290565e-06
0,0,7.558755e-07
0,0,2.9228084e-07
0,0,2.7722308e-07
0,0,8.034367e-06
0,0,1.59237e-06
0,0,1.7562753e-07
0,0,8.850793e-07
0,0,1.6891434e-07
0,0,2.5083335e-07
0,0,7.2890236e-07
0,0,1.6716389e-07
0,0,4.703008e-07
0,0,1.2781019e-06
0,0,8.18211e-07
0,0,6.812154e-07
0,0,2.7537754e-07
0,0,5.3378074e-07
0,0,1.6383046e-07
0,0,3.4260108e-07
0,0,1.8804418e-06
0,0,2.2668262e-06
0,0,9.16268e-07
0,0,7.3282024e-07
0,0,5.854193e-07
0,0,1.1212546e-06
0,0,2.304779e-07
0,0,2.3647065e-07
0,0,3.0053906e-07
0,0,2.6994232e-07
0,0,1.3773852e-06
0,0,4.2815253e-07
0,0,2.7744736e-07
0,0,1.0219095e-06
0,0,1.329169e-06
0,0,2.2545976e-06
0,0,3.0618241e-07
0,0,4.106926e-07
0,0,3.9781885e-06
0,0,6.209758e-07
0,0,2.2697976e-07
0,0,3.6802066e-07
0,0,1.0770812e-06
0,0,4.481496e-07
0,0,1.0940405e-06
0,0,9.591688e-07
0,0,1.2829464e-06
0,0,3.1014605e-07
0,0,1.6462186e-06
0,0,2.1873016e-06
0,0,9.253533e-07
0,0,9.1825984e-07
0,0,4.7133489e-07
0,0,4.1271304e-07
0,0,1.0721046e-06
0,0,3.6029002e-07
0,0,5.2022415e-07
0,0,5.755144e-07
0,0,2.1338024e-06
0,0,5.305479e-07
0,0,1.7771334e-06
0,0,1.1681884e-06
0,0,8.170765e-07
0,0,1.6572687e-06
0,0,4.3798158e-07
0,0,4.1450343e-07
0,0,1.6254406e-06
0,0,1.2046157e-06
0,0,1.1307213e-06
0,0,1.1010345e-06
0,0,6.419568e-07
0,0,1.5321021e-06
0,0,3.3933616e-06
0,0,4.6298473e-07
0,0,7.229707e-07
0,0,2.9963041e-07
0,0,1.7192272e-06
0,0,1.5832104e-06
0,0,1.2560579e-06
0,0,8.67482e-07
1,0,0.120300256
0,0,5.1865527e-07
0,0,1.0381942e-06
0,0,1.4243441e-06
0,0,1.1516106e-06
0,0,6.1542744e-07
0,0,3.585939e-07
0,0,4.0760148e-07
0,0,6.32238e-07
0,0,1.0396031e-06
0,0,1.4470031e-07
0,0,2.5038236e-07
0,0,5.0990235e-07
0,0,3.6642896e-07
0,0,7.2478355e-07
0,0,5.5215514e-07
0,0,1.0136786e-06
0,0,1.1847145e-06
0,0,9.442191e-07
0,0,5.565218e-07
0,0,1.9305935e-07
0,0,7.8849894e-07
0,0,6.2528414e-07
0,0,7.082634e-07
0,0,1.8631624e-06
0,0,1.0140025e-06
0,0,1.9519814e-06
0,0,2.5838727e-07
0,0,1.852818e-06
0,0,6.865104e-07
0,0,6.24329e-07
0,0,1.0945676e-06
0,0,1.4064818e-06
0,0,5.3451066e-07
0,0,3.927611e-07
0,0,8.5319857e-07
0,0,3.8025007e-07
0,0,2.145556e-06
0,0,4.8410055e-07
0,0,3.9866325e-07
0,0,4.1793297e-07
0,0,3.33781e-06
0,0,1.9367799e-06
0,0,6.185855e-07
0,0,3.1927144e-07
0,0,5.375005e-07
0,0,9.865743e-07
0,0,5.154949e-07
0,0,8.091862e-07
0,0,5.58505e-07
0,0,4.0354413e-07
0,0,5.77486e-07
0,0,0.0061111418
0,0,2.167776e-07
0,0,7.72508e-07
0,0,6.30216e-07
0,0,3.5334665e-07
0,0,7.411382e-07
0,0,7.956015e-07
0,0,2.791542e-07
0,0,3.4547458e-07
0,0,2.135984e-07
0,0,3.542475e-07
0,0,7.9843596e-07
0,0,3.508016e-07
0,0,2.5875542e-07
0,0,5.61755e-07
0,1,0.7167899
0,0,3.3675698e-07
0,0,9.5130713e-07
0,0,4.3001273e-07
0,0,3.3557667e-06
0,0,1.4322621e-06
0,0,2.6346618e-07
0,0,7.274794e-07
0,0,2.3180278e-06
0,0,8.7669196e-07
0,0,8.1758384e-07
0,0,3.8345834e-07
0,0,2.106139e-06
0,0,6.3830066e-07
0,0,8.0806336e-07
0,0,3.2906675e-07
0,0,7.7481366e-07
0,0,7.3147334e-07
0,0,2.021393e-07
0,0,2.1881685e-07
0,0,1.204301e-06
0,0,5.90156e-07
0,0,4.1153274e-07
0,0,2.876504e-07
0,0,4.129398e-07
0,0,8.0559346e-07
0,0,2.4161318e-07
0,0,1.1000825e-06
0,0,1.2570538e-06
0,0,1.4590005e-06
0,0,4.744245e-07
0,0,4.1034804e-07
0,0,1.6465592e-06
0,0,2.510794e-07
0,0,2.9010394e-07
0,0,7.18701e-07
0,0,6.3411056e-07
0,0,5.035299e-07
0,0,2.111562e-07
0,0,1.8156668e-07
0,0,8.313837e-07
0,0,5.9729825e-07
0,0,1.3748747e-06
0,0,1.6216225e-07
0,0,2.1392843e-07
0,0,2.2999332e-07
0,0,2.3151594e-07
0,0,4.0351603e-07
0,0,6.7621653e-07
0,0,2.402743e-06
0,0,1.3154213e-06
0,0,5.4439784e-07
0,0,5.3155725e-07
0,0,8.916775e-07
0,0,8.9769446e-07
0,0,4.5382075e-07
0,0,3.9111535e-07
0,0,3.7340637e-06
0,0,4.8479724e-06
0,0,6.252675e-07
0,0,4.958071e-07
0,0,5.647213e-05
0,0,2.2691096e-07
0,0,4.5070965e-07
0,0,4.2588013e-07
0,0,3.324536e-07
0,0,3.36978e-07
0,0,5.729313e-07
0,0,1.451434e-07
0,0,1.6202559e-07
0,0,2.4727447e-07
0,0,1.4866038e-06
0,0,9.185156e-07
0,0,7.143878e-07
0,0,4.959168e-07
0,0,6.5493356e-07
0,0,2.1287342e-07
0,0,8.4685604e-07
0,0,3.724955e-07
0,0,8.0899565e-07
0,0,6.589545e-07
0,0,5.4058336e-07
0,0,2.1470245e-07
0,0,5.504905e-07
0,0,1.3662325e-06
0,0,8.161365e-07
0,0,5.590619e-07
0,0,8.878498e-06
0,0,1.0517183e-06
0,0,6.914502e-07
0,0,1.5831258e-06
0,0,2.1609807e-07
0,0,1.3968491e-07
0,0,1.3835755e-06
0,0,2.313195e-07
0,0,6.857115e-07
0,0,1.3914514e-06
0,0,6.9037424e-07
0,0,1.1165563e-06
0,0,6.6136323e-07
0,0,3.1584142e-07
0,0,2.2059237e-07
0,0,2.000399e-06
0,0,1.8477628e-07
0,0,3.5979594e-06
0,0,1.3482179e-06
0,0,1.8540783e-06
0,0,4.3391765e-07
0,0,1.1972184e-06
0,0,4.2846415e-07
0,0,9.657278e-07
0,0,4.466179e-07
0,0,3.591227e-06
0,0,1.2501341e-06
0,0,3.2912357e-07
0,0,3.2422128e-07
0,0,7.659497e-07
0,0,3.8149702e-07
0,0,5.9519095e-07
0,0,4.556556e-07
0,0,1.289932e-06
0,0,2.0322962e-06
0,0,4.77466e-07
0,0,7.2796524e-07
0,0,4.3502604e-07
0,0,6.2210734e-07
0,0,1.0006667e-06
0,0,5.9827994e-07
0,0,4.246509e-07
0,0,6.435444e-07
0,0,1.7556372e-06
0,0,6.496596e-07
0,0,3.8789406e-07
0,0,4.2278964e-07
0,0,2.8651476e-07
0,0,3.2585334e-07
0,0,1.4824132e-06
0,0,3.6201075e-07
0,0,3.1389712e-07
0,0,2.248638e-07
0,0,4.2534032e-07
0,0,8.9866404e-07
0,0,1.4562759e-06
0,0,4.832292e-07
0,0,1.8965468e-07
0,0,3.5500068e-07
0,0,1.9318034e-07
0,0,2.5609864e-07
0,0,1.4868091e-07
0,0,1.0002382e-06
0,0,7.1707643e-07
0,0,5.2487013e-07
0,0,6.1812847e-07
0,0,9.2553773e-07
0,0,6.0662734e-07
0,0,3.4276056e-07
0,0,2.4482426e-07
0,0,9.0094414e-07
0,0,3.9368513e-07
0,0,9.987169e-07
0,0,1.4211719e-06
0,0,5.116081e-07
0,0,0.17716694
0,0,6.967597e-07
0,0,4.8668636e-07
0,0,4.6881945e-07
0,0,3.0405357e-07
0,0,1.8658922e-07
0,0,8.133013e-07
0,0,9.663248e-07
0,0,3.3742018e-07
0,0,3.7833004e-07
0,0,1.7373791e-06
0,0,2.9372217e-07
0,0,9.305427e-07
0,0,2.9102202e-07
0,0,2.5725967e-07
0,0,9.48681e-08
0,0,5.952272e-07
0,0,9.052478e-07
0,0,5.0593815e-07
0,0,4.5540673e-06
0,0,2.662268e-07
0,0,5.1213095e-07
0,0,5.9241717e-07
0,0,6.996829e-07
0,0,4.75415e-07
0,0,4.465455e-07
0,0,2.3442331e-07
0,0,4.8226383e-07
0,0,2.8475125e-07
0,0,6.3166914e-07
0,0,1.0547768e-06
0,0,2.5264424e-07
0,0,1.4371674e-06
0,0,5.485489e-07
0,0,1.4650741e-06
0,0,1.0394544e-06
0,0,2.4840645e-06
0,0,2.8797814e-07
0,0,4.6320068e-07
0,0,3.5090665e-07
0,0,4.897061e-07
0,0,1.1442703e-06
0,0,7.973706e-07
0,0,1.2942004e-06
0,0,2.010501e-06
0,0,5.438649e-07
0,0,3.1983674e-07
0,0,9.224835e-07
0,0,8.548462e-07
0,0,3.0258064e-07
0,0,1.3689073e-06
0,0,5.5963375e-07
0,0,2.4751066e-07
0,0,6.1174444e-07
0,0,1.7855971e-06
0,0,4.7318278e-07
0,0,2.1614962e-07
0,0,3.8180164e-07
0,0,7.8451984e-07
0,0,2.4543442e-07
0,0,1.7806519e-06
0,0,3.6778627e-07
0,0,1.1604413e-06
0,0,4.006566e-07
0,0,9.357201e-07
0,0,4.557964e-07
0,0,5.9871826e-07
0,0,1.2626005e-07
0,0,2.8116042e-06
0,0,1.1731393e-07
0,0,8.5461795e-07
0,0,2.1215779e-07
0,0,1.4905515e-07
0,0,8.5301303e-07
0,0,7.278687e-07
0,0,4.1430187e-07
0,0,8.822915e-07
0,0,1.5040283e-07
0,0,1.1842287e-06
0,0,7.295171e-07
0,0,4.9935517e-07
0,0,1.7185191e-07
0,0,3.327562e-07
0,0,1.1611089e-06
0,0,1.1323887e-06
0,0,3.7871777e-07
0,0,2.4199303e-06
0,0,5.6774945e-07
0,0,3.3736546e-07
0,0,3.4753495e-07
0,0,8.3149314e-07
0,0,4.7414133e-07
0,0,1.5744909e-06
0,0,1.1099124e-06
0,0,6.6067486e-07
0,0,4.1856117e-07
0,0,1.1744708e-06
0,0,0.0021364295
0,0,1.6851048e-07
0,0,2.686564e-07
0,0,2.973713e-07
0,0,4.049764e-07
0,0,8.448571e-07
0,0,2.6655835e-06
0,0,4.934396e-07
0,0,9.1920435e-07
0,0,3.7210282e-07
0,0,2.648598e-07
0,0,1.507709e-06
0,0,4.0261003e-07
0,0,6.229641e-07
0,0,5.2472495e-07
0,0,6.920453e-07
0,0,1.2996436e-06
0,0,8.863396e-07
0,0,1.379707e-06
0,0,2.510981e-06
0,0,4.732577e-07
0,0,3.3943165e-06
0,0,5.02077e-07
0,0,4.5355418e-07
0,0,6.2363995e-07
0,0,9.5232554e-07
0,0,5.922071e-07
0,0,4.9954184e-07
0,0,7.043996e-07
0,0,1.6231975e-07
0,0,5.995559e-07
0,0,0.028650215
0,0,4.3021745e-07
0,0,1.3937423e-06
0,0,9.545788e-07
0,0,1.0652446e-06
0,0,4.8807516e-07
0,0,8.052332e-07
0,0,1.2332376e-06
0,0,2.315592e-07
0,0,2.9465923e-07
0,0,5.5516165e-07
0,0,0.09571942
0,0,3.1232258e-07
0,0,3.0016888e-06
0,0,4.0147475e-07
0,0,3.878434e-07
0,0,5.082822e-07
0,0,3.4203794e-07
1,0,0.09091721
0,0,5.352621e-07
0,0,4.1376765e-07
0,0,6.3732136e-07
0,0,9.458269e-07
0,0,9.1931486e-07
0,0,5.579168e-07
0,0,3.9014864e-07
0,0,1.391194e-06
0,0,9.708464e-07
0,0,9.281275e-07
0,0,6.1295503e-07
0,0,1.5061468e-07
0,0,1.1375689e-06
0,0,2.0363468e-06
0,0,5.0241084e-07
0,0,3.3014368e-07
0,0,1.1813761e-06
0,0,3.5224411e-07
0,0,9.1064305e-07
0,0,8.5099384e-07
0,0,2.8272532e-07
0,0,6.1957684e-07
0,0,1.8825233e-06
0,0,2.2008899e-06
0,0,0.004453529
0,0,1.4926599e-06
0,0,1.9660642e-06
0,0,4.316612e-07
0,0,6.722114e-07
0,0,6.694649e-07
0,0,2.7581933e-07
0,0,1.4767338e-06
0,0,2.6111485e-07
0,0,6.843931e-07
0,0,4.3835647e-07
0,0,4.332482e-07
0,0,8.460165e-07
0,0,1.5305875e-07
0,0,7.085695e-07
0,0,1.5628818e-06
0,0,3.3664202e-07
0,0,1.4502787e-07
0,0,1.9777744e-06
0,0,2.5593798e-07
0,0,1.1427261e-06
0,0,3.324447e-07
0,0,9.97334e-07
0,0,2.8522064e-07
0,0,6.1792747e-07
0,0,8.3879337e-07
0,0,1.9011333e-06
0,0,3.9295966e-07
0,0,7.7790486e-07
0,0,3.2520543e-07
0,0,3.8971652e-07
0,0,2.2453743e-07
0,0,3.6531168e-07
0,0,1.0841222e-07
1,0,0.08026445
0,0,9.0617283e-07
0,0,2.8979093e-07
0,0,1.9903256e-07
0,0,1.1413745e-06
0,0,6.4073777e-07
0,0,6.550703e-07
0,0,0.16486824
0,0,3.7984015e-07
0,0,1.2875009e-06
0,0,2.7215398e-07
0,0,5.3073256e-07
0,0,2.067616e-06
0,0,4.3270853e-07
0,0,1.8531448e-06
0,0,1.0961732e-06
0,0,4.5697067e-07
0,0,7.2430265e-07
0,0,8.6637243e-07
0,0,3.8919245e-07
0,0,9.964593e-07
0,0,4.152796e-06
0,0,2.6191645e-07
0,0,3.9167298e-07
0,0,7.152917e-07
0,0,6.2478347e-07
0,0,3.7473882e-07
0,0,1.7834662e-06
0,0,1.0041828e-06
0,0,5.655225e-07
0,0,5.102594e-07
0,0,6.386873e-07
0,0,4.180051e-07
0,0,1.0012423e-06
0,0,2.4226829e-06
0,0,2.8379611e-06
0,0,8.020006e-07
0,0,2.3743125e-07
0,0,9.715791e-07
0,0,9.4806467e-07
0,0,9.615005e-07
0,0,1.2492045e-06
0,0,1.7324041e-07
0,0,1.1975894e-06
0,0,1.8558211e-07
0,0,7.064973e-07
0,0,5.6658865e-07
0,0,8.08863e-07
0,0,4.7831236e-07
0,0,2.012543e-07
0,0,5.835097e-07
0,0,8.364345e-07
0,0,1.1512725e-06
0,0,1.5698025e-06
0,0,6.3215845e-07
0,0,5.593152e-07
0,0,4.0413454e-07
0,0,2.6178134e-07
0,0,7.8958936e-07
0,0,2.346152e-07
0,0,2.9400297e-07
0,0,6.226427e-07
0,0,1.5588553e-06
0,0,3.493906e-07
0,0,4.0231683e-07
0,0,3.6577183e-07
0,0,3.6855664e-07
0,0,5.117848e-07
0,0,2.2020437e-07
0,0,7.390399e-07
0,0,1.6880742e-07
0,0,4.629591e-07
0,0,3.098129e-07
0,0,0.00012213696
0,0,5.3037536e-07
0,0,5.7625476e-07
0,0,1.5471801e-06
0,0,1.4165968e-06
0,0,3.5923327e-07
0,0,5.306278e-07
0,0,2.5806244e-07
0,0,2.6794126e-07
0,0,2.404762e-07
0,0,1.5855221e-06
0,0,2.3775324e-07
0,0,8.67717e-07
0,0,1.2916936e-06
0,0,4.5158308e-07
0,0,1.5934181e-07
0,0,6.035177e-07
0,0,6.577729e-07
0,0,1.6849359e-06
0,0,7.657532e-07
0,0,3.334446e-07
0,0,8.5907055e-07
0,0,4.3140727e-07
0,0,2.7391627e-07
0,0,2.062518e-07
0,0,1.0013091e-06
0,0,1.8788697e-06
0,0,5.6195013e-06
0,0,6.6343335e-07
0,0,6.455421e-07
0,0,6.6920194e-07
0,0,3.719247e-07
0,0,1.3838061e-07
0,0,3.657314e-07
0,0,4.047042e-07
0,0,6.590016e-07
0,0,6.51644e-07
0,0,1.1178828e-06
0,0,9.857034e-07
0,0,3.1236667e-07
0,0,3.1331004e-07
0,0,4.311313e-07
0,0,4.769963e-07
0,0,4.581707e-07
0,0,8.4773114e-07
0,0,4.6319138e-07
0,0,6.3803043e-07
0,0,8.981234e-07
0,0,8.141192e-07
0,0,7.72284e-07
0,0,3.0483838e-07
0,0,1.0085304e-06
0,0,1.8094111e-07
0,0,4.081192e-07
0,0,0.11235312
0,0,2.6457556e-07
0,0,3.230238e-07
0,0,9.857213e-07
0,0,3.2577785e-07
0,0,1.8819564e-07
0,0,1.0978983e-06
0,0,3.4162818e-07
0,0,2.3644382e-07
0,0,6.960265e-07
0,0,5.916595e-07
0,0,1.9113318e-06
0,0,9.707807e-07
0,0,8.882384e-07
0,0,3.1171317e-07
0,0,1.6976977e-06
0,0,6.666387e-07
0,0,8.7713016e-07
0,0,1.9741589e-07
0,0,3.4375506e-07
0,0,4.06349e-07
0,0,1.510249e-06
0,0,1.0285758e-06
0,0,1.5413994e-07
0,0,7.719461e-07
0,0,6.3024066e-07
0,0,8.311855e-07
0,0,6.1126747e-07
0,0,2.787751e-07
0,0,9.722975e-07
0,0,1.6318396e-06
0,0,5.583241e-06
0,0,1.699982e-06
0,0,1.0916435e-06
0,0,1.5873497e-06
0,0,2.7338623e-07
0,0,1.7045552e-06
0,0,1.2236125e-06
0,0,2.2696483e-07
0,0,3.876389e-07
0,0,1.0887718e-06
0,0,2.1207507e-07
0,0,2.3496517e-07
0,0,4.845666e-07
0,0,7.4016486e-07
0,0,2.4363453e-07
0,0,5.132873e-07
0,0,3.8960277e-07
0,0,4.804066e-07
1,0,0.49499318
0,0,2.224612e-07
0,0,6.086231e-07
0,0,6.604166e-07
0,0,9.3044946e-07
0,0,1.5573619e-06
0,0,3.722139e-07
0,0,3.1240896e-07
0,0,3.3256012e-07
0,0,9.045773e-07
0,0,1.3480251e-06
0,0,2.3104768e-07
0,0,1.7151953e-06
0,0,5.668535e-07
0,0,2.821301e-07
0,0,2.4415026e-06
0,0,2.673973e-07
0,0,1.226062e-06
0,0,1.0019996e-06
0,0,4.3970017e-06
0,0,6.411571e-07
0,0,2.7786945e-07
0,0,2.4854265e-07
0,0,2.9233604e-07
0,0,8.7104667e-07
0,0,2.6678495e-07
0,0,6.945406e-07
0,0,1.154266e-06
0,0,1.1588588e-06
0,0,2.297621e-06
0,0,1.2262123e-07
0,0,9.098175e-07
0,0,6.846379e-07
0,0,2.915159e-07
0,0,6.961161e-07
0,0,7.9103114e-07
0,0,3.2862881e-06
0,0,1.0534869e-06
0,0,8.803272e-07
0,0,1.0915467e-06
0,0,3.1057937e-07
0,0,6.008123e-07
0,0,2.4476475e-07
0,0,8.7597994e-07
0,0,8.715028e-07
0,0,3.1953964e-06
0,0,5.025177e-07
0,0,1.5391109e-06
0,0,5.1058015e-07
0,0,1.703668e-07
0,0,2.0784825e-07
0,0,7.717017e-07
0,0,4.651591e-07
0,0,2.606454e-06
0,0,1.8851209e-06
0,0,2.7178646e-07
0,0,5.8704734e-07
0,0,9.4020254e-07
0,0,3.4099833e-07
0,0,3.7764585e-07
0,0,2.5572572e-07
0,0,4.2073145e-07
0,0,2.9711617e-07
0,0,7.7420214e-07
0,0,6.2846163e-07
0,0,5.809577e-07
0,0,1.7171478e-06
0,0,4.417747e-07
0,0,1.4354291e-06
0,0,3.127458e-07
0,0,3.6851728e-07
0,0,4.042343e-06
0,0,2.9665097e-07
0,0,6.8391034e-07
0,0,9.3624413e-07
0,0,3.6000154e-07
0,0,4.103551e-07
0,0,6.748971e-07
0,0,1.8073137e-06
0,0,3.4426424e-07
0,0,3.8058597e-06
0,0,6.1092885e-07
0,0,1.5582281e-06
0,0,2.165783e-06
0,0,5.9103803e-07
0,0,1.7438649e-07
0,0,1.0449468e-06
0,0,1.024132e-06
0,0,1.4046335e-06
0,0,5.072e-07
0,0,2.1039416e-07
0,0,7.218553e-07
0,0,4.7615143e-07
0,0,3.9128102e-07
0,0,5.935126e-07
0,0,1.5658836e-06
0,0,2.8151783e-07
0,0,4.8432357e-06
0,0,9.625732e-05
0,0,1.6946582e-06
0,0,2.0697414e-07
0,0,2.4856897e-07
0,0,2.4144233e-06
0,0,2.0768528e-06
0,0,2.1841602e-06
0,0,3.5083636e-07
0,0,3.16452e-07
0,0,5.5182664e-07
0,0,3.0793356e-07
0,0,1.15199356e-07
0,0,9.074537e-07
0,0,7.3237584e-07
0,0,0.08354321
0,0,3.4824402e-06
0,0,9.443352e-07
0,0,1.2842316e-06
0,0,1.3375143e-06
0,0,7.935155e-07
0,0,6.2464704e-07
0,0,5.904493e-07
0,0,8.1362015e-07
0,0,3.7975863e-07
0,0,4.6000693e-07
0,0,4.1655576e-07
0,0,3.6672992e-07
0,0,7.459345e-07
0,0,1.8660377e-06
0,0,2.4681933e-06
0,0,1.1033344e-06
0,0,1.2753924e-07
0,0,3.990801e-07
0,0,6.5559783e-07
0,0,3.9552722e-07
0,0,8.3607324e-07
0,0,1.5446693e-06
0,0,1.3109404e-06
0,0,4.2284205e-07
0,0,4.2092694e-07
0,0,1.1810652e-06
0,0,1.9314554e-07
0,0,3.186111e-07
0,0,3.5093407e-07
0,0,1.8078414e-07
0,0,3.2714538e-06
0,0,3.1513666e-06
0,0,7.8105967e-07
0,0,3.9258023e-07
0,0,7.0491575e-07
0,0,2.6263106e-06
0,0,1.1559735e-06
0,0,3.7563404e-07
0,0,6.76103e-07
0,0,5.52033e-07
0,0,2.8042936e-07
0,0,0.12379172
0,0,3.8347187e-07
0,0,6.734023e-07
0,0,2.5095514e-07
0,0,1.7582865e-07
0,0,4.288906e-07
0,0,2.4237337e-07
0,0,3.3743595e-07
0,0,2.2765255e-06
0,0,2.1937912e-07
0,0,6.810342e-07
0,0,2.9351438e-07
0,0,3.1199736e-06
0,0,4.456066e-07
0,0,6.0962515e-07
0,0,7.4506573e-07
0,0,9.1488755e-07
0,0,6.257453e-07
0,0,4.4394048e-07
1,0,0.018777514
0,0,1.3441097e-06
0,0,5.367112e-07
0,0,6.564142e-07
0,0,4.43379e-07
0,0,5.314178e-07
0,0,1.1097155e-06
0,0,1.0688174e-06
0,0,4.3573226e-07
0,0,8.650581e-07
0,0,8.87263e-07
0,0,5.37762e-07
0,0,3.3384435e-06
0,0,7.036745e-07
0,0,5.2866346e-07
0,0,9.938741e-07
0,0,5.318138e-07
0,0,6.212767e-07
0,0,4.131135e-07
0,0,4.1086378e-07
0,0,2.4084756e-07
0,0,2.3355926e-07
0,0,7.609769e-07
0,0,1.2352033e-06
0,0,2.0769092e-07
0,0,1.2107182e-07
0,0,4.3203184e-07
0,0,3.780516e-07
0,0,1.6361359e-07
0,0,2.974056e-07
0,0,7.337475e-07
0,0,1.0147318e-06
0,0,9.3852464e-07
0,0,5.6998783e-07
0,0,1.951624e-06
0,0,6.0937344e-07
0,0,3.1382665e-06
0,0,7.342179e-07
0,0,5.3435525e-07
0,0,6.7009796e-07
0,0,1.4074051e-06
0,0,5.583565e-07
0,0,1.4886978e-06
0,0,8.237613e-07
0,0,3.3515983e-07
0,0,3.255061e-07
0,0,8.0313487e-07
0,0,2.9992376e-07
0,0,4.4325049e-07
0,0,5.676763e-07
0,0,3.1715822e-06
0,0,5.9248504e-07
0,0,1.2784225e-06
0,0,5.9730166e-07
0,0,3.231705e-07
0,0,4.9555086e-07
0,0,3.6164013e-07
1,0,0.044373427
0,0,2.2693952e-07
0,0,4.7556873e-07
0,0,6.0829404e-07
0,0,4.973652e-07
0,0,7.0335915e-07
0,0,1.0764526e-06
0,0,3.99876e-07
0,0,6.8739354e-07
0,0,4.3520362e-07
0,0,2.1062525e-07
0,0,1.155688e-06
0,0,5.47536e-07
0,0,1.8776987e-07
0,0,2.4853102e-07
0,0,1.9728773e-07
0,0,8.0353095e-07
0,0,5.5584235e-07
0,0,7.7967917e-07
0,0,4.7251174e-07
0,0,3.0329107e-07
0,0,1.2810159e-06
0,0,1.8080847e-07
0,0,2.983259e-06
0,0,1.1919676e-06
0,0,4.622987e-07
0,0,1.4883923e-07
0,0,1.245265e-06
0,0,3.3831432e-07
0,0,5.79187e-07
0,0,8.357583e-07
0,0,2.7837126e-07
0,0,3.2993532e-07
0,0,2.5579914e-07
0,0,3.0157236e-07
0,0,5.4875505e-07
0,0,3.726103e-07
0,0,1.3568329e-06
0,0,7.659345e-08
0,0,2.0654942e-07
0,0,0.013132984
0,0,1.253184e-06
0,0,2.7322827e-07
0,0,2.3593789e-07
0,0,6.6007465e-07
0,0,1.646586e-07
0,0,2.98223e-07
0,0,1.2184771e-06
0,0,1.2717611e-06
0,0,1.120921e-06
0,0,1.0213269e-06
0,0,6.128171e-07
0,0,7.075971e-07
0,0,1.0174683e-06
0,0,3.4302063e-06
0,0,6.26423e-07
0,0,1.7134248e-06
0,0,3.856606e-06
0,0,3.7855165e-07
0,0,5.0726e-07
0,0,1.4664496e-06
0,0,5.7495595e-07
0,0,3.691659e-07
0,0,1.4346217e-06
0,0,1.0554943e-06
0,0,1.3616706e-06
0,0,8.535859e-07
0,0,1.3946466e-06
0,0,4.824648e-07
0,0,8.495133e-07
0,0,8.9601457e-07
0,0,7.0693744e-07
0,0,1.7738485e-06
0,0,2.150623e-07
0,0,3.376983e-07
0,0,2.5857142e-07
0,0,6.2297414e-07
0,0,4.560251e-07
0,0,4.0939273e-07
0,0,5.0624845e-07
0,0,2.392362e-07
0,0,1.5118644e-07
0,0,4.0954427e-07
0,0,7.868674e-06
0,0,1.8359502e-07
0,0,0.00039447108
0,0,4.22294e-07
0,0,1.6564155e-06
0,0,1.2745976e-06
0,0,1.2275302e-06
0,0,1.7378929e-07
0,0,9.3452866e-07
0,0,9.637782e-07
0,0,6.656509e-07
0,0,1.6918277e-07
0,0,1.469021e-06
0,0,2.8956853e-07
0,0,2.5911325e-07
0,0,4.1686215e-07
0,0,6.9367735e-07
0,0,8.044434e-07
0,0,1.105502e-06
0,0,2.5305948e-07
0,0,3.0062307e-07
0,0,1.7690896e-06
0,0,2.1666165e-07
0,0,4.1915754e-07
0,0,4.225925e-07
0,0,7.6709006e-07
0,0,4.263735e-07
0,0,3.435889e-07
0,0,8.170897e-07
0,0,2.496047e-06
0,0,2.2000022e-06
0,0,1.5373785e-06
0,0,2.604491e-07
0,0,8.779797e-07
0,0,8.577534e-07
0,0,1.6972607e-06
0,0,7.4515094e-07
0,0,5.7328435e-07
0,0,4.4732846e-07
0,0,3.7827448e-07
0,0,5.5363944e-07
0,0,6.5670855e-07
0,0,8.009771e-07
0,0,9.358793e-08
0,0,1.0792733e-06
0,0,2.8751438e-07
0,0,8.4457594e-07
0,0,2.1594481e-07
0,0,2.331311e-07
0,0,3.718463e-07
0,0,3.652455e-07
0,0,3.0170756e-07
0,0,3.189817e-07
0,0,5.3098523e-07
0,0,0.027724711
0,0,3.0989934e-06
0,0,4.670759e-07
0,0,1.2825558e-07
0,0,1.0098729e-06
0,0,1.2514678e-06
0,0,3.8759123e-07
0,0,9.025238e-07
0,0,3.3545302e-07
0,0,9.181706e-07
0,0,2.6203062e-07
0,0,4.9772535e-07
0,0,1.5487124e-06
0,0,2.2147399e-06
0,0,9.2064573e-07
0,0,6.558442e-07
0,0,0.05179014
0,0,8.4467825e-07
0,0,9.175998e-07
0,0,1.2925867e-07
0,0,4.068275e-07
0,0,1.0087025e-06
0,0,2.8791226e-07
0,0,3.2718452e-07
0,0,1.2274261e-06
0,0,8.4187394e-07
0,0,7.0977194e-07
0,0,1.1885508e-06
0,0,8.804994e-07
0,0,1.2196688e-06
0,0,1.7530589e-06
0,0,3.406411e-07
0,0,2.1119226e-07
0,0,4.961761e-07
0,0,1.5440256e-06
0,0,1.507988e-06
0,0,9.5243274e-07
0,0,4.959329e-07
0,0,1.3763479e-06
0,0,1.6927588e-06
0,0,5.8006583e-07
0,0,7.786886e-07
0,0,4.2200008e-07
0,0,4.6865364e-07
0,0,1.7736743e-06
0,0,3.9534885e-07
0,0,1.6301753e-06
0,0,7.7325024e-07
0,0,9.577649e-07
0,0,2.6479466e-07
0,0,6.126331e-07
0,0,4.0763376e-07
0,0,9.88323e-07
0,0,9.633978e-07
0,0,3.8348904e-07
0,0,4.549708e-07
0,0,5.58553e-07
0,0,1.7173428e-06
0,0,1.0811976e-06
0,0,4.780547e-07
0,0,8.196199e-07
0,0,6.190718e-07
0,0,4.6621656e-07
0,0,4.4787572e-07
0,0,5.760877e-07
0,0,6.163179e-07
0,0,8.746627e-07
0,0,1.7275714e-06
0,0,4.045468e-07
0,0,6.652961e-07
0,0,2.428486e-07
0,0,1.9055495e-06
0,0,1.1683968e-06
0,0,1.0121195e-06
0,0,4.842594e-07
0,0,5.3464296e-06
0,0,5.70505e-07
0,0,1.1033122e-06
0,0,1.0425927e-06
0,0,1.9230887e-07
0,0,4.2846338e-07
0,0,4.1582626e-07
0,0,2.9107056e-07
0,0,6.810167e-07
0,0,8.8962275e-07
0,0,0.33927
0,0,2.975082e-06
0,0,4.0799662e-07
0,0,1.4405704e-06
0,0,9.770305e-07
0,0,2.9021436e-07
0,0,3.803596e-07
0,0,5.9504845e-07
0,0,4.047274e-07
0,0,1.578755e-06
0,0,5.5134905e-07
0,0,5.5087194e-06
0,0,1.0994554e-06
0,0,3.2053845e-07
0,0,4.073046e-07
0,0,4.694709e-07
0,0,4.0733568e-07
0,0,4.9642125e-07
0,0,1.646396e-06
0,0,1.5738393e-06
0,0,2.1795368e-06
0,0,6.965743e-07
0,0,2.4395655e-07
0,0,1.7341182e-07
0,0,9.839949e-07
0,0,1.9038099e-07
0,0,2.6942948e-07
0,0,1.3043199e-06
0,0,1.4818874e-06
0,0,0.2075189
0,0,1.7407909e-07
0,0,5.03395e-07
0,0,2.9627995e-06
0,0,3.519456e-07
0,0,2.824604e-07
0,0,7.571814e-07
0,0,6.6743775e-07
0,0,1.86443e-07
0,0,3.05393e-07
0,0,6.4383346e-07
0,0,7.7914393e-07
0,0,3.4557112e-07
0,0,5.542005e-07
0,0,1.5833236e-06
0,0,4.613152e-07
0,0,4.6439052e-07
0,0,4.6844804e-07
0,0,3.5294926e-07
0,0,1.1125129e-06
0,0,5.1242506e-07
0,0,4.5695845e-07
0,0,8.336616e-07
0,0,3.9420246e-07
0,0,3.1100586e-07
0,0,1.4830595e-06
0,0,1.340317e-06
0,0,5.4238046e-07
0,0,6.5113177e-06
0,0,1.0389471e-06
0,0,5.3182396e-07
0,0,4.5919163e-07
0,0,8.979984e-07
0,0,3.1352764e-07
0,0,6.0396854e-07
0,0,5.577072e-07
0,0,1.9575255e-06
0,0,9.040882e-07
0,0,4.6340705e-07
0,0,6.671259e-07
0,0,3.285168e-07
0,0,7.121722e-07
0,0,3.3846888e-07
0,0,3.549713e-06
0,0,3.9107618e-07
0,0,4.929443e-07
0,0,2.431225e-07
0,0,2.3984826e-06
0,0,3.8374037e-07
0,0,6.6915663e-07
0,0,8.8822145e-07
0,0,1.7931517e-06
0,0,1.1923348e-06
0,0,9.728159e-07
0,0,4.7233877e-07
0,0,2.951511e-07
0,0,6.957557e-07
0,0,5.353478e-07
0,0,7.015243e-07
0,0,2.1558225e-07
0,0,1.0727325e-06
0,0,4.808411e-07
0,0,1.5452086e-06
0,0,4.449119e-07
0,0,1.547388e-07
0,0,8.425535e-07
0,0,1.2098311e-06
0,0,5.0142194e-07
0,0,1.7117832e-06
0,0,6.115339e-07
0,0,2.3416374e-06
0,0,2.0614955e-07
0,0,4.583399e-06
0,0,5.8435893e-07
0,0,8.767188e-07
0,0,1.0084073e-06
0,0,1.0587718e-06
0,0,1.0394238e-06
0,0,4.1834608e-07
0,0,5.5200036e-07
0,0,5.8348246e-07
0,0,6.952576e-07
0,0,3.6660126e-07
0,0,1.2252624e-06
0,0,2.1104177e-06
0,0,6.315264e-07
0,0,5.779411e-07
0,0,1.0329857e-06
0,0,7.877864e-07
0,0,2.722251e-07
0,0,8.82448e-07
0,0,2.0366545e-07
0,0,2.3517615e-07
0,0,2.154546e-07
0,0,5.09462e-07
0,0,6.6521613e-07
0,0,6.980431e-05
0,0,2.6702523e-07
0,0,4.6467403e-07
0,0,1.0861045e-06
0,0,9.0821726e-07
0,0,8.832487e-07
0,0,2.7635988e-07
0,0,3.8940223e-07
0,0,1.1579342e-06
0,0,3.9935313e-07
0,0,1.6464274e-07
0,0,7.7412915e-06
0,0,6.727508e-07
0,0,6.4671843e-07
0,0,8.92472e-07
0,0,3.434739e-07
0,0,8.103562e-07
0,0,1.5264592e-07
0,0,2.18804e-06
0,0,8.872275e-07
0,0,7.2101045e-07
0,0,1.1077329e-06
0,0,1.5912406e-06
0,0,2.1563633e-07
0,0,1.1098848e-06
0,0,3.0112722e-07
0,0,8.401535e-07
0,0,8.513486e-07
0,0,5.7551e-07
0,0,8.623416e-07
0,0,6.9961817e-07
0,0,2.541168e-07
0,0,2.2718625e-06
0,0,8.0778756e-07
0,0,5.0927883e-07
0,0,6.523721e-07
0,0,4.5057126e-07
0,0,4.1533715e-07
0,0,9.3558714e-07
0,0,9.4078734e-07
0,0,4.7340354e-06
0,0,4.6434712e-07
0,0,5.243988e-07
0,0,6.53369e-07
0,0,4.778751e-07
0,0,1.0078909e-06
0,0,4.160932e-07
0,0,0.0009972227
0,0,4.630576e-07
0,0,6.5425627e-07
0,0,1.2202936e-06
0,0,5.6289724e-07
0,0,1.5448476e-06
0,0,3.248905e-07
0,0,5.3164086e-07
0,0,8.780545e-06
0,0,5.936818e-07
0,0,2.855608e-06
0,0,1.195759e-06
0,0,1.1561036e-06
0,0,7.3255677e-07
0,0,4.709974e-07
0,0,4.3769057e-07
0,0,5.4112706e-07
0,0,1.4014569e-06
0,0,1.2395765e-06
0,0,5.497518e-07
0,0,6.274143e-07
0,0,3.4499158e-07
0,0,6.248806e-07
0,0,5.6578906e-06
0,0,1.2095727e-06
0,0,7.632161e-07
0,0,1.5329089e-06
0,0,6.414231e-07
0,0,6.274573e-07
0,0,1.1555503e-06
0,0,3.158568e-07
0,0,2.5281707e-07
0,0,1.7582997e-06
0,0,5.1349394e-07
0,0,8.740398e-07
0,0,9.67341e-07
0,0,2.1449912e-06
0,0,3.4336324e-07
0,0,6.9840485e-07
0,0,2.0487501e-07
0,0,1.0588758e-06
0,0,5.155937e-07
0,0,9.990932e-07
0,0,3.4520056e-07
0,0,2.1179855e-07
0,0,6.983989e-07
0,0,1.451192e-06
0,0,1.1578094e-06
0,0,5.2551826e-07
0,0,9.65319e-07
0,0,8.183913e-07
0,0,4.6184e-06
0,0,7.442419e-07
0,0,2.8191948e-07
0,0,1.6661908e-06
0,0,6.2417485e-07
0,0,8.5159706e-07
0,0,2.6265158e-07
0,0,1.0590868e-06
0,0,1.4446452e-07
0,0,1.3024304e-06
0,0,3.048317e-07
0,0,1.9418904e-07
0,0,3.4836287e-07
0,0,8.679049e-07
0,0,5.625168e-07
0,0,7.6007486e-06
0,0,6.306627e-07
0,0,9.810818e-07
0,0,1.4792017e-06
0,0,8.058232e-07
0,0,1.8578481e-06
0,0,2.1318873e-07
0,0,4.7311602e-07
0,0,6.787136e-07
0,0,1.198155e-06
0,0,1.124111e-06
0,0,8.262247e-07
0,0,2.0980522e-06
0,0,7.3707395e-07
0,0,2.0770774e-07
0,0,0.011754965
0,0,1.7816544e-07
0,0,4.8272256e-07
0,0,9.916567e-07
0,0,9.911566e-07
0,0,2.2778016e-07
0,0,6.672735e-07
0,0,3.6375388e-07
0,0,3.9686705e-07
0,0,4.218166e-07
1,0,0.3874464
0,0,5.767853e-07
0,0,6.250135e-07
0,0,1.0523673e-06
0,0,6.172737e-07
0,0,5.376492e-07
0,0,3.7090564e-07
0,0,5.552622e-07
0,0,2.990127e-07
0,0,3.6878973e-07
0,0,6.2711035e-07
0,0,5.647609e-07
0,0,1.8100685e-07
0,0,2.8533515e-07
0,0,4.9775286e-07
0,0,2.4923716e-07
0,0,2.044241e-06
0,0,3.120314e-07
0,0,1.0679157e-06
0,0,3.4118506e-07
0,0,1.7640187e-07
0,0,6.992506e-07
0,0,5.2469727e-06
0,0,5.8669474e-07
0,0,6.1168555e-07
0,0,2.3288142e-06
0,0,1.9226463e-06
0,0,2.4060932e-06
0,0,3.3386587e-07
0,0,2.547936e-07
0,0,7.9070605e-07
0,0,3.616674e-07
0,0,1.6137328e-06
0,0,3.6043676e-07
0,0,4.1283585e-07
0,0,8.6660884e-07
0,0,4.184167e-07
0,0,1.0871324e-06
0,0,7.585633e-07
0,0,4.331412e-07
0,0,1.1893173e-06
0,0,7.1107826e-07
1,0,0.09467525
0,0,4.914765e-07
0,0,1.4102453e-06
0,0,2.976516e-07
0,0,3.1867978e-07
0,0,2.1477526e-06
0,0,5.725266e-07
0,0,7.7825206e-07
0,0,3.5149276e-07
0,0,2.080276e-06
0,0,3.1688504e-07
0,0,8.407098e-07
0,0,6.928899e-07
0,0,3.0828704e-07
0,0,8.6330925e-07
0,0,3.9947994e-07
0,0,8.345493e-07
0,0,3.5169396e-07
0,0,4.3731046e-07
0,0,1.2070076e-06
0,0,2.58655e-07
0,0,6.0118083e-07
0,0,5.766715e-07
0,0,3.6090972e-07
0,0,5.1314004e-07
0,0,4.5430355e-07
0,0,1.6986922e-07
0,0,5.232877e-07
0,0,3.451943e-07
0,0,2.3298442e-07
0,0,9.755845e-07
0,0,6.2315655e-07
0,0,3.3028007e-07
0,0,4.721496e-07
0,0,0.11247271
0,0,9.815366e-07
0,0,1.8283648e-06
0,0,9.797625e-07
0,0,5.203874e-07
0,0,1.4587458e-06
0,0,4.2030436e-07
0,0,2.4083377e-07
0,0,3.5974273e-07
0,0,2.5190689e-06
0,0,6.747021e-07
0,0,5.2745935e-07
0,0,1.2936106e-06
0,0,4.454239e-07
0,0,1.799104e-06
0,0,3.54711e-07
0,0,1.8292649e-06
0,0,4.2819786e-07
0,0,6.776568e-07
0,0,1.2556363e-06
0,0,3.2433232e-07
0,0,4.8223114e-07
0,0,3.752198e-07
0,0,5.08741e-07
0,0,4.4667837e-07
0,0,4.2372693e-07
0,0,2.9203568e-07
0,0,6.063439e-07
0,0,6.509521e-07
0,0,1.2848933e-06
0,0,8.1815796e-07
0,0,2.6679842e-07
0,0,1.5904652e-07
0,0,1.318965e-06
0,0,5.138457e-07
0,0,7.211191e-07
0,0,4.6660392e-07
0,0,5.568855e-07
0,0,8.9320343e-07
0,0,4.00738e-07
0,0,1.4027338e-06
0,0,5.8657446e-07
0,0,9.0400465e-07
0,0,4.0199544e-07
0,0,9.825312e-07
0,0,1.3467735e-06
0,0,3.8045607e-07
0,0,4.278466e-06
0,0,3.925997e-07
0,0,1.6442635e-07
0,0,2.2113884e-06
0,0,4.187009e-07
0,0,4.1972436e-07
0,0,4.6992466e-07
0,0,1.2408752e-06
0,0,8.139965e-07
0,0,4.591045e-07
0,0,1.0576657e-06
0,0,3.3396205e-07
0,0,2.1187938e-07
0,0,3.7108575e-07
0,0,3.13083e-07
0,0,2.8555704e-07
0,0,9.5074927e-07
0,0,6.130831e-07
0,0,4.1972157e-07
0,0,1.03489306e-07
0,0,4.937437e-07
0,0,1.6140392e-06
0,0,5.0343294e-07
0,0,2.7110586e-06
0,0,1.3132512e-07
0,0,0.08911232
0,0,2.511431e-07
0,0,1.1408358e-06
0,0,3.5680128e-07
0,0,8.964779e-07
0,0,3.4283191e-06
0,0,1.9164958e-07
0,0,1.5382422e-07
0,0,9.0371236e-07
0,0,5.8194644e-07
0,0,2.3862506e-07
0,0,8.4094876e-07
0,0,1.0129962e-06
0,0,7.1644826e-07
0,0,2.3798468e-06
0,0,9.3157803e-07
0,0,6.2703805e-07
0,0,9.523982e-07
0,0,1.9711765e-06
1,0,0.4412221
0,0,5.207468e-07
0,0,8.300591e-07
0,0,1.3142024e-06
0,0,4.2628608e-07
0,0,1.9689933e-06
0,0,8.6489723e-07
0,0,0.0041022743
0,0,6.109585e-07
0,0,2.1279234e-06
0,0,1.969424e-07
0,0,2.976116e-07
0,0,4.4701034e-07
0,0,1.1084421e-06
0,0,1.3381739e-06
0,0,1.2126866e-06
0,0,7.4510126e-07
0,0,1.1920085e-06
0,0,1.0238849e-06
0,0,7.943976e-07
0,0,1.0142752e-06
0,0,2.5625133e-07
0,0,2.702973e-07
0,0,1.2943016e-06
0,0,5.5690623e-07
0,0,2.6137099e-07
0,0,2.1337972e-07
0,0,1.5356186e-06
0,0,7.11904e-07
0,0,1.9594772e-06
0,0,1.3989478e-06
0,0,2.453876e-07
0,0,8.806153e-07
0,0,8.240717e-07
0,0,1.490135e-07
0,0,4.299373e-07
0,0,1.9074932e-06
0,0,3.987256e-07
0,0,6.512048e-07
0,0,3.4138975e-07
0,0,4.94634e-07
0,0,2.0293548e-07
0,0,6.9434714e-07
0,0,1.6160584e-06
0,0,3.2446502e-07
0,0,2.7460205e-06
0,0,4.0107292e-07
0,0,3.3041172e-07
0,0,2.847977e-07
0,0,2.346264e-07
0,0,2.4495225e-07
0,0,7.118171e-07
0,0,7.30889e-07
0,0,1.0768223e-06
0,0,2.2988704e-06
0,0,9.867314e-07
0,0,4.5276377e-07
0,0,8.6800253e-07
0,0,1.3037088e-07
0,0,5.1773657e-07
0,0,5.980689e-07
0,0,2.0102276e-07
0,0,1.5129001e-06
0,0,7.2385933e-07
0,0,7.339427e-07
0,0,5.407221e-07
0,0,1.5439565e-06
0,0,7.696233e-07
0,0,1.6573747e-06
0,0,8.178475e-07
0,0,1.3464588e-06
0,0,4.5586378e-07
0,0,4.228574e-07
0,0,6.701395e-07
0,0,1.7345315e-06
0,0,7.012915e-07
0,0,3.5189635e-06
0,0,7.0698326e-07
0,0,7.5025e-07
0,0,9.5186346e-07
0,0,4.0463357e-07
0,0,5.196142e-07
0,0,3.0770516e-07
0,0,4.1464062e-07
0,0,1.967261e-06
0,0,2.2836184e-06
0,0,6.826872e-07
0,0,1.1672184e-06
0,0,8.276837e-07
0,0,9.1217896e-07
0,0,2.5665878e-07
0,0,2.8489873e-07
0,0,2.0108315e-07
0,0,7.873418e-07
0,0,5.4586496e-07
0,0,4.3449904e-07
0,0,3.742606e-07
0,0,4.252527e-07
0,0,2.6682972e-06
0,0,3.422236e-07
0,0,8.399341e-07
0,0,6.197706e-07
0,0,5.0433204e-07
0,0,7.6783664e-07
0,0,2.579232e-07
0,0,6.5026273e-07
0,0,7.13427e-07
0,0,1.5761719e-06
0,0,9.108263e-07
0,0,3.5416952e-07
0,0,5.907918e-07
0,0,7.173766e-07
0,0,5.4128753e-07
0,0,8.989272e-07
0,0,3.037348e-07
0,0,4.3370872e-07
0,0,2.0157835e-07
0,0,4.674083e-07
0,0,1.9465533e-06
0,0,1.2263918e-06
0,0,3.8666934e-07
0,0,3.519946e-07
0,0,1.7469559e-07
0,0,1.9145828e-06
0,0,1.5637838e-06
0,0,6.972289e-07
0,0,3.5698815e-07
0,0,4.307877e-07
0,0,5.2592236e-07
0,0,2.4553765e-07
0,0,3.0359232e-07
0,0,4.3845134e-07
0,0,4.208619e-07
0,0,1.4330232e-06
0,0,1.2593152e-07
0,0,1.0825235e-06
0,0,5.48507e-07
0,0,1.8805996e-06
0,0,2.9281597e-07
0,0,6.7955233e-07
0,0,3.7527275e-07
0,0,3.3125258e-07
0,0,3.406476e-07
0,0,1.2900325e-07
0,0,4.865007e-07
0,0,5.6979e-07
0,0,4.0705103e-07
0,0,3.0925435e-07
0,0,5.4016596e-07
0,0,7.507897e-07
0,0,9.55876e-07
0,0,5.6481963e-07
0,0,4.2914218e-07
0,0,4.2674736e-07
0,0,2.865033e-07
0,0,1.1646489e-06
0,0,3.3086263e-07
0,0,4.486379e-07
0,0,2.3379735e-06
0,0,4.499967e-07
0,0,2.828904e-07
0,0,4.6328904e-07
0,0,2.5278908e-07
0,0,6.870514e-07
0,0,3.2807861e-06
0,0,5.1452975e-07
0,0,6.1921946e-07
0,0,1.2696557e-07
0,0,2.0975948e-07
0,0,1.0547798e-06
0,0,6.698909e-07
0,0,6.3619916e-07
0,0,9.661838e-07
0,0,1.3794123e-06
0,0,3.022415e-07
0,0,1.5694208e-06
0,0,3.3029676e-07
0,0,2.2177792e-06
0,0,4.8127185e-07
0,0,8.134541e-07
0,0,5.978972e-07
0,0,2.7460126e-07
0,0,1.6425552e-06
0,0,1.3519475e-07
0,0,6.6786816e-07
0,0,3.1724093e-07
0,0,2.3849589e-06
0,0,2.4901883e-07
0,0,4.8599344e-07
0,0,4.143805e-07
0,0,3.786972e-07
0,0,2.0774638e-07
0,0,2.5041794e-07
0,0,7.2439724e-07
0,0,1.0821653e-06
0,0,4.7675442e-07
0,0,6.817717e-07
0,0,3.032046e-07
0,0,4.2243298e-07
0,0,1.3537891e-06
0,0,0.038915414
0,0,3.8132643e-07
0,0,1.1275802e-06
0,0,7.2930914e-07
0,0,6.8889904e-07
0,0,9.6777e-07
0,0,4.596938e-07
0,0,5.889461e-07
0,0,3.3305466e-07
0,0,7.4437753e-07
0,0,1.0506064e-06
0,0,2.112277e-07
0,0,2.4174963e-07
0,0,5.6059685e-07
0,0,4.2065284e-07
0,0,7.228508e-07
0,0,0.09485712
0,0,4.283073e-07
0,0,1.0903377e-06
0,0,6.088129e-07
0,0,6.5360575e-07
0,0,8.609701e-07
0,0,1.4731933e-06
0,0,3.340363e-07
0,0,2.0682353e-06
0,0,3.4247955e-07
0,0,4.1482096e-07
0,0,3.2823684e-07
0,0,6.69253e-07
0,0,1.7145999e-06
0,0,2.3557861e-07
0,0,1.3849307e-05
0,0,2.5815307e-06
0,0,3.7709523e-07
0,0,1.1546272e-06
0,0,4.3174435e-07
0,0,6.0833815e-07
0,0,6.4779306e-07
0,0,1.7775471e-06
0,0,3.0136957e-06
0,0,2.2708616e-06
0,0,2.4369172e-07
0,0,9.945946e-07
0,0,7.4372326e-07
0,0,2.3955582e-07
0,0,1.5580215e-06
0,0,4.2484774e-07
0,0,3.2276947e-07
0,0,2.5747124e-07
0,0,4.4293736e-07
0,0,2.1597684e-06
0,0,1.440102e-06
0,0,6.791993e-07
0,0,2.9921694e-07
0,0,5.561356e-07
0,0,1.5919569e-06
0,0,6.8915267e-07
0,0,1.6206268e-07
0,0,1.3275601e-06
0,0,3.8933985e-07
0,0,9.952721e-07
0,0,3.3380604e-07
0,0,1.186009e-06
0,0,3.7451622e-07
0,0,2.1114593e-07
0,0,3.2565234e-07
0,0,3.5434553e-07
0,0,5.0404304e-07
0,0,1.5955911e-07
0,0,6.991479e-07
0,0,3.1371007e-07
0,0,3.753071e-07
0,0,2.2821162e-06
0,0,1.356808e-07
0,0,1.1584108e-07
0,0,8.9668987e-07
0,0,3.6626264e-07
0,0,9.874639e-07
0,0,4.1266267e-07
0,0,8.0965165e-06
0,0,4.339073e-07
0,0,3.2038565e-07
0,0,1.5294786e-07
0,0,1.9011278e-06
0,0,3.4482053e-07
0,0,2.60213e-06
0,0,4.5918907e-07
0,0,3.2250668e-07
0,0,5.6271904e-07
0,0,2.465142e-07
0,0,3.3500912e-06
0,0,9.231118e-07
0,0,4.018651e-07
0,0,6.678707e-07
0,0,1.1110593e-06
0,0,3.8713274e-06
0,0,7.704097e-07
0,0,1.1334333e-06
0,0,3.5262087e-07
0,0,1.4687365e-06
0,0,2.544551e-07
0,0,1.8526499e-06
0,0,7.7668244e-07
0,0,1.8291496e-06
0,0,1.0787032e-06
0,0,9.5155025e-07
0,0,1.439292e-06
0,0,2.5516687e-07
0,0,4.2642068e-07
0,0,5.512854e-07
0,0,7.670513e-07
0,0,8.5009435e-07
0,0,1.3415766e-06
0,0,2.0463847e-06
0,0,1.049526e-06
0,0,1.3661972e-06
0,0,2.640568e-06
0,0,1.2698608e-06
0,0,8.8122516e-07
0,0,3.695044e-07
0,0,4.2202748e-07
0,0,8.199654e-07
0,0,3.1135397e-07
0,0,3.7053337e-07
0,0,1.806175e-07
0,0,5.756972e-07
0,0,7.6049724e-07
0,0,2.1596006e-07
0,0,7.5508876e-07
0,0,5.7974233e-07
0,0,2.300557e-06
0,0,4.4318452e-07
0,0,7.36809e-07
0,0,7.635896e-07
0,0,9.640071e-07
0,0,4.864636e-07
0,0,1.7057473e-06
0,0,9.570782e-07
0,0,5.7349547e-07
0,0,1.0378369e-06
0,0,9.1955513e-07
0,0,8.0629286e-07
0,0,1.5837435e-07
0,0,6.957272e-07
0,0,8.4147666e-07
0,0,8.0216046e-07
0,0,1.0209607e-06
0,0,4.5537496e-07
0,0,4.327147e-07
0,0,7.862013e-07
0,0,4.1862623e-07
0,0,3.0796733e-07
0,0,6.539437e-07
0,0,4.8747927e-07
0,0,1.6317448e-07
0,0,2.9192262e-07
0,0,6.944968e-07
0,0,3.494216e-07
0,0,1.9771014e-06
0,0,3.1099282e-07
0,0,3.5913874e-07
0,0,2.184878e-07
0,0,1.7464212e-07
0,0,1.9511687e-07
0,0,7.5920093e-07
0,0,3.014789e-07
0,0,1.4878774e-06
0,0,3.2173133e-07
0,0,1.0788266e-06
0,0,6.425386e-07
0,0,2.429204e-07
0,0,2.238448e-06
0,0,6.374624e-07
0,0,5.850375e-07
0,0,6.158343e-07
0,0,3.812148e-07
0,0,1.9617771e-06
0,0,1.27852e-06
0,0,4.568966e-07
0,0,1.5931886e-06
0,0,9.789303e-07
0,0,4.851344e-07
0,0,4.5284546e-06
0,0,7.408456e-07
0,0,1.9072877e-06
0,0,3.6607932e-07
0,0,1.0975508e-06
0,0,4.8453336e-07
0,0,1.4256378e-06
0,0,5.8896177e-07
0,0,6.4397597e-07
0,0,1.5430101e-06
0,0,3.6322456e-07
0,0,6.435922e-07
0,0,5.674863e-07
0,0,4.865592e-07
0,0,3.1467042e-07
0,0,5.299456e-07
0,0,9.629798e-07
0,0,5.764378e-07
0,0,4.3577884e-07
0,0,1.4317596e-06
0,0,1.7068815e-07
0,0,4.89764e-07
0,0,9.0130504e-07
0,0,5.0693495e-07
0,0,3.636918e-07
0,0,1.3828843e-06
0,0,5.0935313e-07
0,0,2.4417184e-07
0,0,9.146433e-07
0,0,1.1464855e-06
0,0,5.8985216e-07
0,0,4.1318683e-07
0,0,3.123196e-07
0,0,7.861128e-07
0,0,5.5069796e-07
0,0,2.0725739e-07
0,0,1.3565664e-06
0,0,8.6522067e-07
0,0,1.347236e-06
0,0,1.5089635e-06
0,0,3.413556e-07
0,0,2.7078107e-07
0,0,3.0321502e-07
0,0,1.4508987e-06
0,0,1.1240093e-06
0,0,5.3735545e-07
0,0,7.0428405e-07
0,0,1.7951467e-06
0,0,7.9717825e-07
0,0,3.0561267e-07
0,0,1.8419581e-06
0,0,5.663628e-07
0,0,3.549841e-07
0,0,6.1145226e-07
0,0,2.6767027e-06
0,0,5.667946e-07
0,0,1.1942649e-06
0,0,2.5730188e-07
0,0,1.7199733e-06
0,0,4.2439504e-07
0,0,7.449385e-07
0,0,7.614705e-07
0,0,2.5632073e-07
0,0,9.91461e-07
0,0,5.460488e-07
0,0,1.3544256e-06
0,0,3.4481823e-07
0,0,3.925503e-07
0,0,4.0811454e-07
0,0,1.4062726e-06
0,0,1.4466349e-06
0,0,2.1537059e-07
0,0,5.0767034e-07
0,0,4.9084224e-07
0,0,3.1100012e-06
0,0,1.1165732e-06
0,0,2.3213519e-07
0,0,1.0357497e-06
0,0,8.5088186e-07
0,0,1.6513225e-06
0,0,1.1643946e-06
0,0,1.0312218e-06
0,0,7.158956e-07
0,0,1.3095043e-07
0,0,1.0050172e-06
0,0,3.8241313e-07
0,0,5.705186e-07
0,0,4.6651718e-07
0,0,1.5916457e-06
0,0,1.9627359e-07
0,0,4.7209696e-07
0,0,3.6683485e-07
0,0,1.3035265e-06
0,0,2.3160538e-07
0,0,3.8803392e-07
0,0,6.226469e-07
0,0,5.822923e-07
0,0,5.155316e-06
0,0,7.0387983e-07
0,0,9.2624424e-07
0,0,2.552202e-07
0,0,4.355661e-07
0,0,1.0891613e-06
0,0,7.043479e-07
0,0,8.1297486e-07
0,0,1.2938347e-07
0,0,1.0973959e-06
0,0,1.5144316e-06
0,0,3.8869206e-07
0,0,1.17224474e-07
0,0,4.7300003e-07
0,0,4.2434402e-07
0,0,7.738928e-07
0,0,7.9291027e-07
0,0,6.2940813e-07
0,0,7.4657214e-07
0,0,4.420065e-07
0,0,2.3195337e-06
0,0,3.2884248e-07
0,0,5.5056455e-07
0,0,6.360511e-07
0,0,1.8026783e-07
0,0,2.4489572e-07
0,0,2.0483528e-06
0,0,2.327459e-07
0,0,8.222944e-07
0,0,1.3411082e-07
0,0,4.1422206e-07
0,0,4.8792856e-07
0,0,8.4689555e-07
0,0,3.3752895e-07
0,0,3.6668519e-07
0,0,6.559518e-07
0,0,4.6585117e-07
0,0,8.533092e-07
0,0,5.6948465e-07
0,0,5.1401037e-07
0,0,5.5521826e-07
0,0,5.0228823e-07
0,0,6.331407e-07
0,0,4.5149133e-07
0,0,3.3686072e-07
0,0,2.235936e-07
0,0,4.9956424e-07
0,0,2.3770427e-07
0,0,2.211051e-06
0,0,4.2534964e-07
0,0,1.3239353e-06
0,0,1.2049375e-06
0,0,2.8933917e-07
0,0,1.0195781e-06
0,0,1.0939601e-06
0,0,1.2675572e-06
0,0,3.0971214e-07
0,0,5.3923435e-07
0,0,1.547586e-06
0,0,1.6058634e-07
0,0,7.847204e-07
0,0,2.3264324e-06
0,0,3.7098807e-06
0,0,7.4770435e-07
0,0,8.1047057e-07
0,0,3.2838225e-06
0,0,3.5619848e-07
0,0,4.027395e-07
0,0,4.1169528e-07
0,0,7.697429e-07
0,0,1.0316487e-06
0,0,3.9766644e-07
0,0,7.756003e-07
0,0,2.5409938e-07
0,0,5.339181e-07
0,0,7.8996595e-07
0,0,2.689148e-07
0,0,8.935931e-08
0,0,6.2444275e-07
0,0,2.5251802e-07
0,0,9.201455e-07
0,0,2.975451e-06
0,0,1.6795007e-06
0,0,8.933295e-07
0,0,6.667551e-07
0,0,3.267514e-07
0,0,1.1124207e-06
0,0,8.407331e-07
0,0,1.0844309e-06
0,0,6.965431e-07
0,0,1.31699e-07
0,0,8.1978874e-07
0,0,2.8128085e-07
0,0,6.0893484e-07
0,0,2.2439924e-06
0,0,1.7709549e-06
0,0,8.38555e-07
0,0,3.09681e-06
0,0,1.5396673e-06
0,0,1.2147956e-06
0,0,2.6092994e-06
0,0,2.5659542e-06
0,0,7.0355975e-07
0,0,2.0520774e-06
0,0,2.1507299e-07
0,0,1.5723451e-06
0,0,6.217313e-07
0,0,4.0512512e-07
0,0,5.9922155e-07
0,0,3.943679e-07
0,0,1.6067365e-06
0,0,5.119415e-07
0,0,2.123261e-06
0,0,6.9850415e-07
0,0,7.7372454e-07
0,0,3.1626703e-07
0,0,2.3188385e-07
0,0,9.504773e-07
0,0,4.8935175e-07
0,0,3.0211643e-07
0,0,2.6482294e-07
0,0,5.083365e-07
0,0,5.037907e-07
0,0,2.8415607e-07
0,0,8.932222e-07
0,0,3.086836e-07
0,0,6.394686e-07
0,0,2.1319147e-06
0,0,1.0238117e-06
0,0,4.0875642e-07
0,0,1.1229849e-06
0,0,3.8574706e-07
0,0,4.2723886e-07
0,0,6.382976e-07
0,0,1.401525e-06
0,0,7.415765e-07
0,0,1.0867137e-06
0,0,1.6959905e-06
0,0,4.6745507e-07
0,0,1.220489e-06
0,0,5.203784e-07
0,0,1.4955708e-06
0,0,6.523311e-07
0,0,2.3136165e-07
0,0,4.154057e-07
0,0,3.0118147e-07
0,0,3.7488823e-07
0,0,5.91135e-07
0,0,3.4939835e-06
0,0,1.5573099e-06
0,0,4.017076e-07
0,0,7.195994e-07
0,0,5.8146543e-07
0,0,2.1327271e-07
0,0,8.632253e-07
0,0,1.7661497e-06
0,0,4.6348126e-07
0,0,2.6243276e-07
0,0,2.7542112e-07
0,0,4.834376e-07
0,0,1.52955e-07
0,0,1.1604359e-06
0,0,6.7378454e-07
0,0,4.058804e-07
0,0,7.1348353e-07
0,0,3.4823936e-06
0,0,2.9111445e-07
0,0,5.7170377e-07
0,0,1.3517674e-06
0,0,5.957213e-07
0,0,5.112804e-07
0,0,2.0215145e-07
0,0,2.2645762e-07
0,0,6.2359766e-07
0,0,4.2921093e-07
0,0,5.4374516e-07
0,0,5.336387e-07
0,0,1.6688497e-06
0,0,5.6222717e-07
0,0,3.7068182e-07
0,0,2.495592e-07
0,0,7.284062e-07
0,0,2.2816876e-06
0,0,2.0934092e-06
0,0,2.6048536e-07
0,0,2.3181464e-07
0,0,9.524727e-07
0,0,4.2767547e-07
0,0,2.6516614e-07
0,0,3.469951e-07
0,0,3.6087357e-07
0,0,1.1060978e-06
0,0,1.7823577e-06
0,0,6.784037e-07
0,0,1.1875187e-06
1,1,0.90107906
0,0,5.0195735e-07
0,0,3.6348376e-07
0,0,7.834783e-07
0,0,1.219848e-06
0,0,3.9958086e-06
0,0,5.534832e-07
0,0,9.900173e-07
0,0,1.1396821e-06
0,0,1.7870283e-07
0,0,3.7153583e-07
0,0,4.9570116e-07
0,0,9.379735e-07
0,0,8.2967523e-07
0,0,6.161974e-07
0,0,2.7561924e-07
0,0,2.0783427e-06
0,0,1.9372126e-07
0,0,9.346918e-07
0,0,9.918648e-07
0,0,1.0773441e-06
0,0,1.1287831e-06
0,0,2.0902303e-07
0,0,1.5661494e-06
0,0,2.3494658e-07
0,0,2.848151e-07
0,0,5.956105e-07
0,0,9.693995e-07
0,0,2.0385153e-06
0,0,5.4233084e-07
0,0,1.2127063e-06
0,0,3.0483684e-06
0,0,1.924698e-07
0,0,9.0244805e-07
0,0,6.763139e-07
0,0,2.1381321e-07
0,0,1.1683334e-06
0,0,5.2491765e-07
0,0,9.740032e-07
0,0,8.187386e-07
0,0,3.0908836e-07
0,0,7.04782e-07
0,0,2.0986263e-06
0,0,4.9232136e-07
0,0,3.0335616e-07
0,0,4.5307127e-07
0,0,8.490839e-07
0,0,1.7712943e-06
0,0,7.497772e-07
0,0,3.9718552e-07
0,0,3.1111264e-07
0,0,4.0486825e-07
0,0,3.3593744e-07
0,0,2.82814e-06
0,0,2.7201514e-07
0,0,1.917647e-06
0,0,5.579599e-07
0,0,1.0588253e-06
0,0,3.4129863e-07
0,0,4.6325147e-07
0,0,1.1199743e-06
0,0,4.998516e-07
0,0,5.0268403e-07
0,0,5.909636e-07
0,0,1.2089753e-06
0,0,1.6403385e-06
0,0,2.7613333e-07
0,0,1.1330881e-07
0,0,2.3883703e-07
0,0,2.927219e-07
0,0,3.2843536e-07
0,0,3.9843776e-06
0,0,8.2939516e-07
0,0,9.526181e-07
0,0,5.765285e-07
0,0,1.0967441e-06
0,0,3.593861e-07
0,0,2.7750585e-07
0,0,0.19702335
0,0,3.043463e-07
0,0,8.0282246e-07
0,0,9.1935686e-07
0,0,9.5342324e-07
0,0,7.934178e-07
0,0,6.8752007e-07
0,0,3.764341e-07
0,0,5.7111635e-07
0,0,8.223814e-07
0,0,4.7420963e-06
0,0,0.0048027053
0,0,2.4189774e-06
0,0,7.9063597e-07
0,0,2.1680994e-06
0,0,9.1164156e-07
0,0,5.1283473e-07
0,0,5.675605e-07
0,0,1.7783439e-06
0,0,2.9422623e-07
0,0,2.762495e-07
0,0,7.160097e-07
0,0,3.8022867e-07
0,0,6.747838e-07
0,0,1.0846222e-06
0,0,4.7715105e-07
0,0,6.570926e-07
0,0,8.006151e-07
0,0,2.3506834e-06
0,0,2.532787e-07
0,0,9.902855e-07
0,0,1.0772218e-06
0,0,5.224151e-07
0,0,2.0983532e-07
0,0,5.3509467e-07
0,0,2.07842e-06
0,0,1.1913585e-06
0,0,6.8950044e-07
0,0,1.0220225e-06
0,0,3.3487132e-07
0,0,8.1000536e-07
0,0,1.1727316e-06
0,0,4.195931e-07
0,0,4.037466e-07
0,0,9.57007e-07
0,0,1.2632983e-06
0,0,1.4775746e-07
0,0,7.302786e-07
0,0,9.538298e-07
0,0,9.1301877e-07
0,0,1.2347051e-06
0,0,7.801708e-07
0,0,5.126274e-07
0,0,1.0197366e-06
0,0,1.0347377e-06
0,0,2.192786e-06
0,0,3.086736e-07
0,0,8.775519e-07
0,0,1.0833259e-06
0,0,8.4929934e-07
0,0,3.861696e-07
0,0,6.491796e-07
0,0,3.4439853e-07
0,0,5.642032e-07
0,0,4.90214e-07
0,0,4.228336e-07
0,0,2.5423224e-06
0,0,3.133154e-07
0,0,6.753375e-07
0,0,7.999511e-07
0,0,3.9599334e-07
0,0,6.914377e-07
0,0,2.6977737e-06
0,0,1.3538988e-06
0,0,2.250161e-07
0,0,3.7007322e-07
0,0,1.22564e-06
0,0,2.0573611e-07
0,0,8.7253903e-07
0,0,9.082736e-07
0,0,9.279019e-07
0,0,2.051956e-06
0,0,6.1603873e-07
0,0,6.697753e-07
0,0,2.9947645e-07
0,0,9.996222e-07
0,0,1.7305875e-06
0,0,3.02323e-06
0,0,8.4666226e-07
0,0,3.9806218e-07
0,0,1.4294291e-07
0,0,8.384215e-07
0,0,5.9236805e-07
0,0,7.9279687e-07
0,0,2.1220049e-07
0,0,1.18039225e-05
0,0,1.1632569e-06
0,0,8.310563e-07
0,0,4.628633e-07
0,0,5.567273e-07
0,0,3.401623e-07
0,0,1.2609993e-06
0,0,3.3761106e-07
0,0,5.350707e-07
0,0,1.7012635e-06
0,0,2.4449062e-07
0,0,2.6711794e-07
0,0,5.6267237e-07
0,0,1.473328e-07
0,0,7.492897e-07
0,0,4.5317805e-07
0,0,5.2379954e-07
0,0,6.345256e-07
0,0,1.103004e-06
0,0,4.788938e-07
0,0,3.262249e-07
0,0,6.362383e-06
0,0,2.051365e-06
0,0,9.3878685e-07
0,0,1.0726538e-06
0,0,3.333559e-07
0,0,7.998855e-07
0,0,1.4843201e-06
0,0,6.7050894e-07
0,0,1.0565507e-06
0,0,4.8063845e-07
0,0,2.0206181e-07
0,0,5.14703e-07
0,0,2.8875888e-07
0,0,4.3108977e-07
0,0,2.1406763e-07
0,0,3.1497274e-07
0,0,2.2624206e-06
0,0,6.623347e-07
0,0,1.9505175e-07
0,0,1.7288257e-06
0,0,2.5795248e-07
0,0,5.5325097e-07
0,0,5.324106e-07
0,0,1.1147496e-06
0,0,5.392796e-07
0,0,7.2065916e-07
0,0,2.899775e-06
0,0,1.5184869e-06
0,0,7.44778e-07
0,0,5.0837724e-07
0,0,3.494196e-07
0,0,5.955992e-07
0,0,5.749768e-07
0,0,4.526541e-07
0,0,1.0705425e-06
0,0,3.283749e-07
0,0,1.377313e-06
0,0,5.929434e-07
0,0,1.2296944e-06
0,0,4.3974526e-07
0,0,3.145195e-07
0,0,2.3138248e-06
0,0,1.6517745e-07
0,0,2.6403288e-06
0,0,6.227027e-07
0,0,9.980085e-07
0,0,3.2803624e-07
0,0,3.144625e-07
0,0,9.427443e-07
0,0,2.59311e-07
0,0,4.3437723e-07
0,0,5.874371e-07
0,0,3.12021e-07
0,0,1.2936772e-06
0,0,5.467621e-07
0,0,2.4985783e-07
0,0,3.0294157e-07
0,0,2.6551788e-06
0,0,3.0262788e-06
0,0,3.2650673e-06
0,0,1.6180215e-06
0,0,6.1735085e-07
0,0,1.0989448e-06
0,0,3.9102474e-07
0,0,1.1742435e-06
0,0,2.8526034e-07
0,0,6.3136504e-08
0,0,3.9803376e-07
0,0,7.9666603e-07
0,0,3.2049442e-07
0,0,1.9135354e-07
0,0,1.3474711e-06
0,0,5.6440666e-07
0,0,3.3504347e-07
0,0,3.6119104e-07
0,0,2.6056165e-07
0,0,3.377418e-07
0,0,6.202768e-07
0,0,2.3719504e-06
0,0,1.5700465e-06
0,0,8.6375394e-07
0,0,1.4847533e-06
0,0,1.2340776e-06
0,0,6.319692e-07
0,0,4.3643013e-07
0,0,3.7913733e-07
0,0,5.04767e-07
0,0,2.9413027e-07
0,0,5.927116e-07
0,0,8.2172676e-07
0,0,1.9326548e-07
0,0,1.0538829e-06
0,0,1.0158366e-06
0,0,2.920886e-07
0,0,3.6351565e-07
0,0,5.0490457e-06
0,0,3.932176e-07
0,0,2.7809162e-07
0,0,2.3179784e-07
0,0,5.491466e-07
0,0,1.7697105e-06
0,0,1.008818e-06
0,0,4.2112688e-07
0,0,1.3328959e-06
0,0,3.6151775e-07
1,0,0.15795131
0,0,7.631637e-07
0,0,2.9241636e-07
0,0,5.5291446e-07
0,0,1.851091e-07
0,0,1.2831592e-06
0,0,2.4081794e-07
0,0,9.0173063e-07
0,1,0.5256915
0,0,1.2627165e-06
0,0,5.734101e-07
0,0,1.1440411e-06
0,0,8.649129e-07
0,0,2.8466138e-07
0,0,4.1846576e-07
0,0,6.0901846e-07
0,0,6.0008676e-07
0,0,8.241252e-07
0,0,3.408624e-07
0,0,6.6572136e-07
0,0,9.3233257e-07
0,0,1.8089363e-06
0,0,2.5699043e-07
0,0,8.0687314e-05
0,0,1.0707048e-06
0,0,3.889457e-07
0,0,3.3388213e-07
0,0,8.0556737e-07
0,0,6.388719e-07
0,0,1.2503762e-06
0,0,1.429413e-06
0,0,6.3175105e-07
0,0,8.501308e-07
0,0,2.835635e-07
0,0,3.2066717e-07
0,0,2.2394357e-07
0,0,2.1035235e-06
0,0,1.7334006e-07
0,0,2.949505e-07
0,0,6.6213187e-07
0,0,4.7489976e-07
0,0,3.688759e-07
0,0,2.1865934e-07
0,0,3.8217033e-07
0,0,5.336794e-07
0,0,4.6283114e-07
0,0,3.324558e-07
0,0,1.6793917e-06
0,0,3.1216388e-07
0,0,0.0155664515
0,0,5.0496584e-07
0,0,1.3456937e-06
0,0,2.9435898e-07
0,0,5.63767e-07
0,0,2.073167e-07
0,0,9.795093e-07
0,0,1.4287312e-07
0,0,1.0423968e-06
0,0,3.371096e-06
0,0,1.5347944e-06
0,0,6.4641074e-07
0,0,6.736804e-07
0,0,8.024849e-07
0,0,0.1192512
0,0,6.204957e-07
0,0,3.3997028e-07
0,0,6.34669e-07
0,0,5.0228675e-07
0,0,9.704975e-07
0,0,7.3350265e-07
0,0,6.6871706e-07
0,0,2.8230636e-07
0,0,4.8967524e-07
0,0,6.72464e-07
0,0,3.951404e-07
0,0,5.562905e-07
0,0,2.5947872e-07
0,0,3.0988958e-06
0,0,3.0170267e-07
0,0,4.3730338e-07
0,0,2.0067791e-06
0,0,1.1332518e-06
0,0,4.7145127e-07
0,0,2.8990786e-07
0,0,2.9683117e-06
0,0,4.2547987e-07
0,0,2.2317816e-07
0,0,8.9257077e-07
0,0,3.303205e-06
0,0,1.6948361e-06
0,0,7.912756e-07
0,0,1.6722097e-06
0,0,2.5761126e-06
0,0,7.8614875e-07
0,0,4.522666e-07
0,0,5.529756e-07
0,0,9.2458055e-07
0,0,3.9651107e-07
0,0,1.7408073e-06
0,0,7.3335787e-07
0,0,3.3600213e-07
0,0,4.7394286e-07
0,0,7.848626e-07
0,0,1.5995387e-06
0,0,7.4820514e-07
0,0,1.2267738e-07
0,0,2.4787963e-07
0,0,4.472598e-07
0,0,5.6496833e-07
0,0,1.213508e-06
0,0,8.406593e-07
0,0,3.5287115e-07
0,0,1.8501555e-07
0,0,9.1105744e-07
0,0,9.962836e-07
0,0,3.6666418e-07
0,0,4.514234e-05
0,0,2.3297137e-06
0,0,1.9308014e-07
0,0,2.91946e-07
0,0,3.2450743e-07
0,0,3.6045876e-07
0,0,3.9921224e-07
0,0,4.9727504e-07
0,0,6.3580427e-07
1,0,0.15591407
0,0,1.6255863e-06
0,0,6.205484e-07
0,0,1.6392033e-07
0,0,7.7040823e-07
0,0,3.5290412e-07
0,0,3.257241e-07
0,0,3.5069252e-07
0,0,9.977011e-07
0,0,1.0427477e-06
0,0,1.629232e-06
0,0,5.403432e-07
0,0,1.1697492e-06
0,0,6.617134e-07
0,0,3.0512837e-07
0,0,5.5778906e-07
0,0,3.4925768e-07
0,0,2.7966288e-07
0,0,8.380322e-07
0,0,4.9196984e-07
0,0,9.221273e-07
0,0,8.9461264e-07
0,0,3.394844e-06
0,0,2.0042168e-07
0,0,6.1956916e-07
0,0,5.162112e-07
0,0,6.460366e-07
0,0,4.2027392e-07
0,0,9.618601e-07
0,0,8.5880026e-07
0,0,7.350067e-07
0,0,5.0022646e-07
0,0,3.20433e-07
0,0,4.6487924e-07
0,0,1.9544295e-07
0,0,1.8200525e-06
0,0,1.2626539e-06
0,0,2.5973945e-06
0,0,4.2382996e-07
0,0,2.782388e-06
0,0,2.6844384e-07
0,0,6.447164e-07
0,0,3.007343e-07
0,0,3.4094576e-06
0,0,1.8673519e-07
0,0,6.690922e-07
0,0,1.1680391e-06
0,0,3.616167e-07
0,0,7.6865354e-07
0,0,9.037589e-07
0,0,4.061239e-07
0,0,6.57712e-07
0,0,1.6392783e-06
0,0,1.3097757e-06
0,0,1.0083111e-06
0,0,6.547331e-07
0,0,1.1264774e-06
0,0,1.4992266e-06
0,0,2.5253516e-06
0,0,5.522863e-07
0,0,7.7198064e-07
0,0,4.4348852e-07
0,0,3.508163e-07
0,0,1.229311e-06
0,0,3.700796e-07
0,0,8.6003536e-07
0,0,8.4101134e-07
0,0,2.017879e-06
0,0,4.0096967e-07
0,0,5.860237e-07
0,0,2.4373634e-07
0,0,2.0229215e-06
0,0,1.1932688e-06
0,0,3.0449698e-07
0,0,3.0911607e-07
0,0,5.353693e-07
0,0,5.5089174e-07
0,0,1.8686502e-06
0,0,1.1128366e-06
0,0,9.557602e-07
0,0,0.0004115057
0,0,1.0113803e-06
0,0,2.4674256e-07
0,0,7.9388485e-07
0,0,3.3952122e-07
0,0,3.8621454e-07
0,0,3.9366185e-07
0,0,2.553955e-07
0,0,4.863407e-07
0,0,4.1590002e-07
0,0,6.953584e-07
0,0,4.052074e-07
0,0,1.2457105e-06
0,0,1.8018909e-06
0,0,1.059105e-06
0,0,4.4897607e-07
0,0,9.5328056e-07
0,0,1.8653686e-06
0,0,5.2439077e-07
0,0,4.9243874e-07
0,0,3.7944045e-07
0,0,2.506918e-06
0,0,0.00054087053
0,0,6.9074895e-07
0,0,5.8577616e-06
0,0,5.885328e-07
0,0,1.174594e-06
0,0,1.1488694e-06
0,0,7.893115e-07
0,0,1.6982176e-07
0,0,1.335205e-06
0,0,9.980147e-08
0,0,6.557517e-07
0,0,9.54181e-07
0,0,2.9123274e-07
0,0,5.475198e-07
0,0,5.4853945e-07
0,0,6.297666e-07
0,0,1.6707415e-06
0,0,9.3240726e-07
0,0,2.9189255e-07
0,0,6.6641053e-07
0,0,1.5726569e-07
0,0,6.277171e-07
0,0,6.139461e-07
0,0,1.0410329e-06
0,0,5.4601543e-07
0,0,7.199571e-07
0,0,8.613972e-07
0,0,1.2915593e-06
0,0,7.331047e-07
0,0,2.0562645e-07
0,0,3.4718877e-07
0,0,3.906792e-07
0,0,1.12559846e-07
0,0,6.1313807e-07
0,0,9.936447e-07
0,0,3.7790204e-07
0,0,1.1044588e-06
0,0,4.089272e-07
0,0,2.5396903e-07
0,0,8.122897e-07
0,0,5.0555565e-07
0,0,6.867193e-07
0,0,2.0196339e-07
0,0,2.744222e-07
0,0,3.0121683e-07
0,0,1.952512e-06
1,0,0.20989853
0,0,5.6993076e-07
0,0,2.0326496e-07
0,0,3.415253e-06
0,0,3.6498716e-07
0,0,5.5029e-07
0,0,2.5299966e-07
0,0,6.8652287e-07
0,0,1.8977715e-07
0,0,2.231057e-06
0,0,9.935841e-07
0,0,3.975004e-07
0,0,1.1823522e-06
0,0,2.7257008e-07
0,0,7.023142e-07
0,0,1.3018146e-06
0,0,1.59513e-06
0,0,6.814948e-07
0,0,3.0384228e-07
0,0,2.946977e-07
0,0,4.230349e-07
0,0,7.8180864e-07
0,0,4.1246554e-07
0,0,7.8233893e-07
0,0,3.7255663e-07
0,0,4.4128544e-07
0,0,6.99414e-07
0,0,0.085178986
0,0,4.721834e-07
0,0,3.1309648e-07
0,0,2.7816083e-07
0,0,2.4889962e-07
0,0,4.930163e-07
0,0,1.513268e-06
0,0,7.481316e-07
0,0,6.421282e-07
0,0,3.58572e-07
0,0,7.322173e-07
0,0,5.963488e-06
0,0,8.3834954e-07
0,0,5.5270095e-07
0,0,1.2492867e-06
0,0,1.1913856e-06
0,0,2.7382015e-07
0,0,1.3421949e-06
0,0,2.3973087e-07
0,0,2.9819313e-07
0,0,7.9348365e-07
0,0,7.6247545e-07
0,0,8.2194e-07
0,0,6.1154554e-07
0,0,3.5717204e-07
0,0,6.291303e-07
0,0,7.495635e-07
0,0,4.9639516e-07
0,0,1.2759098e-06
0,0,1.3328132e-06
0,0,1.518132e-06
0,0,1.5905487e-06
0,0,1.8552048e-06
0,0,2.2655902e-06
0,0,5.933949e-07
0,0,2.4056337e-07
0,0,2.0513203e-06
0,0,3.3343315e-07
0,0,5.9739733e-07
0,0,3.882364e-07
0,0,1.6636932e-06
0,0,8.379946e-07
0,0,5.994479e-07
0,0,8.3494183e-07
0,0,1.4352948e-06
0,0,5.70911e-07
0,0,6.23979e-07
0,0,1.764212e-06
0,0,5.45497e-07
0,0,1.1432908e-06
0,0,2.0341466e-07
0,0,1.081929e-06
0,0,3.346772e-07
0,0,1.1153621e-06
0,0,2.5879197e-06
0,0,6.2002664e-07
0,0,5.7374984e-07
0,0,7.2659265e-07
0,0,3.4382919e-07
0,0,2.4460817e-07
0,0,1.3166864e-06
0,0,3.4349097e-07
0,0,9.779739e-07
0,0,3.7532715e-07
0,0,1.1078006e-06
0,0,1.661407e-07
0,0,1.4365412e-06
0,0,3.9449168e-07
0,0,4.885991e-07
0,0,3.7389742e-07
0,0,8.5410215e-07
0,0,4.379628e-07
0,0,7.8660776e-07
0,0,4.960242e-07
0,0,2.4608462e-06
0,0,1.8235638e-06
0,0,4.93569e-07
0,0,2.6506197e-07
0,0,1.7432912e-07
0,0,5.858142e-07
0,0,9.331946e-07
0,0,2.2851842e-07
0,0,3.451357e-07
0,0,2.9945818e-07
0,0,1.1850263e-06
0,0,6.744133e-07
0,0,7.942915e-07
0,0,1.7669954e-06
0,0,1.6144071e-06
0,0,2.1262002e-07
0,0,4.6884543e-06
0,0,6.608866e-07
0,0,1.7469326e-07
0,0,1.399551e-06
0,0,5.266526e-07
0,0,1.9581665e-07
0,0,7.8334233e-07
0,0,1.1512658e-06
0,0,3.094541e-07
0,0,3.049931e-07
0,0,1.321962e-06
0,0,2.3995457e-07
0,0,7.0894936e-07
0,0,5.695727e-07
0,0,1.192162e-06
0,0,2.517157e-07
0,0,2.0932414e-06
0,0,3.762464e-07
0,0,3.8056533e-07
0,0,5.843595e-06
0,0,2.447951e-07
0,0,8.833102e-07
0,0,3.7903357e-07
0,0,2.3099662e-06
0,0,9.919377e-07
0,0,1.3591524e-06
0,0,1.1328315e-06
0,0,1.7413304e-07
0,0,2.98462e-07
0,0,5.381001e-07
0,0,2.5625502e-06
0,0,1.7961385e-07
0,0,1.2676562e-06
0,0,1.483672e-06
0,0,5.9209356e-07
0,0,3.3679518e-07
0,0,3.106703e-07
0,0,1.1603131e-06
0,0,8.75207e-08
0,0,8.769537e-07
0,0,2.9442273e-07
0,0,3.33023e-06
0,0,1.8758963e-07
0,0,1.1317624e-06
0,0,4.1042475e-07
0,0,4.5659604e-07
0,0,1.5376761e-06
0,0,1.5429408e-06
0,0,4.2325746e-06
0,0,3.943852e-07
0,0,2.4515539e-06
0,0,1.5615126e-06
0,0,7.6277365e-07
0,0,6.2223967e-07
0,0,3.6529673e-06
0,0,7.1817603e-06
0,0,3.6170916e-06
0,0,2.347354e-07
0,0,3.085965e-07
0,0,1.9920303e-06
0,0,2.1320459e-07
0,0,2.8941176e-07
0,0,1.1322396e-06
0,0,1.7970017e-06
0,0,1.3848494e-06
0,0,4.9420015e-07
0,0,1.8128291e-07
0,0,4.3812867e-07
0,0,2.7163847e-07
0,0,2.3669882e-06
0,0,2.4182643e-07
0,0,9.3739305e-07
0,0,3.3338833e-07
0,0,3.795765e-07
0,0,1.2186607e-06
0,0,4.822762e-07
0,0,3.8405046e-06
0,0,6.8565464e-07
0,0,5.311696e-07
0,0,1.4682995e-06
0,0,4.8123746e-07
0,0,1.2742718e-06
0,0,2.2372008e-07
0,0,5.1702654e-07
0,0,1.8539491e-06
0,0,1.7456418e-07
0,0,4.2603006e-07
0,0,8.212223e-07
0,0,3.2069255e-07
0,0,6.041379e-07
0,0,3.0157437e-07
0,0,7.5549855e-07
0,0,6.2516074e-07
0,0,1.4241851e-06
0,0,2.9780352e-07
0,0,3.618226e-07
0,0,2.5185811e-06
0,0,7.7747166e-07
0,0,4.674676e-07
0,0,4.674453e-07
0,0,6.4865424e-07
0,0,1.6673193e-06
0,0,4.376676e-07
0,0,2.3346485e-07
0,0,1.2194374e-06
0,0,2.1182332e-06
0,0,6.0137126e-07
0,0,3.0992518e-07
0,0,5.612966e-07
0,0,2.0661955e-07
0,0,8.663815e-07
0,0,2.793635e-06
0,0,5.369943e-07
0,0,3.078396e-07
0,0,7.387594e-07
0,0,1.3810128e-06
0,0,1.0853155e-06
0,0,8.667948e-07
0,0,1.2110465e-06
0,0,3.5295128e-07
0,0,1.9381163e-07
0,0,1.2720935e-06
0,0,6.1180396e-07
0,0,1.1306362e-06
0,0,4.7926665e-07
0,0,6.6337645e-07
0,0,2.7283613e-07
0,0,5.115984e-07
0,0,3.09885e-07
0,0,4.4670946e-07
0,0,8.463014e-07
0,0,3.1499107e-07
0,0,1.7748554e-06
0,0,5.2868916e-07
0,0,5.9839067e-07
0,0,1.3651775e-06
0,0,9.441705e-07
0,0,7.837563e-07
0,0,4.0393917e-07
0,0,3.6875386e-07
0,0,4.4093164e-07
0,0,2.2400561e-06
0,0,7.6001805e-07
0,0,1.0964031e-06
0,0,7.285952e-07
0,0,4.195319e-07
0,0,4.062448e-07
0,0,2.8344803e-07
0,0,3.0710683e-07
0,0,9.159841e-07
0,0,5.061456e-07
0,0,4.0360382e-07
0,0,4.2647883e-07
0,0,9.535388e-07
0,0,1.6343098e-07
0,0,4.155832e-07
0,0,7.4640553e-07
0,0,8.630911e-07
0,0,5.5267407e-07
0,0,9.4028684e-07
0,0,6.1576384e-07
0,0,5.183665e-07
0,0,4.7030932e-07
0,0,4.832601e-07
0,0,2.0821764e-07
0,0,3.2852085e-07
0,0,3.2548405e-07
0,0,7.838707e-07
0,0,5.111887e-07
0,0,6.2683955e-07
0,0,8.8429215e-07
0,0,8.6577035e-07
0,0,4.6445427e-07
0,0,9.039425e-07
0,0,2.9177536e-07
0,0,2.841474e-07
0,0,6.891152e-07
0,0,1.2044801e-06
0,0,1.6993127e-06
0,0,2.2342647e-07
0,0,4.2652317e-07
0,0,5.421074e-07
0,0,1.2406335e-07
0,0,2.8883244e-07
0,0,1.4373894e-06
0,0,0.0022224402
0,0,5.4926187e-07
0,0,4.3040419e-07
0,0,3.5208356e-07
0,0,2.8932675e-07
0,0,4.1537916e-07
0,0,1.5288704e-07
0,0,9.702078e-07
0,0,2.2885537e-07
0,0,2.9948188e-07
0,0,1.5723315e-07
0,0,3.483951e-07
0,0,2.5556042e-07
0,0,5.699329e-07
0,0,4.510116e-06
0,0,4.257916e-07
0,0,3.5468125e-07
0,0,4.930177e-07
0,0,3.6501288e-07
0,0,3.9100718e-07
0,0,2.510734e-07
0,0,4.919285e-07
0,0,1.0766333e-06
0,0,3.730835e-07
0,0,4.1189045e-07
0,0,2.469582e-07
0,0,5.1320706e-07
0,0,4.6485624e-07
0,0,1.6775623e-06
0,0,1.4935241e-06
0,0,1.6482278e-07
0,0,2.2461883e-07
0,0,6.094513e-07
0,0,4.7336331e-07
0,0,2.6084606e-07
0,0,4.050938e-07
0,0,1.1567654e-06
0,0,5.446617e-07
0,0,3.768411e-07
0,0,5.0405697e-07
0,0,1.182836e-06
0,0,4.5061338e-07
0,0,7.25727e-07
0,0,3.3700596e-07
0,0,3.0306728e-07
0,0,4.6111595e-07
0,0,6.0013997e-07
0,0,9.743814e-07
0,0,4.1454453e-07
0,0,3.9574797e-07
0,0,1.1944398e-07
0,0,1.0787516e-06
0,0,1.831258e-06
0,0,1.2421173e-06
0,0,4.4777022e-07
0,0,1.6821568e-06
0,0,1.5973404e-06
0,0,4.5033073e-07
0,0,4.2569906e-07
0,0,1.2226477e-06
0,0,6.524773e-07
0,0,8.5838514e-07
0,0,3.227824e-07
0,0,1.5126375e-06
0,0,6.276339e-07
0,0,7.8943197e-07
0,0,1.307412e-06
0,0,5.039099e-07
0,0,5.348824e-07
0,0,1.2315181e-06
0,0,1.0854811e-06
0,0,5.756862e-07
0,0,1.298738e-06
0,0,4.9041836e-07
0,0,5.178635e-07
0,0,9.168694e-07
0,0,6.430812e-07
0,0,7.2842704e-07
0,0,3.165821e-07
0,0,1.6996563e-06
0,0,3.089967e-07
0,0,4.7083705e-07
0,0,4.303122e-07
0,0,4.8410516e-07
0,0,2.3954325e-07
0,0,1.8783501e-06
0,0,2.9664506e-07
0,0,1.3885867e-06
0,0,3.9527382e-07
0,0,1.7292775e-06
0,0,2.195274e-06
0,0,2.1171304e-06
0,0,1.462433e-06
0,0,6.848129e-07
0,0,4.93747e-07
0,0,3.563422e-07
0,0,2.0441715e-07
0,0,1.5067374e-06
0,0,1.1297825e-06
0,0,5.661074e-07
0,0,3.1403246e-07
0,0,6.5032475e-07
0,0,4.844437e-07
0,0,4.6368865e-07
0,0,2.550625e-07
0,0,2.7411877e-06
0,0,8.326906e-07
0,0,4.0472582e-07
0,0,5.9434007e-07
0,0,3.8135008e-07
0,0,8.1803705e-07
0,0,3.7110203e-07
0,0,3.0472214e-07
0,0,7.841907e-07
0,0,3.172815e-07
0,0,3.095326e-07
0,0,7.7492746e-07
0,0,3.8868689e-07
0,0,1.386385e-06
0,0,6.4208655e-07
0,0,5.551198e-07
0,0,5.271584e-06
0,0,4.643188e-07
0,0,4.1502636e-07
0,0,8.204301e-07
0,0,4.812126e-07
0,0,3.2939457e-07
0,0,2.2966922e-06
0,0,2.1324577e-06
0,0,3.271655e-07
0,0,2.0204268e-06
0,0,2.7448948e-07
0,0,1.3661972e-06
0,0,1.2931431e-06
0,0,7.0930105e-07
0,0,7.8285393e-07
0,0,4.3529076e-07
0,0,3.0837907e-07
0,0,1.4989222e-06
0,0,7.7752804e-07
0,0,1.9192449e-07
0,0,3.6583114e-07
0,0,3.436951e-07
0,0,7.520402e-07
0,0,6.9792816e-07
0,0,1.697489e-07
0,0,2.8527612e-07
0,0,6.2509633e-07
0,0,4.3537548e-07
0,0,1.8386534e-06
0,0,3.666953e-07
0,0,7.7018274e-07
0,0,1.5777059e-06
0,0,3.1693915e-07
0,0,8.062652e-07
0,0,4.928442e-07
0,0,1.3666937e-06
0,0,8.0496375e-07
0,0,3.5386665e-07
0,0,6.275268e-07
0,0,1.856419e-06
0,0,3.3007885e-07
0,0,4.7773926e-07
0,0,5.4296316e-07
0,0,9.544467e-07
0,0,1.1865508e-06
0,0,4.6669828e-07
0,0,2.2709419e-06
0,0,6.8220356e-07
0,0,3.4893043e-07
0,0,8.6123623e-07
0,0,1.1592501e-06
0,0,3.1965044e-07
0,0,5.543173e-07
0,0,7.3723146e-07
0,0,1.5998154e-05
0,0,0.063628346
0,0,5.318696e-07
0,0,6.819844e-07
0,0,3.9052645e-07
0,0,3.2837394e-07
0,0,1.936719e-06
0,0,1.3320711e-06
0,0,4.282109e-07
0,0,1.8966624e-07
0,0,3.9757927e-07
0,0,5.9113046e-07
0,0,3.3394645e-07
0,0,1.4218236e-07
0,0,4.034191e-07
0,0,1.93756e-07
0,0,2.0372644e-07
0,0,6.094153e-07
0,0,8.0632515e-07
0,0,4.6180514e-07
0,0,6.982617e-07
0,0,2.2747406e-07
0,0,5.009526e-07
0,0,1.3658911e-06
0,0,7.9529735e-07
0,0,5.9474773e-06
0,0,7.451815e-07
0,0,6.368778e-07
0,0,3.446762e-07
0,0,4.916368e-07
0,0,4.6077e-07
0,0,2.3051702e-07
0,0,4.716883e-07
0,0,7.532288e-07
0,0,3.0260712e-06
0,0,1.847694e-07
0,0,2.7174392e-06
0,0,1.870619e-07
0,0,4.86343e-07
0,0,5.7394465e-07
0,0,1.4859361e-06
0,0,6.809231e-07
0,0,1.01725e-06
0,0,2.9565167e-06
0,0,2.505362e-07
0,0,2.7777196e-07
0,0,2.9976334e-07
0,0,5.8215903e-07
0,0,3.462477e-07
0,0,1.162658e-06
0,0,5.2023404e-07
0,0,4.9513517e-07
0,0,5.559744e-07
0,0,4.9347676e-07
0,0,8.208001e-06
0,0,5.8158025e-07
0,0,6.7152394e-07
0,0,1.0767083e-06
0,0,1.9221843e-06
0,0,5.3133624e-07
0,0,3.467652e-07
0,0,1.374443e-07
0,0,1.1722083e-06
0,0,2.465095e-07
0,0,1.1052447e-06
0,0,2.4979636e-07
0,0,4.2328628e-07
0,0,1.0196704e-06
0,0,2.9201118e-07
0,0,7.3047505e-07
0,0,1.2786395e-06
0,0,2.9353734e-07
0,0,2.6608163e-07
0,0,8.9036797e-07
0,0,6.72198e-07
0,0,7.1161685e-07
0,0,6.0697516e-07
0,0,5.241403e-07
0,0,2.1619806e-07
0,0,3.9275662e-07
0,0,5.533122e-07
0,0,5.894889e-07
0,0,3.3551266e-06
0,0,4.6118458e-07
0,0,7.608135e-07
0,0,7.7092494e-07
0,0,1.2645386e-06
0,0,6.4062596e-07
0,0,9.024834e-07
0,0,2.259391e-06
0,0,2.7712767e-07
0,0,4.538125e-07
0,0,5.3912277e-07
0,0,5.315516e-07
0,0,9.935604e-07
0,0,4.21053e-07
0,0,4.1286657e-07
0,0,5.75812e-07
0,0,1.3710003e-06
0,0,1.3804334e-06
0,0,4.5795446e-07
0,0,8.84267e-06
0,0,6.243199e-06
0,0,6.423554e-07
0,0,6.725353e-07
0,0,1.5007244e-06
0,0,2.1053356e-06
0,0,3.1731145e-07
0,0,1.6617032e-06
0,0,7.582971e-07
0,0,4.877183e-07
0,0,4.3182013e-07
0,0,4.600359e-07
0,0,6.027544e-07
0,0,4.357659e-07
0,0,9.3135145e-07
0,0,2.357175e-07
0,0,9.908551e-07
0,0,1.0985142e-06
0,0,2.450364e-06
0,0,3.935676e-07
0,0,2.8794108e-07
0,0,7.170087e-07
0,0,3.096079e-07
0,0,2.1746077e-06
0,0,2.6159594e-06
0,0,4.356841e-07
0,0,3.366767e-07
0,0,9.910942e-07
0,0,9.3952127e-07
0,0,1.0933489e-06
0,0,6.2266645e-07
0,0,1.7460112e-06
0,0,4.861431e-07
0,0,3.873019e-07
0,0,1.6275035e-06
0,0,6.352509e-07
0,0,3.5274127e-07
0,0,5.148945e-07
0,0,1.0010187e-06
0,0,5.6396544e-07
0,0,5.2332416e-07
0,0,1.1526545e-06
0,0,6.647767e-07
0,0,2.1516869e-06
0,0,4.2689717e-07
0,0,1.0401455e-06
0,0,1.9856857e-06
0,0,3.567009e-07
0,0,7.72914e-07
0,0,1.3382314e-06
0,0,6.304889e-07
0,0,6.681982e-07
0,0,3.841615e-07
0,0,3.4583752e-07
0,0,3.8665533e-07
0,0,1.4112918e-07
0,0,2.6644295e-07
0,0,1.6820879e-06
0,0,7.795572e-07
0,0,1.1146125e-06
0,0,3.5548823e-07
0,0,5.513806e-07
0,0,4.405979e-07
0,0,3.5488526e-07
0,0,1.2741709e-06
0,0,2.3208238e-06
0,0,8.2992057e-07
0,0,1.6880306e-07
0,0,1.2550557e-06
0,0,3.994392e-07
0,0,5.409683e-06
0,0,1.8266257e-07
0,0,3.1478583e-06
0,0,1.1109682e-06
0,0,4.5987008e-07
0,0,1.10594534e-07
0,0,2.2081958e-06
0,0,3.1608008e-07
0,0,7.0875666e-07
0,0,2.6133383e-05
0,0,4.813375e-07
0,0,9.4598835e-07
0,0,5.3273664e-07
0,0,3.9911208e-07
0,0,3.698654e-07
0,0,8.9198875e-07
0,0,5.4231526e-07
0,0,4.6500296e-07
0,0,4.1673735e-07
0,0,2.7786177e-07
0,0,6.9580017e-07
0,0,3.3299366e-07
0,0,3.0822824e-07
0,0,3.349403e-07
0,0,1.4880659e-07
0,0,2.7421135e-07
0,0,8.0664205e-07
0,0,9.660539e-07
0,0,1.0727613e-06
0,0,1.0839589e-07
0,0,1.2476651e-06
0,0,2.8417477e-07
0,0,1.2276867e-07
0,0,1.5138497e-06
0,0,1.2457124e-07
0,0,5.381196e-07
0,0,2.0344415e-07
0,0,3.050492e-07
0,0,5.4587065e-07
0,0,9.691323e-07
0,0,6.68536e-07
0,0,5.133926e-07
0,0,1.1388803e-06
0,0,2.6784292e-07
0,0,5.51522e-07
0,0,4.218967e-07
0,0,3.879366e-07
0,0,4.978933e-06
0,0,6.271122e-07
0,0,6.985554e-07
0,0,2.988445e-07
0,0,4.7327168e-07
0,0,3.079588e-07
0,0,1.9701002e-07
0,0,2.4918748e-07
0,0,2.0786786e-07
0,0,6.024878e-07
0,0,4.1906603e-07
0,0,1.1626181e-06
0,0,2.622456e-07
0,0,3.399262e-07
0,0,7.1264714e-07
0,0,1.6415013e-06
0,0,1.0751958e-06
0,0,3.9439007e-07
0,0,5.060443e-07
0,0,1.9561898e-07
0,0,3.7692374e-07
0,0,2.1983872e-06
0,0,7.165281e-07
0,0,2.645435e-07
0,0,1.6522803e-06
0,0,2.1878638e-07
0,0,5.8861025e-07
0,0,5.505777e-07
0,0,3.5811166e-07
0,0,2.7924688e-07
0,0,5.588668e-07
0,0,7.638787e-07
0,0,1.7734934e-06
0,0,1.3771803e-06
0,0,2.6249458e-07
0,0,3.36427e-07
0,0,1.1123348e-06
0,0,4.772848e-07
0,0,1.2550174e-06
0,0,8.2119175e-07
0,0,1.8476676e-07
0,0,4.742164e-07
0,0,7.3781945e-07
0,0,5.6792e-07
0,0,2.39147e-07
0,0,7.803843e-07
0,0,1.018242e-06
0,0,5.107146e-07
0,0,6.13668e-07
0,0,3.530122e-07
0,0,4.1849174e-07
0,0,2.2471758e-07
0,0,1.0873813e-06
0,0,7.735998e-07
0,0,1.111973e-06
0,0,3.2876187e-07
0,0,5.206167e-07
0,0,1.8662531e-06
0,0,8.0767427e-07
0,0,2.9787168e-07
0,0,3.4549268e-07
0,0,5.359286e-07
0,0,3.6064312e-06
0,0,3.1134715e-07
0,0,3.6567454e-07
0,0,3.746752e-07
0,0,1.25803e-06
0,0,1.4656456e-06
0,0,7.2235946e-07
0,0,3.3519754e-07
0,0,6.2804526e-07
0,0,1.3378638e-06
0,0,3.9032204e-07
0,0,4.138241e-07
0,0,5.801854e-07
0,0,2.2969346e-07
0,0,1.1443348e-06
0,0,9.2158655e-07
0,0,2.9694706e-07
0,0,1.5248894e-06
0,0,5.7296353e-07
0,0,3.4006723e-07
0,0,3.3943283e-07
0,0,1.1997546e-06
0,0,9.822763e-07
0,0,7.872614e-07
0,0,2.537942e-07
0,0,9.749539e-07
0,0,1.001099e-06
0,0,1.9058821e-06
0,0,8.87599e-07
0,0,2.5505423e-07
0,0,3.591525e-06
0,0,5.528255e-06
0,0,5.631539e-07
0,0,1.9076497e-06
0,0,3.9131606e-07
0,0,1.9224727e-07
0,0,3.3629323e-07
0,0,2.128232e-06
0,0,2.4886313e-06
0,0,5.357191e-07
0,0,4.5235288e-07
0,0,3.2484074e-06
0,0,3.0595825e-07
0,0,3.1243488e-07
0,0,3.6142706e-07
0,0,2.2512171e-07
0,0,6.794636e-07
0,0,1.6270799e-07
0,0,9.1952006e-07
0,0,1.1767557e-06
0,0,1.2480733e-06
0,0,1.263775e-07
0,0,6.7076735e-07
0,0,4.6514097e-06
0,0,2.8108562e-07
0,0,1.3483452e-06
0,0,5.9044646e-07
0,0,8.6144644e-07
0,0,6.262736e-07
0,0,1.4506811e-07
0,0,3.033547e-07
0,0,2.8094655e-07
0,0,5.4954075e-06
0,0,1.7826163e-07
0,0,7.607519e-07
0,0,6.1684176e-07
0,0,7.0937335e-07
0,0,8.0733236e-07
0,0,8.6317834e-07
0,0,4.863685e-07
0,0,1.1382873e-06
0,0,1.6249105e-06
0,0,1.001162e-06
0,0,3.7055952e-07
0,0,2.347621e-06
0,0,9.1326183e-07
0,0,7.370451e-07
0,0,8.174287e-07
0,0,6.408606e-07
0,0,2.852084e-07
0,0,6.9955945e-07
0,0,3.5732464e-07
0,0,8.9567806e-07
0,0,1.9345156e-07
0,0,4.561382e-07
0,0,6.4480867e-07
0,0,1.4624803e-06
0,0,1.1501378e-06
0,0,5.08675e-07
0,0,5.007295e-07
0,0,3.3928555e-07
0,0,1.8760659e-06
0,0,4.9357044e-07
0,0,1.412051e-07
0,0,1.4211366e-06
0,0,9.029121e-07
0,0,4.3137516e-07
0,0,4.5120078e-07
0,0,1.7763302e-06
0,0,1.2788981e-06
0,0,8.64161e-07
0,0,1.9249323e-06
0,0,2.5024633e-06
0,0,4.014246e-07
0,0,1.8778078e-07
0,0,1.3493946e-07
0,0,2.564831e-07
0,0,1.934521e-07
0,0,1.7221844e-06
0,0,1.1943777e-06
0,0,3.5104486e-07
0,0,2.0870125e-06
0,0,1.9375575e-06
0,0,9.0595074e-07
0,0,2.350955e-06
0,0,6.417786e-07
0,0,1.983542e-07
0,0,1.518197e-07
0,0,4.0280668e-07
0,0,4.5855722e-06
0,0,1.2994342e-06
0,0,5.851681e-07
0,0,3.386381e-07
0,0,2.2925117e-07
0,0,1.1395385e-06
0,0,1.7690254e-06
0,0,3.2097742e-07
0,0,4.99249e-07
0,0,8.502605e-07
0,0,7.483957e-07
0,0,1.2376653e-06
0,0,1.2820461e-06
0,0,3.1998135e-07
0,0,5.7244085e-07
0,0,6.936033e-07
0,0,0.00018754172
0,0,4.1981082e-07
0,0,1.2723859e-06
0,0,7.50454e-07
0,0,3.0983946e-07
0,0,5.0986006e-07
0,0,3.4870123e-07
0,0,9.603908e-07
0,0,6.887703e-07
0,0,3.2763822e-07
0,0,6.6156446e-07
0,0,3.571802e-07
0,0,5.4282134e-07
0,0,3.3974018e-07
0,0,2.234787e-07
0,0,2.4699258e-07
0,0,7.855035e-07
0,0,3.8196845e-07
0,0,8.047549e-07
0,0,9.382606e-07
0,0,4.497011e-07
0,0,1.9066334e-07
0,0,2.2923936e-07
0,0,1.0188851e-06
0,0,2.5597265e-07
0,0,3.1852753e-07
0,0,2.3822993e-06
0,0,9.5110386e-07
0,0,1.0394881e-06
0,0,5.8310474e-07
0,0,4.6813855e-07
0,0,1.656106e-07
0,0,3.5076178e-07
0,0,4.903066e-07
0,0,5.3324266e-06
0,0,6.68434e-07
0,0,7.8914513e-07
0,0,2.0885025e-07
0,0,4.4113773e-07
0,0,6.458715e-07
0,0,1.3442697e-07
0,0,9.320126e-07
0,0,5.4925033e-07
0,0,1.6588577e-06
0,0,2.2670404e-06
0,0,1.2266604e-07
0,0,2.6102398e-07
0,0,3.342179e-07
0,0,3.1772265e-07
0,0,3.8103158e-06
0,0,2.7505445e-07
0,0,1.3338152e-05
0,0,9.948566e-07
0,0,6.8425476e-07
1,0,0.09992784
0,0,2.5940943e-07
0,0,3.2986958e-07
0,0,3.0229336e-07
0,0,2.958974e-07
0,0,4.5978544e-07
0,0,1.7657892e-06
0,0,1.9198234e-07
0,0,3.0125705e-07
0,0,3.4814863e-07
0,0,2.0706122e-07
0,0,8.310603e-07
0,0,7.351911e-07
0,0,2.8841046e-07
0,0,5.179356e-07
0,0,3.5772803e-07
0,0,5.604461e-07
0,0,2.4545432e-07
0,0,1.7210874e-06
0,0,5.213779e-07
0,0,1.0947033e-06
0,0,4.5085756e-07
0,0,3.3811145e-07
0,0,6.681708e-07
0,0,6.572461e-07
0,0,1.2184271e-06
0,0,6.205667e-07
0,0,8.2992534e-07
0,0,6.9833493e-07
0,0,5.6852747e-07
0,0,6.530232e-07
0,0,1.2444199e-06
0,0,4.7684716e-07
0,0,2.8786806e-07
0,0,4.263865e-07
0,0,6.724236e-07
0,0,3.8059653e-07
0,0,1.0817133e-06
0,0,1.3904221e-06
0,0,1.0498273e-06
0,0,2.6549483e-06
0,0,4.766748e-07
0,0,6.2087275e-07
0,0,1.1768051e-06
0,0,3.8068438e-07
0,0,5.738806e-07
0,0,7.1301895e-07
0,0,6.458389e-07
0,0,3.6686635e-07
0,0,5.103689e-07
0,0,1.1383916e-06
0,0,4.1758116e-07
0,0,8.4105864e-07
0,0,4.4908697e-07
0,0,4.6579075e-07
0,0,8.457334e-07
0,0,2.0346609e-07
0,0,1.159855e-06
0,0,1.779803e-06
0,0,3.2970573e-07
0,0,1.2729637e-06
0,0,5.507326e-07
0,0,5.60086e-07
0,0,2.2587922e-06
0,0,6.016133e-07
0,0,3.425748e-05
0,0,9.3639767e-07
0,0,4.0135265e-07
0,0,1.1657441e-07
0,0,1.0375073e-06
0,0,6.321422e-07
0,0,3.4113884e-07
0,0,3.3121698e-06
0,0,3.2692938e-07
0,0,3.5558077e-07
0,0,7.481188e-07
0,0,2.0809805e-06
0,0,3.7388244e-07
0,0,4.6719305e-07
0,0,3.2952875e-07
0,0,1.0272279e-06
0,0,2.4958516e-07
0,0,2.1904516e-06
0,0,3.563164e-07
0,0,2.1353422e-07
0,0,4.738674e-07
0,0,1.3909818e-06
0,0,3.1067166e-06
0,0,0.12642635
0,0,4.6307578e-06
0,0,4.853913e-07
0,0,2.1925656e-07
0,0,2.7333618e-07
0,0,1.2964128e-06
0,0,2.4775434e-07
0,0,6.263364e-07
0,0,3.658741e-07
0,0,7.647841e-07
0,0,8.6195354e-07
0,0,8.2415187e-07
0,0,5.8766295e-07
0,0,1.5234548e-06
0,0,4.143485e-07
0,0,1.9046682e-06
0,0,1.1123135e-06
0,0,7.898966e-07
0,0,6.8650195e-07
0,0,3.7327393e-07
0,0,4.7888057e-07
0,0,4.0192563e-07
0,0,4.0998543e-07
0,0,6.679153e-07
0,0,3.3222952e-07
0,0,2.5386566e-06
0,0,5.8206575e-07
0,0,7.145145e-07
0,0,5.468492e-07
0,0,5.020837e-07
0,0,9.4738954e-07
0,0,5.383639e-07
0,0,4.569837e-07
0,0,1.9104357e-07
0,0,2.6943155e-06
0,0,5.66914e-07
0,0,2.9679785e-07
0,0,1.0886523e-06
0,0,1.0580511e-06
0,0,7.957062e-07
0,0,6.3211024e-07
0,0,2.3813607e-07
0,0,6.760218e-07
0,0,2.453577e-06
0,0,3.2215195e-07
0,0,7.2814925e-07
0,0,2.6872152e-07
0,0,1.0528753e-06
0,0,3.9115827e-07
0,0,4.8905036e-07
0,0,3.7931522e-06
0,0,5.067059e-07
1,1,0.5086412
0,0,3.7074582e-07
0,0,2.561795e-07
0,0,1.7603398e-06
0,0,2.5071665e-07
0,0,1.2280302e-06
0,0,1.0181254e-06
0,0,2.609222e-07
0,0,6.433186e-07
0,0,1.0421373e-06
0,0,2.80588e-07
0,0,5.6975034e-07
0,0,1.4336366e-07
0,0,9.339673e-07
0,0,2.1755174e-07
0,0,2.732108e-06
0,0,9.68046e-07
0,0,5.1721196e-07
0,0,4.6554297e-07
0,0,8.0475875e-06
0,0,2.0189002e-07
0,0,2.8712583e-07
1,0,0.24011408
0,0,1.5730621e-06
0,0,2.957687e-06
0,0,9.573365e-07
0,0,2.5575403e-07
0,0,1.1218214e-06
0,0,1.0155179e-06
0,0,4.154317e-06
0,0,2.7364028e-06
0,0,7.040188e-07
0,0,3.4934797e-07
0,0,1.0524637e-06
0,0,5.012417e-07
0,0,1.3633936e-06
0,0,1.4352032e-06
0,0,4.3395445e-07
0,0,1.7009404e-06
0,0,4.943378e-07
0,0,1.1923144e-06
0,0,3.2174835e-06
0,0,1.3613409e-06
0,0,3.112192e-07
0,0,7.688325e-07
1,0,0.45211044
0,0,5.023893e-07
0,0,2.6632e-07
0,0,4.7471636e-07
0,0,3.2482635e-07
0,0,4.4538908e-07
0,0,4.4219005e-06
0,0,7.17608e-07
0,0,5.8081315e-07
0,0,7.7350467e-07
0,0,6.314866e-07
0,0,4.840936e-07
0,0,2.8514964e-07
0,0,5.682304e-07
0,0,0.08538333
0,0,3.379151e-07
0,0,5.518219e-07
0,0,2.6325444e-07
0,0,3.7267958e-07
0,0,1.2560935e-07
0,0,4.019747e-07
0,0,6.888011e-07
0,0,6.8199216e-07
0,0,9.622969e-07
0,0,3.558885e-07
0,0,1.9575913e-07
0,0,7.8428496e-07
0,0,7.827292e-07
0,0,1.7124413e-06
0,0,3.1611384e-07
0,0,2.6150813e-06
0,0,1.4053539e-07
0,0,4.18563e-06
0,0,6.5671105e-07
0,0,9.3506355e-07
0,0,2.7514835e-07
0,0,0.002307605
0,0,1.1296564e-06
0,0,3.2478516e-07
0,0,4.6440337e-07
0,0,1.8669366e-06
0,0,5.1086124e-07
0,0,2.8820125e-07
0,0,1.3256156e-06
0,0,3.722352e-07
0,0,0.030005028
0,0,7.280416e-07
0,0,4.4502946e-07
0,0,1.8538928e-07
0,0,5.0690886e-07
0,0,1.532089e-06
0,0,1.1753481e-06
0,0,1.9693883e-07
1,0,0.010342663
0,0,1.2361708e-06
0,0,1.7887726e-07
0,0,5.051243e-07
0,0,1.3914846e-06
0,0,1.3403768e-07
0,0,1.7253687e-07
0,0,9.3878776e-07
0,0,8.3221903e-07
0,0,7.664386e-07
0,0,4.0260582e-07
0,0,1.2187177e-06
0,0,3.7838308e-07
0,0,3.1321983e-07
0,0,1.4712066e-06
0,0,2.7454234e-07
0,0,1.4170724e-06
0,0,4.7964846e-07
0,0,1.8817931e-07
0,0,3.401915e-07
0,0,8.8273833e-07
0,0,4.753769e-07
0,0,5.2072994e-07
0,0,8.5526045e-07
0,0,6.841601e-07
0,0,2.1699218e-06
0,0,3.7219687e-07
0,0,3.4770898e-07
0,0,1.0272759e-06
0,0,9.110948e-07
0,0,2.5240078e-07
0,0,1.2153588e-06
0,0,1.9428224e-07
0,0,9.43976e-07
0,0,2.415386e-06
0,0,2.3556947e-06
0,0,1.3620719e-06
0,0,1.7813026e-07
0,0,3.6214712e-07
0,0,5.548906e-07
0,0,1.6570333e-06
0,0,4.6194256e-07
0,0,5.1427907e-07
0,0,3.830256e-07
0,0,2.041673e-06
0,0,4.1356287e-07
0,0,6.5894255e-07
0,0,3.8180164e-07
0,0,1.0264729e-06
0,0,2.6381363e-07
0,0,2.4605148e-07
0,0,1.3110867e-06
0,0,1.161377e-06
0,0,1.106122e-06
0,0,3.5996854e-07
0,0,2.529871e-07
0,0,9.011821e-07
0,0,6.756615e-07
0,0,7.106321e-07
0,0,2.5201425e-07
0,0,1.5224628e-06
0,0,5.007658e-07
0,0,7.9150124e-07
0,0,2.7314778e-07
0,0,4.217897e-07
0,0,1.15419e-06
0,0,5.731668e-07
0,0,1.4545326e-06
0,0,8.751099e-07
0,0,1.1045208e-06
0,0,3.8204422e-07
0,0,4.4098755e-07
0,0,1.432034e-06
0,0,1.8525108e-07
0,0,7.1835905e-07
0,0,5.308318e-07
0,0,4.6604762e-07
0,0,5.952148e-07
0,0,2.060218e-07
0,0,5.202405e-07
0,0,2.5488134e-07
0,0,7.530694e-07
0,0,3.233533e-07
0,0,4.465086e-06
0,0,5.3104395e-07
0,0,3.6599727e-07
0,0,1.0296828e-06
0,0,1.4688707e-07
0,0,3.1641335e-07
0,0,9.919698e-07
0,0,2.784544e-07
0,0,2.7655736e-07
0,0,7.3587086e-07
0,0,1.574569e-06
0,0,1.4429368e-06
0,0,1.8471249e-07
0,0,9.3573533e-07
0,0,4.3043374e-07
0,0,5.312689e-07
0,0,2.0258936e-07
0,0,9.634483e-07
0,0,1.3568084e-06
0,0,6.2327604e-07
0,0,9.983027e-07
0,0,2.3039176e-07
0,0,3.2787202e-07
0,0,9.294243e-07
0,0,1.6733582e-06
0,0,2.7764295e-07
0,0,5.5425755e-07
0,0,4.281182e-07
0,0,2.4118637e-07
0,0,7.9278925e-07
0,0,9.735667e-07
0,0,2.5630362e-07
0,0,6.2114634e-07
0,0,1.9750082e-07
0,0,6.344832e-07
0,0,5.2298395e-07
0,0,3.886691e-07
0,0,2.6143107e-06
0,0,5.3774664e-07
0,0,7.9533146e-07
0,0,7.713272e-07
0,0,6.8107835e-07
0,0,8.7213886e-07
0,0,1.10870374e-07
0,0,8.138467e-07
0,0,5.938223e-07
0,0,8.113243e-07
0,0,5.4027623e-07
0,0,5.203581e-07
0,0,7.029481e-07
0,0,1.8707792e-06
0,0,2.7986323e-06
0,0,2.1847195e-07
0,0,6.514464e-07
0,0,4.99925e-07
0,0,3.1140266e-07
0,0,5.5991717e-07
0,0,3.824135e-07
0,0,5.157658e-07
0,0,1.4411184e-07
0,0,4.2118714e-07
0,0,2.170198e-07
0,0,2.5688357e-07
0,0,1.2707319e-06
0,0,4.8603283e-07
0,0,8.9067873e-07
0,0,2.5346797e-06
0,0,2.3856748e-07
0,0,1.1818618e-06
0,0,3.1868402e-07
0,0,1.1266075e-06
0,0,4.781486e-07
0,0,3.1999173e-07
0,0,5.7318266e-07
0,0,2.1603584e-07
0,0,6.246e-07
0,0,3.789598e-07
0,0,3.8825712e-07
0,0,8.619625e-07
0,0,2.6548216e-07
0,0,1.1198023e-06
0,0,1.3139455e-06
0,0,3.0721665e-07
0,0,4.3883077e-07
0,0,8.54569e-07
0,0,2.9384907e-07
0,0,4.3511648e-07
0,0,3.6716567e-06
0,0,5.547748e-07
0,0,1.5414524e-06
0,0,6.1822163e-07
0,0,1.505607e-06
0,0,3.4551215e-07
0,0,3.6113178e-07
0,0,4.0463664e-07
0,0,4.1223234e-07
0,0,1.0826866e-06
0,0,3.6094656e-07
0,0,8.093444e-07
0,0,1.1584997e-06
0,0,2.0248074e-06
0,0,1.1098843e-07
0,0,1.8116348e-06
0,0,3.1774084e-07
0,0,2.4627127e-06
0,0,5.964501e-07
0,0,3.099435e-07
0,0,6.459313e-07
0,0,6.0915846e-07
0,0,4.257567e-07
0,0,3.1300897e-07
0,0,1.2825569e-07
0,0,6.4161094e-07
0,0,2.8413467e-07
0,0,6.1412237e-07
0,0,4.0502584e-07
0,0,4.333081e-07
0,0,7.8127647e-07
0,0,4.2077104e-06
0,0,1.7834273e-06
0,0,3.711951e-07
0,0,2.7298734e-07
0,0,4.4030344e-07
0,0,6.397895e-07
0,0,6.5089677e-07
0,0,4.332263e-07
0,0,3.7333982e-07
0,0,1.1059311e-06
0,0,3.992659e-07
0,0,5.543659e-07
0,0,4.088005e-07
0,0,4.563105e-07
0,0,1.2331799e-06
0,0,4.529542e-07
0,0,9.639859e-07
0,0,1.4780934e-06
0,0,2.1146151e-07
0,0,7.37562e-07
0,0,3.8520153e-07
0,0,4.0021553e-07
0,0,1.572447e-07
0,0,3.7413213e-07
0,0,3.5550008e-07
0,0,5.786707e-07
0,0,2.2927784e-07
0,0,2.466501e-07
0,0,6.862447e-07
0,0,1.01783655e-07
0,0,4.6474406e-07
0,0,4.5930074e-07
0,0,5.716427e-07
0,0,7.215965e-07
0,0,1.3140847e-06
0,0,1.2294352e-06
0,0,8.718346e-07
0,0,2.8206927e-07
0,0,7.7594206e-07
0,0,1.712977e-06
0,0,2.706463e-07
0,0,6.265257e-07
0,0,2.4233918e-07
0,0,8.599214e-07
0,0,2.213966e-07
0,0,1.0277472e-06
0,0,3.8874694e-07
0,0,2.546554e-07
0,0,7.213048e-07
0,0,3.626303e-07
0,0,1.2090387e-06
0,0,2.1245563e-07
0,0,3.001767e-07
0,0,1.7265175e-07
0,0,1.2353045e-06
0,0,1.7418668e-07
0,0,5.596108e-07
0,0,6.79824e-07
0,0,2.421121e-07
0,0,6.0201387e-07
0,0,4.5469451e-07
0,0,1.0322373e-06
0,0,1.1896032e-06
0,0,3.180079e-07
0,0,3.538184e-07
0,0,3.8439126e-07
0,0,8.631668e-07
0,0,3.6666526e-07
0,0,1.658464e-06
0,0,1.1551866e-06
0,0,9.0510883e-07
0,0,1.1964365e-06
0,0,7.919158e-07
0,0,9.099833e-07
0,0,3.636637e-07
0,0,6.01272e-07
0,0,3.9008685e-07
0,0,5.8416225e-07
0,0,1.552495e-07
0,0,2.5945647e-07
0,0,7.786329e-07
0,0,3.2159267e-07
0,0,3.2467676e-07
0,0,5.626289e-07
0,0,3.1335156e-07
0,0,1.7099691e-07
0,0,1.4040816e-06
0,0,2.4066785e-06
0,0,4.556078e-07
0,0,7.7403155e-07
0,0,3.3397097e-07
0,0,1.0990601e-06
0,0,1.1480327e-06
0,0,4.665728e-07
0,0,2.6807416e-07
0,0,1.2138772e-06
0,0,1.7392989e-07
0,0,1.0879133e-06
0,0,4.6066629e-07
0,0,6.09267e-06
0,0,6.579027e-07
0,0,1.1308982e-06
0,0,4.2221225e-07
0,0,5.7435807e-07
0,0,4.0316294e-07
0,0,2.1468443e-07
0,0,1.1870002e-06
0,0,5.352467e-07
0,0,6.249116e-07
0,0,5.005538e-07
0,0,4.0430996e-07
0,0,4.651697e-07
0,0,7.3242125e-05
0,0,4.1444295e-07
0,0,4.6018857e-07
0,0,8.039365e-07
0,0,2.9211612e-06
0,0,2.2381013e-07
0,0,9.190808e-07
0,0,1.1883253e-06
0,0,1.2925796e-06
0,0,3.6918948e-07
0,0,6.003621e-07
0,0,6.5212333e-07
0,0,7.368125e-07
0,0,4.0994948e-07
0,0,1.066565e-06
0,0,6.8758106e-07
0,0,8.1082e-07
0,0,1.7701733e-07
0,0,6.727623e-07
0,0,2.0063187e-07
0,0,4.7556603e-07
0,0,1.6964111e-06
0,0,4.450719e-07
0,0,5.985624e-06
0,0,2.3140344e-06
0,0,3.3647672e-07
1,0,0.032622844
0,0,4.9970674e-07
0,0,1.171312e-06
0,0,4.4888017e-07
0,0,2.8113337e-07
0,0,2.867277e-07
0,0,5.2223334e-07
0,0,2.518492e-07
0,0,1.9503905e-06
0,0,3.4279427e-07
0,0,4.6359713e-07
0,0,4.7176476e-07
0,0,5.9412304e-07
0,0,3.4709177e-07
0,0,2.4685323e-06
0,0,9.939395e-07
0,0,4.759417e-06
0,0,6.663457e-07
0,0,7.1252543e-07
0,0,6.615291e-07
0,0,4.0321407e-07
0,0,4.1688762e-07
0,0,2.2983434e-07
0,0,1.0896475e-06
0,0,1.0955649e-06
0,0,6.9413727e-07
0,0,6.1375295e-07
0,0,2.3704979e-07
0,0,5.7274497e-07
0,0,2.0798723e-07
0,0,2.640311e-07
0,0,1.4686862e-06
0,0,1.8704905e-07
0,0,9.93423e-07
0,0,1.5400711e-07
0,0,6.547612e-07
0,0,5.786851e-07
0,0,5.8645867e-07
0,0,6.4134304e-07
0,0,5.418123e-07
0,0,9.594497e-07
0,0,5.598179e-07
0,0,6.200828e-07
0,0,7.9483107e-07
0,0,4.1972956e-07
0,0,3.8822452e-07
0,0,7.792458e-07
0,0,5.1196594e-07
0,0,1.4893127e-06
0,0,6.913704e-07
0,0,9.0303604e-07
0,0,4.561921e-07
0,0,8.934155e-07
0,0,3.75096e-07
0,0,6.514837e-07
0,0,1.6603171e-06
0,0,7.3374895e-07
0,0,1.3769281e-06
0,0,2.4518596e-07
0,0,2.9344918e-07
0,0,8.1245474e-07
0,0,3.3464272e-07
0,0,5.4987083e-07
0,0,2.830866e-07
0,0,6.745007e-07
0,0,2.0181993e-07
0,0,2.7878545e-07
0,0,1.636668e-07
0,0,6.864718e-07
0,0,1.2904992e-06
0,0,2.0382731e-07
0,0,1.1521408e-07
0,0,2.0089493e-07
0,0,6.9496394e-07
0,0,4.937484e-07
0,0,9.4039086e-07
0,0,4.117204e-07
0,0,2.921747e-07
0,0,7.3841915e-07
0,0,4.5505107e-07
0,0,4.7427153e-07
0,0,1.004088e-06
0,0,3.9145567e-07
0,0,5.1397166e-07
0,0,2.2249524e-06
0,0,2.587959e-07
0,0,1.9143951e-07
0,0,1.3631271e-06
0,0,4.5634266e-07
0,0,5.188754e-07
0,0,2.5593823e-07
0,0,3.448781e-07
0,0,2.3988775e-07
0,0,7.8999153e-07
0,0,2.7542796e-07
0,0,4.1162892e-07
0,0,4.5604423e-07
0,0,4.6883062e-07
0,0,4.726957e-07
0,0,7.1171934e-07
0,0,2.342332e-06
0,0,2.1646171e-07
0,0,1.3179175e-06
0,0,2.0841811e-07
0,0,3.8380958e-07
0,0,2.4730118e-06
0,0,7.840995e-07
0,0,1.5538444e-06
0,0,1.3500475e-06
0,0,6.5648817e-07
0,0,7.6011156e-07
0,0,5.756478e-07
0,0,1.7872121e-06
0,0,4.6806088e-07
0,0,1.3337326e-06
0,0,8.0199675e-07
0,0,6.415204e-07
0,0,3.062233e-07
0,0,6.689257e-07
0,0,3.135991e-07
0,0,7.0239923e-07
0,0,1.5268437e-06
0,0,4.6984042e-07
0,0,4.2226418e-07
0,0,1.186917e-07
0,0,2.879353e-07
0,0,5.781748e-07
0,0,1.4857094e-06
0,0,2.0854586e-06
0,0,3.5182454e-06
0,0,8.9817485e-07
0,0,4.421844e-07
0,0,7.253326e-07
0,0,7.8021543e-07
0,0,4.9455235e-07
0,0,8.08748e-07
0,0,5.9646203e-07
0,0,9.565754e-07
0,0,1.5792187e-07
0,0,9.154444e-07
0,0,4.779357e-07
0,0,2.6876893e-07
0,0,9.132591e-07
0,0,2.892161e-07
0,0,6.286073e-07
0,0,4.104091e-07
0,0,1.5108614e-06
0,0,6.951628e-07
0,0,9.603193e-07
0,0,1.0759898e-06
0,0,4.6649538e-07
0,0,3.7661832e-07
0,0,2.5987646e-07
0,0,1.2970077e-06
0,0,1.4476794e-07
0,0,2.1657695e-07
0,0,2.619654e-07
0,0,4.945189e-07
0,0,1.5469485e-06
0,0,7.714155e-07
0,0,7.0414103e-07
0,0,3.4461473e-07
0,0,2.5319684e-07
0,0,6.6592133e-07
0,0,7.4126825e-07
0,0,4.4438525e-07
0,0,4.4859647e-07
0,0,4.7634262e-07
0,0,1.2763015e-06
0,0,3.5044815e-07
0,0,3.8132245e-07
0,0,1.1861729e-06
0,0,7.708207e-08
0,0,2.4430463e-07
0,0,3.8454965e-07
0,0,6.984342e-07
0,0,3.9497388e-07
0,0,1.819883e-07
0,0,4.1782374e-07
0,0,8.980164e-07
0,0,6.260318e-07
0,0,6.9603044e-07
0,0,5.0269455e-07
0,0,2.1059914e-07
0,0,3.0672308e-07
0,0,1.9745426e-06
0,0,2.4444935e-07
0,0,5.401052e-07
0,0,4.698413e-07
0,0,2.554995e-07
0,0,5.411848e-07
0,0,7.24655e-07
0,0,6.565084e-06
0,0,2.3674825e-06
0,0,1.1308776e-06
0,0,9.601097e-07
0,0,2.815511e-07
0,0,5.358438e-07
0,0,3.3578334e-07
0,0,2.348722e-07
0,0,5.480673e-07
0,0,8.0331876e-07
0,0,4.041992e-06
0,0,3.92657e-07
0,0,1.0091268e-06
0,0,2.8481747e-06
0,0,8.7036244e-07
0,0,1.3387326e-07
0,0,1.3614054e-07
0,0,1.5617599e-06
0,0,7.3812913e-07
0,0,1.3395835e-06
0,0,2.3431981e-07
0,0,9.898105e-07
0,0,1.1297426e-06
0,0,3.4759632e-06
0,0,1.3641793e-06
0,0,5.9314084e-07
0,0,5.7807287e-05
0,0,1.370766e-07
0,0,1.1530437e-06
0,0,2.7318868e-07
0,0,5.8627694e-07
0,0,7.656313e-07
0,0,2.8275878e-07
0,0,6.9609814e-07
0,0,3.7826874e-07
0,0,7.745374e-07
0,0,5.8073175e-07
0,0,3.5548481e-07
0,0,5.084921e-07
0,0,3.701911e-07
0,0,3.0824705e-07
0,0,5.128367e-07
0,0,1.1849665e-06
0,0,7.815619e-07
0,0,1.0558566e-06
0,0,1.3843767e-06
0,0,1.6337269e-07
0,0,2.1337893e-07
0,0,2.8718307e-07
0,0,1.8979001e-07
0,0,1.4540776e-06
0,0,3.1076956e-07
0,0,6.356612e-07
0,0,4.2010524e-07
0,0,5.3978954e-07
0,0,8.512975e-07
0,0,8.387886e-07
0,0,5.681437e-07
0,0,4.3886467e-07
0,0,2.9164713e-07
0,0,7.074115e-07
0,0,3.8408305e-07
0,0,1.5403943e-07
0,0,2.4555615e-07
0,0,1.6247028e-06
0,0,3.000047e-07
0,0,1.6221003e-06
0,0,4.5250087e-07
0,0,3.892975e-07
0,0,1.6983229e-06
0,0,9.525617e-07
0,0,4.4853695e-07
0,0,6.4135827e-07
0,0,1.3014297e-06
0,0,7.1162026e-07
0,0,1.1341838e-06
0,0,2.1173828e-06
0,0,1.2366318e-06
0,0,1.0542719e-06
0,0,7.493548e-07
0,0,7.976954e-07
0,0,9.778097e-07
0,0,3.2720232e-07
0,0,8.347093e-07
0,0,4.913218e-07
0,0,4.66717e-07
0,0,5.217654e-07
0,0,2.2491215e-06
0,0,6.632556e-07
0,0,4.299332e-07
0,0,7.393338e-07
0,0,2.7329654e-06
0,0,1.200455e-06
0,0,8.717954e-07
0,0,4.2501227e-07
0,0,9.9802e-07
0,0,4.3174146e-07
0,0,3.689688e-07
0,0,3.7580747e-07
0,0,1.0126572e-06
0,0,5.2993954e-07
0,0,6.3191976e-07
0,0,2.40993e-07
0,0,3.9538506e-07
0,0,1.9139041e-07
0,0,9.556691e-07
0,0,1.020913e-06
0,0,1.6476479e-06
0,0,1.2658694e-06
0,0,3.4907453e-07
0,0,8.134386e-07
0,0,4.319445e-07
0,0,1.1199497e-06
0,0,2.7758472e-07
0,0,2.6552166e-07
0,0,4.1263274e-07
0,0,8.3886135e-07
0,0,3.3115036e-06
0,0,5.323517e-07
0,0,3.9348092e-07
0,0,2.3857203e-07
0,0,5.3334566e-07
0,0,2.1874391e-06
0,0,1.1988853e-06
0,0,9.01293e-07
0,0,1.7305018e-07
0,0,7.2221064e-07
0,0,2.008121e-06
0,0,1.3226771e-06
0,0,6.5636044e-07
0,0,2.3634597e-07
0,0,1.1005002e-06
0,0,1.4473525e-06
0,0,5.3901994e-07
0,0,3.036563e-07
0,0,1.5168253e-06
0,0,2.151818e-06
0,0,3.448383e-07
0,0,9.4848156e-07
0,0,3.9254357e-07
0,0,6.867796e-07
0,0,3.0358999e-07
0,0,4.24342e-07
0,0,4.6350823e-07
0,0,8.0740637e-07
0,0,5.265848e-07
0,0,3.196974e-07
0,0,1.0594738e-06
0,0,2.7120695e-06
0,0,9.3448324e-07
0,0,2.9432474e-07
0,0,6.101474e-07
0,0,4.169902e-07
0,0,2.1763371e-07
0,1,0.5128955
0,0,2.9968464e-06
0,0,1.7547218e-07
0,0,1.3764648e-06
0,0,4.9613726e-07
0,0,2.6990347e-07
0,0,5.7869937e-07
0,0,2.1408314e-07
0,0,5.822284e-07
0,0,9.293011e-07
0,0,6.9184205e-07
0,0,9.323842e-07
0,0,1.3240211e-06
0,0,2.5970576e-07
0,0,4.9768545e-07
0,0,8.650705e-07
0,0,5.776826e-07
0,0,2.0207376e-07
0,0,8.4725264e-07
0,0,3.7108575e-07
0,0,3.5061328e-07
0,0,5.413826e-07
0,0,7.4280604e-07
0,0,3.7593688e-07
0,0,4.3178306e-07
0,0,1.6259305e-06
0,0,3.3670815e-07
0,0,4.2304333e-07
0,0,7.5299107e-07
0,0,3.4996322e-07
0,0,5.6567353e-07
0,0,1.2429787e-06
0,0,5.491487e-07
0,0,6.829372e-07
0,0,1.057584e-06
0,0,2.1463868e-06
0,0,7.9162805e-07
0,0,3.955242e-07
0,0,6.7633135e-07
0,0,2.319659e-07
0,0,2.0024472e-06
0,0,2.5526666e-07
0,0,4.2888524e-07
0,0,2.2856186e-06
0,0,1.3127269e-06
0,0,2.096119e-07
0,0,8.430824e-07
0,0,1.0375301e-06
0,0,3.5187108e-07
0,0,7.9513273e-07
0,0,8.713483e-07
0,0,6.700877e-07
0,0,1.2992682e-06
0,0,2.8251347e-07
0,0,3.074195e-07
0,0,5.594427e-07
0,0,4.0465287e-07
0,0,2.3361339e-07
0,0,2.04098e-06
0,0,8.749355e-07
0,0,3.0145466e-06
0,0,2.8270645e-07
0,0,1.0952922e-06
0,0,3.130293e-07
0,0,1.5790998e-06
0,0,1.0057095e-06
0,0,3.959737e-07
0,0,4.564593e-07
0,0,3.7879832e-07
0,0,8.7172225e-07
0,0,5.082808e-07
0,0,5.835587e-07
0,0,7.2322314e-07
0,0,7.7870425e-07
0,0,3.327597e-07
0,0,2.5317056e-06
0,0,7.1714e-07
0,0,5.479779e-07
0,0,6.1069466e-07
0,0,3.6016496e-07
0,0,2.993003e-07
0,0,5.7188646e-07
0,0,3.5504235e-07
0,0,7.4869473e-07
0,0,8.221642e-07
0,0,4.161361e-07
0,0,3.4352306e-07
0,0,6.578751e-07
0,0,1.1063236e-06
0,0,8.2832094e-07
0,0,8.61035e-07
0,0,1.2180333e-06
0,0,7.4722533e-07
0,0,4.4017955e-07
0,0,2.828742e-07
0,0,2.693139e-07
0,0,5.880627e-07
0,0,6.6442175e-07
0,0,1.1669509e-07
0,0,6.223851e-07
0,0,4.524103e-07
0,0,1.3931549e-06
0,0,9.396602e-07
0,0,1.98949e-06
0,0,2.352183e-07
0,0,7.1036857e-07
0,0,9.881637e-07
0,0,3.205915e-06
0,0,1.7851886e-07
0,0,4.609428e-06
0,0,1.194733e-06
0,0,1.639838e-06
0,0,2.154137e-07
0,0,5.9795025e-07
0,0,2.3590775e-07
0,0,3.0032734e-07
0,0,1.6627843e-06
0,0,0.00035504915
0,0,3.153268e-07
0,0,8.107458e-07
0,0,8.245709e-07
0,0,3.054867e-06
0,0,2.5874704e-07
0,0,1.6470854e-07
0,0,2.5772746e-07
0,0,7.4318797e-07
0,0,1.1531686e-07
0,0,1.0047096e-06
0,0,9.03304e-07
0,0,6.628282e-07
0,0,2.431947e-06
0,0,9.921571e-07
0,0,3.614929e-07
0,0,1.0510726e-06
0,0,5.035141e-07
0,0,4.9570264e-07
0,0,3.9116384e-07
0,0,1.2831116e-06
0,0,2.6604533e-07
0,0,1.0494289e-06
0,0,1.077451e-06
0,0,4.785669e-07
0,0,1.3411276e-06
0,0,4.5263252e-07
0,0,9.1701634e-07
0,0,6.575696e-07
0,0,7.7797824e-07
0,0,2.8593527e-07
0,0,3.342858e-07
0,0,3.1152047e-06
0,0,5.314483e-07
0,0,3.1867307e-07
0,0,2.2506576e-06
0,0,4.3772982e-07
0,0,4.8970094e-07
0,0,8.0430374e-07
0,0,5.44923e-07
0,0,2.8490038e-07
0,0,7.5790956e-07
0,0,5.808087e-07
0,0,2.6168848e-07
0,0,9.863326e-07
0,0,3.52053e-07
0,0,2.8300263e-07
0,0,3.7823843e-06
0,0,5.3108545e-07
0,0,1.1737027e-06
0,0,1.3087069e-06
0,0,7.622923e-07
0,0,8.130919e-07
0,0,1.5997003e-06
0,0,3.9745754e-07
0,0,2.2518248e-07
0,0,7.0684644e-07
0,0,6.338778e-07
0,0,5.619827e-07
0,0,7.5454165e-07
0,0,6.388183e-07
0,0,3.352263e-07
0,0,1.3734406e-07
0,0,1.4672287e-06
0,0,1.1464286e-06
0,0,2.6071402e-07
0,0,6.705109e-07
0,0,1.4719575e-06
0,0,3.4252432e-07
0,0,1.3562715e-06
0,0,3.0855412e-07
0,0,5.3332224e-07
0,0,4.5513357e-07
0,0,4.217249e-07
0,0,9.1831674e-07
0,0,4.599705e-07
0,0,3.64317e-07
0,0,4.4516318e-07
0,0,7.54292e-07
0,0,2.0605383e-07
0,0,4.4664134e-07
0,0,2.6848943e-07
0,0,1.1178817e-06
0,0,1.9896177e-07
0,0,5.457645e-07
0,0,6.2769016e-07
0,0,1.306724e-06
0,0,7.34087e-07
0,0,1.3652842e-06
0,0,0.03512493
0,0,7.4194935e-07
0,0,3.3306205e-06
0,0,1.0444467e-06
0,0,1.219912e-06
0,0,2.63711e-07
0,0,5.2858913e-06
0,0,1.2129977e-06
0,0,1.5649132e-06
0,0,9.633179e-07
0,0,6.766178e-07
0,0,3.422135e-07
0,0,1.2251222e-06
0,0,7.5042533e-07
0,0,3.8103963e-07
0,0,3.2206316e-07
0,0,3.7502983e-07
0,0,3.5092404e-07
0,0,5.5938244e-07
0,0,2.1615662e-07
0,0,3.865296e-07
0,0,8.564202e-07
0,0,0.06814605
0,0,1.0234729e-06
0,0,5.4173427e-07
0,0,1.6164514e-06
0,0,2.1015765e-06
0,0,8.606278e-07
0,0,5.155077e-07
0,0,5.7996687e-07
0,0,4.5279396e-07
0,0,6.926824e-07
0,0,3.4998922e-07
0,0,3.7717618e-07
0,0,4.0477985e-07
0,0,1.1257514e-06
0,0,2.7039374e-07
0,0,1.7527229e-06
0,0,8.6310433e-07
0,0,2.538838e-07
0,0,4.5656034e-07
0,0,2.6182877e-07
0,0,9.0911334e-07
0,0,3.9566228e-07
0,0,2.3139653e-07
0,0,1.2147041e-06
0,0,9.999105e-08
0,0,8.202869e-07
0,0,4.7819145e-07
0,0,2.7280387e-06
0,0,4.7655982e-07
0,0,6.01817e-07
0,0,5.855081e-07
0,0,6.4490456e-07
0,0,4.2886847e-07
0,0,1.2078374e-07
0,0,9.798756e-07
0,0,8.894531e-07
0,0,1.5653579e-07
0,0,4.008614e-06
0,0,6.438513e-07
0,0,1.1221788e-06
0,0,3.575711e-07
0,0,8.943089e-07
0,0,7.744901e-07
0,0,1.4798566e-06
0,0,5.7914826e-07
0,0,7.2637783e-07
0,0,4.988801e-07
0,0,5.4186347e-07
0,0,3.002872e-07
0,0,2.3060058e-07
0,0,3.1794636e-07
0,0,3.1984423e-06
0,0,1.2833478e-06
0,0,4.9533594e-07
0,0,2.739646e-07
0,0,2.8638857e-07
0,0,7.8323257e-07
0,0,6.932911e-07
0,0,1.7456018e-07
0,0,1.3081367e-06
0,0,4.2419956e-07
0,0,1.6283249e-06
0,0,5.2362674e-07
0,0,5.810779e-07
0,0,2.2213376e-06
0,0,7.749415e-07
0,0,5.8264277e-07
0,0,1.3705167e-06
0,0,2.1752758e-06
0,0,7.417088e-07
0,0,6.343628e-07
0,0,2.8495037e-07
0,0,3.305041e-07
0,0,2.653794e-07
0,0,1.7999606e-07
0,0,4.688454e-07
0,0,6.87271e-07
0,0,1.4351101e-06
0,0,5.3621903e-07
0,0,1.2156701e-07
0,0,5.1064006e-07
0,0,7.425815e-07
0,0,2.800667e-07
0,0,1.1048506e-06
0,0,2.0819612e-06
0,0,3.4204902e-07
0,0,3.211985e-07
0,0,1.0911511e-06
0,0,3.8256562e-07
0,0,1.1049023e-06
0,0,3.6468444e-07
0,0,2.3366426e-06
0,0,7.201102e-07
0,0,5.796992e-07
0,0,7.465757e-07
0,0,3.4726526e-07
0,0,5.2557937e-07
0,0,2.906326e-07
0,0,5.239744e-07
0,0,3.289742e-07
0,0,5.634687e-07
0,0,4.3137644e-07
0,0,2.694408e-07
0,0,2.9411848e-07
0,0,7.526156e-07
0,0,6.0206384e-07
0,0,5.329765e-07
0,0,6.167124e-07
0,0,2.745654e-07
0,0,2.1710043e-06
0,0,4.0723273e-07
0,0,3.054463e-07
0,0,1.0103333e-06
0,0,2.0869655e-07
0,0,4.0684498e-07
0,0,9.675356e-07
0,0,5.7176976e-07
0,0,1.3584292e-06
0,0,2.9654518e-07
0,0,1.3175268e-06
0,0,9.712428e-07
0,0,8.2993085e-07
0,0,8.018499e-07
0,0,3.91062e-07
0,0,7.9453014e-07
0,0,2.2619415e-06
0,0,3.7706178e-07
0,0,1.3690066e-06
0,0,1.3308952e-06
0,0,7.6239263e-07
0,0,2.256083e-07
0,0,4.1403368e-07
0,0,2.8078853e-07
0,0,7.425539e-07
0,0,5.260512e-07
0,0,9.414578e-07
0,0,1.1959733e-06
0,0,4.7603837e-07
0,0,1.6698013e-05
0,0,7.201686e-07
0,0,6.5798366e-07
0,0,3.5546515e-07
0,0,7.473386e-07
0,0,2.6427747e-07
0,0,8.9557034e-07
0,0,4.378534e-07
0,0,4.0292916e-06
0,0,1.0328802e-06
0,0,8.0169167e-07
0,0,4.657744e-06
0,0,3.2209206e-07
0,0,5.2674903e-07
0,0,8.081119e-07
0,0,1.1872288e-06
0,0,1.5390582e-06
0,0,5.822806e-07
0,0,1.0096765e-06
0,0,1.9121942e-06
0,0,6.9402347e-07
0,0,2.8771598e-07
0,0,5.395368e-07
0,0,4.6589562e-07
0,0,3.6143052e-07
0,0,1.9392849e-07
0,0,2.5954284e-07
0,0,5.1749714e-07
0,0,3.0630918e-07
0,0,1.3879763e-06
0,0,2.2720653e-07
0,0,4.863801e-07
0,0,1.683985e-06
0,0,1.8108522e-06
0,0,3.7732946e-07
0,0,3.379928e-07
0,0,6.6737664e-07
0,0,2.1241247e-07
0,0,5.8021243e-07
0,0,3.8346676e-07
0,0,8.6951286e-07
0,0,3.8313814e-07
0,0,5.969628e-07
0,0,2.44065e-07
0,0,7.63701e-07
0,0,9.040736e-07
0,0,3.1847895e-07
0,0,1.3721698e-06
0,0,1.5823967e-06
0,0,7.109399e-07
0,0,9.427353e-07
0,0,6.1884924e-07
0,0,1.2477693e-07
0,0,1.1703562e-06
0,0,4.3138797e-07
0,0,2.6125835e-07
0,0,1.130192e-06
0,0,8.204942e-07
0,0,3.6492344e-07
0,0,8.439222e-07
0,0,3.9154418e-07
0,0,4.056273e-07
0,0,3.9935122e-07
0,0,4.5304495e-07
0,0,1.3809641e-06
0,0,9.0119073e-07
0,0,1.0680155e-06
0,0,4.600315e-07
0,0,8.4189566e-07
0,0,5.05159e-07
0,0,1.6573541e-06
0,0,4.2004595e-07
0,0,7.367349e-06
0,0,2.0921506e-07
0,0,4.6057406e-07
0,0,2.7757305e-06
0,0,2.963165e-07
0,0,0.002677813
0,0,1.3754425e-06
0,0,3.666859e-07
0,0,1.6244721e-07
0,0,1.7228857e-06
0,0,3.0099943e-07
0,0,5.411988e-07
0,0,5.721232e-07
0,0,9.974186e-07
0,0,3.5327724e-07
0,0,5.4125144e-07
0,0,7.6151696e-07
0,0,9.164157e-07
0,0,1.1598694e-06
0,0,2.3195065e-07
0,0,3.8617586e-07
0,0,5.8005145e-07
0,0,7.852908e-07
0,0,1.1364358e-06
0,0,1.6635678e-06
0,0,5.4446383e-07
0,0,9.598286e-07
0,0,5.743142e-07
0,0,7.2476416e-07
0,0,8.692128e-07
0,0,4.666164e-07
0,0,4.7687445e-07
0,0,1.573263e-07
0,0,9.4668866e-07
0,0,1.0831668e-06
0,0,7.427826e-07
0,0,2.5124226e-07
0,0,1.6551016e-06
0,0,1.705993e-07
0,0,2.0234086e-07
0,0,7.424328e-07
0,0,9.548828e-07
0,0,4.974733e-07
0,0,3.2348132e-07
0,0,6.756499e-07
0,0,4.5167826e-07
0,0,3.7986118e-07
0,0,4.303512e-07
0,0,3.738935e-06
0,0,2.8727044e-07
0,0,2.5952403e-07
0,0,1.411214e-06
0,0,7.645624e-07
0,0,1.2105512e-06
0,0,1.1988019e-06
0,0,4.7925755e-07
0,0,4.607832e-07
0,0,6.718449e-07
0,0,1.328823e-06
0,0,1.7070718e-06
0,0,1.9382637e-06
0,0,1.3391225e-06
0,0,6.2225985e-07
0,0,9.2726583e-07
0,0,1.6932787e-06
0,0,4.424071e-07
0,0,3.521017e-07
0,0,1.7854458e-07
0,0,1.4526875e-06
0,0,4.1184998e-07
0,0,6.920373e-07
0,0,6.9515943e-07
0,0,9.648285e-07
0,0,4.1717396e-07
0,0,6.2290405e-07
0,0,8.370226e-07
0,0,3.7421026e-07
0,0,5.036423e-07
0,0,1.5559694e-07
0,0,3.4910784e-07
0,0,4.3283026e-07
0,0,1.94454e-06
0,0,6.7954267e-07
0,0,6.598997e-07
0,0,5.87385e-07
0,0,2.9717362e-06
0,0,4.8426864e-07
0,0,8.307663e-07
0,0,3.8248498e-07
0,0,2.4132262e-06
0,0,1.0753168e-06
0,0,7.9706956e-07
0,0,2.5553751e-07
0,0,3.0067923e-07
0,0,2.0210943e-07
0,0,5.204981e-07
0,0,5.52643e-07
0,0,4.274838e-07
0,0,1.3234708e-06
0,0,2.5588307e-07
0,0,1.3038981e-06
0,0,1.7201999e-06
0,0,6.5555224e-07
0,0,4.3237932e-07
0,0,3.078123e-07
0,0,3.081574e-07
0,0,7.684073e-07
0,0,2.666453e-07
0,0,4.978117e-07
0,0,9.52648e-07
0,0,1.205995e-06
0,0,1.5520748e-06
0,0,5.195117e-07
0,0,4.0337102e-07
0,0,2.200658e-07
0,0,2.1816508e-07
0,0,6.134855e-07
0,0,5.325832e-07
0,0,1.4864264e-06
0,0,1.5786767e-06
0,0,4.3445428e-07
0,0,3.942656e-07
0,0,2.625011e-07
0,0,3.948217e-07
0,0,1.0185528e-06
0,0,2.8052781e-07
0,0,1.1500522e-06
0,0,3.957253e-07
0,0,1.579407e-06
0,0,5.2793996e-07
0,0,5.2584306e-07
0,0,1.6194433e-06
0,0,9.620665e-07
0,0,2.1428373e-07
0,0,1.0779289e-06
0,0,3.593436e-07
0,0,1.6284522e-06
0,0,2.880015e-07
0,0,5.2759015e-07
0,0,9.160277e-07
0,0,3.082894e-07
0,0,4.3621625e-07
0,0,3.9126084e-07
0,0,3.8328284e-07
0,0,2.359982e-07
0,0,0.09946519
0,0,3.694459e-07
0,0,3.9412012e-07
0,0,2.9577694e-07
0,0,6.64828e-07
0,0,3.3134654e-06
0,0,2.2093427e-07
0,0,3.813999e-07
0,0,2.3474098e-07
0,0,8.9238097e-07
0,0,2.5348652e-07
0,0,1.0969858e-06
0,0,6.073695e-07
0,0,2.0912132e-07
0,0,9.47573e-07
0,0,2.791172e-07
0,0,1.0215929e-06
0,0,5.8697736e-07
0,0,6.417835e-07
0,0,1.0414587e-06
0,0,2.1040181e-07
0,0,4.0919795e-07
0,0,5.926014e-07
0,0,1.2627105e-06
0,0,1.4280395e-06
0,0,9.726211e-07
0,0,5.1175846e-07
0,0,7.275717e-07
0,0,1.8131713e-06
0,0,4.073955e-07
0,0,7.765943e-07
0,0,2.0147831e-06
0,0,1.7595678e-06
0,0,1.6552738e-06
0,0,7.841765e-07
0,0,9.81678e-07
0,0,4.5349623e-07
0,0,5.390909e-07
0,0,4.3106016e-07
0,0,1.9664844e-06
0,0,5.8222565e-07
0,0,1.9457625e-06
0,0,5.044835e-07
0,0,5.008504e-07
0,0,1.515852e-06
0,0,6.1247187e-07
0,0,2.4949875e-07
0,0,9.59426e-07
0,0,2.0389594e-07
0,0,9.1629425e-07
0,0,7.4739063e-07
0,0,9.039782e-08
0,0,3.2739086e-07
0,0,6.445922e-07
0,0,1.7160119e-07
0,0,2.5092785e-07
0,0,1.4321267e-07
0,0,8.4931804e-07
0,0,3.9484203e-06
0,0,3.99733e-07
0,0,7.3973445e-07
0,0,6.0776927e-07
0,0,3.3795155e-07
0,0,1.03367974e-07
0,0,1.3734488e-06
0,0,3.6325957e-06
0,0,8.456696e-07
0,0,1.4407229e-06
0,0,1.0611736e-06
0,0,1.0926756e-06
0,0,3.5890866e-07
0,0,3.5861268e-07
0,0,3.1124353e-07
0,0,8.491196e-07
0,0,7.187908e-07
0,0,1.6121425e-07
0,0,4.5053392e-07
0,0,1.2727864e-06
0,0,5.301316e-07
0,0,5.6049527e-07
0,0,2.463138e-06
0,0,3.4197825e-07
0,0,3.8555766e-07
0,1,0.95303583
0,0,4.7086627e-07
0,0,1.3085909e-06
0,0,3.0103647e-07
0,0,2.8258165e-07
0,0,2.486107e-07
0,0,6.2825194e-07
0,0,3.1579023e-07
0,0,3.0811833e-07
0,0,5.4657863e-07
0,0,1.4482445e-06
0,0,1.3845074e-06
0,0,4.0384444e-07
0,0,2.5800537e-07
0,0,2.714536e-07
0,0,6.108636e-07
0,0,5.1349593e-07
0,0,1.9546583e-06
0,0,3.2250466e-06
0,0,1.4139052e-07
0,0,4.138884e-07
0,0,4.2248897e-07
0,0,8.4454297e-07
0,0,2.7706793e-07
0,0,9.832005e-07
0,0,3.9568909e-07
0,0,5.592149e-07
0,0,1.7713281e-06
0,0,2.7866213e-07
0,0,1.3662781e-06
0,0,1.4262142e-07
0,0,1.950876e-06
0,0,1.7152346e-06
0,0,4.0881298e-07
0,0,3.8468207e-07
0,0,5.87858e-07
0,0,9.496646e-07
0,0,4.1513718e-07
0,0,3.9903325e-06
0,0,3.7185342e-07
0,0,6.6299884e-07
0,0,4.349609e-07
0,0,5.7655216e-06
0,0,2.4118566e-07
0,0,5.7906874e-07
0,0,5.2272117e-07
0,0,2.421116e-07
0,0,1.2910199e-06
0,0,5.1857165e-07
0,0,2.8599904e-06
0,0,1.855564e-06
0,0,9.871945e-07
0,0,1.2606645e-07
0,0,1.3753281e-07
0,0,5.5430564e-07
0,0,8.6618576e-07
0,0,5.43117e-07
0,0,5.0961455e-07
0,0,3.0372225e-06
0,0,2.2179781e-06
0,0,4.9906e-07
0,0,1.0634642e-06
0,0,5.555281e-07
0,0,2.1237095e-07
0,0,4.8135587e-07
0,0,3.9859745e-07
0,0,1.2971263e-06
0,0,8.59114e-07
0,0,4.5351484e-07
0,0,1.223861e-06
0,0,7.189862e-07
0,0,5.7306625e-07
0,0,7.5793633e-07
0,0,6.9222875e-07
0,0,8.5071804e-07
0,0,1.042879e-06
0,0,4.1379445e-07
0,0,3.2325218e-07
0,0,2.4476893e-07
0,0,5.8206854e-07
0,0,6.9469223e-07
0,0,3.9385714e-07
0,0,3.5824522e-07
0,0,2.408251e-06
0,0,5.865146e-07
0,0,2.3747269e-07
0,0,8.647521e-07
0,0,1.7349006e-07
0,0,1.2922058e-07
0,0,1.4897232e-06
0,0,1.2416388e-06
0,0,3.231742e-07
0,0,1.5900755e-06
0,0,2.133606e-07
0,0,1.6890821e-06
0,0,3.774615e-07
0,0,5.5537714e-07
0,0,3.9703932e-07
0,0,3.7410643e-07
0,0,9.029836e-07
0,0,5.0964076e-07
0,0,6.0228325e-07
0,0,7.4186374e-07
0,0,3.5547498e-07
0,0,7.039101e-07
0,0,3.0327976e-07
0,0,6.666222e-07
0,0,4.4407173e-07
0,0,5.170808e-07
0,0,3.0611497e-07
0,0,1.0829933e-06
0,0,4.814105e-07
0,0,8.1077667e-07
0,0,1.0628214e-06
0,0,9.4059266e-07
0,0,2.0172347e-06
0,0,7.3409535e-07
0,0,1.0160692e-06
0,0,1.1439921e-06
0,0,3.6372683e-07
0,0,1.5648237e-06
0,0,9.745802e-07
0,0,1.1407255e-07
0,0,1.117888e-06
0,0,3.297796e-07
0,0,2.9644423e-07
0,0,4.2631575e-07
0,0,1.1023058e-06
0,0,1.3332264e-06
0,0,1.953101e-07
0,0,3.7581785e-06
0,0,1.1248875e-06
0,0,1.0368012e-06
0,0,2.993551e-07
0,0,1.2508985e-06
0,0,4.697369e-07
0,0,7.0116977e-07
0,0,4.199702e-07
0,0,6.260545e-07
0,0,7.6108716e-07
0,0,6.021155e-07
0,0,7.8773155e-07
0,0,2.784982e-07
0,0,1.80295e-07
0,0,6.2113213e-07
0,0,9.1888097e-07
0,0,1.5870258e-06
0,0,2.0221836e-07
0,0,6.554978e-07
0,0,2.176989e-07
0,0,8.6246655e-07
0,0,4.526774e-07
0,0,2.171554e-07
0,0,1.4389006e-07
0,0,2.22712e-06
0,0,3.7378155e-07
0,0,1.3845839e-06
0,0,7.852032e-07
0,0,2.5707206e-07
0,0,6.3327235e-07
0,0,4.2209712e-07
0,0,6.145835e-07
0,0,1.1102871e-06
0,0,2.3979237e-07
0,0,5.0188885e-07
0,0,2.9399988e-07
0,0,3.3301887e-06
0,0,5.029569e-07
0,0,1.0918735e-06
0,0,8.34052e-07
0,0,5.7242335e-07
0,0,1.7071011e-06
0,0,6.778785e-07
0,0,1.5032597e-06
0,0,4.0738075e-07
0,0,2.4310305e-07
0,0,3.1391178e-07
0,0,2.4499195e-07
0,0,6.2424266e-07
0,0,6.86301e-07
0,0,2.692913e-07
0,0,3.7019288e-07
0,0,2.8353617e-07
0,0,3.097513e-06
0,0,3.691321e-07
0,0,9.64766e-07
0,0,2.55764e-07
0,0,0.0074105444
0,0,1.4337353e-06
0,0,3.5774067e-06
0,0,4.304904e-07
0,0,6.245053e-07
0,0,4.0317525e-07
0,0,2.6797628e-07
0,0,2.829071e-07
0,0,5.584459e-07
0,0,4.6380453e-07
0,0,1.8399395e-07
0,0,2.8105347e-07
0,0,4.1209438e-07
0,0,4.9250826e-07
0,0,7.067109e-07
0,0,1.3516153e-06
0,0,6.593046e-07
0,0,3.5791606e-07
0,0,9.558604e-07
0,0,5.9050393e-07
0,0,9.499336e-07
0,0,3.081536e-07
0,0,4.021837e-07
0,0,1.3591706e-06
0,0,5.7880266e-07
0,0,4.6772487e-07
0,0,5.508387e-07
0,0,3.286722e-07
0,0,3.074532e-07
0,0,2.3419807e-07
0,0,1.9806669e-07
0,0,1.0508961e-06
0,0,2.3320094e-07
0,0,3.600822e-07
0,0,8.027428e-07
0,0,5.9466663e-07
0,0,4.770537e-07
0,0,6.0831786e-07
0,0,2.5782606e-07
0,0,2.3868196e-07
0,0,1.1960607e-07
0,0,5.011968e-07
0,0,0.30261537
0,0,3.9247314e-07
0,0,3.9037977e-07
0,0,5.808663e-07
0,0,3.0244123e-06
0,0,3.549188e-07
0,0,1.2599546e-06
0,0,5.2616264e-07
0,0,4.1428964e-07
0,0,3.3034777e-07
0,0,1.8892915e-07
0,0,1.0609307e-06
0,0,1.2035271e-06
0,0,3.077392e-07
0,0,2.2894748e-07
0,0,6.866309e-07
0,0,8.4433196e-07
0,0,4.903552e-07
0,0,5.506202e-07
0,0,5.2122874e-07
0,0,7.774376e-07
0,0,3.0685067e-07
0,0,1.0001905e-06
0,0,5.360063e-07
0,0,4.4059743e-07
0,0,2.6123217e-07
0,0,2.8680975e-07
0,0,6.453279e-07
0,0,8.908453e-07
0,0,1.7711237e-06
0,0,2.8500608e-07
0,0,8.659768e-07
0,0,0.3615685
0,0,1.3274412e-06
0,0,2.7195756e-07
0,0,5.0802777e-07
0,0,3.8000897e-07
0,0,9.2907067e-07
0,0,4.3126127e-07
0,0,8.083501e-07
0,0,4.1213448e-07
0,0,2.730579e-07
0,0,2.3549684e-07
0,0,4.527616e-07
0,0,1.9054461e-06
0,0,5.2411633e-07
0,0,4.056397e-07
0,0,4.3653793e-07
0,0,5.5846186e-07
0,0,5.364185e-07
0,0,9.005859e-07
0,0,9.5309963e-07
0,0,1.8649631e-06
0,0,1.0848012e-06
0,0,2.833505e-07
0,0,7.0169426e-07
0,0,5.039171e-07
0,0,5.109626e-07
0,0,1.8657263e-06
0,0,7.2739755e-07
0,0,7.0947624e-07
0,0,4.1467765e-06
0,0,1.0061949e-06
0,0,4.1447854e-07
0,0,2.0230478e-07
0,0,5.1818364e-07
0,0,3.1118626e-07
0,0,1.0715189e-06
0,0,5.3821094e-07
0,0,5.473209e-07
0,0,1.0706527e-06
0,0,9.563774e-07
0,0,3.0962354e-07
0,0,6.5910154e-07
0,0,1.3172177e-06
0,0,9.3676476e-07
0,0,1.3607645e-06
0,0,2.0819442e-07
0,0,3.213284e-07
0,0,1.9479442e-06
0,0,9.2359886e-07
0,0,5.1857813e-07
0,0,2.90873e-07
0,0,5.6089954e-07
0,0,1.0453475e-06
0,0,4.9843163e-07
0,0,4.5770037e-07
0,0,3.2025505e-06
0,0,5.7291214e-07
0,0,7.0809864e-07
0,0,5.107667e-07
0,0,4.5142463e-07
0,0,1.5760877e-06
0,0,1.0296426e-06
0,0,4.0684986e-06
0,0,3.8107777e-07
0,0,5.379277e-07
0,0,1.3040334e-07
0,0,6.3964796e-07
0,0,4.759462e-06
0,0,1.3568689e-07
0,0,3.4897143e-06
0,0,1.5788845e-06
0,0,4.953515e-07
0,0,5.2055367e-07
0,0,1.2656824e-06
0,0,5.729166e-07
0,0,2.3061539e-06
0,0,3.2202877e-07
0,0,3.543712e-07
0,0,2.835316e-07
0,0,2.0209208e-07
0,0,8.62789e-07
0,0,1.568906e-06
0,0,1.5539779e-06
0,0,5.360948e-07
0,0,1.311028e-06
0,0,1.4006686e-06
0,0,4.0075483e-07
0,0,4.6393546e-07
0,0,1.3861205e-06
0,0,2.458484e-06
0,0,5.0266294e-07
0,0,1.294762e-06
0,0,8.2120033e-07
0,0,1.689907e-06
0,0,4.67852e-07
0,0,5.9965544e-07
0,0,3.1653198e-07
0,0,2.8098698e-06
0,0,4.5118358e-07
0,0,6.5306494e-07
0,0,3.8312788e-07
0,0,9.0506654e-07
0,0,6.51557e-07
0,0,6.584407e-07
0,0,5.1700687e-07
0,0,2.53066e-07
0,0,2.1493334e-07
0,0,5.4192907e-07
0,0,4.9850394e-07
0,0,3.4402302e-07
0,0,6.0937754e-07
0,0,5.487639e-07
0,0,3.3861872e-07
0,0,2.0222723e-07
0,0,2.5708994e-07
0,0,2.2769827e-07
0,0,3.62381e-07
0,0,4.4347584e-07
0,0,1.7463827e-07
0,0,1.87497e-07
0,0,4.0805963e-07
0,0,1.100133e-06
0,0,1.945412e-06
0,0,5.952505e-07
0,0,3.0084735e-07
0,0,3.9243048e-07
0,0,3.4776104e-07
0,0,1.247068e-06
0,0,4.4793737e-06
0,0,2.2204172e-07
0,0,3.2099715e-06
0,0,8.360676e-07
0,0,4.9479723e-07
0,0,8.804826e-07
0,0,5.7837224e-07
0,0,1.0134436e-06
0,0,1.5718608e-06
0,0,4.3053473e-07
0,0,4.977937e-07
0,0,7.032015e-07
0,0,1.09909e-07
0,0,2.1990238e-07
0,0,4.4051555e-07
0,0,1.6664738e-07
0,0,3.146722e-07
0,0,6.1562645e-07
0,0,1.8423219e-06
0,0,8.5190334e-07
0,0,3.8254555e-07
0,0,2.1252363e-06
0,0,4.1374082e-07
0,0,2.5421886e-07
0,0,6.074419e-07
0,0,8.115681e-07
0,0,2.448007e-07
0,0,2.8418967e-07
0,0,1.0533263e-06
0,0,2.0380876e-06
0,0,4.4227846e-07
0,0,2.6248856e-07
0,0,7.2070594e-07
0,0,1.5140577e-06
0,0,3.2126283e-07
0,0,2.8045292e-07
0,0,2.7024473e-06
0,0,9.4713397e-07
0,0,4.1280316e-07
0,0,1.6352811e-07
0,0,1.0988317e-06
0,0,2.1379607e-07
0,0,7.8664453e-07
0,0,1.2968333e-06
0,0,8.418555e-07
0,0,4.6852446e-07
0,0,3.3151738e-07
0,0,7.879344e-07
0,0,1.0317578e-06
0,0,1.5533288e-06
0,0,2.9889213e-07
0,0,5.925658e-07
0,0,5.7701146e-07
0,0,4.527806e-07
0,0,6.977352e-07
0,0,1.5876859e-06
0,0,1.5196125e-06
0,0,2.8755827e-07
0,0,8.8983825e-07
0,0,5.0730443e-07
0,0,1.340041e-06
0,0,4.2063036e-07
0,0,3.7748674e-07
0,0,1.17272875e-05
0,0,1.8092245e-06
0,0,6.070753e-07
0,0,4.5193633e-07
0,0,4.192303e-07
0,0,3.2956237e-07
0,0,4.2736434e-07
0,0,1.4086485e-06
0,0,8.8752535e-07
0,0,6.203046e-07
0,0,3.3355144e-07
0,0,7.359964e-07
0,0,3.261678e-06
0,0,4.097207e-06
0,0,1.5364786e-06
0,0,3.8277037e-07
0,0,4.862702e-07
0,0,6.619602e-07
0,0,1.3172565e-06
0,0,9.611274e-07
0,0,2.7526173e-07
0,0,2.1600371e-07
0,0,7.578864e-07
0,0,3.8991793e-06
0,0,8.125136e-07
0,0,6.2668886e-07
0,0,5.2117855e-07
0,0,1.8299735e-07
0,0,2.1525122e-05
0,0,3.65156e-07
0,0,3.0776445e-07
0,0,1.3061707e-06
0,0,1.5532296e-06
0,0,3.1310898e-07
0,0,3.7277377e-07
0,0,3.2578592e-07
0,0,7.142624e-07
0,0,2.621126e-07
0,0,3.539717e-06
0,0,3.815636e-07
0,0,1.0218423e-06
0,0,3.1100052e-07
0,0,1.0314529e-06
0,0,3.2078705e-07
0,0,2.8178558e-06
0,0,2.8947966e-07
0,0,4.7142794e-07
0,0,3.9332824e-07
0,0,1.8395272e-07
0,0,9.85477e-07
0,0,8.9939545e-07
0,0,1.1173051e-06
0,0,3.830274e-07
0,0,1.0314923e-06
0,0,5.8586386e-07
0,0,1.2120155e-07
0,0,1.1092691e-06
0,0,6.0750386e-07
0,0,1.3252604e-06
0,0,1.0994858e-06
0,0,3.6633284e-07
0,0,1.8016365e-06
0,0,8.0813584e-07
0,0,2.126123e-07
0,0,3.302769e-07
0,0,1.6881206e-07
0,0,2.0952977e-07
0,0,6.815403e-07
0,0,1.0726599e-06
0,0,1.1961056e-06
0,0,7.4281877e-07
0,0,6.89248e-07
0,0,2.2647856e-07
0,0,4.4676952e-07
0,0,3.2712867e-07
0,0,0.006537397
0,0,9.255828e-07
0,0,5.5918775e-07
0,0,1.2694079e-06
0,0,4.930384e-07
0,0,6.256689e-07
0,0,3.0679555e-06
0,0,2.5386078e-07
0,0,4.0970832e-07
0,0,8.0211913e-07
0,0,4.213185e-07
0,0,9.37267e-07
0,0,4.4997827e-07
0,0,1.0354554e-06
0,0,5.699982e-07
0,0,4.9595087e-07
0,0,3.9686213e-07
0,0,3.592504e-07
0,0,1.4982162e-06
0,0,4.5958814e-07
0,0,2.752363e-07
0,0,7.399136e-07
0,0,3.1890565e-07
0,0,6.2109547e-07
0,0,1.3485395e-06
0,0,1.2440591e-06
0,0,5.2116263e-07
0,0,1.1388422e-06
0,0,2.7547758e-06
0,0,7.344567e-07
0,0,7.530206e-07
0,0,4.5414467e-06
0,0,7.651875e-07
0,0,2.7102004e-07
0,0,1.0634835e-06
0,0,1.3599395e-06
0,0,2.4008276e-07
0,0,4.3829417e-07
0,0,9.2666295e-07
0,0,1.2856851e-06
0,0,1.3280185e-06
0,0,3.4526775e-07
0,0,2.4249684e-07
0,0,7.6066266e-07
0,0,2.2808318e-07
0,0,7.283618e-07
0,0,1.806585e-07
0,0,9.822257e-07
0,0,4.9440007e-07
0,0,1.1086788e-06
0,0,6.767927e-07
0,0,3.2860106e-07
0,0,1.0596738e-06
0,0,2.8705546e-07
0,0,2.610494e-07
0,0,7.494119e-07
0,0,1.6518753e-06
0,0,1.1370863e-06
0,0,7.5345156e-07
0,0,4.1532056e-07
0,0,8.3429467e-07
0,0,5.5500226e-07
0,0,3.5147366e-07
0,0,7.8590364e-07
0,0,1.8700483e-07
0,0,5.2220145e-07
0,0,2.396061e-07
0,0,1.4907476e-07
0,0,1.0043906e-06
0,0,1.0665356e-06
0,0,4.957849e-07
0,0,6.995621e-07
0,0,1.0606595e-06
0,0,8.320072e-07
0,0,3.3758658e-07
0,0,3.7811904e-07
0,0,4.7753565e-07
0,0,7.2969806e-07
0,0,2.4388287e-06
0,0,1.9798983e-07
0,0,3.5280564e-06
0,0,1.0914601e-06
0,0,8.819365e-07
0,0,8.887527e-07
0,0,3.273818e-07
0,0,3.023153e-07
0,0,5.0558106e-06
0,0,7.9091797e-07
0,0,4.266139e-07
0,0,3.2390867e-06
0,0,3.322254e-07
0,0,1.178773e-06
0,0,3.0776533e-07
0,0,3.1313976e-07
0,0,0.053027764
0,0,2.7793996e-07
0,0,1.4471317e-06
0,0,2.5419996e-07
0,0,6.1275284e-07
0,0,7.3603223e-07
0,0,7.8996595e-07
0,0,1.8969188e-06
0,0,8.390454e-07
0,0,6.100515e-07
0,0,5.3495893e-07
0,0,1.3899461e-06
0,0,5.258155e-07
0,0,1.7453387e-06
0,0,1.7282274e-06
0,0,2.1390274e-07
0,0,7.0896556e-07
0,0,2.6366047e-07
0,0,8.228616e-07
0,0,3.2231296e-07
0,0,2.7543213e-06
0,0,3.4800124e-07
0,0,3.4596584e-07
0,0,4.2429383e-07
0,0,9.782285e-07
0,0,2.5405646e-07
0,0,5.5017404e-07
0,0,7.6464033e-07
0,0,3.8690504e-07
0,0,5.6196876e-07
0,0,2.40953e-07
0,0,1.2048398e-06
0,0,1.4874645e-06
0,0,6.4075306e-07
0,0,7.996247e-07
0,0,9.248389e-07
0,0,1.4582924e-06
0,0,4.9217067e-07
0,0,5.071332e-07
0,0,4.901247e-07
0,0,2.9474805e-07
0,0,1.84009e-06
0,0,8.757419e-07
0,0,8.00551e-07
0,0,5.4384884e-07
0,0,8.0268313e-07
0,0,5.8762873e-07
0,0,4.8197506e-07
0,0,1.3692611e-06
0,0,5.111107e-07
0,0,1.182077e-06
0,0,1.6211168e-07
0,0,2.4882395e-06
0,0,1.9017515e-06
0,0,6.332186e-07
0,0,2.6206635e-07
0,0,1.1385436e-06
0,0,3.200882e-07
0,0,1.0854195e-07
0,0,2.436655e-06
0,0,3.5274402e-06
0,0,2.982648e-07
0,0,3.3514704e-07
0,0,5.6785285e-07
0,0,4.390941e-07
0,0,1.7011449e-06
0,0,1.6250965e-06
0,0,1.3158002e-06
0,0,1.394201e-06
0,0,4.5251136e-06
0,0,6.693832e-07
1,0,0.122846186
0,0,5.7467196e-07
0,0,2.211673e-06
0,0,4.924815e-07
0,0,0.0005845914
0,0,1.7982518e-07
0,0,9.850503e-07
0,0,3.628977e-07
0,0,9.1724803e-07
0,0,1.0534588e-06
0,0,8.006136e-07
0,0,1.3127619e-06
0,0,5.0463996e-07
0,0,3.912422e-07
0,0,1.1598362e-06
0,0,3.0411914e-07
0,0,4.489448e-07
0,0,3.2756184e-06
0,0,9.2746126e-07
0,0,5.4323874e-07
0,0,2.6579477e-07
0,0,6.371244e-07
0,0,5.694994e-07
0,0,1.7610705e-07
0,0,4.6126019e-07
0,0,7.716222e-07
0,0,6.537735e-07
0,0,4.797486e-07
0,0,1.629535e-07
0,0,6.267212e-07
0,0,4.826636e-06
0,0,2.0471994e-07
0,0,5.4187484e-07
0,0,4.1048114e-07
0,0,3.6102261e-07
0,0,5.6740464e-07
0,0,2.446105e-07
0,0,8.6660634e-07
0,0,4.9806624e-07
0,0,7.436899e-07
0,0,7.309656e-07
0,0,4.9853093e-06
0,0,1.1046019e-06
0,0,3.3781555e-07
0,0,2.8254012e-06
0,0,5.4874033e-07
0,0,6.859313e-07
0,0,2.4055763e-07
0,0,4.1839712e-07
0,0,2.5020213e-07
0,0,1.1658468e-06
0,0,2.3409318e-06
0,0,2.3109857e-07
0,0,1.3613383e-06
0,0,2.0598111e-07
0,0,9.54485e-07
0,0,9.2382965e-07
0,0,7.198974e-07
0,0,2.587473e-06
0,0,1.8586567e-07
0,0,1.5103398e-06
0,0,1.3793859e-06
0,0,7.7002187e-07
0,0,4.1887822e-07
0,0,9.715568e-07
0,0,4.6203948e-07
0,0,9.556992e-07
0,0,4.2556306e-07
0,0,5.6360415e-07
0,0,2.6112186e-06
0,0,6.3514125e-07
0,0,2.7387108e-07
0,0,2.2399954e-07
0,0,5.612334e-07
0,0,5.0816925e-07
0,0,1.2741807e-06
0,0,3.3439963e-07
0,0,1.2940149e-07
0,0,1.5063179e-06
0,0,7.1214504e-07
0,0,4.547652e-07
0,0,2.3581538e-06
0,0,9.419643e-07
0,0,3.2001492e-07
0,0,7.630232e-07
0,0,3.367679e-07
0,0,1.5874012e-07
0,0,5.348462e-07
0,0,1.9315806e-07
0,0,4.1937628e-07
0,0,3.9131348e-07
0,0,1.3199339e-06
0,0,1.0309996e-06
0,0,1.6218746e-07
0,0,3.947261e-07
0,0,5.438468e-07
0,0,4.2864158e-07
0,0,5.5883283e-06
0,0,1.5212654e-06
0,0,5.4470894e-07
0,0,2.621766e-07
0,0,3.9370877e-07
0,0,2.3204002e-07
0,0,2.4799292e-06
0,0,1.0231031e-06
0,0,2.7135445e-07
0,0,2.7218903e-07
0,0,1.6445725e-06
0,0,1.032699e-06
0,0,5.8232894e-07
0,0,4.592328e-07
0,0,2.5159306e-07
0,0,6.07796e-07
0,0,8.326731e-07
0,0,5.117892e-07
0,0,1.6802826e-06
0,0,1.0987394e-06
0,0,7.89313e-07
0,0,5.4160614e-07
0,0,7.6807686e-07
0,0,6.917378e-07
0,0,1.925237e-06
0,0,9.899285e-07
0,0,1.0072769e-06
0,0,5.865582e-07
0,0,5.615927e-07
0,0,1.8300678e-07
0,0,7.101186e-07
0,0,3.080831e-07
0,0,3.0305918e-07
0,0,7.4134954e-07
0,0,1.2848602e-06
0,0,1.1236781e-06
0,0,1.4718241e-06
0,0,3.1143195e-06
0,0,5.6204755e-07
0,0,2.5984227e-07
0,0,7.204811e-07
0,0,1.8091333e-07
0,0,7.953193e-07
0,0,2.6842284e-07
0,0,5.227316e-07
0,0,1.2240876e-06
0,0,8.862035e-07
0,0,1.6887358e-06
0,0,4.6408945e-07
0,0,3.0536359e-07
0,0,5.348651e-07
0,0,8.749972e-07
0,0,2.0697395e-07
0,0,9.541783e-07
0,0,1.3392847e-06
0,0,2.8393583e-07
0,0,1.4915298e-07
0,0,1.6291061e-06
0,0,4.972817e-07
0,0,2.1764761e-07
0,0,9.946915e-07
0,0,5.482298e-07
0,0,9.8593e-07
0,0,7.5106755e-07
0,0,3.6935288e-07
0,0,4.420183e-07
0,0,4.2065446e-07
0,0,3.2639107e-07
0,0,1.0954464e-07
0,0,3.2054302e-07
0,0,7.008382e-07
0,0,5.213988e-07
0,0,1.2428992e-06
0,0,3.4017137e-07
0,0,1.230796e-06
0,0,7.0717346e-07
0,0,4.4448228e-07
0,0,3.6457072e-07
0,0,2.8869226e-07
0,0,1.1861362e-07
0,0,5.891657e-07
0,0,3.7279509e-07
0,0,1.2844289e-06
0,0,1.0677629e-06
0,0,7.061841e-07
0,0,6.968434e-07
0,0,1.7614232e-07
0,0,1.9051375e-07
0,0,4.409245e-07
0,0,1.4570132e-07
0,0,6.451507e-07
0,0,1.289996e-06
0,0,5.173797e-07
0,0,5.2907853e-07
0,0,8.2411026e-07
0,0,3.874733e-07
0,0,8.1397945e-07
0,0,8.953056e-07
0,0,4.2281425e-07
0,0,6.3146916e-07
0,0,6.689569e-07
0,0,4.2422346e-07
0,0,4.3385228e-07
0,0,6.4752874e-07
0,0,3.1185175e-07
0,0,1.7806997e-07
0,0,1.5435135e-06
0,0,2.9270507e-06
0,0,1.0450226e-06
0,0,3.618437e-07
0,0,9.538726e-07
0,0,8.2851216e-07
1,1,0.9774154
0,0,5.4001504e-07
0,0,5.890393e-07
0,0,2.0564169e-06
0,0,1.7905081e-06
0,0,0.001481853
0,0,1.7050723e-06
0,0,6.977518e-07
0,0,4.505068e-07
0,0,8.664601e-07
0,0,5.076326e-07
0,0,1.7197486e-06
0,0,6.455088e-07
0,0,2.6832737e-07
0,0,8.345557e-07
0,0,1.5619877e-07
0,0,3.384205e-07
0,0,6.1923475e-07
0,0,9.24384e-07
0,0,8.653502e-07
0,0,5.8881295e-07
0,0,1.0315979e-07
0,0,1.4926585e-06
0,0,6.826767e-07
0,0,6.534612e-07
0,0,6.0690627e-07
0,0,3.1646192e-07
0,0,1.2856814e-06
0,0,4.5802346e-07
0,0,6.0539116e-07
0,0,5.378415e-07
0,0,2.0039804e-05
0,0,5.3278234e-07
0,0,2.787575e-06
0,0,5.7100414e-07
0,0,2.9065143e-07
0,0,2.5342538e-07
0,0,5.133862e-07
0,0,3.6280463e-07
0,0,1.4624105e-07
0,0,1.0760461e-06
0,0,1.4242789e-06
0,0,7.3369785e-07
0,0,5.926359e-07
0,0,2.1046601e-07
0,0,2.76473e-07
0,0,6.0441164e-07
0,0,3.2736432e-07
0,0,3.3234738e-07
0,0,1.0635027e-06
0,0,9.715142e-07
0,0,1.3393153e-06
0,0,5.700281e-07
0,0,4.509096e-07
0,0,1.07422565e-07
0,0,2.1876979e-06
0,0,4.1147197e-07
0,0,2.0970968e-07
0,0,1.3513808e-06
0,0,7.9750447e-07
0,0,9.145526e-07
0,0,6.62789e-07
0,0,6.4690903e-07
0,0,4.688105e-07
0,0,2.530617e-06
0,0,5.8135845e-07
0,0,1.3023509e-06
0,0,5.43881e-07
0,0,0.000107906126
0,0,3.0385058e-06
0,0,5.6482554e-07
0,0,2.3589944e-07
0,0,3.8245145e-07
0,0,1.86336e-07
0,0,3.703592e-07
0,0,8.1836316e-07
0,0,6.80265e-07
0,0,1.2543231e-07
0,0,1.1571206e-06
0,0,6.4120053e-07
1,0,0.45032716
0,0,1.1519633e-06
0,0,5.387676e-07
0,0,2.69957e-06
0,0,2.5949732e-06
0,0,6.6641815e-07
0,0,6.3340343e-07
0,0,3.6600528e-07
0,0,3.0038433e-07
0,0,1.0760349e-06
0,0,1.5671264e-07
0,0,2.5465394e-07
0,0,4.418973e-07
0,0,3.5725176e-07
0,0,2.7743465e-07
0,0,1.1609118e-06
0,0,2.365654e-07
0,0,3.5058451e-07
0,0,3.7591036e-07
0,0,6.084181e-06
0,0,7.059868e-07
0,0,9.3666296e-07
0,0,4.7881713e-06
0,0,1.6646979e-07
0,0,8.315788e-07
0,0,6.914924e-07
0,0,8.28509e-07
0,0,2.1649248e-07
0,0,9.855953e-07
0,0,5.946128e-07
0,0,3.240374e-07
0,0,7.043392e-07
0,0,3.3993203e-07
0,0,3.08575e-07
0,0,5.121598e-07
0,0,5.4415545e-07
0,0,2.3903874e-06
0,0,1.0911116e-06
0,0,6.105357e-07
0,0,4.1696475e-07
0,0,1.0575881e-06
0,0,3.8075987e-06
0,0,1.0404909e-06
0,0,3.1886339e-07
0,0,6.542288e-07
0,0,5.5842725e-07
0,0,2.8064048e-07
0,0,4.0092223e-07
0,0,4.449055e-07
0,0,7.4064855e-07
0,0,1.3043434e-06
0,0,1.2702751e-06
0,0,1.3057722e-06
0,0,1.266288e-07
0,0,3.8933055e-07
0,0,3.0815949e-07
0,0,3.593001e-07
0,0,3.6465138e-07
0,0,7.9744893e-07
0,0,1.2841667e-06
0,0,4.560486e-07
0,0,3.4870487e-07
0,0,4.4170434e-07
0,0,2.2636175e-07
0,0,3.2407974e-07
0,0,7.292347e-07
0,0,4.5248274e-07
0,0,1.6586538e-06
0,0,1.5108973e-06
0,0,6.7821804e-07
0,0,1.4538763e-07
0,0,5.3438276e-07
0,0,6.255657e-07
0,0,3.5783242e-07
0,0,6.365796e-07
0,0,3.7415103e-07
0,0,3.67666e-07
0,0,1.1757887e-06
0,0,3.9224642e-07
0,0,4.5089453e-07
0,0,2.5076565e-07
0,0,7.520904e-07
0,0,5.1256825e-07
0,0,3.0295084e-07
0,0,4.5263596e-07
0,0,2.1183887e-06
0,0,4.1102405e-07
0,0,2.730389e-07
0,0,1.4538252e-06
0,0,3.911478e-07
0,0,6.282495e-07
0,0,5.9666854e-07
0,0,7.6966217e-07
0,0,9.339282e-07
0,0,7.836345e-07
0,0,7.905643e-05
0,0,2.6733863e-07
0,0,8.687009e-06
0,0,3.9528211e-07
0,0,8.7834815e-07
0,0,4.9118177e-07
0,0,5.1254483e-07
0,0,4.2906075e-07
0,0,3.7032814e-07
0,0,9.0683426e-07
0,0,1.3953047e-07
0,0,7.2248685e-07
0,0,7.2892533e-07
0,0,1.5312007e-07
0,0,2.0361126e-07
0,0,5.856097e-07
0,0,5.938075e-07
0,0,3.913295e-07
0,0,4.5336998e-07
0,0,9.085586e-07
0,0,9.041865e-07
0,0,3.9395218e-07
0,0,2.3224304e-07
0,0,7.274364e-07
0,0,3.3996253e-07
0,0,2.84555e-07
0,0,1.0669323e-06
0,0,3.6969683e-07
0,0,4.8143755e-07
0,0,1.0559907e-06
0,0,2.0515517e-07
0,0,3.5945845e-07
0,0,2.8972298e-07
1,1,0.72914237
0,0,2.1285454e-07
0,0,2.1055166e-06
0,0,2.6584877e-07
0,0,1.4672214e-07
0,0,3.222125e-07
0,0,3.4524314e-06
0,0,1.7529686e-06
0,0,7.692806e-07
0,0,1.66849e-06
0,0,1.1581528e-06
0,0,9.4778325e-06
0,0,7.7488687e-07
0,0,6.3868e-07
0,0,1.3518124e-06
0,0,4.7253474e-07
0,0,5.114667e-07
0,0,6.1799767e-07
0,0,5.055532e-07
0,0,3.829124e-07
0,0,4.6935048e-07
0,0,3.026023e-07
0,0,1.5948548e-07
0,0,4.0754085e-07
0,0,4.348385e-07
0,0,3.382156e-07
0,0,4.7788376e-07
0,0,8.2914926e-07
0,0,1.3532014e-07
0,0,5.8599744e-07
0,0,3.0588967e-07
0,0,5.410388e-07
0,0,5.125355e-07
0,0,3.3064785e-07
0,0,2.6595578e-07
0,0,9.63e-07
0,0,1.6047351e-06
0,0,3.1561862e-07
0,0,1.9864528e-06
0,0,1.026055e-06
0,0,1.3060401e-06
0,0,0.00044288544
0,0,2.262496e-06
0,0,2.2859469e-07
0,0,2.585776e-06
0,0,5.0035715e-07
0,0,8.779638e-07
0,0,8.758096e-07
0,0,2.5322004e-07
0,0,2.49931e-07
0,0,9.2759666e-07
0,0,9.266647e-07
0,0,1.9770976e-06
0,0,3.2083433e-06
0,0,2.27831e-07
0,0,1.1236651e-06
0,0,1.2370517e-06
0,0,3.421626e-07
0,0,4.9115124e-06
0,0,2.528742e-07
0,0,9.447028e-07
0,0,3.3308145e-06
0,0,2.8926246e-07
0,0,1.2014274e-06
0,0,6.234318e-07
0,0,1.5844203e-06
0,0,1.4459658e-06
0,0,1.2238669e-06
0,0,8.718927e-07
0,0,2.2103333e-07
0,0,9.478604e-07
0,0,7.8298314e-07
0,0,3.8039332e-07
0,0,1.2960778e-06
0,0,3.7313478e-07
0,0,2.1362926e-06
0,0,2.7801948e-07
0,0,4.0414034e-07
0,0,4.4608066e-07
0,0,3.323883e-07
0,0,2.3847855e-07
0,0,2.406859e-07
0,0,1.9432443e-06
0,0,1.7219148e-06
0,0,3.9093524e-07
0,0,3.3733363e-07
0,0,3.4304932e-07
0,0,6.32094e-07
0,0,9.238446e-07
0,0,6.4918765e-07
0,0,1.9821837e-06
0,0,2.6743936e-07
0,0,2.2779754e-07
0,0,8.445155e-07
0,0,3.8487397e-06
0,0,4.4717234e-07
0,0,2.5871327e-06
0,0,7.4719964e-07
0,0,9.720804e-07
0,0,2.0236634e-07
0,0,1.2604078e-06
0,0,3.9981117e-07
0,0,6.1687587e-07
0,0,3.7539732e-07
0,0,2.583673e-07
0,0,4.2761184e-07
0,0,6.8000224e-07
0,0,6.441646e-07
0,0,3.9520748e-07
0,0,1.7156617e-07
0,0,1.2497086e-06
0,0,1.4323807e-07
0,0,5.40371e-07
0,0,1.6151939e-06
0,0,4.7839035e-07
0,0,1.1256624e-06
0,0,7.263744e-07
0,0,1.0158569e-06
0,0,9.80904e-07
0,0,5.980084e-07
0,0,7.626653e-07
0,0,6.1182266e-07
0,0,1.967291e-06
0,0,5.567565e-07
0,0,4.5746643e-07
0,0,4.1674332e-07
0,0,3.3218072e-07
0,0,3.576417e-07
0,0,4.462573e-07
0,0,3.863608e-07
0,0,2.9305147e-07
0,0,1.6037544e-06
0,0,8.272252e-07
0,0,4.3524014e-07
0,0,3.4211166e-07
0,0,7.4173784e-07
0,0,5.202375e-07
0,0,9.779244e-07
0,0,4.560838e-07
0,0,8.3204446e-07
0,0,1.4344383e-06
0,0,1.518565e-06
0,0,8.673165e-07
0,0,1.6372769e-07
0,0,1.3000376e-07
0,0,2.9434045e-07
0,0,1.3070303e-07
0,0,5.073422e-07
0,0,5.0717483e-07
0,0,6.724609e-07
0,0,2.0174355e-07
0,0,3.929698e-07
0,0,1.0594707e-06
0,0,2.3626235e-07
0,0,1.1197062e-06
0,0,1.67313e-07
0,0,9.3558805e-07
0,0,6.742602e-07
0,0,2.1487186e-07
0,0,1.3676312e-06
0,0,1.4916905e-07
0,0,5.1460586e-07
0,0,1.55182e-07
0,0,2.2137326e-06
0,0,1.4984463e-06
0,0,1.1590168e-06
0,0,6.115158e-07
0,0,3.667439e-07
0,0,7.06928e-07
0,0,6.8998395e-07
0,0,1.6942284e-06
0,0,3.0971066e-07
0,0,2.4949162e-07
0,0,5.439718e-07
0,0,5.0296984e-07
0,0,9.973521e-07
0,0,1.8023896e-07
0,0,2.3951014e-07
0,0,1.3587701e-06
0,0,2.660768e-07
0,0,2.7164808e-07
0,0,5.5604966e-07
0,0,3.0042244e-07
0,0,6.7088376e-07
0,0,3.4641187e-07
0,0,9.305276e-07
0,0,3.9153855e-07
0,0,3.729441e-07
0,0,2.725776e-07
0,0,1.5317806e-06
0,0,2.9186165e-07
0,0,2.9324215e-07
0,0,1.474426e-06
0,0,2.5365828e-06
0,0,2.094025e-07
0,0,4.879821e-07
0,0,2.2441764e-06
0,0,2.6404342e-07
0,0,2.2464847e-06
0,0,7.414365e-07
0,0,4.6660884e-07
0,0,4.1023054e-06
0,0,1.3003528e-06
0,0,3.3673675e-07
0,0,3.7578488e-07
0,0,3.958827e-07
0,0,6.2002306e-07
0,0,6.25178e-07
0,0,2.5564378e-07
0,0,2.0834754e-07
0,0,1.6391407e-07
0,0,2.6742202e-07
0,0,6.5362633e-07
0,0,5.1409813e-07
0,0,2.0358002e-07
0,0,8.8859247e-07
0,0,1.2573774e-06
0,0,1.3831334e-07
0,0,2.8402087e-07
0,0,7.6534803e-07
0,0,2.0741182e-07
0,0,4.6295824e-07
0,0,0.00028976137
0,0,5.571681e-07
0,0,3.049931e-07
0,0,1.0328102e-06
0,0,2.677977e-07
0,0,4.2450066e-07
0,0,1.8569294e-07
0,0,7.586827e-07
0,0,1.2456733e-05
0,0,3.664936e-07
0,0,8.747394e-07
0,0,8.8179183e-07
0,0,6.128925e-07
0,0,3.867088e-07
0,0,0.0042447583
0,0,9.2274746e-07
0,0,2.1738916e-07
0,0,1.8897813e-06
0,0,2.0750203e-07
0,0,8.30341e-07
0,0,3.9730025e-07
0,0,8.62261e-07
0,0,4.403538e-07
0,0,1.456751e-06
0,0,7.604443e-07
0,0,6.638156e-07
0,0,2.073196e-06
0,0,3.2488677e-07
0,0,6.196471e-07
0,0,3.551927e-07
0,0,1.7756342e-06
0,0,2.5484027e-07
0,0,8.0727074e-07
0,0,3.7123547e-07
0,0,1.2221984e-07
0,0,4.3289262e-07
0,0,3.128553e-07
0,0,6.2238325e-07
0,0,4.8490085e-07
0,0,4.5874168e-07
0,0,1.0075208e-06
0,0,2.7525465e-07
0,0,4.5208034e-07
0,0,4.9772297e-07
0,0,5.626096e-07
0,0,5.124207e-07
0,0,5.0727783e-07
0,0,6.6362134e-07
0,0,1.4154084e-06
0,0,1.9327265e-07
0,0,5.524006e-07
0,0,7.472482e-07
0,0,3.6666242e-07
0,0,5.973586e-07
0,0,8.034459e-07
0,0,2.677599e-06
0,0,2.156355e-07
0,0,1.0893597e-06
0,0,1.841015e-06
0,0,8.0921933e-07
0,0,3.3742694e-07
0,0,2.8508603e-07
0,0,6.35085e-07
0,0,3.4631375e-07
0,0,6.284826e-07
0,0,3.7095944e-07
0,0,2.4480278e-07
0,0,2.467475e-07
0,0,2.4421377e-07
0,0,2.5157865e-07
0,0,7.7634996e-07
0,0,6.7539094e-07
0,0,2.393585e-07
0,0,3.48806e-07
0,0,2.053573e-06
0,0,2.8142762e-07
0,0,4.2847398e-07
0,0,7.183029e-07
0,0,1.7763591e-06
0,0,3.766061e-07
0,0,5.514116e-07
0,0,9.5061324e-07
0,0,4.3581582e-07
0,0,2.9800154e-07
0,0,3.3532862e-07
0,0,3.165226e-07
0,0,6.032133e-07
0,0,1.0922828e-06
0,0,1.8310996e-07
0,0,3.3091123e-07
0,0,8.645822e-07
0,0,2.1086703e-07
0,0,0.10219716
0,0,3.7299495e-07
0,0,1.5740856e-06
0,0,1.7488229e-07
0,0,1.6469268e-06
0,0,8.5361603e-07
0,0,1.4507036e-06
0,0,1.956654e-06
0,0,4.3299707e-07
0,0,8.313908e-07
0,0,6.8073354e-07
0,0,7.877075e-07
0,0,5.792162e-07
0,0,8.2880615e-07
0,0,2.5612573e-07
0,0,3.300834e-06
0,0,9.730618e-07
0,0,9.65076e-07
0,0,1.441539e-07
0,0,6.724743e-07
0,0,2.2742549e-07
0,0,6.8734505e-07
0,0,8.6480486e-07
0,0,4.4253161e-07
0,0,1.5165892e-07
0,0,2.765492e-07
0,0,2.0081575e-06
0,0,2.8808088e-07
0,0,2.8398594e-07
0,0,2.2083421e-07
0,0,1.2431873e-06
0,0,1.6968028e-07
0,0,8.290472e-07
0,0,5.7403497e-07
0,0,6.340265e-07
0,0,3.145747e-07
0,0,2.527539e-07
0,0,2.7527906e-06
0,0,6.3104414e-07
0,0,9.769093e-07
0,0,2.0774559e-07
0,0,1.2077273e-06
0,0,6.0098873e-06
0,0,2.8251105e-07
0,0,4.6446095e-07
0,0,3.8385272e-07
0,0,3.342517e-07
0,0,5.842737e-07
0,0,2.3756586e-06
0,0,8.9607704e-07
0,0,4.810759e-07
0,0,1.0110872e-06
0,0,4.440133e-07
0,0,3.1779146e-07
0,0,2.233733e-06
0,0,1.305837e-06
0,0,3.7912827e-07
0,0,1.1545776e-06
0,0,4.260585e-07
0,0,5.78182e-07
0,0,2.8875388e-06
0,0,6.0236994e-07
0,0,5.969207e-07
0,0,3.700619e-07
0,0,3.6388192e-07
0,0,3.205354e-07
0,0,6.36187e-07
0,0,1.4139122e-06
0,0,5.482126e-07
0,0,5.6056905e-07
0,0,1.2168398e-06
0,0,3.0847232e-07
0,0,4.946005e-07
0,0,5.276772e-07
0,0,7.310005e-07
0,0,3.332173e-07
0,0,1.3626137e-06
0,0,7.466754e-07
0,0,6.529454e-07
0,0,3.5049993e-07
0,0,1.2717175e-06
0,0,5.7545236e-07
0,0,5.747679e-07
0,0,5.7599266e-07
0,0,6.1609455e-07
0,0,2.3018708e-07
0,0,1.6323938e-06
0,0,6.812817e-07
0,0,3.3218706e-07
0,0,4.756522e-07
0,0,1.4418898e-06
0,0,2.7121887e-06
0,0,5.1583913e-07
0,0,1.2664153e-06
0,0,5.7031514e-07
0,0,1.3623874e-07
0,0,3.2019045e-07
0,0,7.3010455e-07
0,0,6.7101433e-07
0,0,5.2903414e-07
0,0,2.3571038e-06
0,0,5.935533e-07
0,0,5.065334e-07
0,0,7.586993e-07
0,0,4.604454e-07
0,0,3.3443695e-07
0,0,3.1655068e-07
0,0,5.9164825e-07
0,0,1.5748739e-06
0,0,3.1151464e-07
0,0,4.4871496e-07
0,0,4.80803e-07
0,0,1.0429895e-06
0,0,6.009126e-07
0,0,5.983803e-07
0,0,4.849864e-07
0,0,2.191325e-06
0,0,2.9353902e-07
0,0,5.0204875e-07
0,0,5.2647636e-07
0,0,3.5472658e-07
0,0,7.6198626e-07
0,0,2.0434894e-07
0,0,4.130808e-07
0,0,5.369989e-07
0,0,4.8875614e-07
0,0,6.3265423e-07
0,0,1.3658321e-07
0,0,2.7776719e-07
0,0,1.6028079e-07
0,0,2.2421184e-06
0,0,4.597635e-07
0,0,5.5368486e-07
0,0,4.6551457e-07
0,0,4.1097348e-07
0,0,6.7349094e-07
0,0,3.5177447e-07
0,0,4.1076697e-07
0,0,1.7162753e-07
0,0,6.8402704e-07
0,0,2.75807e-07
0,0,3.7460015e-07
0,0,1.7623976e-06
0,0,5.65598e-07
0,0,6.5053007e-07
0,0,9.767799e-07
0,0,3.4525127e-07
0,0,2.059385e-07
0,0,4.2062476e-07
0,0,3.2099334e-07
0,0,3.2680254e-07
0,0,4.4308902e-07
0,0,7.3106395e-07
0,0,1.2155685e-06
0,0,4.115104e-07
0,0,8.8557573e-07
0,0,1.0348058e-06
0,0,1.3658286e-06
0,0,1.716881e-06
0,0,1.986807e-06
0,0,4.1757716e-07
0,0,2.2862719e-07
0,0,5.995039e-07
0,0,2.501101e-06
0,0,6.370758e-07
0,0,3.7699817e-07
0,0,5.6878235e-07
0,0,4.2203433e-07
0,0,3.3930446e-06
0,0,3.1276312e-07
0,0,9.54465e-07
0,0,8.8301204e-07
0,0,1.3901752e-07
0,0,5.164524e-07
0,0,5.5232e-07
0,0,2.0844394e-07
0,0,7.2234013e-07
0,0,4.882889e-07
0,0,3.5304654e-07
0,0,1.6123469e-06
0,0,1.4750138e-06
0,0,7.126111e-07
0,0,3.2819642e-07
0,0,1.6793341e-06
0,0,7.75445e-07
0,0,3.4974033e-07
0,0,4.7484406e-07
0,0,5.781494e-07
0,0,4.915861e-06
0,0,2.4309452e-06
0,0,9.623197e-07
0,0,4.5021002e-07
0,0,3.4882828e-07
0,0,3.8336364e-07
0,0,1.1177666e-06
0,0,1.4260237e-07
0,0,7.908433e-07
0,0,4.5948428e-07
0,0,5.76451e-07
0,0,2.8603154e-07
0,0,7.539475e-07
0,0,8.1974025e-07
0,0,6.5163346e-07
0,0,2.0046738e-07
0,0,4.4733062e-07
0,0,1.1264592e-06
0,0,6.2224916e-07
0,0,7.84638e-07
0,0,1.5878343e-06
0,0,6.861288e-07
0,0,2.917559e-07
0,0,0.00040722458
0,0,5.532336e-07
0,0,6.3190953e-07
0,0,4.981807e-07
0,0,1.9122439e-07
0,0,3.7789158e-07
0,0,4.0983065e-07
0,0,1.3462715e-06
0,0,2.0355178e-06
0,0,2.2927027e-06
0,0,4.6261707e-07
0,0,3.0952344e-07
0,0,1.2265099e-06
0,0,8.468649e-07
0,0,7.651722e-07
0,0,6.8169044e-07
0,0,2.2243053e-06
0,0,2.5816067e-07
0,0,5.5962573e-07
0,0,1.0465604e-06
0,0,1.6140192e-06
0,0,3.4525226e-07
0,0,3.7088444e-07
0,0,6.6099057e-07
0,0,5.472634e-07
0,0,3.2780558e-06
0,0,3.406499e-07
0,0,3.4623451e-07
0,0,5.0251816e-07
0,0,9.0130413e-07
0,0,1.3568986e-07
0,0,6.7919603e-07
0,0,3.2317234e-07
0,0,5.5475726e-07
0,0,1.0272161e-06
0,0,7.4146124e-07
0,0,5.4310766e-07
0,0,5.1145156e-07
0,0,1.3968574e-06
0,0,9.3867044e-07
0,0,2.2815192e-07
0,0,5.3013866e-07
0,0,7.4745054e-07
0,0,1.243918e-06
0,0,1.5785366e-06
0,0,2.4121627e-07
0,0,2.2903862e-06
0,0,3.4806698e-07
0,0,5.97826e-07
0,0,5.836533e-07
0,0,5.092939e-07
0,0,4.8166675e-07
0,0,7.596036e-07
0,0,4.920444e-07
0,0,9.665083e-07
0,0,5.295298e-07
0,0,8.1409905e-07
0,0,1.2867372e-07
0,0,2.8890653e-07
0,0,6.712076e-07
0,0,1.8236788e-06
0,0,7.7912546e-07
0,0,1.0905197e-06
0,0,4.941361e-07
0,0,2.5039455e-07
0,0,7.811319e-07
0,0,4.862062e-07
0,0,1.9612608e-06
0,0,1.3682483e-06
0,0,3.8136645e-07
0,0,1.9535332e-07
0,0,4.5173942e-07
0,0,1.2834175e-06
0,0,6.6748737e-07
0,0,5.4715383e-07
0,0,2.3717303e-07
0,0,8.199498e-07
0,0,1.9133583e-07
0,0,1.8320219e-07
0,0,2.1220717e-07
0,0,9.0783976e-07
0,0,9.678272e-07
0,0,1.96577e-06
0,0,9.662373e-07
0,0,8.2512787e-07
0,0,1.3013329e-06
0,0,3.5382413e-07
0,0,5.4460975e-07
0,0,8.4454535e-07
0,0,5.492393e-07
0,0,5.243138e-07
0,0,4.4701804e-07
0,0,1.1339761e-06
0,0,1.4143722e-06
0,0,1.1896304e-06
0,0,4.625223e-06
0,0,6.1490414e-07
0,0,2.3176115e-07
0,0,1.0529004e-06
0,0,7.026806e-07
0,0,4.7051302e-07
0,0,5.545859e-07
0,0,6.0890636e-07
0,0,2.0748257e-06
0,0,0.30384928
0,0,7.81345e-07
0,0,3.9419643e-07
0,0,5.5598395e-07
0,0,1.02084044e-07
0,0,5.40413e-06
0,0,1.9923702e-06
1,0,0.21314058
0,0,3.3887522e-07
0,0,3.3062102e-07
0,0,6.694228e-07
0,0,3.865613e-07
0,0,6.676536e-07
0,0,3.0725886e-07
0,0,3.1503762e-07
0,0,6.126056e-07
0,0,1.766768e-07
0,0,2.9997238e-07
0,0,8.2587655e-07
0,0,6.929342e-07
0,0,1.516692e-07
0,0,8.326143e-07
0,0,2.8290847e-07
0,0,3.0308547e-07
0,0,2.0538257e-06
0,0,1.8809821e-07
0,0,4.2661875e-07
0,0,2.942515e-07
0,0,3.6975783e-07
0,0,6.3566665e-07
0,0,1.1076569e-06
0,0,8.0954356e-07
0,0,3.293732e-07
0,0,2.1287242e-07
0,0,4.952287e-07
0,0,2.4771822e-07
0,0,1.3000802e-06
0,0,4.014246e-07
0,0,1.1264699e-06
0,0,9.968214e-07
0,0,3.1851476e-07
0,0,3.00003e-07
0,0,6.723095e-07
0,0,1.0748923e-06
0,0,4.92157e-07
0,0,3.563429e-07
0,0,2.2903657e-07
0,0,3.1308272e-07
0,0,3.724156e-07
0,0,2.792173e-07
0,0,2.14573e-06
0,0,3.9472198e-07
0,0,3.2030772e-07
0,0,5.3135045e-07
0,0,6.528352e-07
0,0,3.762288e-07
0,0,5.9529197e-07
0,0,8.5400444e-07
0,0,8.824194e-07
0,0,5.1130866e-07
0,0,1.8376703e-07
0,0,3.4188238e-07
0,0,6.6436724e-07
0,0,1.412613e-06
0,0,2.8711872e-07
0,0,1.0620473e-06
0,0,2.1020546e-07
0,0,2.74204e-07
0,0,5.0100846e-07
0,0,7.5131186e-07
0,0,6.912089e-07
0,0,1.8230756e-07
0,0,4.5135016e-07
0,0,2.656445e-07
0,0,4.5401595e-07
0,0,6.5386575e-07
0,0,3.315588e-07
0,0,2.0732816e-07
0,0,1.756441e-06
0,0,4.6454997e-07
0,0,7.034436e-07
0,0,9.335346e-07
0,0,4.8826837e-07
0,0,4.6532014e-07
0,0,3.1668534e-07
0,0,1.9867123e-06
0,0,2.6683279e-06
0,0,5.559108e-07
0,0,1.5915319e-06
0,0,6.7563184e-07
0,0,5.034094e-07
0,0,2.2588151e-07
0,0,3.5509652e-07
0,0,8.4225945e-07
0,0,1.2054748e-07
0,0,5.93323e-07
0,0,2.9893343e-07
0,0,1.6294526e-06
0,0,3.8965925e-07
0,0,5.429694e-07
0,0,1.1602655e-06
0,0,1.913623e-07
0,0,3.3159043e-07
0,0,5.286236e-07
0,0,3.8625802e-07
0,0,1.150514e-06
0,0,2.3650628e-07
0,0,8.9195464e-07
0,0,1.391661e-06
0,0,2.2948194e-07
0,0,5.9217433e-07
0,0,4.2461565e-07
0,0,1.0195091e-06
0,0,8.022209e-07
0,0,5.173664e-07
0,0,8.583794e-07
0,0,1.9828403e-07
0,0,2.420099e-06
0,0,3.399463e-07
0,0,6.642393e-07
0,0,6.4881203e-07
0,0,1.291207e-06
0,0,2.5365e-07
0,0,4.7486262e-07
0,0,4.338837e-07
0,0,4.008756e-07
0,0,2.9583387e-06
0,0,1.7230765e-07
0,0,8.189753e-07
0,0,4.6226688e-07
0,0,2.9584803e-07
0,0,7.6737985e-07
0,0,1.0541744e-06
0,0,3.7416746e-07
0,0,3.514485e-07
0,0,5.6615767e-07
0,0,4.897785e-07
0,0,8.760618e-07
0,0,1.6208447e-06
0,0,2.901062e-07
0,0,6.117147e-07
0,0,2.704461e-07
0,0,1.1046146e-06
0,0,5.10775e-07
0,0,1.2090363e-06
0,0,3.6774173e-07
0,0,8.599345e-07
0,0,6.411999e-07
0,0,3.4568154e-07
0,0,1.4418968e-06
0,0,4.5837916e-07
0,0,1.2982105e-06
0,0,1.1429877e-06
0,0,1.6509054e-07
0,0,1.5400889e-06
0,0,5.6663674e-07
0,0,3.0600728e-07
0,0,6.1480387e-07
0,0,3.7576552e-07
0,0,9.702364e-07
0,0,1.8429883e-07
0,0,3.626251e-07
0,0,4.7078277e-07
0,0,5.495023e-07
0,0,1.1919903e-06
0,0,2.132656e-07
0,0,1.1222195e-06
0,0,3.1603517e-07
0,0,4.9535197e-07
0,0,3.294841e-07
0,0,1.0970244e-06
0,0,7.035087e-07
0,0,3.578314e-07
0,0,4.0182064e-07
0,0,3.7628263e-07
0,0,2.6714392e-07
0,0,5.415013e-07
0,0,1.0960498e-06
0,0,1.0407936e-06
0,0,1.4607784e-06
0,0,2.357818e-07
0,0,2.5109185e-07
0,0,5.5721006e-07
0,0,5.993576e-07
0,0,1.7179161e-07
0,0,4.783288e-07
0,0,3.6340543e-07
0,0,6.719217e-07
0,0,6.4598794e-07
0,0,6.171154e-07
0,0,6.883152e-07
0,0,2.4177966e-06
0,0,4.5728453e-07
0,0,2.6094262e-06
0,0,8.5394663e-07
0,0,3.3303718e-07
0,0,5.658818e-07
0,0,0.01037779
0,0,5.9759225e-07
0,0,7.5426465e-07
0,0,7.5529065e-06
0,0,1.3162872e-06
0,0,6.1756344e-07
0,0,6.2199285e-07
0,0,4.352891e-07
0,0,1.5673343e-06
0,0,1.4278802e-06
0,0,6.4389553e-07
0,0,1.5456891e-06
0,0,2.4368758e-06
0,0,7.5850613e-07
0,0,1.2891953e-06
0,0,7.387897e-07
0,0,3.102904e-07
0,0,1.168739e-06
0,0,2.827326e-07
0,0,6.254983e-07
0,0,1.2064586e-06
0,0,4.850252e-07
0,0,5.419311e-07
0,0,5.943112e-07
0,0,4.7897834e-07
0,0,5.263227e-07
0,0,4.5662043e-07
0,0,1.2890585e-07
0,0,2.4299254e-06
0,0,5.327178e-07
0,0,8.514891e-07
0,0,1.3315085e-06
0,0,1.8779382e-06
0,0,6.980746e-07
0,0,3.4267766e-06
0,0,3.03293e-06
0,0,4.3222593e-07
0,0,2.9148197e-07
0,0,3.4018663e-07
0,0,0.08747901
0,0,4.1198356e-07
0,0,1.8310033e-06
0,0,3.3474518e-07
0,0,6.477023e-07
0,0,1.0379517e-06
0,0,6.444398e-07
0,0,2.4197914e-07
0,0,7.3836213e-07
0,0,2.933638e-07
0,0,9.1149974e-07
0,0,2.3437035e-07
0,0,1.3374683e-06
0,0,2.0443365e-06
0,0,2.3570178e-07
0,0,6.8597313e-07
0,0,8.185552e-07
0,0,7.0410346e-07
0,0,2.5432993e-07
0,0,6.4848103e-07
0,0,2.0849444e-07
0,0,6.401612e-07
0,0,4.429112e-07
0,0,2.2120689e-07
0,0,1.3189133e-06
0,0,8.599124e-07
0,0,1.985966e-06
0,0,7.85189e-07
0,0,1.8848712e-06
0,0,3.0752037e-07
0,0,3.5142708e-07
0,0,6.715764e-07
0,0,3.5050863e-07
0,0,2.22165e-07
0,0,2.1613643e-07
0,0,5.388462e-07
0,0,1.7725448e-06
0,0,1.2036396e-06
0,0,1.0537241e-06
0,0,6.388902e-07
0,0,1.3528868e-06
0,0,7.330921e-07
0,0,3.841091e-07
0,0,1.2143178e-07
0,0,9.851499e-07
0,0,2.2747633e-06
0,0,2.1266037e-07
0,0,1.2372816e-05
0,0,8.8070846e-07
0,0,1.1947137e-06
0,0,1.1576504e-06
0,0,3.7822292e-07
0,0,1.5800624e-06
0,0,9.601499e-07
0,0,4.0604843e-07
0,0,9.570061e-07
0,0,3.8304458e-07
0,0,1.0941449e-06
0,0,4.2666395e-07
0,0,1.3098031e-06
0,0,3.3434637e-07
0,0,3.303339e-07
0,0,1.3907058e-06
0,0,3.144907e-07
0,0,1.0420459e-06
0,0,9.221546e-07
0,0,9.085664e-07
0,0,3.5488594e-07
0,0,7.04987e-07
0,0,4.2581803e-07
0,0,8.352993e-07
0,0,2.1734322e-06
0,0,2.6228213e-07
0,0,3.1685784e-07
0,0,1.6857573e-06
0,0,6.7854273e-07
0,0,8.06839e-07
0,0,3.0537774e-06
0,0,3.8240582e-06
0,0,2.0412278e-07
0,0,8.317335e-07
0,0,1.9166598e-06
0,0,4.5778245e-07
0,0,6.359128e-07
0,0,4.5937958e-07
0,0,3.2132044e-07
0,0,4.3209616e-07
0,0,6.4415286e-07
0,0,3.0085047e-07
0,0,3.355533e-06
0,0,2.3875958e-07
0,0,3.2938325e-07
0,0,3.5600866e-07
0,0,4.6471436e-07
0,0,5.8250225e-07
0,0,2.6348502e-07
0,0,1.6958741e-06
0,0,6.0965533e-07
0,0,1.1714327e-06
0,0,2.2277031e-07
0,0,3.0614592e-07
0,0,6.196613e-07
0,0,6.3720285e-07
0,0,9.390976e-07
0,0,1.0924537e-06
0,0,8.9272913e-07
0,0,6.635764e-07
0,0,3.2520606e-07
0,0,3.2807816e-07
0,0,2.0322368e-07
0,0,5.57654e-07
0,0,2.8023982e-07
0,0,6.7618043e-07
0,0,6.71652e-07
0,0,4.1710035e-07
0,0,7.3585255e-07
0,0,6.1725547e-07
0,0,1.8727767e-06
0,0,1.3119734e-06
0,0,3.3283316e-06
0,0,4.8811796e-07
0,0,4.109214e-07
0,0,4.6631078e-07
0,0,2.6564805e-07
0,0,2.1148198e-06
0,0,9.685178e-07
0,0,1.0983246e-06
0,0,1.0186772e-06
0,0,2.8522031e-06
0,0,5.651763e-07
0,0,1.0479728e-06
0,0,3.5612447e-06
0,0,5.95468e-07
0,0,3.5573373e-07
0,0,7.297015e-07
0,0,7.444059e-07
0,0,3.755173e-07
0,0,6.3083775e-07
0,0,3.1767567e-07
0,0,5.604451e-07
0,0,5.2132816e-07
0,0,2.1215344e-06
0,0,6.898786e-07
0,0,2.4495833e-07
0,0,2.9172085e-07
0,0,3.2574988e-07
0,0,5.9760873e-07
0,0,6.048141e-07
0,0,6.3036504e-07
0,0,5.830875e-07
0,0,7.0289514e-07
0,0,1.2254505e-06
0,0,1.0234027e-06
0,0,1.5413908e-06
0,0,2.8522438e-06
0,0,5.7474216e-07
0,0,6.8773187e-07
0,0,1.7673965e-06
0,0,2.3086221e-07
0,0,2.5809422e-07
0,0,7.117131e-06
0,0,8.919393e-07
0,0,4.2192286e-07
0,0,3.6485628e-07
0,0,1.5330916e-06
0,0,6.037353e-07
0,0,2.237144e-06
0,0,7.261486e-07
0,0,5.1553127e-07
0,0,3.371757e-07
0,0,5.061283e-07
0,0,6.7935923e-07
0,0,4.0007356e-07
0,0,2.7171387e-07
0,0,3.1647554e-07
0,0,4.1689714e-07
0,0,2.2758916e-06
0,0,4.068461e-07
0,0,1.8723271e-07
0,0,3.897905e-07
0,0,8.2210545e-07
0,0,6.183419e-07
0,0,2.22782e-07
0,0,4.0978452e-07
0,0,8.719293e-07
0,0,1.7720107e-06
0,0,4.225716e-07
0,0,8.107844e-07
0,0,3.701936e-07
0,0,2.4453982e-07
0,0,8.0062887e-07
0,0,7.893958e-07
0,0,3.364884e-06
0,0,7.2117274e-07
0,0,3.838396e-07
0,0,6.4952144e-07
0,0,1.4061627e-06
0,0,1.7270067e-07
0,0,5.850682e-07
0,0,4.1736976e-07
0,0,6.426894e-07
0,0,3.1938228e-07
0,0,2.4663083e-07
0,0,1.7828404e-06
0,0,3.0714637e-07
0,0,5.718696e-07
0,0,3.005855e-07
0,0,1.565152e-06
0,0,1.7583063e-06
0,0,1.6094388e-06
0,0,7.8093535e-07
0,0,1.688169e-06
0,0,4.3027123e-07
0,0,7.6697603e-07
0,0,1.0865407e-06
0,0,5.2567765e-07
0,0,8.352611e-07
0,0,2.9531836e-07
0,0,6.684353e-07
0,0,3.017073e-07
0,0,3.8605768e-07
0,0,1.4542912e-06
0,0,6.918203e-07
0,0,5.777173e-07
0,0,5.9720026e-07
0,0,3.6179708e-07
0,0,4.1820047e-07
1,1,0.80031
0,0,5.875722e-07
0,0,8.928364e-07
0,0,6.478845e-07
0,0,1.7032245e-07
0,0,7.99165e-07
0,0,5.4759965e-07
0,0,1.5399861e-06
0,0,8.62381e-07
0,0,4.320714e-07
0,0,2.9165213e-07
0,0,4.1369663e-07
0,0,3.4557905e-07
0,0,2.4900672e-07
0,0,1.0287406e-06
0,0,5.5390774e-07
0,0,0.19406036
0,0,5.662678e-07
0,0,3.7834374e-07
0,0,3.8330657e-07
0,0,1.0730191e-06
0,0,1.896993e-06
0,0,9.704928e-07
0,0,2.780505e-07
0,0,3.1741857e-07
0,0,3.5086313e-07
0,0,9.113642e-07
0,0,1.3017831e-07
0,0,5.1481146e-07
0,0,1.5059443e-07
0,0,3.3471945e-06
0,0,4.3583324e-07
0,0,1.1678654e-06
0,0,5.475334e-07
0,0,1.2632827e-06
0,0,2.2666244e-07
0,0,5.280739e-07
0,0,4.850766e-07
0,0,9.3169444e-07
0,0,9.0647274e-07
0,0,4.0274867e-07
0,0,5.9483455e-07
0,0,5.102122e-07
0,0,9.970668e-07
0,0,1.6562353e-06
0,0,2.4450273e-07
0,0,1.0087978e-06
0,0,1.0080043e-06
0,0,4.855181e-07
0,0,2.4847867e-07
0,0,2.790975e-07
0,0,7.945779e-07
0,0,8.940991e-07
0,0,4.3985816e-07
0,0,9.947579e-07
0,0,5.313636e-07
0,0,4.3213362e-07
0,0,3.03285e-07
0,0,4.3090254e-06
0,0,3.7885684e-07
0,0,1.0630708e-06
0,0,2.7125793e-06
0,0,2.800429e-06
0,0,5.996692e-07
0,0,2.2278307e-07
0,0,1.2680935e-07
0,0,5.445303e-07
0,0,9.4587466e-07
0,0,3.692409e-07
0,0,1.5505419e-06
0,0,2.235649e-06
0,0,9.656873e-07
0,0,3.9123026e-07
0,0,1.8898285e-07
0,0,2.4976139e-06
0,0,2.42495e-07
0,0,4.917925e-07
0,0,4.5907126e-07
0,0,2.4264767e-07
0,0,4.205225e-07
0,0,3.4037625e-06
0,0,3.6533088e-06
0,0,3.6768105e-07
0,0,2.256994e-06
0,0,3.2489172e-07
0,0,1.6973804e-06
0,0,5.590427e-07
0,0,2.9305733e-07
0,0,5.332948e-07
0,0,1.5550007e-06
0,0,2.832524e-07
0,0,2.1147663e-07
0,0,3.7050862e-07
0,0,2.9659893e-07
0,0,1.686103e-06
0,0,2.1377751e-07
0,0,3.3549986e-06
0,0,4.980202e-07
0,0,1.0243537e-06
0,0,2.2291981e-06
0,0,1.2206963e-06
0,0,2.8606155e-07
0,0,2.60913e-07
0,0,2.3068624e-06
0,0,1.402033e-06
0,0,3.077348e-07
0,0,2.7449104e-07
0,0,3.0209395e-07
0,0,3.336787e-07
0,0,0.13949515
0,0,1.4700454e-06
0,0,4.5451802e-07
0,0,6.397907e-07
0,0,8.904418e-07
0,0,9.457132e-07
0,0,1.44959e-07
0,0,3.8722249e-07
0,0,3.5257412e-07
0,0,4.6027154e-07
0,0,3.1297796e-07
0,0,7.060507e-07
0,0,4.1599915e-07
0,0,2.744625e-07
0,0,0.013813398
0,0,3.5210405e-07
0,0,4.2226702e-07
0,0,5.238125e-07
0,0,7.7482923e-07
0,0,4.4030887e-07
0,0,1.3282047e-06
0,0,5.013349e-07
0,0,1.7336765e-06
0,0,7.790281e-07
0,0,1.3267361e-06
0,0,4.4229827e-07
0,0,8.663e-08
0,0,3.2233234e-07
0,0,3.06526e-07
0,0,2.487957e-07
0,0,1.1999399e-06
0,0,1.0483146e-06
0,0,7.568644e-07
0,0,2.5553704e-06
0,0,3.8077334e-07
0,0,1.3153573e-06
0,0,3.5912306e-06
0,0,6.842489e-07
0,0,2.3090625e-07
0,0,1.5968271e-07
0,0,1.0140836e-06
0,0,1.045503e-06
0,0,1.1143043e-06
0,0,6.514141e-07
0,0,7.4991385e-07
0,0,2.0345378e-06
0,0,3.054631e-06
0,0,8.436775e-07
0,0,5.430305e-07
0,0,9.399183e-07
0,0,1.2003554e-06
0,0,5.2509944e-07
0,0,4.644574e-07
0,0,3.2688263e-07
0,0,5.015506e-07
0,0,2.2118134e-07
0,0,2.283124e-06
0,0,2.4372916e-06
0,0,1.5288208e-07
0,0,5.80487e-07
0,0,4.881227e-07
0,0,8.1691206e-07
0,0,2.75619e-07
0,0,2.9792596e-07
0,0,5.941049e-07
0,0,1.2834897e-06
0,0,5.434719e-07
0,0,6.9042625e-07
0,0,1.1443958e-06
0,0,2.948931e-07
0,0,1.9060748e-06
0,0,2.186019e-06
0,0,3.07137e-07
0,0,2.6673507e-07
0,0,3.4509753e-07
0,0,2.3869788e-07
0,0,6.4225867e-07
0,0,4.2330484e-07
0,0,1.0190405e-06
0,0,1.380977e-07
0,0,9.2023146e-07
0,0,1.2164139e-06
0,0,3.0946885e-07
0,0,2.80946e-07
0,0,3.1667616e-06
0,0,1.3536225e-06
0,0,2.6823554e-07
0,0,7.661828e-07
0,0,5.2322736e-07
0,0,4.3848354e-07
0,0,7.2966606e-07
0,0,7.8196524e-07
0,0,8.583957e-07
0,0,4.2052892e-07
0,0,1.3315134e-05
0,0,3.3288921e-07
0,0,2.1204046e-07
0,0,5.915681e-07
0,0,3.378394e-07
0,0,3.7733017e-07
0,0,1.7891958e-07
0,0,5.1213584e-07
0,0,1.8818787e-06
0,0,4.222964e-07
0,0,2.9565766e-07
0,0,1.61243e-07
0,0,4.026116e-07
0,0,1.1324814e-06
0,0,2.0004799e-07
0,0,4.6605516e-07
0,0,2.6533005e-06
0,0,1.01751e-06
0,0,2.2125161e-07
0,0,1.0960216e-06
0,0,4.411697e-07
0,0,2.0052735e-06
0,0,6.1342814e-07
0,0,2.875122e-07
0,0,6.1647836e-07
0,0,4.046988e-07
0,0,2.6246627e-07
0,0,4.9420396e-07
0,0,6.4550454e-07
0,0,2.586212e-07
0,0,8.2189376e-07
0,0,2.2165002e-06
0,0,2.7260126e-07
0,0,1.6835e-06
0,0,1.7198945e-06
0,0,1.7716626e-06
0,0,3.2840714e-07
0,0,8.310476e-07
0,0,4.0754745e-07
0,0,6.796658e-07
0,0,5.2095993e-07
0,0,7.8769096e-07
0,0,4.0517034e-07
0,0,1.2787394e-06
0,0,3.686178e-07
0,0,4.1586392e-07
0,0,3.5883713e-07
0,0,5.3444694e-07
0,0,1.4731385e-06
0,0,9.2610634e-07
0,0,6.617891e-07
0,0,2.579869e-07
0,0,1.2077929e-06
0,0,8.978845e-07
0,0,2.678416e-07
0,0,5.4377625e-07
0,0,2.469893e-07
0,0,6.0996473e-07
0,0,4.7681988e-07
0,0,1.2325662e-06
0,0,4.2838693e-07
0,0,7.184618e-07
0,0,7.2930914e-07
0,0,4.1780305e-07
0,0,1.3979355e-06
0,0,6.318282e-07
0,0,6.504587e-07
0,0,8.67357e-07
0,0,4.2898222e-07
0,0,9.3219387e-07
0,0,7.292799e-07
0,0,1.1850591e-06
0,0,8.091993e-07
0,0,3.4046897e-07
0,0,8.498966e-07
0,0,2.2459942e-06
0,0,2.295579e-07
0,0,1.8585696e-06
0,0,0.0014060898
0,0,6.227241e-07
0,0,8.0708065e-07
0,0,3.2701234e-07
0,0,2.9680294e-07
0,0,3.232745e-06
0,0,1.7358224e-07
0,0,5.569609e-07
0,0,1.4306772e-06
0,0,2.0932464e-07
0,0,3.7904258e-07
0,0,1.627319e-06
0,0,4.3403975e-07
0,0,2.1212725e-07
0,0,1.3713718e-06
0,0,7.076544e-07
0,0,3.7554847e-07
0,0,5.871577e-07
0,0,6.4139806e-07
0,0,1.1253242e-06
1,0,0.45277345
0,0,8.3279616e-07
0,0,6.7056396e-07
1,0,0.044925503
0,0,1.4130025e-06
0,0,7.632307e-07
0,0,1.5148692e-07
0,0,1.8897543e-06
0,0,2.782802e-06
0,0,7.7561947e-07
0,0,1.9403966e-07
0,0,5.915038e-07
0,0,1.7073405e-06
0,0,7.6465204e-07
0,0,2.955793e-07
0,0,3.9298664e-07
0,0,1.495488e-07
0,0,5.135444e-07
0,0,4.499182e-07
0,0,2.2671506e-06
0,0,4.2206852e-07
0,0,2.7602143e-06
0,0,1.5692785e-06
0,0,7.9401434e-07
0,0,4.090532e-07
0,0,5.38462e-07
0,0,5.520798e-07
0,0,7.5468415e-07
0,0,1.3677251e-06
0,0,2.7862865e-07
0,0,4.0825583e-07
0,0,1.4163901e-06
0,0,1.533476e-07
0,0,2.783272e-07
0,0,3.829029e-07
0,0,3.980732e-07
0,0,8.635764e-06
0,0,2.9258422e-06
0,0,1.9422777e-07
0,0,2.999993e-07
0,0,2.3318626e-07
0,0,1.5553583e-06
0,0,1.0082246e-06
0,0,8.099127e-07
0,0,2.3108983e-06
0,0,8.2042305e-07
0,0,9.973863e-07
0,0,6.5457016e-07
0,0,4.345964e-07
0,0,1.0831244e-06
0,0,9.369381e-07
0,0,8.1064525e-07
0,0,2.7793305e-07
0,0,1.9925908e-06
0,0,2.440529e-07
0,0,3.546853e-07
0,0,1.0604442e-06
0,0,1.9575671e-07
0,0,1.4834908e-06
0,0,1.295717e-06
0,0,6.835823e-07
0,0,5.091108e-07
0,0,4.4304045e-07
0,0,7.833416e-07
0,0,1.963644e-07
0,0,2.4403496e-07
0,0,4.0211464e-07
0,0,7.408096e-07
0,0,3.7259355e-07
0,0,1.0963096e-07
0,0,1.0102698e-06
0,0,5.879051e-07
0,0,2.7149267e-07
0,0,1.8175932e-07
0,0,4.5259452e-07
0,0,4.941917e-07
0,0,6.12685e-07
0,0,6.202519e-07
0,0,2.0984044e-06
0,0,4.8880605e-07
0,0,4.3305323e-07
0,0,2.511141e-07
0,0,7.6619665e-07
0,0,4.055538e-07
0,0,5.0661987e-07
0,0,3.194109e-07
0,0,4.8212723e-07
0,0,6.414886e-07
0,0,4.211233e-07
0,0,6.627573e-07
0,0,4.1828864e-07
0,0,3.1571224e-07
0,0,2.3775942e-06
0,0,6.3638424e-07
0,0,4.4611943e-07
0,0,1.0612374e-06
0,0,6.8834413e-07
0,0,6.579987e-07
0,0,8.561981e-07
0,0,3.1796273e-07
0,0,1.1823646e-06
0,0,1.2011112e-06
0,0,8.6152124e-07
0,0,3.5397332e-07
0,0,8.3784363e-07
0,0,0.007061525
0,0,2.0045762e-07
0,0,4.2172977e-07
0,0,4.610012e-07
0,0,2.5859092e-06
0,0,2.3096462e-07
0,0,4.162635e-07
0,0,4.754186e-07
0,0,4.4944946e-07
0,0,1.4540555e-06
0,0,1.8444719e-06
0,0,2.060103e-06
0,0,9.87785e-07
0,0,4.2372895e-07
0,0,2.4764995e-07
0,0,1.2631863e-06
0,0,5.628135e-07
0,0,6.9955075e-07
0,0,2.450399e-06
0,0,3.2478529e-06
0,0,3.3316869e-07
0,0,3.831392e-07
0,0,4.0168538e-07
0,0,3.285594e-07
0,0,6.340731e-07
0,0,4.192715e-07
0,0,4.383581e-07
0,0,1.042526e-06
0,0,6.008192e-07
0,0,2.459574e-07
0,0,4.956572e-07
0,0,4.4798807e-07
0,0,2.9148504e-07
0,0,7.698809e-07
0,0,7.34339e-07
0,0,5.705681e-07
0,0,6.548105e-07
0,0,1.1504449e-06
0,0,1.2898566e-07
0,0,7.986552e-07
0,0,3.7026703e-07
0,0,1.3955206e-06
0,0,5.858376e-07
0,0,1.6391361e-07
0,0,5.795179e-07
0,0,7.2951407e-06
0,0,5.5765616e-07
0,0,2.4065034e-07
0,0,1.1284473e-06
0,0,4.1146015e-07
0,0,0.11127749
0,0,8.502225e-07
0,0,0.089549884
0,0,1.2111598e-06
0,0,5.726423e-07
0,0,8.7766995e-07
0,0,1.0952191e-06
0,0,6.797514e-07
0,0,4.5576815e-07
0,0,3.1933112e-07
0,0,4.461109e-07
0,0,1.2956008e-06
0,0,2.9275677e-07
0,0,8.3473475e-07
0,0,3.909054e-07
0,0,3.8180494e-07
0,0,1.0925589e-06
0,0,3.5305965e-07
0,0,1.2274566e-06
0,0,2.474304e-07
0,0,9.3067314e-07
0,0,7.7248444e-07
0,0,1.8519612e-06
0,0,4.017348e-07
0,0,5.379005e-07
0,0,2.660542e-07
0,0,6.717577e-07
0,0,2.64624e-07
0,0,1.2662861e-06
0,0,8.281227e-07
0,0,2.8991556e-06
0,0,2.0671929e-07
0,0,3.8510603e-07
0,0,6.878493e-07
0,0,9.774452e-07
0,0,5.0474245e-07
0,0,7.927122e-07
0,0,2.1275703e-06
0,0,3.0074722e-07
0,0,2.521114e-06
0,0,3.358122e-07
0,0,6.367727e-07
0,0,1.8774818e-07
0,0,4.5022475e-06
0,0,2.8310978e-07
0,0,1.3871295e-06
0,0,3.0898315e-07
0,0,2.9424223e-07
0,0,2.6825599e-06
0,0,4.2620476e-07
0,0,1.0323794e-07
0,0,1.1398309e-06
0,0,8.0673435e-06
0,0,6.731185e-07
0,0,2.2733636e-07
0,0,3.3537242e-07
0,0,9.709612e-07
0,0,7.9296854e-07
0,0,7.50029e-07
0,0,2.1289118e-06
0,0,4.4356594e-07
0,0,1.316994e-06
0,0,2.3331736e-06
0,0,6.7811715e-07
0,0,3.5802393e-07
0,0,3.5649074e-07
0,0,1.00681916e-07
0,0,1.9503086e-06
0,0,2.4704234e-06
0,0,1.5484968e-06
0,0,0.21947324
0,0,2.885585e-07
0,0,1.5317148e-07
0,0,8.057333e-07
0,0,1.2602034e-06
0,0,4.58203e-07
0,0,6.71759e-07
0,0,1.1563109e-06
0,0,3.161386e-07
0,0,3.3629001e-07
0,0,2.346056e-07
0,0,8.5379924e-07
0,0,1.4124931e-06
0,0,2.806089e-07
0,0,7.8710457e-07
0,0,2.5502067e-07
0,0,6.8929e-07
0,0,5.428617e-07
0,0,8.712003e-07
0,0,4.6237537e-07
0,0,8.752576e-07
0,0,2.1045959e-07
0,0,8.819869e-07
0,0,9.708584e-07
0,0,4.4985853e-07
0,0,2.7079088e-07
0,0,1.8426573e-06
0,0,1.3476482e-07
0,0,4.9131904e-07
0,0,5.7005906e-07
0,0,7.501499e-07
0,0,2.5802947e-07
0,0,1.3762193e-06
0,0,1.112128e-06
0,0,4.0150118e-07
0,0,4.8903684e-07
0,0,7.077584e-07
0,0,5.6099475e-07
0,0,1.5720587e-06
0,0,1.0547647e-06
0,0,7.963545e-07
0,0,1.2821147e-06
0,0,3.9192858e-07
0,0,7.945316e-07
0,0,1.5905925e-07
0,0,5.336433e-07
0,0,2.5493995e-07
0,0,7.127341e-07
0,0,1.0698576e-06
0,0,9.615381e-07
0,0,2.4266556e-06
0,0,3.624868e-07
0,0,2.602748e-07
0,0,1.5003252e-06
0,0,1.6668551e-07
0,0,1.314403e-06
0,0,3.1711934e-07
0,0,2.2681446e-07
0,0,4.0416154e-07
0,0,6.1695005e-07
0,0,5.9788636e-07
0,0,4.6660261e-07
0,0,2.7908155e-07
0,0,6.11391e-07
0,0,1.8555234e-06
0,0,1.0862962e-06
0,0,1.0455011e-06
0,0,4.2304174e-07
0,0,2.2671324e-07
0,0,1.6755094e-07
0,0,1.3761195e-06
0,0,1.0115009e-06
0,0,7.7568615e-07
0,0,8.663485e-07
0,0,7.0230413e-07
0,0,6.0527225e-07
0,0,3.2614028e-07
0,0,6.501381e-07
0,0,3.8213497e-07
0,0,3.601087e-06
0,0,5.813124e-07
0,0,1.415962e-06
0,0,4.069672e-07
0,0,5.6481696e-07
0,0,5.0993833e-07
0,0,3.1656427e-07
0,0,3.1183478e-07
0,0,1.8414822e-06
0,0,1.0857844e-06
0,0,4.1574813e-07
0,0,5.267968e-07
0,0,9.428396e-07
0,0,7.7960334e-07
0,0,3.0752182e-07
0,0,3.348384e-07
0,0,5.895091e-07
0,0,3.107152e-06
0,0,3.1993346e-07
0,0,1.4108224e-06
0,0,1.4475871e-06
0,0,1.8029599e-06
0,0,4.3805264e-07
0,0,8.0283934e-07
0,0,4.702412e-06
0,0,4.617047e-07
0,0,1.3386767e-06
0,0,1.6427995e-06
0,0,1.2794397e-06
0,0,7.402397e-07
0,0,2.3515527e-07
0,0,4.786363e-07
0,0,6.487105e-07
0,0,4.864803e-07
0,0,6.751179e-07
0,0,3.0604434e-07
0,0,7.409757e-07
0,0,4.4214562e-07
0,0,1.3449202e-06
0,0,2.0599223e-06
0,0,6.618503e-07
0,0,3.6798065e-07
0,0,1.3634443e-06
0,0,4.074153e-07
0,0,6.36927e-07
0,0,8.697849e-07
0,0,6.812966e-07
0,0,3.7343307e-07
0,0,2.2362822e-06
0,0,5.3611984e-07
0,0,4.3222266e-07
0,0,3.041173e-06
0,0,3.8731704e-07
0,0,2.4015375e-07
0,0,1.5364463e-05
0,0,2.9168546e-06
0,0,3.6445914e-07
0,0,1.2324358e-06
0,0,1.4900625e-07
0,0,1.0957258e-06
0,0,2.6582924e-07
0,0,2.3511267e-07
0,0,1.4556718e-06
0,0,7.1508845e-07
0,0,1.0759373e-06
0,0,1.829017e-06
0,0,7.2699737e-07
0,0,3.558705e-07
0,0,1.0426882e-06
0,0,8.55546e-07
0,0,1.857494e-06
0,0,1.9704216e-07
0,0,9.3276924e-07
0,0,3.1025952e-06
0,0,2.1415154e-07
0,0,5.243478e-07
0,0,2.163123e-07
0,0,2.1280766e-07
0,0,1.4091228e-06
0,0,3.6359884e-07
0,0,7.1616813e-07
0,0,3.6785045e-07
0,0,1.3756563e-06
0,0,9.263237e-07
0,0,1.1451175e-06
0,0,6.804084e-07
0,0,1.9541946e-07
0,0,6.8058483e-07
0,0,9.97218e-07
0,0,2.1455406e-07
0,0,2.7004248e-07
0,0,6.794953e-07
0,0,9.380521e-07
0,0,5.2792836e-07
0,0,1.4618401e-07
0,0,1.0520132e-06
0,0,3.962657e-07
0,0,3.0112318e-07
0,0,2.3337357e-07
0,0,1.4780863e-06
0,0,7.745825e-07
0,0,6.5850594e-07
0,0,7.8587146e-07
0,0,5.0620497e-07
0,0,4.8323614e-07
0,0,1.260524e-07
0,0,1.5927268e-06
0,0,4.0515408e-07
0,0,2.2072409e-07
0,0,1.203114e-06
0,0,8.6551853e-07
0,0,5.608701e-08
0,0,2.6892943e-07
0,0,3.9622673e-06
0,0,6.856461e-07
0,0,4.939858e-07
0,0,3.3609413e-07
0,0,8.546701e-07
0,0,8.519456e-07
0,0,7.627715e-07
0,0,3.8516885e-07
0,0,3.2826625e-07
0,0,4.4947e-07
0,0,6.2755487e-07
0,0,5.2348523e-06
0,0,9.284887e-07
0,0,4.7820424e-07
0,0,3.5552077e-07
0,0,3.702275e-07
0,0,5.2298344e-07
0,0,7.7224655e-07
0,0,1.8663243e-06
0,0,5.397257e-07
0,0,7.378068e-07
0,0,2.0416933e-07
0,0,2.8857997e-07
0,0,2.7065923e-07
0,0,2.9762606e-07
0,0,3.472235e-07
0,0,7.091752e-07
0,0,1.0391016e-06
0,0,5.3499616e-07
0,0,2.5615654e-07
0,0,5.8271337e-07
0,0,5.85622e-07
0,0,4.3943714e-07
0,0,7.627184e-07
0,0,9.763337e-07
0,0,5.389141e-07
0,0,3.4574296e-06
0,0,7.099026e-07
0,0,2.2392969e-07
0,0,2.2896953e-07
0,0,2.4187743e-06
0,0,3.1238721e-07
0,0,6.242189e-07
0,0,3.13227e-07
0,0,5.0144916e-07
0,0,3.438636e-07
0,0,2.303834e-07
0,0,1.1075143e-06
0,0,2.507133e-07
0,0,2.0555059e-07
0,0,3.2205705e-07
0,0,2.4156088e-07
0,0,1.3438353e-05
0,0,2.550652e-06
0,0,7.4022415e-07
0,0,1.3143767e-06
0,0,3.7430308e-07
0,0,4.86866e-07
0,0,2.2834064e-07
0,0,5.993467e-07
0,0,6.0191576e-07
0,0,3.6995465e-07
0,0,5.434564e-07
0,0,1.6281571e-07
0,0,2.6723235e-06
0,0,3.4038e-07
0,0,9.202965e-07
0,0,4.1241913e-07
0,0,5.0060015e-07
0,0,3.8748738e-07
0,0,5.027799e-07
0,0,8.8974326e-07
0,0,1.2083943e-06
0,0,3.965175e-07
0,0,2.1883009e-06
0,0,9.596877e-07
0,0,2.7891258e-07
0,0,3.3583845e-07
0,0,2.1358353e-07
0,0,6.2146694e-07
0,0,1.7844106e-06
0,0,8.134254e-07
0,0,3.097727e-07
0,0,8.1441505e-07
0,0,3.8674713e-07
0,0,9.885125e-07
0,0,1.0276551e-06
0,0,3.4292646e-06
0,0,4.4783772e-07
0,0,6.233218e-07
0,0,5.925579e-07
0,0,1.1109989e-06
0,0,7.660155e-07
0,0,6.464292e-07
0,0,9.959929e-07
0,0,2.7754794e-07
0,0,7.947454e-07
0,0,1.6657015e-06
0,0,3.7607384e-07
0,0,3.4386986e-07
0,0,8.6923177e-07
0,0,4.85102e-07
0,0,3.5570866e-07
0,0,4.9188395e-07
0,0,1.0225579e-06
0,0,2.8393936e-07
0,0,3.846362e-07
0,0,1.0194361e-06
0,0,1.138915e-06
0,0,1.6951706e-06
0,0,3.6170363e-06
0,0,7.1978826e-07
0,0,1.226541e-07
0,0,1.1517798e-06
0,0,2.0673585e-07
0,0,8.743049e-07
0,0,5.9986365e-07
0,0,3.1064303e-07
0,0,9.100597e-07
0,0,7.6116845e-07
0,0,7.136067e-07
0,0,1.0544197e-06
0,0,3.4969364e-07
0,0,1.1094277e-06
0,0,4.215478e-06
0,0,4.0950675e-07
0,0,9.5294877e-07
0,0,9.0605533e-07
0,0,4.890709e-07
0,0,7.936313e-07
0,0,1.3008167e-06
0,0,2.3487868e-07
0,0,1.9850988e-06
0,0,4.901682e-07
0,0,4.6777262e-07
0,0,2.6557814e-07
0,0,8.0017924e-07
0,0,7.529516e-07
0,0,5.2419983e-07
0,0,2.1432807e-07
0,0,2.7759347e-07
0,0,6.9186115e-07
0,0,3.3634004e-07
0,0,1.5606507e-06
1,0,0.24217056
0,0,7.339645e-07
0,0,1.5925689e-06
0,0,9.569322e-07
0,0,5.414621e-07
0,0,1.8460807e-07
0,0,4.910544e-07
0,0,4.1950588e-07
0,0,1.3137363e-06
0,0,5.883157e-07
0,0,2.1163986e-07
1,1,0.57157606
0,0,4.1879633e-07
0,0,4.298317e-06
0,0,7.39908e-07
0,0,4.0016934e-07
0,0,1.7258556e-06
0,0,3.8757753e-07
0,0,1.380157e-06
0,0,2.1955974e-07
0,0,1.1788236e-06
0,0,1.687435e-06
0,0,7.3135755e-07
0,0,2.6384257e-07
0,0,5.38909e-07
0,0,1.4181392e-06
0,0,2.6268438e-07
0,0,2.3443562e-07
0,0,3.899083e-07
0,0,1.1338788e-06
0,0,7.5133624e-07
0,0,7.249522e-07
0,0,5.4711944e-07
0,0,1.6849359e-06
0,0,5.3123694e-07
0,0,8.2198e-07
0,0,2.4841256e-07
0,0,1.0897108e-06
0,0,9.906349e-07
0,0,8.7110567e-07
0,0,3.9209942e-07
0,0,1.1224998e-06
0,0,3.6830363e-07
0,0,1.9470365e-07
0,0,7.235301e-07
0,0,4.324841e-07
0,0,4.1161402e-07
0,0,1.1182666e-06
0,0,6.773338e-07
0,0,1.6642549e-06
0,0,7.002723e-07
0,0,5.1940617e-07
0,0,4.8659166e-07
0,0,6.6957415e-07
0,0,4.8275666e-07
0,0,1.5321372e-06
0,0,8.4153044e-07
0,0,7.862523e-07
0,0,5.093779e-07
0,0,9.536452e-07
0,0,1.0656998e-06
0,0,6.633315e-07
0,0,1.4337066e-06
0,0,2.1742564e-07
0,0,2.982068e-07
0,0,6.5484176e-07
0,0,6.224848e-07
0,0,1.4557704e-06
0,0,9.1095933e-07
0,0,9.1266276e-07
0,0,2.7959382e-07
0,0,4.238142e-07
0,0,1.0012269e-06
0,0,3.153999e-07
0,0,5.4450015e-07
0,0,1.0133886e-06
0,0,1.4285298e-06
0,0,1.3363731e-06
0,0,5.568101e-07
0,0,6.621225e-07
0,0,1.044866e-06
0,0,5.5341036e-07
0,0,1.273266e-06
0,0,1.6059062e-06
0,0,1.0108972e-06
0,0,4.0888665e-07
0,0,1.2724709e-06
0,0,2.257368e-07
0,0,4.1415294e-07
0,0,1.4529186e-07
0,0,6.897694e-07
0,0,1.0967357e-06
0,0,1.0092875e-06
0,0,3.1896923e-07
0,0,9.320188e-07
0,0,2.6901048e-07
0,0,2.9193097e-07
0,0,6.0356604e-07
0,0,3.748271e-07
0,0,5.72413e-07
0,0,3.834755e-07
0,0,3.2704511e-07
0,0,4.5254967e-07
0,0,8.94152e-07
0,0,3.906095e-07
0,0,5.3993983e-07
0,0,6.157081e-07
0,0,2.7127734e-07
0,0,4.0609214e-07
0,0,3.6370704e-07
0,0,4.5981088e-07
0,0,3.5876528e-07
0,0,6.8700496e-07
0,0,1.2374666e-07
0,0,9.3786963e-07
0,0,7.4766945e-07
0,0,2.7394606e-07
0,0,3.2955387e-07
0,0,8.271645e-07
0,0,7.7088595e-07
0,0,5.557178e-07
0,0,1.1819869e-06
0,0,1.1289058e-06
0,0,5.716438e-07
0,0,3.543259e-07
0,0,1.7674978e-07
0,0,4.4103888e-07
0,0,7.154848e-07
0,0,0.004907827
0,0,0.00019702602
0,0,9.629762e-07
0,0,4.0177045e-07
0,0,3.0448942e-07
0,0,1.3161441e-06
0,0,1.3757062e-06
0,0,8.005327e-07
0,0,3.168633e-07
0,0,7.6019995e-07
0,0,9.0749256e-07
0,0,6.3816856e-07
0,0,1.7828562e-07
0,0,3.6332156e-07
0,0,1.5331105e-06
0,0,2.0900528e-07
0,0,2.0437985e-06
0,0,1.2097607e-06
0,0,1.1698106e-06
0,0,8.790211e-07
0,0,3.2737867e-07
0,0,3.4582993e-07
0,0,2.3106272e-06
0,0,1.4191456e-06
0,0,8.300385e-07
0,0,4.5473573e-07
0,0,9.216763e-07
0,0,7.586255e-07
0,0,2.8560933e-07
0,0,2.9718842e-07
0,0,8.922252e-07
0,0,5.4724313e-07
0,0,2.1210761e-07
0,0,1.0025847e-06
0,0,2.5773534e-07
0,0,7.2947466e-07
0,0,1.8162729e-07
0,0,5.0974677e-07
0,0,4.1116482e-07
0,0,9.3797246e-07
0,0,5.358714e-07
0,0,9.143581e-07
0,0,4.963857e-07
0,0,5.724141e-07
0,0,2.8130871e-06
0,0,8.219471e-07
0,0,4.1181858e-07
0,0,9.795541e-07
0,0,2.224405e-06
0,0,4.938929e-06
0,0,7.553646e-07
0,0,3.1535416e-07
0,0,9.532542e-07
0,0,4.5172177e-07
0,0,1.378777e-06
0,0,8.8361264e-07
0,0,6.248306e-07
0,0,2.521657e-07
0,0,8.590017e-07
0,0,3.467513e-07
0,0,5.4346106e-07
0,0,2.47166e-07
0,0,4.027571e-07
0,0,5.15031e-07
0,0,1.2108168e-06
0,0,7.424682e-07
0,0,8.9449486e-07
0,0,1.0900569e-06
0,0,5.423117e-07
0,0,4.5648545e-07
0,0,5.532853e-07
0,0,0.009953607
0,0,3.127321e-07
0,0,1.9163095e-07
0,0,2.9362357e-07
0,0,3.2976466e-06
0,0,7.3909837e-07
0,0,4.8070996e-07
0,0,7.6071126e-07
0,0,1.449662e-07
0,0,7.5950504e-07
0,0,1.410166e-06
0,0,5.462602e-07
0,0,1.7675162e-06
0,0,3.49788e-07
0,0,1.0254474e-06
0,0,3.091665e-07
0,0,2.9303445e-07
0,0,4.0163866e-07
0,0,8.614336e-06
0,0,2.1697624e-06
0,0,2.7157657e-06
0,0,2.0467808e-06
0,0,9.106666e-07
0,0,1.7648953e-06
0,0,7.2125664e-07
0,0,1.0623339e-06
0,0,1.5867535e-06
0,0,1.6624545e-06
0,0,1.9314848e-07
0,0,3.1600504e-07
0,0,1.9395048e-07
0,0,5.681107e-07
0,0,2.1442836e-06
0,0,1.0538276e-06
0,0,2.4845597e-06
0,0,4.489093e-07
0,0,7.065579e-07
0,0,2.241725e-06
0,0,1.433179e-06
0,0,4.6370457e-07
0,0,8.881172e-07
0,0,8.036053e-07
0,0,3.3439835e-07
0,0,5.4419075e-07
0,0,7.912409e-07
0,0,2.7630192e-06
0,0,1.6097196e-07
0,0,9.2096985e-07
0,0,6.6509057e-07
0,0,7.32054e-07
0,0,4.904979e-07
0,0,8.7490463e-07
0,0,5.231515e-07
0,0,4.9608946e-07
0,0,1.4300618e-07
0,0,5.8957096e-07
0,0,8.934369e-07
0,0,4.4381277e-06
0,0,7.990545e-07
0,0,4.9244534e-07
0,0,1.1830255e-06
0,0,1.4769915e-06
0,0,1.7884977e-06
0,0,6.4096696e-07
0,0,9.5342506e-07
0,0,8.4845095e-07
0,0,5.798839e-07
0,0,1.7952942e-07
0,0,1.7076906e-06
0,0,1.9149882e-06
0,0,1.109562e-06
0,0,3.7407756e-07
0,0,6.348494e-07
0,0,7.2907824e-07
0,0,4.297061e-07
0,0,2.8480528e-07
0,0,5.747959e-07
0,0,1.0112828e-06
0,0,1.8035569e-06
0,0,2.4095789e-06
0,0,6.580037e-07
0,0,4.3723955e-07
0,0,1.0213307e-06
0,0,2.4697374e-07
0,0,3.1742238e-06
0,0,5.8905897e-07
0,0,2.998637e-07
0,0,5.110493e-07
0,0,5.8714926e-07
0,0,2.008351e-06
0,0,4.904352e-07
0,0,5.395713e-07
0,0,2.4009032e-07
0,0,8.539026e-07
0,0,2.723744e-06
0,0,3.41782e-07
0,0,2.705934e-07
0,0,1.482321e-07
0,0,9.147139e-07
0,0,3.7582934e-06
0,0,2.693098e-07
0,0,1.8205512e-07
0,0,7.824755e-07
0,0,2.8524292e-07
0,0,3.8892418e-07
0,0,6.6266637e-07
0,0,9.4942914e-07
0,0,1.7632266e-07
0,0,3.163675e-07
0,0,3.490389e-07
0,0,1.5334102e-07
0,0,2.4058913e-06
0,0,4.0966728e-07
0,0,3.805069e-07
0,0,1.2315834e-07
0,0,5.8478486e-07
0,0,6.639625e-07
0,0,4.3847936e-07
0,0,3.551402e-07
0,0,2.1069206e-06
0,0,1.5045276e-06
0,0,3.2409022e-07
0,0,1.9944355e-07
0,0,6.318427e-07
0,0,4.3503073e-06
0,0,1.8312406e-06
0,0,3.7763328e-07
0,0,2.2472616e-07
0,0,3.520943e-07
0,0,2.1564351e-07
0,0,1.8869396e-06
0,0,5.5067903e-07
0,0,3.0500385e-07
0,0,3.3467526e-07
0,0,7.4782844e-07
0,0,8.5680176e-07
0,0,2.3143623e-07
0,0,8.423382e-07
0,0,7.284389e-07
0,0,3.3586983e-07
0,0,1.3107854e-06
0,0,2.574214e-07
0,0,1.8970268e-05
0,0,5.5545075e-07
0,0,2.9624695e-07
0,0,4.410931e-07
0,0,3.1831314e-07
0,0,9.161483e-07
0,0,1.1530184e-06
0,0,1.2973032e-06
0,0,1.0851882e-06
0,0,1.8992613e-06
0,0,1.7477991e-07
0,0,1.6808082e-06
0,0,1.1256103e-07
0,0,2.3195823e-06
0,0,2.0887767e-06
0,0,3.0449235e-07
0,0,4.5643063e-07
0,0,1.4521983e-07
0,0,4.6705537e-07
0,0,3.5329003e-07
0,0,9.455522e-08
0,0,2.5907246e-07
0,0,8.713633e-07
0,0,1.8741599e-07
0,0,1.397473e-06
0,0,4.931818e-07
0,0,1.1469301e-07
0,0,3.3553815e-07
0,0,3.8174488e-07
0,0,6.1117066e-07
0,0,1.1462112e-06
0,0,5.161649e-07
0,0,3.1236877e-07
0,0,1.7225325e-06
0,0,9.506949e-07
0,0,3.6753312e-07
0,0,1.0394059e-06
0,0,1.5170554e-06
0,0,2.2817485e-06
0,0,3.0612168e-07
0,0,3.4151188e-07
0,0,5.318356e-07
0,0,2.3129482e-07
0,0,5.4691823e-06
0,0,2.815766e-07
0,0,3.4654636e-07
0,0,5.1087386e-07
0,0,2.5338358e-07
0,0,4.8917025e-07
0,0,6.7346974e-07
0,0,6.1341234e-07
0,0,1.0270486e-06
0,0,1.0145692e-06
0,0,2.1117573e-07
0,0,3.241533e-07
0,0,1.1880903e-07
0,0,3.6256284e-07
0,0,8.2593954e-07
0,0,4.391682e-07
0,0,3.4183608e-07
0,0,3.5844346e-07
0,0,3.629555e-07
0,0,2.3335355e-07
0,0,6.538103e-07
0,0,3.723694e-07
0,0,1.2447902e-06
0,0,1.8716946e-06
0,0,7.402016e-07
0,0,4.2337146e-07
0,0,2.163738e-07
0,0,1.4378584e-06
0,0,8.7976406e-07
0,0,3.3151423e-07
0,0,5.902483e-07
0,0,3.3472347e-07
0,0,4.3932948e-07
0,0,6.0322765e-07
0,0,5.557194e-07
0,0,2.486266e-06
0,0,6.1768714e-07
0,0,1.817281e-06
0,0,1.6936839e-06
0,0,4.416875e-07
0,0,2.0851193e-07
0,0,1.4658399e-06
0,0,3.8796028e-07
0,0,3.6000117e-07
0,0,5.327102e-07
0,0,9.683248e-07
0,0,2.1904296e-07
0,0,2.514942e-07
0,0,9.772084e-07
0,0,1.4147904e-06
0,0,7.791915e-07
0,0,6.5702176e-07
0,0,1.1616694e-06
0,0,4.1495394e-07
0,0,4.2231795e-06
0,0,8.273704e-07
0,0,1.3300084e-06
0,0,5.4626855e-07
0,0,5.568064e-07
0,0,7.459566e-07
0,0,1.5375352e-07
0,0,2.44856e-07
0,0,1.1898505e-06
0,0,2.5355664e-07
0,0,9.807319e-07
0,0,2.8877048e-07
0,0,6.095461e-07
0,0,5.8204023e-07
0,0,0.042027712
0,0,3.0170202e-06
0,0,4.7314035e-07
0,0,2.8905563e-07
0,0,7.1378025e-07
0,0,2.1804235e-07
0,0,9.0459014e-07
0,0,6.8648365e-07
0,0,4.4265823e-07
0,0,3.375988e-07
0,0,4.0203412e-07
0,0,1.4858185e-06
0,0,6.867868e-07
0,0,2.9090822e-07
0,0,4.142505e-07
0,0,1.1192194e-06
0,0,1.1325183e-06
0,0,4.9884443e-07
0,0,2.8396806e-07
0,0,5.1591735e-07
0,0,0.00095296226
1,0,0.16597372
0,0,2.1052202e-07
0,0,3.446821e-07
0,0,0.049377102
0,0,8.5909437e-07
0,0,1.5203242e-06
0,0,2.013835e-07
0,0,4.7240815e-06
0,0,4.368228e-07
0,0,5.1425457e-07
0,0,3.8614348e-07
0,0,5.194522e-07
0,0,3.222512e-07
0,0,3.069648e-07
0,0,4.6349098e-07
0,0,3.0803577e-07
0,0,5.837323e-07
0,0,1.3269678e-06
0,0,2.4222693e-06
0,0,7.5915676e-07
0,0,5.984089e-07
0,0,4.6953136e-07
0,0,1.4277399e-06
0,0,7.1251867e-07
0,0,7.5992597e-07
0,0,1.3001271e-06
0,0,4.621083e-06
0,0,3.9990763e-07
0,0,3.9986188e-07
0,0,4.5670535e-07
0,0,2.0184015e-07
0,0,2.036038e-06
0,0,2.7791026e-07
0,0,1.05227e-06
0,0,8.1309037e-07
0,0,2.3777139e-07
0,0,2.5510872e-07
0,0,7.341723e-07
0,0,2.7425318e-07
0,0,2.7566657e-07
0,0,1.7777184e-06
0,0,1.2162075e-06
0,0,1.7847934e-06
0,0,9.4197594e-07
0,0,4.972556e-07
0,0,2.3713979e-07
0,0,7.1834467e-07
0,0,1.5382905e-07
0,0,5.328896e-07
0,0,1.5153518e-07
0,0,8.0068236e-07
0,0,2.7834525e-07
0,0,1.4147755e-06
0,0,1.5229651e-07
0,0,5.267666e-07
0,0,1.1095187e-06
0,0,4.930633e-07
0,0,2.0217508e-06
0,0,4.6729463e-07
0,0,1.5044085e-06
0,0,2.7388805e-06
0,0,9.044565e-07
0,0,1.2997639e-06
0,0,1.9412605e-06
0,0,2.9154702e-07
0,0,8.410153e-07
0,0,5.5958463e-07
0,0,6.8738245e-07
0,0,7.12836e-07
0,0,4.1741671e-07
0,0,2.31154e-06
0,0,1.390532e-06
0,0,1.502109e-06
0,0,3.6722412e-07
0,0,6.9495394e-07
0,0,2.5884528e-06
0,0,3.5537507e-06
0,0,3.2099516e-07
0,0,3.048727e-07
0,0,5.769608e-07
0,0,1.2805175e-06
0,0,2.6293904e-07
0,0,3.546762e-07
0,0,1.7841471e-07
0,0,2.9568895e-07
0,0,1.578508e-07
0,0,5.2177137e-07
0,0,3.8672613e-07
0,0,1.0659743e-06
0,0,4.8736956e-07
0,0,8.471695e-07
0,0,8.9917665e-07
0,0,1.0895882e-06
0,0,4.524435e-07
0,0,4.1232596e-07
0,0,6.133632e-07
0,0,6.22083e-07
0,0,3.4401023e-07
0,0,5.1218467e-07
0,0,3.7702222e-07
0,0,4.5025214e-07
0,0,4.276877e-07
0,0,1.1819294e-06
0,0,4.278672e-07
0,0,0.15397958
0,0,5.840191e-07
0,0,2.1443184e-06
0,0,2.0271499e-07
0,0,1.0300059e-06
0,0,7.3832064e-07
0,0,3.8489637e-07
0,0,4.3664247e-07
0,0,3.8053594e-07
0,0,9.895454e-07
0,0,1.0703301e-06
0,0,1.3257771e-07
0,0,5.3793076e-07
0,0,8.0157696e-07
0,0,4.9234154e-07
0,0,1.4283391e-06
0,0,4.819746e-07
0,0,4.4620705e-07
0,0,5.294021e-07
0,0,5.9382455e-07
0,0,7.2432545e-07
0,0,4.4218414e-06
0,0,1.1490743e-06
0,0,6.222913e-07
0,0,6.376861e-07
0,0,6.614087e-07
0,0,5.9815443e-07
0,0,6.4703676e-07
0,0,9.0418825e-07
0,0,1.8038612e-06
0,0,7.324024e-07
0,0,8.639674e-07
0,0,9.734878e-07
0,0,4.7875824e-07
0,0,1.1700828e-06
0,0,6.960192e-07
0,0,1.2589218e-06
0,0,4.0482618e-07
0,0,1.2559011e-06
0,0,3.2573402e-07
0,0,4.733827e-07
0,0,4.67931e-07
0,0,7.731492e-07
0,0,5.350212e-07
0,0,7.0273626e-07
0,0,7.882095e-07
0,0,1.18883264e-07
0,0,3.853003e-06
0,0,1.2685136e-06
0,0,4.548073e-07
0,0,4.5987403e-07
0,0,3.1164823e-06
0,0,1.2928336e-06
0,0,2.8151754e-07
0,0,1.584094e-06
0,0,9.75886e-07
0,0,1.4166937e-07
0,0,4.7218745e-07
0,0,2.0672649e-06
0,0,4.5825635e-07
0,0,1.0576838e-06
0,0,9.058204e-07
0,0,4.993071e-07
0,0,3.5071392e-07
0,0,1.6238664e-07
0,0,9.187706e-07
0,0,1.1173903e-06
0,0,5.066701e-07
0,0,4.2561342e-07
0,0,7.5957604e-07
0,0,3.2693845e-07
0,0,1.2121866e-07
0,0,2.8894868e-07
0,0,1.9462847e-07
0,0,2.1711483e-07
0,0,4.0376779e-07
0,0,9.2957237e-07
0,0,2.6530602e-06
0,0,3.6760358e-07
0,0,2.5416188e-07
0,0,1.2105531e-07
0,0,6.949076e-07
0,0,9.1556393e-07
0,0,5.0347086e-07
0,0,3.2917225e-07
0,0,1.0536196e-06
0,0,5.63343e-07
0,0,3.4623585e-07
0,0,1.5421361e-06
0,0,1.8617307e-06
0,0,1.5005411e-06
0,0,1.6559906e-06
0,0,9.186943e-07
0,0,4.932617e-07
0,0,7.2821103e-07
0,0,1.3660032e-06
0,0,2.7405213e-07
0,0,6.293979e-07
0,0,4.3272874e-07
0,0,3.1339937e-07
0,0,1.8112029e-06
0,0,4.9818027e-07
0,0,1.3331044e-06
0,0,4.525545e-06
0,0,4.1268154e-07
0,0,5.119049e-07
0,0,1.5686756e-07
0,0,1.5598428e-06
0,0,6.811309e-07
0,0,5.4599565e-07
0,0,1.5068595e-06
0,0,1.5223816e-06
0,0,4.6744486e-07
0,0,3.512649e-07
0,0,4.4826416e-07
0,0,8.679835e-07
0,0,1.3510057e-06
0,0,6.0399447e-07
0,0,9.0108324e-07
0,0,3.8695336e-07
0,0,1.8319848e-06
0,0,1.7102185e-06
0,0,7.419182e-07
0,0,2.1722635e-06
0,0,1.4010452e-06
0,0,3.3593392e-07
0,0,1.1800923e-06
0,0,5.597752e-07
0,0,3.1761329e-07
0,0,5.410156e-07
0,0,1.2690158e-06
0,0,3.9216636e-07
0,0,2.6648107e-07
0,0,3.0969767e-07
0,0,5.2807593e-07
0,0,2.2266198e-07
0,0,1.9189754e-06
0,0,8.9594283e-07
0,0,4.8817526e-07
0,0,3.163693e-07
0,0,1.04227595e-07
0,0,7.2639585e-07
0,0,3.8858718e-07
0,0,3.2190565e-07
0,0,7.2104416e-07
0,0,4.386128e-07
0,0,1.0490296e-06
0,0,2.5248312e-07
0,0,8.107326e-07
0,1,0.5915297
0,0,1.5242598e-06
0,0,2.8925965e-06
0,0,8.99163e-07
0,0,2.6320924e-07
0,0,1.0607041e-06
0,0,5.1482033e-07
0,0,3.141331e-07
0,0,5.518977e-07
0,0,1.1064249e-06
0,0,3.7466307e-07
0,0,6.858443e-07
0,0,4.0577976e-07
0,0,1.2648992e-06
0,0,8.089061e-07
0,0,3.3024637e-07
0,0,8.878369e-07
0,0,2.5282984e-07
0,0,5.949815e-07
0,0,9.893755e-07
0,0,6.193015e-07
0,0,3.5116474e-07
0,0,6.0773914e-07
0,0,2.6706826e-07
0,0,7.956395e-07
0,0,9.181241e-07
0,0,2.9117163e-07
0,0,1.1856085e-06
0,0,4.4558493e-07
0,0,7.2925695e-07
0,0,3.8736098e-07
0,0,3.4259193e-07
0,0,1.4396325e-06
0,0,1.8397233e-06
0,0,1.2071181e-06
0,0,4.6264398e-07
0,0,8.091476e-07
0,0,5.990661e-07
0,0,5.533908e-07
0,0,4.953605e-07
0,0,3.3052456e-07
0,0,4.4975562e-07
0,0,6.0484984e-07
0,0,4.3558978e-07
0,0,1.6644185e-07
0,0,4.4540946e-07
0,0,7.632081e-07
0,0,6.118682e-07
0,0,2.9900556e-07
0,0,2.1811068e-06
0,0,5.282653e-07
0,0,3.8877138e-07
0,0,3.0194764e-07
0,0,5.9581566e-07
0,0,2.7617997e-07
0,0,5.9713363e-07
0,0,3.3951991e-07
0,0,4.226187e-07
0,0,3.1869618e-07
0,0,1.5877995e-06
0,0,3.9969981e-07
0,0,9.407487e-07
0,0,3.3336636e-07
0,0,4.6542178e-07
0,0,4.429876e-07
0,0,2.580206e-07
0,0,1.4558188e-07
0,0,5.256987e-07
0,0,1.7498437e-06
0,0,2.1906972e-07
0,0,3.3002283e-07
0,0,2.773204e-07
0,0,1.0097863e-06
0,0,5.266064e-07
0,0,1.2391109e-06
0,0,2.5069394e-07
0,0,9.5015287e-07
0,0,7.23041e-05
0,0,4.7715105e-07
0,0,3.5282605e-07
0,0,3.6935816e-07
0,0,1.9851788e-07
0,0,3.2321117e-07
0,0,3.5885697e-07
0,0,7.934822e-07
0,0,3.1621968e-07
0,0,5.5370754e-07
0,0,1.8721516e-06
0,0,3.4931765e-07
0,0,1.5725971e-06
0,0,2.2586996e-06
0,0,8.722254e-07
0,0,3.9399086e-07
0,0,1.1239707e-06
0,0,4.9815554e-07
0,0,3.2921005e-06
0,0,8.823411e-07
0,0,1.2702468e-07
0,0,7.559663e-07
0,0,6.2141004e-07
0,0,3.350783e-07
0,0,1.6848172e-07
0,0,2.2567522e-07
0,0,1.7220677e-07
0,0,1.5536014e-07
0,0,1.3928162e-06
0,0,1.2298011e-06
0,0,2.8000528e-07
0,0,4.6851866e-07
0,0,5.051927e-07
0,0,2.2849771e-07
0,0,1.4152951e-06
0,0,6.305629e-07
0,0,1.286049e-07
0,0,1.001713e-06
0,0,3.1844186e-07
0,0,1.573278e-06
0,0,1.1796951e-06
0,0,0.00035734108
0,0,7.7247114e-07
0,0,1.8965789e-06
0,0,5.318726e-07
0,0,3.348218e-07
0,0,2.2552334e-07
0,0,7.6685967e-07
0,0,1.017026e-06
0,0,7.320756e-07
0,0,0.065460995
0,0,3.2328947e-07
0,0,0.035634585
0,0,7.550311e-07
0,0,1.8396427e-06
0,0,4.046363e-07
0,0,2.886094e-07
0,0,1.488269e-06
0,0,1.5642418e-06
0,0,4.0405556e-07
0,0,9.548555e-07
0,0,3.1977788e-07
0,0,1.7042352e-06
0,0,9.326039e-07
0,0,4.2527742e-07
0,0,3.5899527e-07
0,0,8.021589e-07
0,0,2.7613675e-07
0,0,6.796133e-07
0,0,1.2379475e-06
0,0,1.2052949e-06
0,0,1.9188492e-06
0,0,3.5628443e-07
0,0,4.5685954e-07
0,0,2.6086124e-07
0,0,1.6435926e-06
0,0,1.6139806e-07
0,0,2.1679082e-07
0,0,1.5479371e-06
0,0,3.453102e-07
0,0,1.4511228e-06
0,0,3.6776385e-07
0,0,1.1941726e-06
0,0,5.626906e-07
0,0,6.6588325e-07
0,0,3.8777605e-07
0,0,7.011932e-07
0,0,7.9203056e-07
0,0,4.5640886e-07
0,0,7.0002596e-07
0,0,3.418674e-07
0,0,1.5477806e-07
0,0,1.072528e-06
0,0,7.6536844e-07
0,0,4.952433e-07
0,0,1.9115269e-06
0,0,8.6914895e-07
0,0,7.397676e-07
0,0,3.4805072e-07
0,0,5.8322985e-07
0,0,2.5530025e-07
0,0,1.0475391e-06
0,0,1.6526001e-06
0,0,8.1399503e-07
0,0,1.5951757e-06
0,0,4.5481985e-07
0,0,3.8749144e-07
0,0,8.556831e-07
0,0,2.0509533e-07
0,0,7.1735406e-07
0,0,1.645484e-06
0,0,5.013091e-07
0,0,1.3381306e-06
0,0,6.0357695e-07
0,0,4.2122932e-07
0,0,3.3759366e-07
0,0,7.812668e-07
0,0,7.27605e-07
0,0,8.533939e-07
0,0,2.4560325e-07
0,0,4.6991845e-06
0,0,1.8360023e-06
0,0,1.1594453e-07
0,0,6.825974e-07
0,0,3.342654e-07
0,0,4.7568076e-07
0,0,2.1516796e-07
0,0,4.1305364e-07
0,0,3.673509e-07
0,0,4.2381785e-07
0,0,7.2160685e-07
0,0,1.2101149e-06
0,0,2.279965e-06
0,0,8.102333e-07
0,0,8.770801e-07
0,0,5.677229e-07
0,0,5.719966e-07
0,0,8.7041974e-07
0,0,4.553828e-07
0,0,6.977152e-07
0,0,4.5429704e-07
0,0,7.928513e-07
0,0,3.0332146e-07
0,0,3.1704647e-07
0,0,4.828524e-07
0,0,0.24360098
0,0,6.794953e-07
0,0,2.8944845e-07
0,0,4.0892996e-07
0,0,5.225776e-07
0,0,0.29719782
0,0,3.9320634e-07
0,0,1.334305e-06
0,0,1.1147422e-06
0,0,8.492808e-07
0,0,1.09244875e-05
0,0,1.3098195e-06
0,0,2.8797703e-07
0,0,3.0055568e-07
0,0,5.55695e-07
0,0,8.178303e-07
0,0,3.9515172e-07
0,0,6.660255e-07
0,0,5.6108786e-07
0,0,1.3713544e-07
0,0,6.3346744e-07
0,0,1.0462571e-06
0,0,1.1315163e-06
0,0,4.3877344e-07
0,0,3.6437572e-07
0,0,1.1334463e-06
0,0,1.0089094e-06
0,0,5.745602e-07
0,0,4.168109e-07
0,0,1.3403614e-07
0,0,1.714818e-05
0,0,5.730007e-07
0,0,3.5268275e-07
0,0,4.9268255e-07
0,0,7.8777515e-07
0,0,4.6413507e-07
0,0,3.3399294e-07
0,0,2.1227274e-07
0,0,5.541243e-07
0,0,2.705676e-07
0,0,1.4572804e-06
0,0,5.357217e-07
0,0,3.897968e-07
0,0,7.443832e-07
0,0,3.1634306e-07
0,0,1.8267144e-06
0,0,5.066856e-07
0,0,2.9648036e-06
0,0,2.1863663e-07
0,0,8.9253757e-07
0,0,8.2521206e-07
0,0,0.04162706
0,0,9.965078e-07
0,0,5.0840873e-07
0,0,2.236519e-06
0,0,9.368863e-07
0,0,9.867276e-07
0,0,5.069094e-07
0,0,8.994666e-07
0,0,3.4379474e-07
0,0,8.5054353e-07
0,0,4.8586224e-07
0,0,7.028328e-07
0,0,3.2393262e-07
0,0,3.3039694e-07
0,0,1.11002834e-07
0,0,1.6131205e-06
0,0,3.606362e-07
0,0,6.9514556e-07
0,0,2.633024e-06
0,0,5.0753675e-07
0,0,0.00010651872
0,0,3.6843923e-07
0,0,0.0004066832
0,0,3.539652e-07
0,0,3.7833692e-07
0,0,5.7046805e-07
0,0,3.9751097e-07
0,0,2.5123009e-06
0,0,1.8422937e-06
0,0,2.9359836e-07
0,0,1.7443888e-07
0,0,2.0700554e-07
0,0,3.843469e-07
0,0,4.5200963e-07
0,0,8.64626e-07
0,0,3.664541e-07
0,0,1.5965379e-06
0,0,3.588118e-07
0,0,7.2771536e-07
0,0,1.4393412e-07
0,0,9.8872e-07
0,0,4.3398757e-07
0,0,9.884192e-07
0,0,3.6567525e-07
0,0,1.1657389e-06
0,0,5.245659e-07
0,0,7.419649e-07
0,0,1.0258661e-06
0,0,9.923814e-07
0,0,1.7141667e-06
0,0,3.2138541e-07
0,0,2.096068e-06
0,0,4.4197782e-07
0,0,4.749632e-07
0,0,6.330109e-07
0,0,9.923019e-07
0,0,1.3214376e-06
0,0,4.4006333e-07
0,0,3.4455593e-07
0,0,8.72827e-07
0,0,0.0034110795
0,0,1.984367e-07
0,0,5.7389923e-07
0,0,4.963289e-07
0,0,9.4312105e-07
0,0,1.090684e-06
0,0,1.6382594e-06
0,0,3.5609827e-07
0,0,3.722856e-07
0,0,9.597032e-07
0,0,5.019444e-07
0,0,4.847159e-07
0,0,6.3460425e-07
0,0,6.143514e-07
0,0,5.060086e-07
0,0,2.7342116e-07
0,0,1.7501991e-06
0,0,8.2026423e-07
0,0,2.768186e-07
0,0,4.222477e-07
0,0,9.995259e-07
0,0,1.2204018e-06
0,0,0.00040206648
0,0,1.4886978e-06
0,0,1.4194109e-06
0,0,3.8651302e-07
0,0,1.3846405e-07
0,0,3.7951895e-07
0,0,6.354024e-07
0,0,5.243728e-07
0,0,3.0203546e-07
0,0,2.1023952e-07
0,0,3.6436288e-07
0,0,6.562528e-07
0,0,1.9533077e-07
0,0,9.876983e-07
0,0,5.212531e-07
0,0,6.434603e-07
0,0,8.77808e-07
0,0,1.7788036e-06
0,0,5.0306096e-07
0,0,1.0609914e-06
0,0,2.9705263e-06
0,0,4.4735324e-07
0,0,6.598305e-07
0,0,2.920638e-07
0,0,5.499894e-07
0,0,1.7083521e-07
0,0,5.2822094e-07
0,0,4.4750809e-07
0,0,1.2395731e-06
0,0,1.2153298e-06
0,0,1.7963488e-06
0,0,6.2095035e-07
0,0,6.997583e-07
0,0,4.849198e-07
0,0,5.7195626e-07
0,0,4.1882228e-07
0,0,7.765602e-07
0,0,1.0170221e-06
0,0,2.3931628e-07
0,0,1.0381032e-06
0,0,5.7221706e-07
0,0,2.9631753e-06
0,0,2.3981852e-06
0,0,5.861176e-07
0,0,4.3868346e-07
0,0,5.229156e-07
0,0,1.045192e-06
0,0,4.164505e-07
0,0,3.5739862e-07
0,0,3.4845922e-07
0,0,4.6697832e-07
0,0,2.3127716e-07
0,0,4.90395e-07
0,0,3.8987488e-07
0,0,1.9116641e-07
0,0,1.728719e-05
0,0,1.3933845e-07
0,0,6.6767143e-07
0,0,4.793974e-07
0,0,5.441131e-06
0,0,3.9688257e-07
0,0,6.5939827e-07
0,0,6.3683405e-07
0,0,5.8663096e-07
0,0,1.6049157e-06
0,0,4.7303976e-07
0,0,4.5819388e-07
0,0,4.4413105e-07
0,0,4.6851326e-07
0,0,7.7284403e-07
0,0,5.7827236e-07
0,0,5.788622e-07
0,0,2.2943316e-07
0,0,8.4508434e-07
0,0,3.8090408e-07
0,0,3.7063904e-07
0,0,1.5961223e-06
0,0,8.931123e-07
0,0,9.79175e-07
0,0,4.1122047e-07
0,0,2.0284158e-06
0,0,4.340414e-07
0,0,1.2683499e-07
0,0,1.8598284e-06
0,0,6.4401837e-07
0,0,6.162215e-07
0,0,1.228193e-06
0,0,1.9744282e-07
0,0,2.7660695e-07
0,0,2.5250262e-07
0,0,1.6078709e-06
0,0,6.534275e-07
0,0,8.271527e-07
0,0,3.0863592e-07
0,0,1.1153813e-06
0,0,2.2155693e-07
0,0,2.495825e-07
0,0,8.505411e-07
0,0,1.7654424e-06
0,0,4.7538097e-07
0,0,9.349236e-07
0,0,2.4886117e-07
0,0,5.191323e-07
0,0,5.8132406e-07
0,0,4.6040765e-07
0,0,7.567222e-07
0,0,2.7634488e-07
0,0,4.6432984e-07
0,0,5.5172245e-07
0,0,2.5806514e-07
0,0,7.2468197e-07
0,0,6.235299e-07
0,0,3.0827118e-07
0,0,5.161048e-07
0,0,5.535903e-07
0,0,1.3720729e-06
0,0,1.3223857e-06
0,0,6.363733e-07
0,0,9.2291907e-07
0,0,3.5196538e-07
0,0,2.090322e-07
0,0,9.3785974e-07
0,0,3.694843e-07
0,0,1.0385755e-06
0,0,5.866981e-07
0,0,6.9131045e-07
0,0,7.060528e-07
0,0,4.778637e-07
0,0,2.3844785e-07
0,0,1.1940001e-07
0,0,8.4668727e-07
0,0,0.01479189
0,0,5.850019e-07
0,0,3.3746684e-07
0,0,1.1770397e-06
0,0,5.6959277e-07
0,0,3.2704634e-07
0,0,3.05598e-06
0,0,2.1201804e-07
0,0,9.1424914e-07
0,0,5.106523e-07
0,0,1.5286431e-06
0,0,4.585816e-07
0,0,7.585857e-07
0,0,6.595801e-07
0,0,2.2347207e-07
0,0,3.1537823e-07
0,0,7.801172e-07
0,0,1.2210386e-06
0,0,9.513434e-07
0,0,3.835183e-07
0,0,2.8093342e-07
0,0,1.8392642e-07
0,0,4.0083205e-07
0,0,4.76374e-07
0,0,5.7384506e-07
0,0,2.1038494e-07
0,0,9.269228e-07
0,0,4.649697e-07
0,0,1.0437149e-06
0,0,2.4605947e-07
0,0,8.035601e-07
0,0,6.0127087e-07
0,0,1.0956976e-06
0,0,7.231107e-07
0,0,5.207233e-06
0,0,1.6651503e-06
0,0,4.305384e-07
0,0,2.896448e-07
0,0,7.428939e-07
0,0,5.729362e-07
0,0,3.2221724e-06
0,0,6.7406603e-07
0,0,4.6542178e-07
0,0,8.596631e-07
0,0,1.8396815e-07
0,0,2.7120024e-07
0,0,2.244351e-07
0,0,1.5863056e-07
0,0,1.5602579e-06
0,0,4.858127e-07
0,0,7.405031e-07
0,0,2.2231826e-07
0,0,7.498566e-07
0,0,2.698906e-07
0,0,4.910375e-07
0,0,1.4988207e-06
0,0,1.0349825e-06
0,0,5.051301e-07
0,0,5.5682284e-07
0,0,5.440937e-07
0,0,1.0822932e-06
0,0,3.8065025e-07
0,0,7.302285e-07
0,0,5.109026e-07
0,0,9.713492e-07
0,0,2.3674615e-07
0,0,8.691738e-07
0,0,1.6628065e-06
0,0,4.3043738e-07
0,0,1.3624344e-06
0,0,2.1509473e-07
0,0,8.158796e-07
0,0,4.502895e-07
0,0,6.7697997e-06
0,0,4.0993032e-07
0,0,4.7116544e-07
0,0,3.3364563e-07
0,0,5.805545e-07
0,0,2.0784665e-07
0,0,1.1292525e-06
0,0,5.3006386e-07
0,0,4.785948e-07
0,0,4.3745186e-07
0,0,5.764065e-07
0,0,1.524763e-06
0,0,1.0713167e-06
0,0,1.0371789e-06
0,0,3.6041203e-07
0,0,6.6784395e-07
0,0,3.4636432e-07
0,0,4.5228643e-07
0,0,6.668613e-07
0,0,1.0032179e-06
0,0,5.959935e-07
0,0,6.5600375e-07
0,0,5.7422386e-07
0,0,1.8927253e-07
0,0,2.1223236e-06
0,0,1.6645312e-07
0,0,0.0010311204
0,0,3.3227133e-07
0,0,1.7782222e-07
0,0,1.3862924e-06
0,0,1.3371852e-06
0,0,0.00044346292
0,0,3.336152e-06
0,0,2.7228893e-05
0,0,3.7712365e-07
0,0,1.6509195e-07
0,0,2.5366063e-07
0,0,7.906473e-07
0,0,9.698219e-07
0,0,6.616692e-07
0,0,9.980342e-07
0,0,2.2378397e-06
0,0,6.6487746e-07
0,0,6.003289e-07
0,0,2.596384e-06
0,0,2.1015865e-06
0,0,4.187071e-06
0,0,3.3010812e-07
0,0,6.1990363e-07
0,0,1.6284895e-07
0,0,7.698831e-07
0,0,3.2622427e-07
0,0,2.3869814e-07
0,0,4.0050227e-07
0,0,2.2835445e-06
0,0,1.350296e-06
0,0,1.6503212e-07
0,0,1.7394315e-06
0,0,1.071242e-06
0,0,2.2029078e-06
0,0,2.101827e-06
0,0,7.036785e-07
0,0,4.0003084e-07
0,0,4.5656734e-07
0,0,4.1628056e-07
0,0,2.6488533e-07
0,0,5.592155e-07
0,0,3.5983675e-07
0,0,3.0019532e-07
0,0,6.127441e-07
0,0,6.589149e-07
0,0,5.571782e-07
0,0,3.1651855e-06
0,0,1.0488176e-06
0,0,3.939886e-07
0,0,2.096261e-07
0,0,5.478823e-07
0,0,3.2511738e-07
0,0,4.2961065e-07
0,0,3.7512606e-07
0,0,3.643507e-07
0,0,3.517597e-07
0,0,4.3529744e-07
0,0,1.0889504e-06
0,0,2.0607347e-07
0,0,4.040625e-07
0,0,2.927794e-07
0,0,9.613126e-07
0,0,4.3147557e-07
0,0,4.4758875e-07
0,0,3.3443217e-07
0,0,4.7388727e-07
0,0,1.388948e-07
0,0,7.240077e-07
0,0,4.4815596e-07
0,0,3.9289858e-07
0,0,1.5812743e-07
0,0,1.8459165e-06
0,0,4.907716e-07
0,0,2.2970426e-06
0,0,7.187881e-07
0,0,1.270761e-06
0,0,3.1497004e-07
0,0,2.7557877e-07
0,0,6.637169e-07
0,0,7.5783083e-07
0,0,3.3080428e-07
0,0,7.0726577e-07
0,0,6.466647e-07
0,0,3.360656e-07
0,0,2.3755491e-07
0,0,9.358013e-07
0,0,2.2005783e-07
0,0,3.4710766e-07
0,0,2.7044788e-07
0,0,2.7438242e-07
0,0,6.2797335e-07
0,0,1.5096342e-06
0,0,5.6793357e-07
0,0,1.0930664e-06
0,0,1.8879821e-07
0,0,7.2515e-07
0,0,4.902813e-07
0,0,2.785516e-07
0,0,1.9287586e-07
0,0,2.433185e-07
0,0,3.4098238e-07
0,0,3.3049432e-07
0,0,1.2023868e-06
0,0,7.2918886e-07
0,0,2.4300666e-06
0,0,4.31704e-07
0,0,1.0532359e-06
0,0,9.1754475e-07
0,0,2.693853e-07
0,0,6.8796214e-07
0,0,1.6030677e-06
0,0,1.1094531e-06
0,0,2.437161e-07
0,0,1.0388786e-06
0,0,3.3240352e-07
0,0,4.2099157e-07
0,0,1.5257258e-06
0,1,0.54396266
0,0,4.6802342e-07
0,0,8.2611047e-07
0,0,9.606125e-07
0,0,3.9616182e-07
0,0,4.6121843e-07
0,0,3.7947046e-07
0,0,3.4135005e-07
0,0,5.0305476e-07
0,0,2.732087e-07
0,0,4.1232238e-07
0,0,3.8696004e-07
0,0,2.5074726e-07
0,0,6.475701e-07
0,0,4.375662e-07
0,0,7.736559e-07
0,0,7.732591e-07
0,0,2.1425828e-06
0,0,5.86669e-07
0,0,5.524482e-06
0,0,7.2207496e-07
0,0,5.482309e-07
0,0,5.8901514e-07
0,0,3.8992843e-07
0,0,8.2393024e-07
0,0,2.62829e-07
0,0,3.0347218e-07
0,0,9.3327196e-07
0,0,3.0166356e-07
0,0,4.291123e-07
0,0,8.8809264e-07
0,0,8.2833594e-07
0,0,6.7109244e-07
0,0,6.6149636e-07
0,0,9.680903e-07
0,0,3.2370303e-06
0,0,2.5474503e-07
0,0,3.0519996e-07
0,0,5.0225754e-07
0,0,3.1442082e-07
0,0,3.762927e-07
0,0,1.2451927e-06
0,0,1.3976276e-06
0,0,6.9975425e-07
0,0,1.0683985e-06
0,0,2.926295e-07
0,0,4.394179e-07
0,0,8.4667596e-07
0,0,2.0124116e-06
0,0,1.7976721e-07
0,0,5.4481444e-07
0,0,4.5730332e-07
0,0,1.1058689e-06
0,0,2.2360862e-06
0,0,1.5961451e-06
0,0,2.0694296e-07
0,0,5.4479466e-07
0,0,6.201059e-07
0,0,2.1776814e-06
0,0,6.851108e-07
0,0,5.033998e-07
0,0,2.8164672e-07
0,0,4.394426e-07
0,0,6.9821175e-07
0,0,1.3661631e-07
0,0,2.7642483e-05
0,0,3.8890565e-07
0,0,1.2720923e-06
0,0,1.6348851e-07
0,0,3.9688257e-07
0,0,1.2763539e-06
0,0,4.659867e-07
0,0,4.4479143e-07
0,0,7.832056e-07
0,0,5.340847e-07
0,0,4.0720633e-07
0,0,1.1979116e-06
0,0,2.0549513e-07
0,0,1.5067833e-07
0,0,7.311316e-07
0,0,4.0072158e-07
0,0,2.7543138e-07
0,0,3.1715865e-07
0,0,1.8091813e-06
0,0,4.8558667e-07
0,0,0.0027507348
0,0,7.0118784e-07
0,0,9.1171835e-08
0,0,2.3310064e-07
0,0,2.2767795e-06
0,0,4.314402e-07
0,0,6.127049e-07
0,0,5.2250886e-07
0,0,3.3471932e-07
0,0,2.5041388e-07
0,0,5.794875e-07
0,0,4.4225567e-07
0,0,6.610183e-07
0,0,1.6089875e-06
0,0,1.1888966e-06
0,0,8.620752e-07
0,0,2.5078265e-07
0,0,6.3070485e-07
0,0,1.1886415e-06
0,0,2.9686296e-07
0,0,4.7983235e-07
0,0,9.62283e-07
0,0,5.1457295e-07
0,0,6.081705e-07
0,0,2.270747e-06
0,0,3.332891e-07
0,0,7.7899386e-07
0,0,1.066263e-06
0,0,3.076682e-07
0,0,3.3705578e-07
0,0,8.5647173e-07
0,0,7.703862e-07
0,0,7.359887e-07
0,0,1.0859636e-06
0,0,1.2404848e-06
0,0,1.3763764e-07
0,0,5.349977e-07
0,0,7.2653785e-07
0,0,6.233242e-07
0,0,3.6237066e-07
0,0,1.4294361e-06
0,0,7.053589e-07
0,0,8.624115e-07
0,0,1.542598e-06
0,0,4.8597906e-07
0,0,1.1891109e-06
0,0,2.5886231e-07
0,0,9.114112e-07
0,0,1.6675324e-06
0,0,6.41425e-07
0,0,2.4810782e-07
0,0,3.4264457e-07
0,0,1.0054918e-06
0,0,1.2644084e-06
0,0,7.193017e-07
0,0,2.889556e-07
0,0,1.1845462e-06
0,0,4.3785383e-07
0,0,6.858345e-07
0,0,1.0774838e-06
0,0,3.2754576e-07
0,0,1.9587674e-06
0,0,4.6391776e-07
0,0,3.6307773e-07
0,0,1.5917641e-07
0,0,1.5825597e-06
0,0,1.626008e-06
0,0,3.1235803e-07
0,0,1.5910219e-07
0,0,2.4392566e-06
0,0,3.2487623e-07
0,0,2.1113485e-07
0,0,1.2569807e-06
0,0,2.6759167e-07
0,0,8.3558217e-07
0,0,7.372835e-07
0,0,1.934187e-07
0,0,5.611563e-07
0,0,5.1065615e-07
0,0,1.7469856e-06
0,0,2.4592035e-07
0,0,5.1677614e-07
0,0,8.854938e-07
0,0,1.994118e-07
0,0,1.3047813e-06
0,0,1.9970086e-07
0,0,5.831731e-07
0,0,3.0760833e-07
0,0,7.053528e-07
0,0,8.0160066e-07
0,0,2.268956e-07
0,0,3.6403048e-07
0,0,1.084465e-06
0,0,6.300183e-07
0,0,4.6913212e-07
0,0,2.2765724e-07
0,0,5.028514e-07
0,0,1.7704856e-07
0,0,3.960734e-07
0,0,9.788239e-07
0,0,3.4909417e-07
0,0,8.8528276e-07
0,0,1.6590318e-06
0,0,1.292515e-07
0,0,2.4815474e-06
0,0,3.7666968e-07
0,0,7.510404e-07
0,0,8.4040767e-07
0,0,8.439624e-07
0,0,3.9652355e-07
0,0,7.9372813e-07
0,0,1.2596519e-06
0,0,1.5469454e-06
0,0,1.4325312e-06
0,0,3.248759e-07
0,0,2.7343785e-07
0,0,1.2198444e-06
0,0,2.4308704e-07
0,0,6.1990306e-07
0,0,7.434084e-07
0,0,1.1018485e-06
0,0,1.8188679e-07
0,0,2.4877315e-07
0,0,9.802383e-07
0,0,1.7139739e-07
0,0,1.9833226e-07
0,0,3.6686427e-07
0,0,1.7476556e-06
0,0,7.144191e-07
0,0,2.1230535e-07
0,0,3.091883e-07
0,0,1.7037377e-06
0,0,1.3918761e-06
0,0,7.101153e-07
0,0,1.1666209e-06
0,0,5.5825797e-07
0,0,9.306048e-07
0,0,5.598955e-06
0,0,4.678837e-07
0,0,6.6958813e-07
0,0,2.5110285e-07
0,0,2.5427462e-07
0,0,5.8550364e-07
0,0,1.08902e-06
0,0,4.8856276e-07
0,0,1.2268304e-06
0,0,1.8742256e-06
0,0,5.215266e-07
0,0,4.0470192e-07
0,0,1.1412407e-06
0,0,7.7450784e-07
0,0,4.029231e-07
0,0,4.910141e-07
0,0,6.309876e-07
0,0,7.417215e-07
0,0,1.4895342e-06
0,0,3.5965527e-07
0,0,9.115198e-07
0,0,1.0651897e-06
0,0,7.993891e-07
0,0,3.1248345e-07
0,0,1.1104438e-06
0,0,4.867142e-07
0,0,2.5881934e-07
0,0,8.819499e-07
0,0,5.152624e-07
0,0,1.2511443e-06
0,0,6.3870925e-07
0,0,1.2502795e-06
0,0,1.7888664e-07
0,0,1.2187049e-06
0,0,2.874212e-07
0,0,3.9685224e-06
0,0,1.3327243e-06
0,0,8.5296585e-07
0,0,4.0950283e-07
0,0,2.3650584e-07
0,0,6.2981286e-07
0,0,2.3459775e-07
0,0,2.9921495e-07
0,0,7.808631e-07
0,0,5.519087e-07
0,0,1.3379301e-06
0,0,4.3702866e-07
0,0,2.7348742e-07
0,0,9.869385e-07
0,0,1.5963582e-06
0,0,2.621701e-07
0,0,2.085019e-06
0,0,6.5857625e-07
0,0,8.160937e-07
0,0,1.9157314e-06
0,0,1.2239404e-06
0,0,3.3939884e-07
0,0,6.234615e-07
0,0,5.851207e-07
0,0,2.82371e-07
0,0,2.39152e-07
0,0,7.1243716e-07
0,0,0.01726269
0,0,3.1318336e-07
0,0,5.9100313e-07
0,0,5.598911e-07
0,0,1.0814338e-06
0,0,3.1058676e-07
0,0,3.4353585e-07
0,0,8.3533763e-07
0,0,3.8566796e-07
0,0,2.0598616e-06
0,0,3.8614604e-07
0,0,3.4156332e-07
0,0,2.4959775e-07
0,0,9.196963e-07
0,0,1.9913882e-06
0,0,5.4907906e-07
0,0,2.1036327e-07
0,0,0.0032460592
0,0,2.148237e-07
0,0,1.0008098e-06
0,0,7.7015557e-07
0,0,1.4897075e-06
0,0,7.5223534e-07
0,0,9.102281e-07
0,0,1.252325e-06
0,0,1.1875402e-06
0,0,1.5890507e-07
0,0,1.5334396e-06
0,0,5.0775265e-07
0,0,3.3416404e-07
0,0,1.1252405e-06
0,0,2.8249838e-07
0,0,2.3841943e-07
0,0,2.4720774e-07
0,0,9.1524186e-07
0,0,3.8445506e-07
0,0,4.5322645e-07
0,0,6.3865565e-07
0,0,8.4659683e-07
0,0,2.1092737e-07
0,0,3.3711237e-07
0,0,4.1722566e-07
0,0,4.4651568e-07
0,0,6.5184224e-07
0,0,2.3053776e-06
0,0,1.1399168e-06
0,0,1.7636233e-06
0,0,1.1409055e-06
0,0,8.0364515e-07
0,0,7.8156425e-08
0,0,5.1453713e-07
0,0,1.136179e-06
0,0,1.6994213e-07
0,0,5.5763275e-07
0,0,7.585625e-07
0,0,1.76467e-07
0,0,2.949536e-07
0,0,2.8598353e-07
0,0,1.7789499e-07
0,0,6.706484e-07
0,0,3.1805098e-07
0,0,2.1738301e-06
0,0,3.6039174e-07
0,0,1.2202865e-06
0,0,1.3035364e-06
0,0,1.3025807e-06
0,0,1.8708653e-07
0,0,5.22457e-07
0,0,1.0767299e-06
0,0,1.1307925e-06
0,0,6.306645e-07
0,0,9.861876e-07
0,0,9.184499e-07
0,0,1.2714382e-07
0,0,9.063561e-07
0,0,1.8598018e-06
0,0,9.110809e-07
0,0,3.504177e-07
0,0,2.8646804e-07
0,0,7.369053e-07
0,0,6.5565973e-07
0,0,2.9829727e-07
0,0,1.2545592e-06
0,0,3.8768403e-07
0,0,5.242133e-07
0,0,1.1627789e-06
0,0,1.3299691e-06
0,0,3.1315022e-07
0,0,9.345741e-07
0,0,4.785916e-07
0,0,2.263801e-07
0,0,6.859941e-07
0,0,8.989812e-07
0,0,3.3388628e-07
0,0,4.998059e-07
0,0,1.0720949e-07
0,0,8.157622e-07
0,0,8.1131344e-07
0,0,5.4655516e-07
0,0,3.5684417e-07
0,0,1.6647614e-06
0,0,4.0571823e-07
0,0,9.767128e-07
0,0,5.292693e-07
0,0,8.40055e-07
0,0,2.0792159e-07
0,0,3.3253954e-07
0,0,2.8822407e-07
0,0,1.0739128e-06
0,0,2.2996814e-05
0,0,9.4725766e-07
0,0,2.4790872e-06
0,0,7.1046816e-07
0,0,5.526466e-07
0,0,9.2757097e-07
0,0,4.5965926e-06
0,0,6.975928e-07
0,0,2.548787e-06
0,0,1.2986997e-06
0,0,4.0398967e-07
0,0,4.9835796e-07
0,0,5.723142e-07
0,0,2.164097e-07
0,0,2.5445102e-06
0,0,7.975121e-07
0,0,2.0496736e-06
0,0,4.071648e-07
0,0,1.1251053e-06
0,0,1.2284344e-06
0,0,3.49786e-07
0,0,6.097118e-07
0,0,2.1308323e-07
0,0,6.208029e-07
0,0,3.1027503e-07
0,0,3.2416563e-07
0,0,1.4685279e-06
0,0,5.0500483e-07
0,0,1.396655e-06
0,0,1.6927007e-07
0,0,1.7201704e-07
0,0,3.982194e-07
0,0,6.1601816e-07
0,0,7.860858e-07
0,0,8.419961e-07
0,0,1.2429929e-06
0,0,1.2057847e-06
0,0,9.916618e-08
0,0,7.3190665e-07
0,0,7.1153545e-07
0,0,5.000351e-06
0,0,3.6834652e-07
0,0,1.3249407e-06
0,0,3.514063e-07
0,0,9.027821e-07
0,0,1.4449113e-06
0,0,2.7215657e-07
0,0,5.2063456e-07
0,0,6.287398e-07
0,0,2.51202e-07
0,0,2.5028044e-07
0,0,6.925028e-07
0,0,4.166694e-07
0,0,1.7676595e-06
0,0,2.7051522e-07
0,0,6.8089196e-07
0,0,6.893828e-07
0,0,3.5161247e-07
0,0,2.8373879e-07
0,0,4.4004078e-06
0,0,2.8398617e-06
0,0,7.4582636e-07
0,0,1.0165276e-06
0,0,2.3089105e-07
0,0,1.5771764e-06
1,0,0.27868032
0,0,3.6466392e-07
0,0,9.998272e-07
0,0,2.1425521e-06
0,0,1.3947435e-06
0,0,4.9793994e-07
0,0,3.6559052e-07
0,0,6.0197084e-07
0,0,2.1735991e-07
0,0,2.8481887e-07
0,0,7.894116e-07
0,0,7.1419225e-07
0,0,9.85319e-07
0,0,4.1893898e-07
0,0,1.3821486e-06
0,0,2.0679965e-06
0,0,8.336886e-07
0,0,1.9151165e-07
0,0,8.0653666e-07
0,0,2.2060983e-07
0,0,4.8777366e-07
0,0,1.1089369e-06
0,0,2.2930592e-06
0,0,2.132349e-07
0,0,2.7584724e-07
0,0,1.4286277e-07
0,0,6.373633e-07
0,0,1.1676372e-06
0,0,6.533478e-07
0,0,6.3056893e-07
0,0,7.591075e-07
0,0,1.6591806e-06
0,0,9.034737e-07
0,0,2.4772766e-07
0,0,2.8572754e-07
0,0,1.7382773e-06
0,0,1.227796e-06
0,0,8.865424e-07
0,0,1.5719687e-07
0,0,1.3778278e-07
0,0,2.724425e-07
0,0,5.8557123e-07
0,0,1.5071225e-06
0,0,7.3313197e-07
0,0,4.5662216e-07
0,0,5.2109335e-06
0,0,6.389797e-07
0,0,4.7718333e-07
0,0,5.8693087e-07
0,0,5.589878e-07
0,0,1.1007143e-06
0,0,3.3511444e-07
0,0,2.1509595e-07
0,0,6.753742e-07
0,0,3.7046624e-07
0,0,6.4872165e-07
0,0,1.6437886e-06
0,0,1.6305734e-06
0,0,3.4727785e-07
0,0,3.7931162e-07
0,0,2.8496206e-07
0,0,4.010102e-07
0,0,1.2933428e-06
0,0,1.1342713e-06
0,0,4.6163953e-07
0,0,4.1815818e-07
0,0,3.5363018e-07
0,0,5.866959e-07
0,0,5.21963e-07
0,0,6.569522e-07
0,0,9.709622e-07
0,0,5.6711247e-07
0,0,4.430114e-06
0,0,4.684217e-07
0,0,4.0684145e-07
0,0,1.6542416e-06
0,0,5.003896e-07
0,0,2.3911352e-06
0,0,4.4480794e-07
0,0,8.02997e-07
0,0,5.914886e-07
0,0,7.19745e-07
0,0,7.0929156e-07
0,0,0.083372675
0,0,5.540245e-07
0,0,3.517483e-07
0,0,8.957293e-07
0,0,4.169158e-07
0,0,6.119907e-07
0,0,5.132389e-07
0,0,6.696469e-07
0,0,6.3913336e-07
0,0,1.9959596e-07
0,0,1.3577559e-06
0,0,5.174631e-07
0,0,6.064642e-07
0,0,4.510356e-07
0,0,3.3955814e-07
0,0,2.7224536e-07
0,0,1.3534366e-06
0,0,4.8357407e-07
0,0,1.6833571e-06
0,0,2.4336958e-07
0,0,1.5483697e-06
0,0,9.3330846e-07
0,0,4.503363e-07
0,0,2.9389307e-07
0,0,5.228064e-07
0,0,5.140922e-07
0,0,5.8768643e-07
0,0,1.4896664e-06
0,0,1.7727561e-06
0,0,1.2729454e-06
0,0,1.0856166e-06
0,0,2.7862944e-07
0,0,2.9050286e-06
0,0,1.7099723e-06
0,0,2.4967323e-07
0,0,7.962953e-07
0,0,2.4556294e-07
0,0,1.6754933e-07
0,0,2.5087473e-07
0,0,2.2347272e-07
0,0,1.0392414e-06
0,0,7.830765e-07
0,0,2.782667e-07
0,0,6.1856133e-07
0,0,4.7267585e-07
0,0,6.746635e-07
0,0,4.5404065e-07
0,0,6.597776e-07
0,0,7.0809324e-07
0,0,4.7286113e-07
0,0,6.728002e-07
0,0,2.0727787e-06
0,0,4.478172e-07
0,0,1.6024381e-06
0,0,4.499439e-07
0,0,7.7610565e-07
0,0,2.3685502e-07
0,0,3.8290068e-07
0,0,1.591951e-06
0,0,2.3081996e-07
0,0,7.387657e-07
0,0,5.968404e-06
0,0,4.087662e-07
0,0,2.60352e-06
0,0,6.859875e-07
0,0,4.7318144e-07
0,0,4.6556963e-07
0,0,9.783386e-07
0,0,9.810602e-07
0,0,1.7881669e-06
0,0,1.5589846e-06
0,0,1.8007228e-06
0,0,5.48563e-07
0,0,2.773918e-07
0,0,3.251335e-07
0,0,1.2156416e-06
0,0,2.1611118e-06
0,0,4.847575e-07
0,0,3.300672e-07
0,0,3.4211297e-07
0,0,8.1908235e-07
0,0,1.1063701e-06
0,0,7.230266e-07
0,0,4.3363386e-07
0,0,3.866531e-07
0,0,8.09735e-07
0,0,2.9728082e-07
0,0,2.2941083e-07
0,0,4.5136517e-07
0,0,7.310709e-07
0,0,4.86394e-07
0,0,5.5925176e-07
0,0,3.0430733e-06
0,0,1.1891494e-06
0,0,1.2587593e-07
0,0,1.1416336e-06
0,0,1.9909287e-06
0,0,1.6126684e-06
0,0,1.7811003e-06
0,0,4.2524215e-07
0,0,1.6259754e-06
0,0,4.2207859e-07
0,0,6.278632e-07
0,0,4.654515e-07
0,0,2.5423122e-07
0,0,1.0776904e-06
0,0,6.694579e-07
0,0,7.209327e-07
0,0,6.977452e-07
0,0,2.4448273e-06
0,0,5.1696884e-07
0,0,1.9861977e-07
0,0,3.004299e-07
0,0,4.7013265e-07
0,0,2.1515245e-06
0,0,5.4472923e-07
0,0,1.8408238e-06
0,0,5.2892397e-06
0,0,3.9398483e-07
0,0,5.222782e-07
0,0,5.3144976e-07
0,0,7.430887e-07
0,0,5.124207e-07
0,0,4.867745e-07
0,0,2.5282526e-07
0,0,6.448474e-07
0,0,3.671208e-07
0,0,4.5338032e-07
0,0,2.9919326e-07
0,0,2.1558646e-06
0,0,4.9079034e-07
0,0,1.1002935e-06
0,0,3.5789284e-07
0,0,1.7957292e-07
0,0,1.6469801e-06
0,0,1.4412286e-06
0,0,3.9564267e-07
0,0,9.12051e-07
0,0,1.110033e-06
0,0,5.034934e-07
0,0,4.3945352e-07
0,0,4.973163e-07
0,0,2.7346914e-07
0,0,4.0786978e-07
0,0,5.458556e-07
0,0,1.7526175e-06
0,0,8.0160066e-07
0,0,4.5811967e-06
0,0,9.963272e-07
0,0,2.4224028e-07
0,0,4.5779203e-07
0,0,4.81658e-07
0,0,2.9436255e-06
0,0,9.011796e-07
0,0,1.2487234e-06
0,0,3.0200292e-07
0,0,7.167311e-07
0,0,4.4792867e-07
0,0,4.0557936e-07
0,0,3.5097164e-06
0,0,3.5020523e-07
0,0,1.0081735e-06
0,0,7.191769e-07
0,0,2.2728766e-06
0,0,3.1925134e-07
0,0,3.7755333e-07
0,0,4.9524897e-07
0,0,4.2259978e-07
0,0,4.0739243e-07
0,0,1.2291738e-06
0,0,4.9348523e-07
0,0,3.366054e-07
0,0,7.774257e-07
0,0,1.631824e-07
0,0,9.2250286e-07
0,0,6.045327e-07
0,0,1.1583826e-06
0,0,5.9609357e-07
0,0,9.201077e-07
0,0,5.746424e-07
0,0,8.326866e-07
0,0,1.7331292e-06
0,0,9.2292174e-07
0,0,5.14757e-07
0,0,4.9969435e-07
0,0,5.707744e-07
0,0,4.3438217e-07
0,0,9.692219e-07
0,0,1.8232561e-06
0,0,7.813413e-07
0,0,5.33857e-07
0,0,2.5138968e-07
0,0,1.0950844e-06
0,0,8.4078357e-07
0,0,1.0457873e-06
0,0,9.2223286e-07
0,0,2.1980632e-07
0,0,9.4691984e-07
0,0,3.0394895e-07
0,0,2.4995794e-07
0,0,6.544066e-07
0,0,1.5406281e-06
0,0,1.8339443e-06
1,0,0.22875677
0,0,3.613995e-07
0,0,4.6184653e-07
0,0,4.0771852e-07
0,0,2.937793e-07
0,0,2.0198996e-07
0,0,6.6796883e-07
0,0,6.9659495e-07
0,0,7.900586e-07
0,0,9.489612e-07
0,0,9.1695244e-07
0,0,4.802151e-07
0,0,7.531979e-07
0,0,0.0001385752
0,0,1.1684425e-06
0,0,1.4578725e-06
0,0,4.710158e-07
0,0,1.3402748e-06
0,0,3.4585005e-07
0,0,4.7595438e-07
0,0,5.088948e-07
0,0,4.110915e-07
0,0,3.899135e-07
0,0,1.7651275e-06
0,0,2.9935302e-06
0,0,2.1394283e-06
0,0,4.3724333e-07
0,0,4.0080832e-07
0,0,4.7771516e-07
0,0,7.4025945e-07
0,0,4.985325e-07
0,0,5.663315e-07
0,0,5.515336e-07
0,0,1.790551e-07
0,0,0.0029205766
0,0,6.888241e-07
0,0,1.9565755e-06
0,0,6.3857465e-07
0,0,5.806492e-07
0,0,6.41406e-07
0,0,3.9929216e-07
0,0,9.990922e-07
0,0,9.992591e-07
0,0,9.982314e-07
0,0,2.643511e-06
0,0,7.9756455e-07
0,0,1.2098126e-06
0,0,3.4728248e-07
0,0,1.204764e-06
0,0,4.941516e-07
0,0,3.2015626e-07
0,0,1.7750078e-06
0,0,1.9840313e-06
0,0,5.655419e-07
0,0,9.3444584e-07
0,0,4.988121e-07
0,0,2.6744294e-07
0,0,8.089925e-07
0,0,1.9096208e-06
0,0,3.5061225e-07
0,0,1.6824456e-06
0,0,5.267245e-07
0,0,2.004073e-06
0,0,0.105745
0,0,1.233187e-06
0,0,6.971844e-07
0,0,4.5215547e-06
0,0,8.580651e-07
0,0,3.6944695e-07
0,0,2.4614795e-07
0,0,6.073811e-07
0,0,3.6716946e-07
0,0,1.689459e-06
0,0,2.2276702e-06
0,0,3.9304962e-07
0,0,9.4136266e-07
0,0,4.878453e-07
0,0,2.5444152e-07
0,0,5.1402753e-07
0,0,6.9105795e-07
0,0,1.8124919e-06
0,0,9.898209e-07
0,0,6.336681e-08
0,0,1.3100855e-06
0,0,4.7522278e-07
0,0,8.5889445e-07
0,0,9.994601e-07
0,0,3.5286612e-07
0,0,2.830836e-07
0,0,2.8187782e-07
0,0,8.416685e-07
0,0,1.7779254e-07
0,0,7.3915345e-08
0,0,2.8492076e-07
0,0,1.2212727e-06
0,0,5.556023e-07
0,0,6.005654e-07
0,0,1.4683374e-06
0,0,6.1671415e-07
0,0,4.5690834e-07
0,0,1.346274e-06
0,0,2.0256599e-07
0,0,4.7487438e-07
0,0,2.921964e-07
0,0,8.734098e-07
0,0,2.3575053e-07
0,0,1.1008203e-06
0,0,2.2983859e-06
0,0,2.5620662e-07
0,0,2.463189e-07
0,0,6.1891774e-07
0,0,1.1749537e-06
0,0,6.8331633e-07
0,0,1.859928e-07
0,0,3.1694427e-07
0,0,3.0874043e-07
0,0,2.6396614e-07
0,0,3.6896458e-07
0,0,1.044392e-06
0,0,1.558075e-06
0,0,4.7261906e-07
0,0,2.870954e-06
0,0,5.075542e-07
0,0,4.980392e-07
0,0,1.9634954e-06
0,0,1.6945887e-06
0,0,2.4984715e-06
0,0,3.1632678e-07
0,0,1.3660683e-06
0,0,3.7091309e-07
0,0,7.4638206e-07
0,0,8.504771e-07
0,0,3.866129e-07
0,0,1.1862091e-06
0,0,1.6854841e-07
0,0,1.3221133e-06
0,0,4.874472e-07
0,0,8.5526693e-07
0,0,8.3292406e-07
0,0,3.9981077e-07
0,0,6.7912026e-07
0,0,6.914588e-07
0,0,9.2328975e-07
0,0,7.845812e-07
0,0,6.0750966e-07
0,0,5.651537e-07
0,0,7.4002793e-07
0,0,4.8249984e-07
0,0,5.946905e-07
0,0,4.140266e-07
0,0,6.611696e-07
0,0,1.3986316e-06
0,0,4.4084626e-07
0,0,5.252998e-07
0,0,4.430607e-07
0,0,2.97622e-06
0,0,5.5820414e-07
0,0,2.4629098e-06
0,0,3.7972606e-07
0,0,2.9752871e-07
0,0,5.774161e-07
0,0,4.5403584e-07
0,0,7.583123e-07
0,0,2.0113102e-06
0,0,9.082181e-07
0,0,1.5998393e-06
0,0,5.022374e-07
0,0,2.6188445e-07
0,0,3.9786107e-07
0,0,0.090993024
0,0,2.736194e-07
0,0,4.7057583e-07
0,0,1.0117903e-06
0,0,1.3540908e-07
0,0,1.9901756e-07
0,0,4.685012e-07
0,0,2.3729974e-07
0,0,2.6693763e-07
0,0,1.9441952e-06
0,0,1.2548583e-06
0,0,6.299648e-07
0,0,1.0721413e-06
0,0,6.120392e-07
0,0,1.5812216e-06
0,0,6.675116e-07
0,0,7.428039e-07
0,0,5.2209737e-07
0,0,2.0108124e-07
0,0,1.8388357e-06
0,0,4.6441264e-07
0,0,1.1188e-06
0,0,7.4449105e-07
0,0,2.0443217e-07
0,0,7.8340213e-07
0,0,1.5008703e-06
0,0,3.0685504e-07
0,0,1.2677965e-06
0,0,1.13087935e-07
0,0,2.873091e-07
0,0,4.898719e-07
0,0,2.8328967e-07
0,0,5.502459e-07
0,0,4.351436e-06
0,0,1.9645593e-06
0,0,5.4675274e-07
0,0,1.7818803e-06
0,0,9.969013e-07
0,0,2.3734574e-06
0,0,3.5558415e-07
0,0,5.495946e-07
0,0,3.7985643e-07
0,0,1.1356568e-06
0,0,4.2208947e-07
0,0,2.8470348e-07
0,0,1.5797068e-06
0,0,1.4309569e-06
0,0,5.806492e-07
0,0,7.0140186e-07
0,0,1.6494717e-07
0,0,4.9027943e-07
0,0,1.159562e-06
0,0,1.0705536e-06
0,0,1.3493691e-06
0,0,8.958198e-07
0,0,4.309003e-07
0,0,6.61731e-07
0,0,5.3680435e-07
0,0,3.8770764e-07
0,0,9.997585e-07
0,0,1.3423471e-06
0,0,1.6554348e-07
0,0,2.527023e-07
0,0,1.2976757e-06
0,0,5.5271937e-07
0,0,5.8192643e-07
0,0,2.9389474e-07
0,0,5.0932744e-07
0,0,3.745616e-07
0,0,7.688698e-07
0,0,5.073504e-07
0,0,2.7026585e-06
0,0,1.0389093e-06
0,0,5.3073916e-07
0,0,1.7000487e-07
0,0,4.2917006e-07
0,0,5.5008485e-07
0,0,4.9508185e-07
0,0,0.14015868
0,0,5.984454e-07
0,0,3.65427e-07
0,0,7.9705967e-07
0,0,1.0558879e-06
0,0,4.95087e-07
0,0,8.167157e-07
0,0,8.497936e-07
0,0,3.7103266e-07
0,0,1.7805705e-06
0,0,2.539545e-07
0,0,8.547818e-07
0,0,4.117412e-07
0,0,1.8009686e-07
0,0,3.6050517e-07
0,0,9.251292e-07
0,0,2.2464368e-07
0,0,2.4001156e-07
0,0,2.1681564e-07
0,0,4.605758e-07
0,0,5.458249e-07
0,0,2.4268957e-07
0,0,1.119924e-06
0,0,5.113799e-07
0,0,5.094075e-07
0,0,2.3918327e-07
0,0,1.22107e-06
0,0,2.4827165e-07
0,0,5.226917e-07
0,0,3.6036803e-07
0,0,7.155776e-07
0,0,1.2028268e-07
0,0,5.446248e-07
0,0,1.3116453e-07
0,0,5.887523e-07
0,0,8.39717e-07
0,0,9.055828e-07
0,0,3.8901953e-07
0,0,4.470342e-07
0,0,4.948076e-07
0,0,1.5387646e-07
0,0,4.0478565e-07
0,0,1.6132574e-06
0,0,8.7204074e-07
0,0,9.660373e-07
0,0,5.449019e-06
0,0,1.6904922e-07
0,0,2.1881601e-07
0,0,5.868783e-06
0,0,2.6475425e-07
0,0,3.5412862e-07
0,0,5.5389984e-07
0,0,3.6565572e-07
0,0,4.1567046e-07
0,0,2.9293943e-07
0,0,1.5350535e-06
0,0,4.2706165e-07
0,0,1.7248125e-06
0,0,4.3507208e-07
0,0,1.2657584e-06
0,0,2.8260317e-06
0,0,1.4932947e-07
0,0,5.923342e-07
0,0,4.9775235e-07
0,0,6.1489476e-07
0,0,1.3591274e-07
0,0,2.5897962e-06
0,0,3.6007089e-07
0,0,4.558599e-07
0,0,1.6074155e-06
0,0,8.266629e-07
0,0,1.0967734e-06
0,0,7.776615e-07
0,0,7.8900297e-07
0,0,1.1304539e-06
0,0,4.769231e-07
0,0,3.4289036e-07
0,0,3.3513618e-07
0,0,2.6416358e-06
0,0,7.904158e-07
0,0,2.206539e-06
0,0,3.6445044e-07
0,0,4.111452e-07
0,0,8.6061056e-07
0,0,8.1387935e-07
0,0,1.6850147e-06
0,0,3.2913331e-07
0,0,8.881502e-07
0,0,9.771264e-07
0,0,3.8616852e-07
0,0,1.6432508e-06
0,0,9.2553955e-07
0,0,5.452167e-07
0,0,6.149217e-07
0,0,6.286187e-07
0,0,2.3705387e-07
0,0,1.5216543e-06
0,0,6.494521e-07
0,0,1.2605664e-06
0,0,2.8678646e-06
0,0,3.455787e-07
0,0,7.653364e-07
0,0,1.8168339e-06
0,0,1.23784e-06
0,0,3.9882863e-07
0,0,9.079644e-07
0,0,3.779507e-07
0,0,2.3136539e-07
0,0,2.2815627e-07
0,0,1.7367364e-07
0,0,7.0507303e-07
0,0,2.7527068e-07
0,0,8.1109374e-07
0,0,2.425077e-07
0,0,5.8092115e-07
0,0,1.3044255e-06
0,0,3.1743704e-07
0,0,7.6587816e-07
0,0,4.295017e-07
0,0,1.9429132e-07
0,0,6.623814e-07
0,0,3.328457e-07
0,0,2.6298693e-07
0,0,1.7000567e-06
0,0,3.5176708e-07
0,0,3.8359107e-07
0,0,1.1644456e-06
0,0,7.117784e-07
0,0,5.10058e-07
0,0,1.1445486e-06
0,0,1.0603228e-06
0,0,2.2716038e-07
0,0,1.5596552e-07
0,0,4.696111e-06
0,0,2.9004062e-07
0,0,6.2712473e-07
0,0,4.3993214e-06
0,0,9.301017e-07
0,0,1.1895362e-06
0,0,1.4071849e-06
0,0,1.5469528e-06
0,0,2.7482238e-07
0,0,1.8833223e-06
0,0,1.4715841e-06
0,0,2.8985838e-07
0,0,3.2937538e-07
0,0,1.0337317e-06
0,0,7.0131955e-07
0,0,1.7531977e-06
0,0,1.1352843e-06
0,0,8.836396e-07
0,0,4.6984664e-07
0,0,3.047474e-07
0,0,7.537203e-07
0,0,3.8523862e-07
0,0,6.174692e-07
0,0,4.0257856e-07
0,0,5.3491914e-07
0,0,7.2129995e-07
0,0,2.6318266e-06
0,0,6.1405734e-07
0,0,7.5549787e-07
0,0,7.0694614e-07
0,0,1.5624347e-06
0,0,9.851415e-07
0,0,6.9950806e-07
0,0,2.0589973e-06
0,0,1.6796897e-06
0,0,8.0702597e-07
0,0,7.0863973e-07
0,0,8.720191e-07
0,0,5.283983e-07
0,0,2.604839e-07
0,0,7.433616e-07
0,0,6.918809e-07
0,0,1.4669196e-06
0,0,1.1931595e-06
0,0,4.7923515e-07
0,0,4.0041252e-07
0,0,3.2611788e-07
0,0,2.2485508e-06
0,0,3.562413e-07
0,0,7.286244e-07
0,0,2.7543402e-07
0,0,6.611866e-07
0,0,2.9379163e-07
0,0,1.1855633e-06
0,0,5.3728274e-07
0,0,6.5410774e-07
0,0,7.0085025e-07
0,0,7.2997227e-07
0,0,6.137494e-07
0,0,4.978051e-07
0,0,8.5024595e-07
0,0,1.4330395e-06
0,0,5.7260957e-07
0,0,2.9266886e-07
0,0,4.577571e-07
0,0,1.8455645e-06
0,0,3.2737182e-07
0,0,1.0406408e-06
0,0,6.2139816e-07
0,0,1.9450395e-07
0,0,5.542496e-07
0,0,7.711286e-07
0,0,1.6010434e-07
0,0,1.2321349e-06
0,0,2.251535e-07
0,0,3.4134516e-07
0,0,1.7567443e-06
0,0,3.1919046e-07
0,0,4.0335792e-07
0,0,1.0344486e-06
0,0,3.0223285e-07
0,0,3.2971607e-07
0,0,7.500376e-07
0,0,6.538458e-07
0,0,1.3035786e-06
0,0,6.30109e-07
0,0,1.5051431e-07
0,0,8.5092404e-07
0,0,5.344413e-07
0,0,2.46388e-06
0,0,8.633126e-07
0,0,2.5019187e-07
0,0,7.604429e-07
0,0,4.11069e-06
0,0,1.2478139e-06
0,0,6.204454e-07
0,0,2.4506113e-07
0,0,9.35647e-07
0,0,3.2119664e-07
0,0,1.3499636e-07
0,0,1.5085491e-06
0,0,1.6976329e-06
0,0,3.63289e-07
0,0,5.904696e-07
0,0,1.5067559e-07
0,0,4.1645765e-07
0,0,7.127558e-07
0,0,3.9964343e-07
0,0,2.9684957e-06
0,0,6.5538154e-07
0,0,4.3707573e-07
0,0,2.7834128e-07
0,0,9.463249e-07
0,0,8.534516e-07
0,0,1.4608213e-07
0,0,2.7444315e-07
0,0,3.529287e-07
0,0,3.4756054e-06
0,0,4.3023752e-07
0,0,2.9935254e-07
0,0,7.859472e-07
0,0,1.1790114e-06
0,0,7.43385e-07
0,0,3.29144e-07
0,0,2.3822083e-06
0,0,7.8457145e-07
0,0,8.601979e-07
0,0,8.0283166e-07
0,0,4.340559e-07
0,0,1.1268127e-06
0,0,4.636051e-07
0,0,6.5527155e-07
0,0,8.003922e-07
0,0,1.9094223e-06
0,0,4.1460385e-07
0,0,1.0562746e-06
0,0,3.8806388e-07
0,0,2.9200976e-07
0,0,7.2746974e-07
0,0,6.847163e-07
0,0,2.3266896e-06
0,0,3.54994e-06
0,0,4.3797075e-07
0,0,1.8914585e-07
0,0,1.1657012e-06
0,0,1.1050688e-06
0,0,5.0207984e-07
0,0,5.213361e-07
0,0,2.5415486e-07
0,0,2.8003117e-07
0,0,1.0158966e-06
0,0,3.3070492e-07
0,0,9.098054e-07
0,0,2.0936927e-06
0,0,3.7597812e-07
0,0,4.2988935e-07
0,0,6.450442e-07
0,0,2.069938e-06
0,0,9.427785e-07
0,0,1.109634e-06
0,0,3.741949e-07
0,0,1.2633923e-06
0,0,2.1211085e-07
0,0,5.7224435e-07
0,0,4.581947e-07
0,0,9.2157075e-07
0,0,1.6255646e-07
0,0,5.7889866e-07
0,0,8.281409e-07
0,0,1.1352973e-06
0,0,4.210775e-07
0,0,3.644414e-07
0,0,3.0430073e-07
0,0,4.132672e-07
0,0,1.6080303e-06
0,0,9.562024e-07
0,0,4.6694316e-07
0,0,8.9875056e-07
0,0,4.3580377e-07
0,0,2.3239679e-07
0,0,1.6247556e-07
0,0,1.6594466e-07
0,0,4.6605825e-07
0,0,4.945316e-07
0,0,7.281712e-06
0,0,4.4092027e-07
0,0,2.68903e-07
0,0,7.402143e-07
0,0,1.8709702e-06
0,0,1.8341245e-06
0,0,1.256343e-06
0,0,4.0629362e-07
0,0,7.210152e-07
0,0,4.598578e-07
0,0,1.985781e-07
0,0,2.8763122e-07
0,0,2.003103e-07
0,0,3.575544e-07
0,0,4.2756452e-07
0,0,8.562912e-07
0,0,2.466859e-06
0,0,2.0499474e-06
0,0,4.4361374e-07
0,0,1.4413496e-06
0,0,4.5670708e-07
0,0,8.1813687e-07
0,0,3.4273802e-07
0,0,1.5490152e-06
0,0,6.4020577e-07
0,0,3.7827016e-07
0,0,5.7498556e-07
0,0,1.1212032e-06
0,0,1.0061641e-06
0,0,8.832276e-07
0,0,4.0459193e-07
0,0,1.8705798e-07
0,0,3.0602158e-07
0,0,3.772758e-07
0,0,1.6146504e-06
0,0,9.656275e-07
0,0,1.4275847e-06
0,0,1.7444785e-07
0,0,2.364675e-07
0,0,5.805883e-07
0,0,3.8128425e-07
0,0,2.264616e-06
0,0,4.510244e-07
0,0,9.4883984e-07
0,0,1.0710969e-06
0,0,1.2690001e-06
0,0,3.666782e-07
0,0,8.282846e-07
0,0,3.7567918e-07
0,0,2.7534995e-06
0,0,3.9182095e-07
0,0,2.5880306e-07
0,0,4.4072098e-07
0,0,8.6525034e-07
0,0,3.684477e-07
0,0,2.9476462e-07
0,0,3.5656726e-07
0,0,1.2632718e-06
0,0,4.944486e-07
0,0,6.6407335e-07
0,0,4.5928934e-07
0,0,4.7267133e-07
0,0,6.272617e-07
0,0,1.091479e-06
0,0,9.115876e-07
0,0,1.6635155e-07
0,0,3.3643855e-07
0,0,4.4004736e-07
0,0,2.977825e-07
0,0,6.52537e-07
0,0,5.548504e-07
0,0,5.6866844e-07
0,0,2.9772798e-07
0,0,3.8771395e-07
0,0,4.2314463e-07
0,0,3.7097357e-07
0,0,1.3472013e-06
0,0,2.943227e-06
0,0,4.583442e-07
0,0,2.5350587e-07
0,0,1.4460983e-06
0,0,2.8317623e-07
0,0,3.3929498e-07
0,0,8.0533226e-07
0,0,2.9093258e-06
0,0,7.4320144e-07
0,0,1.9490517e-06
0,0,1.9612833e-06
0,0,1.1011731e-06
0,0,9.274861e-07
0,0,2.9887585e-07
0,0,2.1675652e-07
0,0,1.0472924e-06
0,0,3.9722147e-07
0,0,1.0699138e-06
0,0,1.70694e-06
0,0,5.276767e-07
0,0,3.6849337e-07
0,0,6.016001e-07
0,0,4.606593e-07
0,0,3.8402706e-07
0,0,2.4663416e-06
0,0,6.0109085e-07
0,0,2.4525707e-07
0,0,9.1712474e-07
0,0,1.1735897e-06
0,0,7.22939e-07
0,0,1.7748827e-07
0,0,3.6792204e-07
0,0,1.0114768e-06
0,0,5.390781e-07
0,0,3.318296e-07
0,0,5.2367466e-07
0,0,4.362691e-07
0,0,2.6984837e-06
0,0,5.624873e-07
0,0,2.9688474e-07
0,0,2.4374265e-06
0,0,6.272214e-06
0,0,1.2892839e-06
0,0,5.962618e-07
0,0,4.486756e-07
0,0,6.0553845e-07
0,0,6.5909273e-07
0,0,9.0999026e-07
0,0,1.5499579e-06
0,0,1.4942394e-06
0,0,2.7353724e-07
0,0,1.856924e-07
0,0,4.7225228e-07
0,0,8.1580964e-07
0,0,1.5736338e-06
0,0,4.8384577e-06
0,0,5.0065694e-07
0,0,1.5787791e-06
0,0,6.022e-07
0,0,4.4000916e-07
1,0,0.06597726
0,0,2.162367e-06
0,0,1.0940514e-07
0,0,7.8801486e-07
0,0,8.221289e-07
0,0,3.533234e-07
0,0,9.164908e-07
0,0,7.241721e-07
0,0,3.9857807e-07
0,0,1.1782807e-06
0,0,7.0759774e-07
0,0,2.4351216e-06
0,0,4.7128947e-07
0,0,1.1212139e-06
0,0,9.836704e-07
0,0,1.239651e-06
0,0,3.18403e-07
0,0,1.4085235e-06
0,0,3.8870135e-07
0,0,5.149156e-07
0,0,4.38277e-07
0,0,1.8197719e-07
0,0,0.21818453
0,0,8.0244047e-07
0,0,4.858562e-07
0,0,5.7880374e-07
0,0,8.603931e-07
0,0,1.5086368e-06
0,0,1.7533115e-06
0,0,1.2865964e-06
0,0,1.0492628e-06
0,0,7.3293484e-07
0,0,1.0994816e-06
0,0,7.530665e-07
0,0,1.0614064e-06
0,0,1.7221874e-06
0,0,2.3831144e-07
0,0,3.3537242e-07
0,0,1.837111e-06
0,0,3.7472452e-07
0,0,1.0298882e-06
0,0,1.4911888e-06
0,0,8.33052e-07
0,0,5.0287775e-07
0,0,6.007911e-07
0,0,5.429756e-07
0,0,7.518659e-07
0,0,6.7029544e-07
0,0,1.0054572e-06
0,0,7.2165915e-07
0,0,6.6550933e-07
0,0,6.369094e-07
0,0,3.1155713e-07
0,0,6.6206564e-07
0,0,1.1981789e-06
0,0,5.7796586e-07
0,0,7.282367e-07
0,0,6.0126395e-06
0,0,9.713159e-07
0,0,6.044445e-07
0,0,3.2443888e-06
0,0,0.07039193
0,0,2.581331e-07
0,0,4.5950884e-07
0,0,1.0684566e-06
0,0,2.9545436e-06
0,0,9.985893e-07
0,0,7.6056915e-07
0,0,4.3061274e-07
0,0,5.6720444e-07
0,0,5.8573653e-07
0,0,2.7119742e-07
0,0,3.339278e-06
0,0,3.7371314e-07
0,0,1.1253328e-06
0,0,1.656545e-06
0,0,6.6671635e-07
0,0,5.16786e-07
0,0,9.885568e-07
0,0,1.1400256e-06
0,0,1.9050049e-07
0,0,1.3800216e-06
0,0,4.2545352e-07
0,0,1.1036085e-07
0,0,6.727906e-07
0,0,8.757619e-07
0,0,4.5727145e-07
0,0,6.843742e-07
0,0,3.816928e-06
0,0,1.2492104e-06
0,0,3.5293849e-07
0,0,9.685576e-07
0,0,4.6098936e-07
0,0,2.6437402e-07
0,0,6.717506e-07
0,0,3.0843132e-06
0,0,6.0764876e-07
0,0,1.055763e-06
0,0,3.6507276e-07
0,0,2.1309279e-07
0,0,1.6553842e-06
0,0,1.1367968e-06
0,0,4.9726845e-07
0,0,3.5858568e-07
0,0,4.4323415e-06
0,0,2.7600618e-07
0,0,1.8469348e-07
0,0,1.9533952e-07
0,0,6.7932035e-07
0,0,1.1280684e-06
0,0,4.9059093e-07
0,0,4.8584604e-07
0,0,3.5365883e-07
0,0,5.0327594e-07
0,0,1.2923282e-06
0,0,4.3478255e-07
0,0,9.578351e-07
0,0,1.3966773e-07
0,0,5.7229784e-07
0,0,6.932825e-07
0,0,6.650608e-07
0,0,6.3332004e-07
0,0,6.9431997e-07
0,0,2.664013e-07
0,0,9.451128e-07
0,0,4.152817e-07
0,0,3.998882e-07
0,0,5.9229575e-07
0,0,4.2087032e-07
0,0,4.3675655e-07
0,0,1.3138916e-06
0,0,2.6570126e-07
0,0,2.5652324e-07
0,0,1.388805e-07
0,0,2.95295e-07
0,0,2.2534574e-07
0,0,3.0502063e-06
0,0,3.8415635e-07
0,0,1.525803e-06
0,0,9.998529e-07
0,0,6.9102566e-07
0,0,9.668752e-07
0,0,1.957014e-06
0,0,3.307806e-07
0,0,5.0935446e-06
0,0,4.0165284e-07
0,0,3.432339e-07
0,0,1.2550438e-06
0,0,3.3363463e-05
0,0,1.1839928e-06
0,0,1.1572526e-07
0,0,3.4993414e-07
0,0,4.4953816e-07
0,0,8.1875976e-07
0,0,1.0326803e-06
0,0,4.2424648e-07
0,0,9.684708e-07
0,0,1.6116074e-07
0,0,5.3095886e-07
0,0,4.619038e-07
0,0,7.9904993e-07
0,0,5.758049e-06
0,0,1.8528095e-07
0,0,8.5238685e-07
0,0,1.2431502e-07
0,0,1.3683416e-05
0,0,1.9622175e-07
0,0,1.9319982e-06
0,0,1.6891947e-06
0,0,2.365481e-06
0,0,7.451303e-07
0,0,4.1425764e-07
0,0,2.3747452e-07
0,0,7.138906e-07
0,0,2.649394e-07
0,0,5.419539e-07
0,0,6.191143e-07
0,0,1.0455929e-06
0,0,5.082759e-07
0,0,3.6341862e-07
0,0,5.11857e-07
0,0,2.922346e-07
0,0,6.562327e-07
0,0,5.616489e-07
0,0,1.9718495e-06
0,0,3.8225087e-07
0,0,1.4715421e-06
0,0,1.7523267e-06
0,0,7.827143e-07
0,0,3.7690685e-07
0,0,7.204434e-07
0,0,4.245614e-07
0,0,1.2916304e-07
0,0,1.4940371e-06
0,0,6.0624967e-07
0,0,8.390782e-07
0,0,6.530793e-07
0,0,1.1066734e-07
0,0,3.6752365e-07
0,0,6.99494e-07
0,0,6.027538e-07
0,0,5.1634754e-07
0,0,5.910104e-07
0,0,8.687619e-07
0,0,5.7569173e-07
0,0,7.17955e-07
0,0,3.589179e-07
0,0,4.553554e-07
0,0,6.545058e-07
0,0,4.7067053e-07
0,0,8.255994e-07
0,0,2.9608344e-07
0,0,7.388052e-07
0,0,5.4338693e-07
0,0,1.2991567e-06
0,0,6.4416696e-07
0,0,6.902735e-07
0,0,5.4258896e-07
0,0,1.00985986e-07
0,1,0.75618255
0,0,5.977695e-07
0,0,1.8774014e-07
0,0,1.5564548e-06
0,0,4.2377906e-07
0,0,3.3055733e-07
0,0,1.6606908e-06
0,0,1.01304686e-07
0,0,4.1600114e-07
0,0,8.440236e-07
0,0,5.997887e-07
0,0,5.1098107e-07
0,0,5.316089e-07
0,0,3.8034582e-07
0,0,8.003563e-07
0,0,4.128067e-07
0,0,4.4559297e-07
0,0,6.5618957e-07
0,0,5.3480335e-07
0,0,2.0252754e-07
0,0,1.1672804e-07
0,0,1.2009841e-06
0,0,3.2403335e-07
0,0,6.067726e-07
0,0,6.7841205e-07
0,0,4.2564548e-07
0,0,3.4996654e-07
0,0,3.0555457e-06
0,0,7.823099e-07
0,0,8.5934676e-07
0,0,1.3587986e-06
0,0,1.3055029e-07
0,0,2.3864442e-07
0,0,4.671645e-07
0,0,6.565338e-07
0,0,2.505847e-07
0,0,6.183437e-07
0,0,3.6350352e-07
0,0,6.839488e-07
0,0,2.9499353e-07
0,0,2.3581313e-06
0,0,4.921345e-07
0,0,2.072243e-06
0,0,1.4255331e-06
0,0,2.3029686e-07
0,0,1.6682179e-06
0,0,6.073301e-07
0,0,9.2203436e-08
0,0,2.9905284e-06
0,0,3.7936482e-07
0,0,1.008239e-06
0,0,9.2053693e-07
0,0,8.401119e-07
0,0,7.417958e-07
0,0,4.0454637e-07
0,0,2.6279565e-07
0,0,4.1198908e-07
0,0,5.7872035e-07
0,0,9.661019e-07
0,0,6.2814763e-07
0,0,7.879014e-07
0,0,2.9222226e-06
0,0,2.5420746e-07
0,0,1.7839106e-07
0,0,2.496018e-07
0,0,5.580312e-07
0,0,3.4046832e-07
0,0,1.3844876e-06
0,0,1.932479e-06
0,0,2.864749e-07
0,0,1.9409754e-06
0,0,4.798983e-07
0,0,8.367089e-07
0,0,9.2150833e-07
0,0,2.980834e-07
0,0,4.821089e-07
0,0,2.2811884e-07
0,0,6.915597e-07
0,0,2.6387504e-06
0,0,8.675664e-07
0,0,5.41285e-07
0,0,5.817555e-07
0,0,2.82413e-07
0,0,4.9877923e-07
0,0,1.1524402e-06
0,0,1.1346111e-06
0,0,3.752792e-07
0,0,4.9868225e-07
0,0,9.711802e-06
0,0,2.8961387e-07
0,0,1.495819e-06
0,0,8.439359e-07
0,0,1.5945384e-06
0,0,6.1689e-07
0,0,4.603962e-07
0,0,3.7989014e-07
0,0,4.5622957e-07
0,0,6.2056495e-07
0,0,4.0013998e-07
0,0,9.557866e-07
0,0,9.716059e-07
0,0,9.0356247e-07
0,0,6.7462486e-07
0,0,5.632635e-07
0,0,6.621673e-07
0,0,1.1900389e-06
0,0,7.4713057e-07
0,0,7.87052e-07
0,0,5.4196215e-07
0,0,5.5438176e-07
0,0,1.0579441e-06
0,0,5.439832e-07
0,0,4.6081527e-07
0,0,6.9876734e-07
0,0,5.075106e-07
0,0,1.7831993e-06
0,0,6.3564966e-07
0,0,1.1832105e-06
0,0,5.33601e-07
0,0,2.1395242e-06
0,0,4.2039179e-07
0,0,5.43502e-07
0,0,3.0671433e-07
0,0,1.0823717e-06
0,0,5.6445566e-07
0,0,8.68549e-07
0,0,1.7031692e-07
0,0,1.8041364e-06
0,0,6.8918223e-07
0,0,8.068313e-07
0,0,8.7530856e-07
0,0,2.761789e-06
0,0,3.625833e-06
0,0,3.4017006e-07
0,0,5.0652176e-07
0,0,9.323566e-07
0,0,2.6972387e-07
0,0,8.910747e-07
0,0,3.8274223e-07
0,0,5.204944e-06
0,0,3.7122626e-07
0,0,5.08593e-07
0,0,4.391041e-07
0,0,2.1620745e-06
0,0,4.004931e-07
0,0,6.84973e-06
0,0,8.0854903e-07
0,0,7.423068e-07
0,0,1.2055489e-06
0,0,6.450719e-07
0,0,1.3525477e-06
0,0,4.406487e-07
0,0,3.525876e-07
0,0,3.7047616e-06
0,0,1.5725805e-06
0,0,6.283274e-07
0,0,1.416509e-06
0,0,2.6650827e-07
0,0,2.290735e-07
0,0,5.094309e-07
0,0,1.2389077e-06
0,0,5.5754765e-07
0,0,3.0782783e-07
0,0,2.0731729e-07
0,0,9.92495e-07
0,0,1.4345653e-07
0,0,2.0038843e-07
0,0,5.842648e-07
0,0,2.1310611e-06
0,0,5.775317e-07
0,0,1.2675064e-06
0,0,2.4931228e-07
0,0,3.05708e-07
0,0,7.521772e-07
0,0,1.5287292e-06
0,0,1.0756686e-06
0,0,4.462432e-07
0,0,3.4742823e-07
0,0,1.5013784e-07
0,0,5.544775e-07
0,0,1.3132268e-05
0,0,5.217515e-07
0,0,6.4631024e-07
0,0,4.2790597e-07
0,0,3.0712732e-07
0,0,4.6471436e-07
0,0,5.0444265e-07
0,0,8.965522e-07
0,0,2.8286902e-06
0,0,6.06573e-07
0,0,4.7366316e-06
0,0,2.907304e-06
0,0,5.907185e-07
0,0,5.445048e-07
0,0,4.0913864e-07
0,0,3.5513614e-07
0,0,8.190315e-07
0,0,2.758028e-07
0,0,8.4314587e-07
0,0,2.385386e-07
0,0,3.6643942e-07
0,0,4.3867507e-07
0,0,6.82736e-07
0,0,2.047371e-07
1,0,0.44721478
0,0,6.696092e-07
0,0,4.9965337e-07
0,0,5.0927446e-07
0,0,1.2259006e-06
0,0,2.1479739e-06
0,0,1.1226616e-06
0,0,7.52869e-07
0,0,3.47059e-07
0,0,1.2096926e-06
0,0,4.028305e-07
0,0,4.985923e-07
0,0,6.98285e-07
0,0,3.8470225e-07
0,0,4.463109e-07
0,0,3.6232436e-07
0,0,2.6679564e-07
0,0,1.4066321e-06
0,0,1.0678506e-06
0,0,3.482148e-06
0,0,3.0581558e-07
0,0,1.4793936e-06
0,0,3.5286376e-07
0,0,0.0011661923
0,0,4.6659017e-07
0,0,1.460933e-06
0,0,9.036159e-07
0,0,1.4406858e-06
0,0,1.8268694e-06
0,0,3.5044377e-07
0,0,3.2742113e-07
0,0,1.151915e-06
0,0,1.7575804e-06
0,0,6.3932356e-07
0,0,6.7487264e-07
0,0,3.9153255e-07
0,0,2.712388e-07
0,0,1.376446e-07
0,0,9.80098e-07
0,0,9.0931616e-07
0,0,2.464658e-06
0,0,3.6165048e-07
0,0,8.725915e-07
0,0,3.8306797e-07
0,0,3.9461543e-07
0,0,1.3948406e-06
0,0,7.120683e-07
0,0,4.467423e-07
0,0,5.935771e-07
0,0,8.521418e-06
0,0,9.478206e-07
0,0,3.7999303e-07
0,0,1.54039e-06
0,0,6.554503e-07
0,0,1.6093958e-06
0,0,5.805816e-07
0,1,0.7226421
0,0,1.3854174e-06
0,0,4.0469956e-07
0,0,0.00013358933
0,0,3.4118764e-07
0,0,8.501397e-07
0,0,3.2793614e-07
0,0,1.5141962e-06
0,0,4.567733e-07
0,0,1.724939e-06
0,0,6.879595e-07
0,0,1.9185854e-06
0,0,4.0927952e-07
0,0,3.5738668e-07
0,0,3.185573e-07
0,0,1.2689903e-06
0,0,4.592013e-07
0,0,2.9117942e-07
0,0,8.4746597e-07
0,0,5.8198196e-07
0,0,1.4537143e-06
0,0,2.720805e-07
0,0,1.5812578e-06
0,0,8.9058625e-07
0,0,4.867555e-07
0,0,9.2599504e-07
0,0,4.2829342e-07
0,0,5.5887745e-07
0,0,2.2782326e-06
0,0,3.8867094e-07
0,0,1.2717442e-06
0,0,1.3425878e-06
0,0,1.3676687e-07
0,0,1.8457656e-07
0,0,3.1030726e-07
0,0,4.5575425e-07
0,0,1.3103279e-06
0,0,4.7890296e-07
0,0,2.741962e-07
0,0,2.5698088e-07
0,0,4.6670095e-07
0,0,4.2047716e-07
0,0,3.7836327e-07
0,0,2.039015e-06
0,0,1.8053361e-06
0,0,2.4435144e-07
0,0,4.4642454e-07
0,0,1.3539285e-06
0,0,5.193467e-07
0,0,6.709817e-07
0,0,1.0424476e-06
0,0,5.849528e-07
0,0,3.5096824e-07
0,0,1.6932464e-06
0,0,7.9262526e-07
0,0,2.687187e-06
0,0,3.0690207e-06
0,0,6.976095e-08
0,0,1.3318247e-06
0,0,6.900247e-07
0,0,7.237696e-07
0,0,4.7007393e-07
0,0,4.5086745e-07
0,0,4.938445e-07
0,0,1.6119578e-06
0,0,4.1416283e-07
0,0,6.087531e-07
0,0,3.462619e-07
0,0,3.6521902e-07
0,0,7.108016e-07
0,0,7.468919e-07
0,0,9.4257257e-07
0,0,1.8891434e-06
0,0,3.108007e-07
0,0,4.2667858e-07
0,0,1.0268508e-06
0,0,1.4834343e-06
0,0,6.180224e-07
0,0,4.572584e-07
0,0,8.972365e-07
0,0,3.7334692e-07
0,0,9.570608e-07
0,0,1.1121735e-06
0,0,1.7933517e-06
0,0,2.1473275e-07
0,0,1.5929623e-07
0,0,2.3338136e-07
0,0,3.0945233e-07
0,0,4.506104e-07
0,0,2.7432407e-07
0,0,9.2082047e-07
0,0,9.4428026e-07
0,0,1.127976e-06
0,0,3.387521e-07
0,0,6.663584e-07
0,0,2.4817462e-06
0,0,8.6354805e-07
0,0,2.5674473e-07
0,0,6.4911774e-07
0,0,4.1203228e-07
0,0,8.142792e-07
0,0,4.3052037e-07
0,0,1.1443467e-06
0,0,3.006672e-07
0,0,6.9859345e-07
0,0,5.7139255e-07
0,0,2.506294e-07
0,0,2.8631018e-07
0,0,4.057631e-07
0,0,7.8370095e-07
0,0,2.1606098e-07
0,0,3.1044107e-07
0,0,1.1743375e-06
0,0,3.3145777e-06
0,0,9.635025e-07
0,0,4.793457e-07
0,0,3.374868e-07
0,0,4.3914645e-07
0,0,7.4227916e-07
0,0,4.7880934e-07
0,0,3.3407514e-07
0,0,3.460909e-07
0,0,1.3547681e-06
0,0,7.2300315e-07
0,0,1.5820799e-06
0,0,2.1335858e-07
0,0,1.1648044e-06
0,0,1.7066698e-06
0,0,6.064619e-07
0,0,5.4987396e-07
0,0,1.8400655e-06
0,0,1.1134767e-06
0,0,2.804639e-07
0,0,8.258066e-08
0,0,8.455882e-07
0,0,4.9892196e-07
0,0,6.213597e-07
0,0,6.176129e-07
0,0,6.1314626e-07
0,0,4.292208e-07
0,0,2.9180433e-07
0,0,6.719064e-07
0,0,4.0001444e-07
0,0,2.3391613e-07
0,0,4.0799037e-07
0,0,3.3030494e-07
0,0,4.1844964e-06
0,0,4.7715105e-07
0,0,3.055917e-07
0,0,5.090385e-07
0,0,5.712242e-07
0,0,1.2654712e-06
0,0,1.5496994e-06
0,0,1.6915033e-06
0,0,5.3382604e-07
0,0,4.0377088e-07
0,0,2.724565e-07
0,0,7.2141285e-07
0,0,4.7111334e-07
0,0,5.5441774e-07
0,0,1.0196841e-06
0,0,7.441163e-07
0,0,1.0766826e-06
0,0,2.49313e-07
0,0,3.5720882e-07
0,0,1.0549086e-06
0,0,1.7316921e-07
0,0,1.0656958e-06
0,0,5.691703e-07
0,0,9.873423e-07
0,0,5.8216733e-07
0,0,7.197896e-07
0,0,9.876879e-07
0,0,9.540794e-08
0,0,1.6444079e-06
0,0,1.6737015e-07
0,0,3.4697197e-07
0,0,4.3093561e-07
0,0,4.9015136e-07
0,0,3.3902876e-07
0,0,2.3719747e-07
0,0,7.5750637e-07
0,0,1.3330496e-06
0,0,9.394846e-07
0,0,3.6644047e-07
0,0,2.5843607e-07
0,0,2.052822e-07
0,0,1.335792e-06
0,0,3.6588e-07
0,0,2.5796871e-06
0,0,1.0702842e-06
0,0,5.100142e-07
0,0,9.993638e-07
0,0,2.229227e-07
0,0,8.1374503e-07
0,0,2.9175897e-07
0,0,8.4958214e-07
0,0,5.825478e-07
0,0,2.9684531e-06
0,0,1.7833696e-07
0,0,1.8348614e-07
0,0,2.8953735e-07
0,0,2.9445584e-07
0,0,9.3335746e-07
0,0,1.812229e-06
0,0,6.3086424e-07
0,0,1.152871e-06
0,0,5.109411e-07
0,0,3.4995517e-07
0,0,2.4708147e-06
0,0,6.0807713e-07
0,0,3.0855736e-07
0,0,6.661901e-07
0,0,6.2367144e-07
0,0,5.191135e-07
0,0,1.3894545e-06
0,0,5.960327e-07
0,0,4.947925e-07
0,0,7.531247e-07
0,0,5.9574006e-07
0,0,6.1337727e-07
0,0,6.2201303e-07
0,0,1.1831963e-05
0,0,3.187009e-06
0,0,8.767305e-07
0,0,1.2677408e-06
0,0,1.5771026e-07
0,0,6.8941233e-07
0,0,4.931202e-07
0,0,9.946544e-07
0,0,7.6301666e-07
0,0,4.5206266e-07
0,0,1.4172248e-07
0,0,4.842007e-06
0,0,1.0450655e-06
0,0,1.4076332e-06
0,0,2.4317242e-06
0,0,6.5741096e-07
0,0,4.8760063e-07
0,0,6.2629636e-07
0,0,2.0083786e-07
0,0,2.377927e-07
0,0,2.5814097e-07
0,0,4.5400134e-06
0,0,4.599907e-07
0,0,2.7801684e-07
0,0,2.9847112e-07
0,0,1.6053228e-07
0,0,4.975977e-07
0,0,5.541682e-07
0,0,4.9448164e-07
0,0,8.6612874e-07
0,0,3.566346e-07
0,0,7.975311e-07
0,0,1.0037126e-06
0,0,9.224791e-07
0,1,0.6941834
0,0,1.6227269e-06
0,0,2.4125399e-07
0,0,9.2506565e-07
0,0,1.3003876e-06
0,0,4.045811e-07
0,0,3.8360974e-07
0,0,3.6441534e-07
0,0,4.880836e-07
0,0,2.3544364e-07
0,0,2.1323906e-06
0,0,6.100084e-07
0,0,7.8777134e-07
0,0,5.9414685e-07
0,0,3.558766e-07
0,0,9.315772e-07
0,0,5.6241646e-07
0,0,3.110038e-07
0,0,5.689614e-07
0,0,8.538229e-07
0,0,4.6083107e-07
0,0,1.3148143e-06
0,0,4.947991e-07
0,0,5.102954e-07
0,0,2.6554648e-07
0,0,1.2984866e-06
0,0,5.463311e-07
0,0,4.3365824e-07
0,0,5.178729e-07
0,0,2.966872e-07
0,0,5.1445517e-07
0,0,5.624347e-07
0,0,1.0090758e-06
0,0,2.8463342e-07
0,0,2.4205508e-07
0,0,7.4680213e-07
0,0,6.3982003e-07
0,0,5.7736867e-07
0,0,1.9666143e-07
0,0,2.858e-06
0,0,8.625826e-07
0,0,8.23638e-07
0,0,2.639664e-07
0,0,9.676389e-07
0,0,1.3375206e-06
0,0,2.3386282e-07
0,0,1.4113027e-06
0,0,5.5997486e-07
0,0,3.4946228e-07
0,0,6.6971205e-07
0,0,1.1741191e-06
0,0,1.6732481e-06
0,0,5.1639927e-07
0,0,3.4711195e-07
0,0,2.072914e-07
0,0,2.309188e-07
0,0,5.7442105e-07
0,0,6.592367e-07
0,0,1.4165506e-07
0,0,6.9105926e-07
0,0,1.7224176e-06
0,0,1.7250691e-06
0,0,6.65175e-07
0,0,2.9898277e-07
0,0,7.51117e-07
0,0,2.5671804e-07
0,0,1.7996995e-06
0,0,8.263548e-07
0,0,3.8308036e-07
0,0,1.9333381e-06
0,0,5.6397295e-07
0,0,8.719492e-07
0,0,1.5245898e-07
0,0,1.7451042e-07
0,0,3.0482852e-07
0,0,4.6862635e-07
0,0,1.3307899e-06
0,0,3.7031575e-07
0,0,5.3397673e-07
0,0,3.2523428e-07
0,0,4.4438949e-07
0,0,3.3835045e-07
0,0,9.310069e-07
0,0,4.1036958e-07
0,0,1.6433057e-06
0,0,2.9752104e-07
0,0,1.1609395e-06
0,0,1.54686e-06
0,0,3.7046271e-07
0,0,5.7159373e-06
0,0,3.761775e-07
0,0,6.5110544e-07
0,0,2.5368556e-07
0,0,7.636791e-07
0,0,4.1878397e-07
0,0,5.260086e-07
0,0,7.616724e-07
0,0,5.9345257e-07
0,0,5.020684e-07
0,0,2.234968e-07
0,0,6.3795864e-07
0,0,8.652198e-07
0,0,2.5139926e-07
0,0,9.515829e-07
0,0,3.3008682e-06
0,0,4.6870903e-07
0,0,2.4392868e-06
0,0,8.364127e-06
0,0,1.2625901e-06
0,0,1.4817358e-07
0,0,9.878642e-07
0,0,4.1266068e-07
0,0,3.5265654e-07
0,0,8.851586e-07
0,0,5.483956e-07
0,0,1.9383635e-06
0,0,6.409431e-07
0,0,5.936932e-07
0,0,3.4319362e-07
0,0,5.669097e-07
0,0,3.6930427e-07
0,0,2.573463e-07
0,0,6.7651257e-07
0,0,5.48607e-07
0,0,2.7670882e-07
0,0,3.4185794e-07
0,0,0.06288011
0,0,7.2457965e-07
0,0,1.3252389e-06
0,0,8.50916e-07
0,0,1.7920031e-07
0,0,3.9357025e-07
0,0,5.566561e-07
0,0,5.054583e-07
0,0,7.800696e-07
0,0,3.5598046e-07
0,0,2.5485022e-07
0,0,1.2290354e-06
0,0,7.9081536e-07
0,0,3.9493167e-07
0,0,7.3774413e-07
0,0,1.4626279e-07
0,0,4.2921056e-07
0,0,1.6953759e-06
0,0,1.6527705e-06
0,0,6.1819514e-07
0,0,1.9758384e-06
0,0,5.212919e-07
0,0,7.582884e-07
0,0,1.945399e-06
0,0,1.4335016e-06
0,0,2.6753017e-07
0,0,1.3734121e-06
0,0,5.559357e-07
0,0,1.6944014e-06
0,0,7.090501e-07
0,0,3.8647985e-07
0,0,4.322173e-07
0,0,5.5647456e-07
0,0,4.1974758e-07
0,0,2.5670653e-07
0,0,6.2403495e-07
0,0,5.234989e-07
0,0,5.881036e-07
0,0,8.260144e-07
0,0,9.049094e-07
0,0,6.050339e-07
0,0,3.934584e-07
0,0,1.149402e-06
0,0,7.0231823e-07
0,0,2.6779207e-07
0,0,1.6752648e-06
0,0,7.4385025e-07
0,0,5.4003203e-07
0,0,4.6690752e-07
0,0,2.1885234e-07
0,0,1.0049444e-06
0,0,6.2646063e-07
0,0,8.2152235e-07
0,0,7.652108e-07
0,0,3.3017627e-06
0,0,2.72263e-06
0,0,2.4259447e-07
0,0,2.553519e-07
0,0,9.962027e-07
0,0,5.077507e-07
0,0,4.7920634e-07
0,0,1.8374825e-06
0,0,5.501536e-07
0,0,5.4329524e-07
0,0,7.31368e-07
0,0,1.6230242e-06
0,0,5.1606054e-07
0,0,6.7452385e-07
0,0,1.8892875e-06
0,0,4.4068568e-07
0,0,3.586257e-07
0,0,2.5357502e-07
0,0,2.5014922e-06
0,0,7.56692e-07
0,0,3.5974863e-06
0,0,2.7920717e-07
0,0,7.06434e-07
0,0,6.6064587e-07
0,0,7.38758e-07
0,0,5.9868166e-06
0,0,7.5340915e-07
0,0,3.3856963e-07
0,0,2.495235e-07
0,0,7.61387e-07
0,0,1.0068418e-06
0,0,5.4734903e-07
0,0,3.1967207e-07
0,0,2.8932067e-07
0,0,1.0150319e-06
0,0,1.5028412e-06
0,0,5.5534906e-07
0,0,4.1883948e-07
0,0,2.7727492e-07
0,0,2.6722063e-07
0,0,9.52758e-07
0,0,1.4504322e-07
0,0,2.0526537e-07
0,0,3.887232e-07
0,0,5.464301e-07
0,0,2.8824743e-07
0,0,1.6284041e-06
0,0,3.452292e-07
0,0,1.2747519e-06
0,0,1.4796095e-06
0,0,7.272138e-07
0,0,9.895783e-07
0,0,7.362155e-07
0,0,1.5479475e-06
0,0,7.3375026e-07
0,0,3.8440152e-07
0,0,1.1172187e-06
0,0,6.0532824e-07
0,0,6.53187e-07
0,0,9.702544e-08
0,0,5.973985e-07
0,0,2.617913e-07
0,0,2.19137e-07
0,0,6.5117e-07
0,0,4.1044626e-07
0,0,3.5430665e-07
0,0,3.9188822e-07
0,0,1.4373372e-06
0,0,7.550974e-07
0,0,7.600507e-07
0,0,4.802224e-07
0,0,4.6065273e-07
0,0,1.1935339e-06
0,0,6.8125763e-07
0,0,5.114862e-07
0,0,3.2928872e-07
0,0,2.2744044e-07
0,0,7.648344e-07
0,0,3.6777013e-07
0,0,2.23996e-06
0,0,7.061336e-07
0,0,7.2334865e-07
0,0,4.2425015e-07
0,0,4.052113e-07
0,0,5.616066e-07
0,0,6.400318e-07
0,0,2.479423e-06
0,0,3.6884248e-07
0,0,5.198378e-07
0,0,7.8025715e-07
0,0,4.0820208e-07
0,0,2.3169771e-07
0,0,4.195911e-07
0,0,1.1853767e-06
0,0,6.60064e-07
0,0,4.3529204e-07
0,0,8.49331e-07
0,0,1.0711491e-06
0,0,2.8419836e-07
0,0,4.27183e-07
0,0,3.9820912e-07
0,0,4.2551156e-07
0,0,4.270014e-07
0,0,6.31129e-07
0,0,6.2414424e-06
0,0,4.3682152e-07
0,0,3.6740624e-07
0,0,2.134816e-06
0,0,4.2573436e-07
0,0,2.5477513e-07
0,0,4.844506e-07
0,0,2.5968816e-07
0,0,1.1216781e-06
0,0,2.9069656e-06
0,0,3.030349e-07
0,0,1.2634019e-06
0,0,2.3116183e-07
0,0,5.7325104e-07
0,0,3.3439944e-06
0,0,8.5665954e-07
0,0,5.899591e-07
0,0,5.1413343e-07
0,0,6.3564e-07
0,0,1.6778565e-06
0,0,3.0418698e-07
0,0,7.4368705e-07
0,0,6.647361e-07
0,0,0.04055929
0,0,1.5440537e-06
0,0,2.2637771e-07
0,0,2.2181995e-07
0,0,2.544721e-07
0,0,5.1425e-05
0,0,6.015066e-07
0,0,4.44256e-07
0,0,1.8519012e-06
0,0,1.0656369e-06
0,0,4.5358448e-07
0,0,1.9162048e-06
0,0,5.860198e-07
0,0,3.6765758e-07
0,0,9.1630125e-07
0,0,4.0707008e-07
0,0,7.096116e-07
0,0,1.4200228e-06
0,0,1.1777583e-06
0,0,1.7271961e-07
0,0,3.2002395e-06
0,0,1.5197499e-07
0,0,1.0868246e-06
0,0,2.6811354e-06
0,0,4.888806e-06
0,0,3.66102e-07
0,0,7.020651e-07
0,0,1.0543796e-06
0,0,6.1776547e-07
0,0,1.1118087e-06
0,0,3.8152356e-07
0,0,6.040849e-07
0,0,1.3991986e-06
0,0,1.2966412e-07
0,0,2.8679634e-07
0,0,9.86452e-07
0,0,1.0351079e-06
0,0,5.9008175e-07
0,0,1.1081942e-07
0,0,2.888269e-06
0,0,1.1283762e-06
0,0,2.9344237e-06
0,0,1.1696945e-06
0,0,5.85579e-07
0,0,4.6111992e-07
0,0,4.2057425e-07
0,0,9.633997e-07
0,0,5.5529347e-07
0,0,7.122306e-07
0,0,2.1881465e-06
0,0,4.128221e-07
0,0,0.10647295
0,0,1.3126881e-06
0,0,1.1866108e-06
0,0,3.9539637e-07
0,0,1.6240476e-06
1,0,0.04457911
0,0,2.2968186e-07
0,0,1.8923421e-06
0,0,8.684016e-07
0,0,4.0637886e-07
0,0,3.2885848e-07
0,0,1.9935183e-06
0,0,4.580606e-07
0,0,2.6000464e-06
0,0,6.021477e-07
0,0,1.4590756e-06
0,0,2.202224e-07
0,0,8.9849175e-07
0,0,3.0373306e-07
0,0,1.1295864e-06
0,0,1.9954355e-06
0,0,4.8702714e-07
0,0,1.3256447e-06
0,0,9.975218e-08
0,0,7.3545755e-07
0,0,3.4088387e-07
0,0,3.7578346e-07
0,0,1.2699214e-06
0,0,1.3851453e-06
0,0,3.4189185e-07
0,0,2.4826647e-06
0,0,1.1147783e-06
0,0,3.9416184e-07
0,0,8.8729945e-07
0,0,3.8617293e-07
0,0,1.0713626e-06
0,0,5.538338e-07
0,0,5.179267e-07
0,0,6.202857e-07
0,0,1.3015787e-06
0,0,3.1237323e-07
0,0,1.0730067e-06
0,0,1.1165296e-06
0,0,5.927964e-07
0,0,2.3735026e-06
0,0,1.3634483e-06
0,0,1.783198e-07
0,0,3.8372758e-07
0,0,8.0736316e-07
0,0,3.0451758e-07
0,0,1.7059293e-06
0,0,8.2519705e-07
0,0,3.2929123e-07
0,0,6.686227e-07
0,0,1.445646e-06
0,0,4.7407934e-07
0,0,3.2821367e-07
0,0,4.853751e-07
0,0,4.1380854e-06
0,0,3.6551347e-07
0,0,3.2704477e-07
0,0,3.7349542e-07
